620050010011|πᾶς|620050010031|np|Cat="pron"|Id="7"|morphId="620050010011"|Unicode="πᾶς"|Lemma="πᾶς"|Lang="G"|StrongNumber="G39560"|Morph="RI,,,,NMS,"|Type="Indefinite"|Case="Nominative"|Gender="Masculine"|Number="Singular"|English="everyone"
620050010021|ὁ|620050010031|det|Cat="pron"|Id="10"|morphId="620050010021"|Unicode="ὁ"|Lemma="ὁ"|Lang="G"|StrongNumber="G35880"|Morph="RD,,,,NMS,"|Type="Demonstrative"|Case="Nominative"|Gender="Masculine"|Number="Singular"
620050010031|πιστεύων|620050010121|S|Cat="verb"|Id="15"|morphId="620050010031"|Unicode="πιστεύων"|Lemma="πιστεύω"|Lang="G"|StrongNumber="G41000"|Morph="V,PPA,NMS,"|Mood="Participle"|Tense="Present"|Voice="Active"|Case="Nominative"|Gender="Masculine"|Number="Singular"|English="who believes"
620050010041|ὅτι|620050010081|conj|Cat="conj"|Id="17"|morphId="620050010041"|Unicode="ὅτι"|Lemma="ὅτι"|Lang="G"|StrongNumber="G37540"|Morph="CS,,,,,,,,"|Type="Subordinating"|English="that"
620050010051|Ἰησοῦς|620050010081|S|Cat="noun"|Id="21"|morphId="620050010051"|Unicode="Ἰησοῦς"|Lemma="Ἰησοῦς"|Lang="G"|StrongNumber="G24240"|Morph="N,,,,,NMS,"|Case="Nominative"|Gender="Masculine"|Number="Singular"|English="Jesus"
620050010061|ἐστιν|620050010081|VC|Cat="verb"|Id="24"|morphId="620050010061"|Unicode="ἐστιν"|Lemma="εἰμί"|Lang="G"|StrongNumber="G15100"|Morph="V,IPA3,,S,"|Mood="Indicative"|Tense="Present"|Voice="Active"|Person="Third"|Number="Singular"|English="is"
620050010071|ὁ|620050010081|det|Cat="det"|Id="27"|morphId="620050010071"|Unicode="ὁ"|Lemma="ὁ"|Lang="G"|StrongNumber="G35880"|Morph="EA,,,,NMS,"|Type="Article"|Case="Nominative"|Gender="Masculine"|Number="Singular"|English="the"
620050010081|Χριστὸς,|620050010031|CL|Cat="noun"|Id="29"|morphId="620050010081"|Unicode="Χριστὸς,"|Lemma="χριστός"|Lang="G"|StrongNumber="G55470"|Morph="N,,,,,NMS,"|Case="Nominative"|Gender="Masculine"|Number="Singular"|English="Christ"
620050010091|ἐκ|620050010111|prep|Cat="prep"|Id="32"|morphId="620050010091"|Unicode="ἐκ"|Lemma="ἐκ"|Lang="G"|StrongNumber="G15370"|Morph="P,,,,,G,,,"|Case="Genitive"|English="of"
620050010101|τοῦ|620050010111|det|Cat="det"|Id="34"|morphId="620050010101"|Unicode="τοῦ"|Lemma="ὁ"|Lang="G"|StrongNumber="G35880"|Morph="EA,,,,GMS,"|Type="Article"|Case="Genitive"|Gender="Masculine"|Number="Singular"
620050010111|Θεοῦ|620050010121|ADV|Cat="noun"|Id="36"|morphId="620050010111"|Unicode="Θεοῦ"|Lemma="θεός"|Lang="G"|StrongNumber="G23160"|Morph="N,,,,,GMS,"|Case="Genitive"|Gender="Masculine"|Number="Singular"|English="God"
620050010121|γεγέννηται,|None|CL|Cat="verb"|Id="39"|morphId="620050010121"|Unicode="γεγέννηται,"|Lemma="γεννάω"|Lang="G"|StrongNumber="G10800"|Morph="V,IEP3,,S,"|Mood="Indicative"|Tense="Perfect"|Voice="Passive"|Person="Third"|Number="Singular"|English="has been born"
620050010131|καὶ|620050010121|conj|Cat="conj"|Id="40"|morphId="620050010131"|Unicode="καὶ"|Lemma="καί"|Lang="G"|StrongNumber="G25320"|Morph="CC,,,,,,,,"|Type="Coordinating"|English="and"
620050010141|πᾶς|620050010161|np|Cat="pron"|Id="45"|morphId="620050010141"|Unicode="πᾶς"|Lemma="πᾶς"|Lang="G"|StrongNumber="G39560"|Morph="RI,,,,NMS,"|Type="Indefinite"|Case="Nominative"|Gender="Masculine"|Number="Singular"|English="everyone"
620050010151|ὁ|620050010161|det|Cat="pron"|Id="48"|morphId="620050010151"|Unicode="ὁ"|Lemma="ὁ"|Lang="G"|StrongNumber="G35880"|Morph="RD,,,,NMS,"|Type="Demonstrative"|Case="Nominative"|Gender="Masculine"|Number="Singular"
620050010161|ἀγαπῶν|620050010191|S|Cat="verb"|Id="52"|morphId="620050010161"|Unicode="ἀγαπῶν"|Lemma="ἀγαπάω"|Lang="G"|StrongNumber="G00250"|Morph="V,PPA,NMS,"|Mood="Participle"|Tense="Present"|Voice="Active"|Case="Nominative"|Gender="Masculine"|Number="Singular"|English="who loves"
620050010171|τὸν|620050010181|det|Cat="pron"|Id="56"|morphId="620050010171"|Unicode="τὸν"|Lemma="ὁ"|Lang="G"|StrongNumber="G35880"|Morph="RD,,,,AMS,"|Type="Demonstrative"|Case="Accusative"|Gender="Masculine"|Number="Singular"|English="the"
620050010181|γεννήσαντα,|620050010161|O|Cat="verb"|Id="60"|morphId="620050010181"|Unicode="γεννήσαντα,"|Lemma="γεννάω"|Lang="G"|StrongNumber="G10800"|Morph="V,PAA,AMS,"|Mood="Participle"|Tense="Aorist"|Voice="Active"|Case="Accusative"|Gender="Masculine"|Number="Singular"|English="father"
620050010191|ἀγαπᾷ|620050010121|CL|Cat="verb"|Id="63"|morphId="620050010191"|Unicode="ἀγαπᾷ"|Lemma="ἀγαπάω"|Lang="G"|StrongNumber="G00250"|Morph="V,IPA3,,S,"|Mood="Indicative"|Tense="Present"|Voice="Active"|Person="Third"|Number="Singular"|English="loves"
620050010201|καὶ|620050010221|advp|Cat="adv"|Id="67"|morphId="620050010201"|Unicode="καὶ"|Lemma="καί"|Lang="G"|StrongNumber="G25320"|Morph="D,,,,,,,,,"|English="also"
620050010211|τὸν|620050010221|det|Cat="pron"|Id="70"|morphId="620050010211"|Unicode="τὸν"|Lemma="ὁ"|Lang="G"|StrongNumber="G35880"|Morph="RD,,,,AMS,"|Type="Demonstrative"|Case="Accusative"|Gender="Masculine"|Number="Singular"|English="the"
620050010221|γεγεννημένον|620050010191|O|Cat="verb"|Id="74"|morphId="620050010221"|Unicode="γεγεννημένον"|Lemma="γεννάω"|Lang="G"|StrongNumber="G10800"|Morph="V,PEP,AMS,"|Mood="Participle"|Tense="Perfect"|Voice="Passive"|Case="Accusative"|Gender="Masculine"|Number="Singular"|English="born"
620050010231|ἐξ|620050010241|prep|Cat="prep"|Id="77"|morphId="620050010231"|Unicode="ἐξ"|Lemma="ἐκ"|Lang="G"|StrongNumber="G15370"|Morph="P,,,,,G,,,"|Case="Genitive"|English="of"
620050010241|αὐτοῦ.|620050010221|ADV|Cat="pron"|Id="79"|morphId="620050010241"|Unicode="αὐτοῦ."|Lemma="αὐτός"|Lang="G"|StrongNumber="G08460"|Morph="RP,,,3GMS,"|Type="Personal"|Person="Third"|Case="Genitive"|Gender="Masculine"|Number="Singular"|English="him"
620050020011|ἐν|620050020021|prep|Cat="prep"|Id="7"|morphId="620050020011"|Unicode="ἐν"|Lemma="ἐν"|Lang="G"|StrongNumber="G17220"|Morph="P,,,,,D,,,"|Case="Dative"|English="by"
620050020021|τούτῳ|620050020031|ADV|Cat="pron"|Id="9"|morphId="620050020021"|Unicode="τούτῳ"|Lemma="οὗτος"|Lang="G"|StrongNumber="G37780"|Morph="RD,,,,DNS,"|Type="Demonstrative"|Case="Dative"|Gender="Neuter"|Number="Singular"|English="this"
620050020031|γινώσκομεν|None|CL|Cat="verb"|Id="12"|morphId="620050020031"|Unicode="γινώσκομεν"|Lemma="γινώσκω"|Lang="G"|StrongNumber="G10970"|Morph="V,IPA1,,P,"|Mood="Indicative"|Tense="Present"|Voice="Active"|Person="First"|Number="Plural"|English="we know"
620050020041|ὅτι|620050020051|conj|Cat="conj"|Id="14"|morphId="620050020041"|Unicode="ὅτι"|Lemma="ὅτι"|Lang="G"|StrongNumber="G37540"|Morph="CS,,,,,,,,"|Type="Subordinating"|English="that"
620050020051|ἀγαπῶμεν|620050020031|CL|Cat="verb"|Id="18"|morphId="620050020051"|Unicode="ἀγαπῶμεν"|Lemma="ἀγαπάω"|Lang="G"|StrongNumber="G00250"|Morph="V,IPA1,,P,"|Mood="Indicative"|Tense="Present"|Voice="Active"|Person="First"|Number="Plural"|English="we love"
620050020061|τὰ|620050020071|det|Cat="det"|Id="21"|morphId="620050020061"|Unicode="τὰ"|Lemma="ὁ"|Lang="G"|StrongNumber="G35880"|Morph="EA,,,,ANP,"|Type="Article"|Case="Accusative"|Gender="Neuter"|Number="Plural"|English="the"
620050020071|τέκνα|620050020051|O|Cat="noun"|Id="24"|morphId="620050020071"|Unicode="τέκνα"|Lemma="τέκνον"|Lang="G"|StrongNumber="G50430"|Morph="N,,,,,ANP,"|Case="Accusative"|Gender="Neuter"|Number="Plural"|English="children"
620050020081|τοῦ|620050020091|det|Cat="det"|Id="26"|morphId="620050020081"|Unicode="τοῦ"|Lemma="ὁ"|Lang="G"|StrongNumber="G35880"|Morph="EA,,,,GMS,"|Type="Article"|Case="Genitive"|Gender="Masculine"|Number="Singular"
620050020091|Θεοῦ:|620050020071|np|Cat="noun"|Id="28"|morphId="620050020091"|Unicode="Θεοῦ:"|Lemma="θεός"|Lang="G"|StrongNumber="G23160"|Morph="N,,,,,GMS,"|Case="Genitive"|Gender="Masculine"|Number="Singular"|English="of God"
620050020101|ὅταν|620050020131|conj|Cat="conj"|Id="30"|morphId="620050020101"|Unicode="ὅταν"|Lemma="ὅταν"|Lang="G"|StrongNumber="G37520"|Morph="CS,,,,,,,,"|Type="Subordinating"|English="when"
620050020111|τὸν|620050020121|det|Cat="det"|Id="35"|morphId="620050020111"|Unicode="τὸν"|Lemma="ὁ"|Lang="G"|StrongNumber="G35880"|Morph="EA,,,,AMS,"|Type="Article"|Case="Accusative"|Gender="Masculine"|Number="Singular"
620050020121|Θεὸν|620050020131|O|Cat="noun"|Id="37"|morphId="620050020121"|Unicode="Θεὸν"|Lemma="θεός"|Lang="G"|StrongNumber="G23160"|Morph="N,,,,,AMS,"|Case="Accusative"|Gender="Masculine"|Number="Singular"|English="God"
620050020131|ἀγαπῶμεν,|620050020031|CL|Cat="verb"|Id="40"|morphId="620050020131"|Unicode="ἀγαπῶμεν,"|Lemma="ἀγαπάω"|Lang="G"|StrongNumber="G00250"|Morph="V,IPA1,,P,"|Mood="Indicative"|Tense="Present"|Voice="Active"|Person="First"|Number="Plural"|English="we love"
620050020141|καὶ|620050020131|conj|Cat="conj"|Id="41"|morphId="620050020141"|Unicode="καὶ"|Lemma="καί"|Lang="G"|StrongNumber="G25320"|Morph="CC,,,,,,,,"|Type="Coordinating"|English="and"
620050020151|τὰς|620050020161|det|Cat="det"|Id="45"|morphId="620050020151"|Unicode="τὰς"|Lemma="ὁ"|Lang="G"|StrongNumber="G35880"|Morph="EA,,,,AFP,"|Type="Article"|Case="Accusative"|Gender="Feminine"|Number="Plural"|English="the"
620050020161|ἐντολὰς|620050020181|O|Cat="noun"|Id="48"|morphId="620050020161"|Unicode="ἐντολὰς"|Lemma="ἐντολή"|Lang="G"|StrongNumber="G17850"|Morph="N,,,,,AFP,"|Case="Accusative"|Gender="Feminine"|Number="Plural"|English="commandments"
620050020171|αὐτοῦ|620050020161|np|Cat="pron"|Id="50"|morphId="620050020171"|Unicode="αὐτοῦ"|Lemma="αὐτός"|Lang="G"|StrongNumber="G08460"|Morph="RP,,,3GMS,"|Type="Personal"|Person="Third"|Case="Genitive"|Gender="Masculine"|Number="Singular"|English="of Him"
620050020181|τηρῶμεν.|620050020131|CL|Cat="verb"|Id="53"|morphId="620050020181"|Unicode="τηρῶμεν."|Lemma="τηρέω"|Lang="G"|StrongNumber="G50830"|Morph="V,SPA1,,P,"|Mood="Subjunctive"|Tense="Present"|Voice="Active"|Person="First"|Number="Plural"|English="obey"
620050030021|γάρ|620050030011|conj|Cat="conj"|Id="3"|morphId="620050030021"|Unicode="γάρ"|Lemma="γάρ"|Lang="G"|StrongNumber="G10630"|Morph="CC,,,,,,,,"|Type="Coordinating"|English="for"
620050030011|αὕτη|None|CL|Cat="pron"|Id="8"|morphId="620050030011"|Unicode="αὕτη"|Lemma="οὗτος"|Lang="G"|StrongNumber="G37780"|Morph="RD,,,,NFS,"|Type="Demonstrative"|Case="Nominative"|Gender="Feminine"|Number="Singular"|English="this"
620050030031|ἐστιν|620050030011|VC|Cat="verb"|Id="11"|morphId="620050030031"|Unicode="ἐστιν"|Lemma="εἰμί"|Lang="G"|StrongNumber="G15100"|Morph="V,IPA3,,S,"|Mood="Indicative"|Tense="Present"|Voice="Active"|Person="Third"|Number="Singular"|English="is"
620050030041|ἡ|620050030051|det|Cat="det"|Id="14"|morphId="620050030041"|Unicode="ἡ"|Lemma="ὁ"|Lang="G"|StrongNumber="G35880"|Morph="EA,,,,NFS,"|Type="Article"|Case="Nominative"|Gender="Feminine"|Number="Singular"|English="the"
620050030051|ἀγάπη|620050030011|S|Cat="noun"|Id="17"|morphId="620050030051"|Unicode="ἀγάπη"|Lemma="ἀγάπη"|Lang="G"|StrongNumber="G00260"|Morph="N,,,,,NFS,"|Case="Nominative"|Gender="Feminine"|Number="Singular"|English="love"
620050030061|τοῦ|620050030071|det|Cat="det"|Id="19"|morphId="620050030061"|Unicode="τοῦ"|Lemma="ὁ"|Lang="G"|StrongNumber="G35880"|Morph="EA,,,,GMS,"|Type="Article"|Case="Genitive"|Gender="Masculine"|Number="Singular"
620050030071|Θεοῦ,|620050030051|np|Cat="noun"|Id="21"|morphId="620050030071"|Unicode="Θεοῦ,"|Lemma="θεός"|Lang="G"|StrongNumber="G23160"|Morph="N,,,,,GMS,"|Case="Genitive"|Gender="Masculine"|Number="Singular"|English="of God"
620050030081|ἵνα|620050030121|conj|Cat="adv"|Id="24"|morphId="620050030081"|Unicode="ἵνα"|Lemma="ἵνα"|Lang="G"|StrongNumber="G24430"|Morph="D,,,,,,,,,"|English="that"
620050030091|τὰς|620050030101|det|Cat="det"|Id="28"|morphId="620050030091"|Unicode="τὰς"|Lemma="ὁ"|Lang="G"|StrongNumber="G35880"|Morph="EA,,,,AFP,"|Type="Article"|Case="Accusative"|Gender="Feminine"|Number="Plural"|English="the"
620050030101|ἐντολὰς|620050030121|O|Cat="noun"|Id="31"|morphId="620050030101"|Unicode="ἐντολὰς"|Lemma="ἐντολή"|Lang="G"|StrongNumber="G17850"|Morph="N,,,,,AFP,"|Case="Accusative"|Gender="Feminine"|Number="Plural"|English="commandments"
620050030111|αὐτοῦ|620050030101|np|Cat="pron"|Id="33"|morphId="620050030111"|Unicode="αὐτοῦ"|Lemma="αὐτός"|Lang="G"|StrongNumber="G08460"|Morph="RP,,,3GMS,"|Type="Personal"|Person="Third"|Case="Genitive"|Gender="Masculine"|Number="Singular"|English="of Him"
620050030121|τηρῶμεν;|620050030011|CL|Cat="verb"|Id="36"|morphId="620050030121"|Unicode="τηρῶμεν;"|Lemma="τηρέω"|Lang="G"|StrongNumber="G50830"|Morph="V,SPA1,,P,"|Mood="Subjunctive"|Tense="Present"|Voice="Active"|Person="First"|Number="Plural"|English="we keep"
620050030131|καὶ|620050030171|conj|Cat="conj"|Id="38"|morphId="620050030131"|Unicode="καὶ"|Lemma="καί"|Lang="G"|StrongNumber="G25320"|Morph="CC,,,,,,,,"|Type="Coordinating"|English="and"
620050030141|αἱ|620050030151|det|Cat="det"|Id="42"|morphId="620050030141"|Unicode="αἱ"|Lemma="ὁ"|Lang="G"|StrongNumber="G35880"|Morph="EA,,,,NFP,"|Type="Article"|Case="Nominative"|Gender="Feminine"|Number="Plural"|English="the"
620050030151|ἐντολαὶ|620050030171|S|Cat="noun"|Id="45"|morphId="620050030151"|Unicode="ἐντολαὶ"|Lemma="ἐντολή"|Lang="G"|StrongNumber="G17850"|Morph="N,,,,,NFP,"|Case="Nominative"|Gender="Feminine"|Number="Plural"|English="commandments"
620050030161|αὐτοῦ|620050030151|np|Cat="pron"|Id="47"|morphId="620050030161"|Unicode="αὐτοῦ"|Lemma="αὐτός"|Lang="G"|StrongNumber="G08460"|Morph="RP,,,3GMS,"|Type="Personal"|Person="Third"|Case="Genitive"|Gender="Masculine"|Number="Singular"|English="of Him"
620050030171|βαρεῖαι|620050030011|CL|Cat="noun"|Id="50"|morphId="620050030171"|Unicode="βαρεῖαι"|Lemma="βαρύς"|Lang="G"|StrongNumber="G09260"|Morph="NP,,,,NFP,"|Type="Predicate_Adj"|Case="Nominative"|Gender="Feminine"|Number="Plural"|English="burdensome"
620050030181|οὐκ|620050030171|ADV|Cat="adv"|Id="53"|morphId="620050030181"|Unicode="οὐκ"|Lemma="οὐ"|Lang="G"|StrongNumber="G37560"|Morph="D,,,,,,,,,"|English="not"
620050030191|εἰσίν,|620050030171|VC|Cat="verb"|Id="56"|morphId="620050030191"|Unicode="εἰσίν,"|Lemma="εἰμί"|Lang="G"|StrongNumber="G15100"|Morph="V,IPA3,,P,"|Mood="Indicative"|Tense="Present"|Voice="Active"|Person="Third"|Number="Plural"|English="are"
620050040011|ὅτι|620050040081|conj|Cat="conj"|Id="3"|morphId="620050040011"|Unicode="ὅτι"|Lemma="ὅτι"|Lang="G"|StrongNumber="G37540"|Morph="CS,,,,,,,,"|Type="Subordinating"|English="for"
620050040021|πᾶν|620050040041|np|Cat="pron"|Id="8"|morphId="620050040021"|Unicode="πᾶν"|Lemma="πᾶς"|Lang="G"|StrongNumber="G39560"|Morph="RI,,,,NNS,"|Type="Indefinite"|Case="Nominative"|Gender="Neuter"|Number="Singular"|English="everyone"
620050040031|τὸ|620050040041|det|Cat="pron"|Id="11"|morphId="620050040031"|Unicode="τὸ"|Lemma="ὁ"|Lang="G"|StrongNumber="G35880"|Morph="RD,,,,NNS,"|Type="Demonstrative"|Case="Nominative"|Gender="Neuter"|Number="Singular"|English="that"
620050040041|γεγεννημένον|620050040081|S|Cat="verb"|Id="15"|morphId="620050040041"|Unicode="γεγεννημένον"|Lemma="γεννάω"|Lang="G"|StrongNumber="G10800"|Morph="V,PEP,NNS,"|Mood="Participle"|Tense="Perfect"|Voice="Passive"|Case="Nominative"|Gender="Neuter"|Number="Singular"|English="is born"
620050040051|ἐκ|620050040071|prep|Cat="prep"|Id="18"|morphId="620050040051"|Unicode="ἐκ"|Lemma="ἐκ"|Lang="G"|StrongNumber="G15370"|Morph="P,,,,,G,,,"|Case="Genitive"|English="of"
620050040061|τοῦ|620050040071|det|Cat="det"|Id="20"|morphId="620050040061"|Unicode="τοῦ"|Lemma="ὁ"|Lang="G"|StrongNumber="G35880"|Morph="EA,,,,GMS,"|Type="Article"|Case="Genitive"|Gender="Masculine"|Number="Singular"
620050040071|Θεοῦ,|620050040041|ADV|Cat="noun"|Id="22"|morphId="620050040071"|Unicode="Θεοῦ,"|Lemma="θεός"|Lang="G"|StrongNumber="G23160"|Morph="N,,,,,GMS,"|Case="Genitive"|Gender="Masculine"|Number="Singular"|English="God"
620050040081|νικᾷ|None|CL|Cat="verb"|Id="25"|morphId="620050040081"|Unicode="νικᾷ"|Lemma="νικάω"|Lang="G"|StrongNumber="G35280"|Morph="V,IPA3,,S,"|Mood="Indicative"|Tense="Present"|Voice="Active"|Person="Third"|Number="Singular"|English="overcomes"
620050040091|τὸν|620050040101|det|Cat="det"|Id="28"|morphId="620050040091"|Unicode="τὸν"|Lemma="ὁ"|Lang="G"|StrongNumber="G35880"|Morph="EA,,,,AMS,"|Type="Article"|Case="Accusative"|Gender="Masculine"|Number="Singular"|English="the"
620050040101|κόσμον.|620050040081|O|Cat="noun"|Id="30"|morphId="620050040101"|Unicode="κόσμον."|Lemma="κόσμος"|Lang="G"|StrongNumber="G28890"|Morph="N,,,,,AMS,"|Case="Accusative"|Gender="Masculine"|Number="Singular"|English="world"
620050040111|καὶ|620050040121|conj|Cat="conj"|Id="32"|morphId="620050040111"|Unicode="καὶ"|Lemma="καί"|Lang="G"|StrongNumber="G25320"|Morph="CC,,,,,,,,"|Type="Coordinating"|English="and"
620050040121|αὕτη|620050040081|CL|Cat="pron"|Id="37"|morphId="620050040121"|Unicode="αὕτη"|Lemma="οὗτος"|Lang="G"|StrongNumber="G37780"|Morph="RD,,,,NFS,"|Type="Demonstrative"|Case="Nominative"|Gender="Feminine"|Number="Singular"|English="this"
620050040131|ἐστὶν|620050040121|VC|Cat="verb"|Id="40"|morphId="620050040131"|Unicode="ἐστὶν"|Lemma="εἰμί"|Lang="G"|StrongNumber="G15100"|Morph="V,IPA3,,S,"|Mood="Indicative"|Tense="Present"|Voice="Active"|Person="Third"|Number="Singular"|English="is"
620050040141|ἡ|620050040151|det|Cat="det"|Id="44"|morphId="620050040141"|Unicode="ἡ"|Lemma="ὁ"|Lang="G"|StrongNumber="G35880"|Morph="EA,,,,NFS,"|Type="Article"|Case="Nominative"|Gender="Feminine"|Number="Singular"|English="the"
620050040151|νίκη|620050040121|S|Cat="noun"|Id="46"|morphId="620050040151"|Unicode="νίκη"|Lemma="νίκη"|Lang="G"|StrongNumber="G35290"|Morph="N,,,,,NFS,"|Case="Nominative"|Gender="Feminine"|Number="Singular"|English="victory"
620050040161|ἡ|620050040171|det|Cat="pron"|Id="49"|morphId="620050040161"|Unicode="ἡ"|Lemma="ὁ"|Lang="G"|StrongNumber="G35880"|Morph="RD,,,,NFS,"|Type="Demonstrative"|Case="Nominative"|Gender="Feminine"|Number="Singular"|English="that"
620050040171|νικήσασα|620050040151|np|Cat="verb"|Id="53"|morphId="620050040171"|Unicode="νικήσασα"|Lemma="νικάω"|Lang="G"|StrongNumber="G35280"|Morph="V,PAA,NFS,"|Mood="Participle"|Tense="Aorist"|Voice="Active"|Case="Nominative"|Gender="Feminine"|Number="Singular"|English="that has overcome"
620050040181|τὸν|620050040191|det|Cat="det"|Id="56"|morphId="620050040181"|Unicode="τὸν"|Lemma="ὁ"|Lang="G"|StrongNumber="G35880"|Morph="EA,,,,AMS,"|Type="Article"|Case="Accusative"|Gender="Masculine"|Number="Singular"|English="the"
620050040191|κόσμον—|620050040171|O|Cat="noun"|Id="58"|morphId="620050040191"|Unicode="κόσμον—"|Lemma="κόσμος"|Lang="G"|StrongNumber="G28890"|Morph="N,,,,,AMS,"|Case="Accusative"|Gender="Masculine"|Number="Singular"|English="world"
620050040201|ἡ|620050040211|det|Cat="det"|Id="62"|morphId="620050040201"|Unicode="ἡ"|Lemma="ὁ"|Lang="G"|StrongNumber="G35880"|Morph="EA,,,,NFS,"|Type="Article"|Case="Nominative"|Gender="Feminine"|Number="Singular"|English="the"
620050040211|πίστις|620050040121|CL|Cat="noun"|Id="65"|morphId="620050040211"|Unicode="πίστις"|Lemma="πίστις"|Lang="G"|StrongNumber="G41020"|Morph="N,,,,,NFS,"|Case="Nominative"|Gender="Feminine"|Number="Singular"|English="faith"
620050040221|ἡμῶν.|620050040211|np|Cat="pron"|Id="67"|morphId="620050040221"|Unicode="ἡμῶν."|Lemma="ἐγώ"|Lang="G"|StrongNumber="G14730"|Morph="RP,,,1G,P,"|Type="Personal"|Person="First"|Case="Genitive"|Number="Plural"|English="of us"
620050050031|δέ|620050050011|conj|Cat="conj"|Id="3"|morphId="620050050031"|Unicode="δέ"|Lemma="δέ"|Lang="G"|StrongNumber="G11610"|Morph="CC,,,,,,,,"|Type="Coordinating"|English="now"
620050050011|τίς|None|CL|Cat="pron"|Id="8"|morphId="620050050011"|Unicode="τίς"|Lemma="τίς"|Lang="G"|StrongNumber="G51010"|Morph="RT,,,,NMS,"|Type="Interrogative"|Case="Nominative"|Gender="Masculine"|Number="Singular"|English="Who"
620050050021|ἐστιν|620050050011|VC|Cat="verb"|Id="11"|morphId="620050050021"|Unicode="ἐστιν"|Lemma="εἰμί"|Lang="G"|StrongNumber="G15100"|Morph="V,IPA3,,S,"|Mood="Indicative"|Tense="Present"|Voice="Active"|Person="Third"|Number="Singular"|English="is"
620050050041|ὁ|620050050051|det|Cat="pron"|Id="15"|morphId="620050050041"|Unicode="ὁ"|Lemma="ὁ"|Lang="G"|StrongNumber="G35880"|Morph="RD,,,,NMS,"|Type="Demonstrative"|Case="Nominative"|Gender="Masculine"|Number="Singular"|English="the one"
620050050051|νικῶν|620050050011|S|Cat="verb"|Id="19"|morphId="620050050051"|Unicode="νικῶν"|Lemma="νικάω"|Lang="G"|StrongNumber="G35280"|Morph="V,PPA,NMS,"|Mood="Participle"|Tense="Present"|Voice="Active"|Case="Nominative"|Gender="Masculine"|Number="Singular"|English="who conquers"
620050050061|τὸν|620050050071|det|Cat="det"|Id="22"|morphId="620050050061"|Unicode="τὸν"|Lemma="ὁ"|Lang="G"|StrongNumber="G35880"|Morph="EA,,,,AMS,"|Type="Article"|Case="Accusative"|Gender="Masculine"|Number="Singular"|English="the"
620050050071|κόσμον,|620050050051|O|Cat="noun"|Id="24"|morphId="620050050071"|Unicode="κόσμον,"|Lemma="κόσμος"|Lang="G"|StrongNumber="G28890"|Morph="N,,,,,AMS,"|Case="Accusative"|Gender="Masculine"|Number="Singular"|English="world"
620050050081|εἰ|620050050111|conj|Cat="prep"|Id="27"|morphId="620050050081"|Unicode="εἰ"|Lemma="εἰ"|Lang="G"|StrongNumber="G14870"|Morph="PI,,,,,,,,"|Type="Improper"|English="except"
620050050091|μὴ|620050050111|ADV|Cat="adv"|Id="31"|morphId="620050050091"|Unicode="μὴ"|Lemma="μή"|Lang="G"|StrongNumber="G33610"|Morph="D,,,,,,,,,"
620050050101|ὁ|620050050111|det|Cat="pron"|Id="35"|morphId="620050050101"|Unicode="ὁ"|Lemma="ὁ"|Lang="G"|StrongNumber="G35880"|Morph="RD,,,,NMS,"|Type="Demonstrative"|Case="Nominative"|Gender="Masculine"|Number="Singular"|English="the one"
620050050111|πιστεύων|620050050011|CL|Cat="verb"|Id="40"|morphId="620050050111"|Unicode="πιστεύων"|Lemma="πιστεύω"|Lang="G"|StrongNumber="G41000"|Morph="V,PPA,NMS,"|Mood="Participle"|Tense="Present"|Voice="Active"|Case="Nominative"|Gender="Masculine"|Number="Singular"|English="who believes"
620050050121|ὅτι|620050050161|conj|Cat="conj"|Id="42"|morphId="620050050121"|Unicode="ὅτι"|Lemma="ὅτι"|Lang="G"|StrongNumber="G37540"|Morph="CS,,,,,,,,"|Type="Subordinating"|English="that"
620050050131|Ἰησοῦς|620050050161|S|Cat="noun"|Id="46"|morphId="620050050131"|Unicode="Ἰησοῦς"|Lemma="Ἰησοῦς"|Lang="G"|StrongNumber="G24240"|Morph="N,,,,,NMS,"|Case="Nominative"|Gender="Masculine"|Number="Singular"|English="Jesus"
620050050141|ἐστιν|620050050161|VC|Cat="verb"|Id="49"|morphId="620050050141"|Unicode="ἐστιν"|Lemma="εἰμί"|Lang="G"|StrongNumber="G15100"|Morph="V,IPA3,,S,"|Mood="Indicative"|Tense="Present"|Voice="Active"|Person="Third"|Number="Singular"|English="is"
620050050151|ὁ|620050050161|det|Cat="det"|Id="52"|morphId="620050050151"|Unicode="ὁ"|Lemma="ὁ"|Lang="G"|StrongNumber="G35880"|Morph="EA,,,,NMS,"|Type="Article"|Case="Nominative"|Gender="Masculine"|Number="Singular"|English="the"
620050050161|Υἱὸς|620050050111|CL|Cat="noun"|Id="55"|morphId="620050050161"|Unicode="Υἱὸς"|Lemma="υἱός"|Lang="G"|StrongNumber="G52070"|Morph="N,,,,,NMS,"|Case="Nominative"|Gender="Masculine"|Number="Singular"|English="son"
620050050171|τοῦ|620050050181|det|Cat="det"|Id="57"|morphId="620050050171"|Unicode="τοῦ"|Lemma="ὁ"|Lang="G"|StrongNumber="G35880"|Morph="EA,,,,GMS,"|Type="Article"|Case="Genitive"|Gender="Masculine"|Number="Singular"
620050050181|Θεοῦ?|620050050161|np|Cat="noun"|Id="59"|morphId="620050050181"|Unicode="Θεοῦ?"|Lemma="θεός"|Lang="G"|StrongNumber="G23160"|Morph="N,,,,,GMS,"|Case="Genitive"|Gender="Masculine"|Number="Singular"|English="of God"
620050060011|οὗτός|None|CL|Cat="pron"|Id="6"|morphId="620050060011"|Unicode="οὗτός"|Lemma="οὗτος"|Lang="G"|StrongNumber="G37780"|Morph="RD,,,,NMS,"|Type="Demonstrative"|Case="Nominative"|Gender="Masculine"|Number="Singular"|English="this one"
620050060021|ἐστιν|620050060011|VC|Cat="verb"|Id="9"|morphId="620050060021"|Unicode="ἐστιν"|Lemma="εἰμί"|Lang="G"|StrongNumber="G15100"|Morph="V,IPA3,,S,"|Mood="Indicative"|Tense="Present"|Voice="Active"|Person="Third"|Number="Singular"|English="is"
620050060031|ὁ|620050060041|det|Cat="pron"|Id="13"|morphId="620050060031"|Unicode="ὁ"|Lemma="ὁ"|Lang="G"|StrongNumber="G35880"|Morph="RD,,,,NMS,"|Type="Demonstrative"|Case="Nominative"|Gender="Masculine"|Number="Singular"|English="the one"
620050060041|ἐλθὼν|620050060011|S|Cat="verb"|Id="17"|morphId="620050060041"|Unicode="ἐλθὼν"|Lemma="ἔρχομαι"|Lang="G"|StrongNumber="G20640"|Morph="V,PAA,NMS,"|Mood="Participle"|Tense="Aorist"|Voice="Active"|Case="Nominative"|Gender="Masculine"|Number="Singular"|English="who came"
620050060051|δι’|620050060061|prep|Cat="prep"|Id="20"|morphId="620050060051"|Unicode="δι’"|Lemma="διά"|Lang="G"|StrongNumber="G12230"|Morph="P,,,,,G,,,"|Case="Genitive"|English="by"
620050060061|ὕδατος|620050060041|ADV|Cat="noun"|Id="23"|morphId="620050060061"|Unicode="ὕδατος"|Lemma="ὕδωρ"|Lang="G"|StrongNumber="G52040"|Morph="N,,,,,GNS,"|Case="Genitive"|Gender="Neuter"|Number="Singular"|English="water"
620050060071|καὶ|620050060061|conj|Cat="conj"|Id="24"|morphId="620050060071"|Unicode="καὶ"|Lemma="καί"|Lang="G"|StrongNumber="G25320"|Morph="CC,,,,,,,,"|Type="Coordinating"|English="and"
620050060081|αἵματος,|620050060061|np|Cat="noun"|Id="26"|morphId="620050060081"|Unicode="αἵματος,"|Lemma="αἷμα"|Lang="G"|StrongNumber="G01290"|Morph="N,,,,,GNS,"|Case="Genitive"|Gender="Neuter"|Number="Singular"|English="blood"
620050060091|Ἰησοῦς|620050060011|CL|Cat="noun"|Id="31"|morphId="620050060091"|Unicode="Ἰησοῦς"|Lemma="Ἰησοῦς"|Lang="G"|StrongNumber="G24240"|Morph="N,,,,,NMS,"|Case="Nominative"|Gender="Masculine"|Number="Singular"|English="Jesus"
620050060101|Χριστός;|620050060091|np|Cat="noun"|Id="33"|morphId="620050060101"|Unicode="Χριστός;"|Lemma="χριστός"|Lang="G"|StrongNumber="G55470"|Morph="N,,,,,NMS,"|Case="Nominative"|Gender="Masculine"|Number="Singular"|English="Christ"
620050060111|οὐκ|620050060191|advp|Cat="adv"|Id="36"|morphId="620050060111"|Unicode="οὐκ"|Lemma="οὐ"|Lang="G"|StrongNumber="G37560"|Morph="DO,,,,,,,,"|Type="Correlative"|English="not"
620050060121|ἐν|620050060141|prep|Cat="prep"|Id="40"|morphId="620050060121"|Unicode="ἐν"|Lemma="ἐν"|Lang="G"|StrongNumber="G17220"|Morph="P,,,,,D,,,"|Case="Dative"|English="by"
620050060131|τῷ|620050060141|det|Cat="det"|Id="42"|morphId="620050060131"|Unicode="τῷ"|Lemma="ὁ"|Lang="G"|StrongNumber="G35880"|Morph="EA,,,,DNS,"|Type="Article"|Case="Dative"|Gender="Neuter"|Number="Singular"|English="the"
620050060141|ὕδατι|620050060151|ADV|Cat="noun"|Id="44"|morphId="620050060141"|Unicode="ὕδατι"|Lemma="ὕδωρ"|Lang="G"|StrongNumber="G52040"|Morph="N,,,,,DNS,"|Case="Dative"|Gender="Neuter"|Number="Singular"|English="water"
620050060151|μόνον,|620050060191|CL|Cat="adv"|Id="47"|morphId="620050060151"|Unicode="μόνον,"|Lemma="μόνον"|Lang="G"|StrongNumber="G34400"|Morph="D,,,,,,,,,"|English="only"
620050060161|ἀλλ’|620050060191|conj|Cat="conj"|Id="48"|morphId="620050060161"|Unicode="ἀλλ’"|Lemma="ἀλλά"|Lang="G"|StrongNumber="G02350"|Morph="CO,,,,,,,,"|Type="Correlative"|English="but"
620050060171|ἐν|620050060191|prep|Cat="prep"|Id="53"|morphId="620050060171"|Unicode="ἐν"|Lemma="ἐν"|Lang="G"|StrongNumber="G17220"|Morph="P,,,,,D,,,"|Case="Dative"|English="by"
620050060181|τῷ|620050060191|det|Cat="det"|Id="55"|morphId="620050060181"|Unicode="τῷ"|Lemma="ὁ"|Lang="G"|StrongNumber="G35880"|Morph="EA,,,,DNS,"|Type="Article"|Case="Dative"|Gender="Neuter"|Number="Singular"|English="the"
620050060191|ὕδατι|620050060011|CL|Cat="noun"|Id="57"|morphId="620050060191"|Unicode="ὕδατι"|Lemma="ὕδωρ"|Lang="G"|StrongNumber="G52040"|Morph="N,,,,,DNS,"|Case="Dative"|Gender="Neuter"|Number="Singular"|English="water"
620050060201|καὶ|620050060191|conj|Cat="conj"|Id="58"|morphId="620050060201"|Unicode="καὶ"|Lemma="καί"|Lang="G"|StrongNumber="G25320"|Morph="CC,,,,,,,,"|Type="Coordinating"|English="and"
620050060211|ἐν|620050060231|prep|Cat="prep"|Id="60"|morphId="620050060211"|Unicode="ἐν"|Lemma="ἐν"|Lang="G"|StrongNumber="G17220"|Morph="P,,,,,D,,,"|Case="Dative"|English="with"
620050060221|τῷ|620050060231|det|Cat="det"|Id="62"|morphId="620050060221"|Unicode="τῷ"|Lemma="ὁ"|Lang="G"|StrongNumber="G35880"|Morph="EA,,,,DNS,"|Type="Article"|Case="Dative"|Gender="Neuter"|Number="Singular"|English="the"
620050060231|αἵματι.|620050060191|pp|Cat="noun"|Id="64"|morphId="620050060231"|Unicode="αἵματι."|Lemma="αἷμα"|Lang="G"|StrongNumber="G01290"|Morph="N,,,,,DNS,"|Case="Dative"|Gender="Neuter"|Number="Singular"|English="blood"
620050060241|καὶ|620050060261|conj|Cat="conj"|Id="66"|morphId="620050060241"|Unicode="καὶ"|Lemma="καί"|Lang="G"|StrongNumber="G25320"|Morph="CC,,,,,,,,"|Type="Coordinating"|English="and"
620050060251|τὸ|620050060261|det|Cat="det"|Id="71"|morphId="620050060251"|Unicode="τὸ"|Lemma="ὁ"|Lang="G"|StrongNumber="G35880"|Morph="EA,,,,NNS,"|Type="Article"|Case="Nominative"|Gender="Neuter"|Number="Singular"|English="the"
620050060261|Πνεῦμά|620050060011|CL|Cat="noun"|Id="73"|morphId="620050060261"|Unicode="Πνεῦμά"|Lemma="πνεῦμα"|Lang="G"|StrongNumber="G41510"|Morph="N,,,,,NNS,"|Case="Nominative"|Gender="Neuter"|Number="Singular"|English="Spirit"
620050060271|ἐστιν|620050060261|VC|Cat="verb"|Id="76"|morphId="620050060271"|Unicode="ἐστιν"|Lemma="εἰμί"|Lang="G"|StrongNumber="G15100"|Morph="V,IPA3,,S,"|Mood="Indicative"|Tense="Present"|Voice="Active"|Person="Third"|Number="Singular"|English="is"
620050060281|τὸ|620050060291|det|Cat="pron"|Id="80"|morphId="620050060281"|Unicode="τὸ"|Lemma="ὁ"|Lang="G"|StrongNumber="G35880"|Morph="RD,,,,NNS,"|Type="Demonstrative"|Case="Nominative"|Gender="Neuter"|Number="Singular"|English="the one"
620050060291|μαρτυροῦν,|620050060261|S|Cat="verb"|Id="84"|morphId="620050060291"|Unicode="μαρτυροῦν,"|Lemma="μαρτυρέω"|Lang="G"|StrongNumber="G31400"|Morph="V,PPA,NNS,"|Mood="Participle"|Tense="Present"|Voice="Active"|Case="Nominative"|Gender="Neuter"|Number="Singular"|English="who testifies"
620050060301|ὅτι|620050060351|conj|Cat="conj"|Id="86"|morphId="620050060301"|Unicode="ὅτι"|Lemma="ὅτι"|Lang="G"|StrongNumber="G37540"|Morph="CS,,,,,,,,"|Type="Subordinating"|English="because"
620050060311|τὸ|620050060321|det|Cat="det"|Id="90"|morphId="620050060311"|Unicode="τὸ"|Lemma="ὁ"|Lang="G"|StrongNumber="G35880"|Morph="EA,,,,NNS,"|Type="Article"|Case="Nominative"|Gender="Neuter"|Number="Singular"|English="the"
620050060321|Πνεῦμά|620050060351|S|Cat="noun"|Id="92"|morphId="620050060321"|Unicode="Πνεῦμά"|Lemma="πνεῦμα"|Lang="G"|StrongNumber="G41510"|Morph="N,,,,,NNS,"|Case="Nominative"|Gender="Neuter"|Number="Singular"|English="Spirit"
620050060331|ἐστιν|620050060351|VC|Cat="verb"|Id="95"|morphId="620050060331"|Unicode="ἐστιν"|Lemma="εἰμί"|Lang="G"|StrongNumber="G15100"|Morph="V,IPA3,,S,"|Mood="Indicative"|Tense="Present"|Voice="Active"|Person="Third"|Number="Singular"|English="is"
620050060341|ἡ|620050060351|det|Cat="det"|Id="98"|morphId="620050060341"|Unicode="ἡ"|Lemma="ὁ"|Lang="G"|StrongNumber="G35880"|Morph="EA,,,,NFS,"|Type="Article"|Case="Nominative"|Gender="Feminine"|Number="Singular"|English="the"
620050060351|ἀλήθεια.|620050060261|CL|Cat="noun"|Id="100"|morphId="620050060351"|Unicode="ἀλήθεια."|Lemma="ἀλήθεια"|Lang="G"|StrongNumber="G02250"|Morph="N,,,,,NFS,"|Case="Nominative"|Gender="Feminine"|Number="Singular"|English="truth"
620050070011|ὅτι|620050070021|conj|Cat="conj"|Id="3"|morphId="620050070011"|Unicode="ὅτι"|Lemma="ὅτι"|Lang="G"|StrongNumber="G37540"|Morph="CS,,,,,,,,"|Type="Subordinating"|English="for"
620050070021|τρεῖς|None|CL|Cat="noun"|Id="7"|morphId="620050070021"|Unicode="τρεῖς"|Lemma="τρεῖς"|Lang="G"|StrongNumber="G51400"|Morph="NP,,,,NMP,"|Type="Predicate_Adj"|Case="Nominative"|Gender="Masculine"|Number="Plural"|English="three"
620050070031|εἰσιν|620050070021|VC|Cat="verb"|Id="10"|morphId="620050070031"|Unicode="εἰσιν"|Lemma="εἰμί"|Lang="G"|StrongNumber="G15100"|Morph="V,IPA3,,P,"|Mood="Indicative"|Tense="Present"|Voice="Active"|Person="Third"|Number="Plural"|English="there are"
620050070041|οἱ|620050070051|det|Cat="pron"|Id="14"|morphId="620050070041"|Unicode="οἱ"|Lemma="ὁ"|Lang="G"|StrongNumber="G35880"|Morph="RD,,,,NMP,"|Type="Demonstrative"|Case="Nominative"|Gender="Masculine"|Number="Plural"
620050070051|μαρτυροῦντες:|620050070021|S|Cat="verb"|Id="18"|morphId="620050070051"|Unicode="μαρτυροῦντες:"|Lemma="μαρτυρέω"|Lang="G"|StrongNumber="G31400"|Morph="V,PPA,NMP,"|Mood="Participle"|Tense="Present"|Voice="Active"|Case="Nominative"|Gender="Masculine"|Number="Plural"|English="that testify"
620050080011|τὸ|620050080021|det|Cat="det"|Id="7"|morphId="620050080011"|Unicode="τὸ"|Lemma="ὁ"|Lang="G"|StrongNumber="G35880"|Morph="EA,,,,NNS,"|Type="Article"|Case="Nominative"|Gender="Neuter"|Number="Singular"|English="the"
620050080021|Πνεῦμα,|None|CL|Cat="noun"|Id="9"|morphId="620050080021"|Unicode="Πνεῦμα,"|Lemma="πνεῦμα"|Lang="G"|StrongNumber="G41510"|Morph="N,,,,,NNS,"|Case="Nominative"|Gender="Neuter"|Number="Singular"|English="Spirit"
620050080031|καὶ|620050080021|conj|Cat="conj"|Id="10"|morphId="620050080031"|Unicode="καὶ"|Lemma="καί"|Lang="G"|StrongNumber="G25320"|Morph="CC,,,,,,,,"|Type="Coordinating"|English="and"
620050080041|τὸ|620050080051|det|Cat="det"|Id="12"|morphId="620050080041"|Unicode="τὸ"|Lemma="ὁ"|Lang="G"|StrongNumber="G35880"|Morph="EA,,,,NNS,"|Type="Article"|Case="Nominative"|Gender="Neuter"|Number="Singular"|English="the"
620050080051|ὕδωρ,|620050080021|np|Cat="noun"|Id="14"|morphId="620050080051"|Unicode="ὕδωρ,"|Lemma="ὕδωρ"|Lang="G"|StrongNumber="G52040"|Morph="N,,,,,NNS,"|Case="Nominative"|Gender="Neuter"|Number="Singular"|English="water"
620050080061|καὶ|620050080021|conj|Cat="conj"|Id="15"|morphId="620050080061"|Unicode="καὶ"|Lemma="καί"|Lang="G"|StrongNumber="G25320"|Morph="CC,,,,,,,,"|Type="Coordinating"|English="and"
620050080071|τὸ|620050080081|det|Cat="det"|Id="17"|morphId="620050080071"|Unicode="τὸ"|Lemma="ὁ"|Lang="G"|StrongNumber="G35880"|Morph="EA,,,,NNS,"|Type="Article"|Case="Nominative"|Gender="Neuter"|Number="Singular"|English="the"
620050080081|αἷμα;|620050080021|np|Cat="noun"|Id="19"|morphId="620050080081"|Unicode="αἷμα;"|Lemma="αἷμα"|Lang="G"|StrongNumber="G01290"|Morph="N,,,,,NNS,"|Case="Nominative"|Gender="Neuter"|Number="Singular"|English="blood"
620050080091|καὶ|620050080021|conj|Cat="conj"|Id="20"|morphId="620050080091"|Unicode="καὶ"|Lemma="καί"|Lang="G"|StrongNumber="G25320"|Morph="CC,,,,,,,,"|Type="Coordinating"|English="and"
620050080101|οἱ|620050080111|det|Cat="det"|Id="24"|morphId="620050080101"|Unicode="οἱ"|Lemma="ὁ"|Lang="G"|StrongNumber="G35880"|Morph="EA,,,,NMP,"|Type="Article"|Case="Nominative"|Gender="Masculine"|Number="Plural"|English="these"
620050080111|τρεῖς|620050080141|S|Cat="noun"|Id="26"|morphId="620050080111"|Unicode="τρεῖς"|Lemma="τρεῖς"|Lang="G"|StrongNumber="G51400"|Morph="NS,,,,NMP,"|Type="Substantive_Adj"|Case="Nominative"|Gender="Masculine"|Number="Plural"|English="three"
620050080121|εἰς|620050080141|prep|Cat="prep"|Id="29"|morphId="620050080121"|Unicode="εἰς"|Lemma="εἰς"|Lang="G"|StrongNumber="G15190"|Morph="P,,,,,A,,,"|Case="Accusative"|English="in"
620050080131|τὸ|620050080141|det|Cat="det"|Id="31"|morphId="620050080131"|Unicode="τὸ"|Lemma="ὁ"|Lang="G"|StrongNumber="G35880"|Morph="EA,,,,ANS,"|Type="Article"|Case="Accusative"|Gender="Neuter"|Number="Singular"|English="the"
620050080141|ἕν|620050080021|CL|Cat="noun"|Id="33"|morphId="620050080141"|Unicode="ἕν"|Lemma="εἷς"|Lang="G"|StrongNumber="G15200"|Morph="NS,,,,ANS,"|Type="Substantive_Adj"|Case="Accusative"|Gender="Neuter"|Number="Singular"|English="one"
620050080151|εἰσιν.|620050080141|VC|Cat="verb"|Id="36"|morphId="620050080151"|Unicode="εἰσιν."|Lemma="εἰμί"|Lang="G"|StrongNumber="G15100"|Morph="V,IPA3,,P,"|Mood="Indicative"|Tense="Present"|Voice="Active"|Person="Third"|Number="Plural"|English="are"
620050090011|εἰ|620050090061|conj|Cat="conj"|Id="5"|morphId="620050090011"|Unicode="εἰ"|Lemma="εἰ"|Lang="G"|StrongNumber="G14870"|Morph="CS,,,,,,,,"|Type="Subordinating"|English="if"
620050090021|τὴν|620050090031|det|Cat="det"|Id="9"|morphId="620050090021"|Unicode="τὴν"|Lemma="ὁ"|Lang="G"|StrongNumber="G35880"|Morph="EA,,,,AFS,"|Type="Article"|Case="Accusative"|Gender="Feminine"|Number="Singular"|English="the"
620050090031|μαρτυρίαν|620050090061|O|Cat="noun"|Id="12"|morphId="620050090031"|Unicode="μαρτυρίαν"|Lemma="μαρτυρία"|Lang="G"|StrongNumber="G31410"|Morph="N,,,,,AFS,"|Case="Accusative"|Gender="Feminine"|Number="Singular"|English="testimony"
620050090041|τῶν|620050090051|det|Cat="det"|Id="14"|morphId="620050090041"|Unicode="τῶν"|Lemma="ὁ"|Lang="G"|StrongNumber="G35880"|Morph="EA,,,,GMP,"|Type="Article"|Case="Genitive"|Gender="Masculine"|Number="Plural"
620050090051|ἀνθρώπων|620050090031|np|Cat="noun"|Id="16"|morphId="620050090051"|Unicode="ἀνθρώπων"|Lemma="ἄνθρωπος"|Lang="G"|StrongNumber="G04440"|Morph="N,,,,,GMP,"|Case="Genitive"|Gender="Masculine"|Number="Plural"|English="of men"
620050090061|λαμβάνομεν,|620050090111|CL|Cat="verb"|Id="19"|morphId="620050090061"|Unicode="λαμβάνομεν,"|Lemma="λαμβάνω"|Lang="G"|StrongNumber="G29830"|Morph="V,IPA1,,P,"|Mood="Indicative"|Tense="Present"|Voice="Active"|Person="First"|Number="Plural"|English="we receive"
620050090071|ἡ|620050090081|det|Cat="det"|Id="23"|morphId="620050090071"|Unicode="ἡ"|Lemma="ὁ"|Lang="G"|StrongNumber="G35880"|Morph="EA,,,,NFS,"|Type="Article"|Case="Nominative"|Gender="Feminine"|Number="Singular"|English="the"
620050090081|μαρτυρία|620050090111|S|Cat="noun"|Id="26"|morphId="620050090081"|Unicode="μαρτυρία"|Lemma="μαρτυρία"|Lang="G"|StrongNumber="G31410"|Morph="N,,,,,NFS,"|Case="Nominative"|Gender="Feminine"|Number="Singular"|English="testimony"
620050090091|τοῦ|620050090101|det|Cat="det"|Id="28"|morphId="620050090091"|Unicode="τοῦ"|Lemma="ὁ"|Lang="G"|StrongNumber="G35880"|Morph="EA,,,,GMS,"|Type="Article"|Case="Genitive"|Gender="Masculine"|Number="Singular"
620050090101|Θεοῦ|620050090081|np|Cat="noun"|Id="30"|morphId="620050090101"|Unicode="Θεοῦ"|Lemma="θεός"|Lang="G"|StrongNumber="G23160"|Morph="N,,,,,GMS,"|Case="Genitive"|Gender="Masculine"|Number="Singular"|English="of God"
620050090111|μείζων|None|CL|Cat="noun"|Id="33"|morphId="620050090111"|Unicode="μείζων"|Lemma="μείζων"|Lang="G"|StrongNumber="G31870"|Morph="NP,,,,NFSC"|Type="Predicate_Adj"|Case="Nominative"|Gender="Feminine"|Number="Singular"|English="greater"
620050090121|ἐστίν;|620050090111|VC|Cat="verb"|Id="36"|morphId="620050090121"|Unicode="ἐστίν;"|Lemma="εἰμί"|Lang="G"|StrongNumber="G15100"|Morph="V,IPA3,,S,"|Mood="Indicative"|Tense="Present"|Voice="Active"|Person="Third"|Number="Singular"|English="is"
620050090131|ὅτι|620050090141|conj|Cat="conj"|Id="38"|morphId="620050090131"|Unicode="ὅτι"|Lemma="ὅτι"|Lang="G"|StrongNumber="G37540"|Morph="CS,,,,,,,,"|Type="Subordinating"|English="for"
620050090141|αὕτη|620050090111|CL|Cat="pron"|Id="43"|morphId="620050090141"|Unicode="αὕτη"|Lemma="οὗτος"|Lang="G"|StrongNumber="G37780"|Morph="RD,,,,NFS,"|Type="Demonstrative"|Case="Nominative"|Gender="Feminine"|Number="Singular"|English="this"
620050090151|ἐστὶν|620050090141|VC|Cat="verb"|Id="46"|morphId="620050090151"|Unicode="ἐστὶν"|Lemma="εἰμί"|Lang="G"|StrongNumber="G15100"|Morph="V,IPA3,,S,"|Mood="Indicative"|Tense="Present"|Voice="Active"|Person="Third"|Number="Singular"|English="is"
620050090161|ἡ|620050090171|det|Cat="det"|Id="49"|morphId="620050090161"|Unicode="ἡ"|Lemma="ὁ"|Lang="G"|StrongNumber="G35880"|Morph="EA,,,,NFS,"|Type="Article"|Case="Nominative"|Gender="Feminine"|Number="Singular"|English="the"
620050090171|μαρτυρία|620050090141|S|Cat="noun"|Id="52"|morphId="620050090171"|Unicode="μαρτυρία"|Lemma="μαρτυρία"|Lang="G"|StrongNumber="G31410"|Morph="N,,,,,NFS,"|Case="Nominative"|Gender="Feminine"|Number="Singular"|English="testimony"
620050090181|τοῦ|620050090191|det|Cat="det"|Id="54"|morphId="620050090181"|Unicode="τοῦ"|Lemma="ὁ"|Lang="G"|StrongNumber="G35880"|Morph="EA,,,,GMS,"|Type="Article"|Case="Genitive"|Gender="Masculine"|Number="Singular"
620050090191|Θεοῦ,|620050090171|np|Cat="noun"|Id="56"|morphId="620050090191"|Unicode="Θεοῦ,"|Lemma="θεός"|Lang="G"|StrongNumber="G23160"|Morph="N,,,,,GMS,"|Case="Genitive"|Gender="Masculine"|Number="Singular"|English="of God"
620050090201|ὅτι|620050090211|conj|Cat="conj"|Id="58"|morphId="620050090201"|Unicode="ὅτι"|Lemma="ὅτι"|Lang="G"|StrongNumber="G37540"|Morph="CS,,,,,,,,"|Type="Subordinating"|English="that"
620050090211|μεμαρτύρηκεν|620050090141|CL|Cat="verb"|Id="62"|morphId="620050090211"|Unicode="μεμαρτύρηκεν"|Lemma="μαρτυρέω"|Lang="G"|StrongNumber="G31400"|Morph="V,IEA3,,S,"|Mood="Indicative"|Tense="Perfect"|Voice="Active"|Person="Third"|Number="Singular"|English="he has testified"
620050090221|περὶ|620050090241|prep|Cat="prep"|Id="65"|morphId="620050090221"|Unicode="περὶ"|Lemma="περί"|Lang="G"|StrongNumber="G40120"|Morph="P,,,,,G,,,"|Case="Genitive"|English="concerning"
620050090231|τοῦ|620050090241|det|Cat="det"|Id="67"|morphId="620050090231"|Unicode="τοῦ"|Lemma="ὁ"|Lang="G"|StrongNumber="G35880"|Morph="EA,,,,GMS,"|Type="Article"|Case="Genitive"|Gender="Masculine"|Number="Singular"|English="the"
620050090241|Υἱοῦ|620050090211|ADV|Cat="noun"|Id="70"|morphId="620050090241"|Unicode="Υἱοῦ"|Lemma="υἱός"|Lang="G"|StrongNumber="G52070"|Morph="N,,,,,GMS,"|Case="Genitive"|Gender="Masculine"|Number="Singular"|English="son"
620050090251|αὐτοῦ.|620050090241|np|Cat="pron"|Id="72"|morphId="620050090251"|Unicode="αὐτοῦ."|Lemma="αὐτός"|Lang="G"|StrongNumber="G08460"|Morph="RP,,,3GMS,"|Type="Personal"|Person="Third"|Case="Genitive"|Gender="Masculine"|Number="Singular"|English="of him"
620050100011|ὁ|620050100021|det|Cat="pron"|Id="6"|morphId="620050100011"|Unicode="ὁ"|Lemma="ὁ"|Lang="G"|StrongNumber="G35880"|Morph="RD,,,,NMS,"|Type="Demonstrative"|Case="Nominative"|Gender="Masculine"|Number="Singular"|English="the one"
620050100021|πιστεύων|620050100081|S|Cat="verb"|Id="10"|morphId="620050100021"|Unicode="πιστεύων"|Lemma="πιστεύω"|Lang="G"|StrongNumber="G41000"|Morph="V,PPA,NMS,"|Mood="Participle"|Tense="Present"|Voice="Active"|Case="Nominative"|Gender="Masculine"|Number="Singular"|English="who believes"
620050100031|εἰς|620050100051|prep|Cat="prep"|Id="13"|morphId="620050100031"|Unicode="εἰς"|Lemma="εἰς"|Lang="G"|StrongNumber="G15190"|Morph="P,,,,,A,,,"|Case="Accusative"|English="in"
620050100041|τὸν|620050100051|det|Cat="det"|Id="15"|morphId="620050100041"|Unicode="τὸν"|Lemma="ὁ"|Lang="G"|StrongNumber="G35880"|Morph="EA,,,,AMS,"|Type="Article"|Case="Accusative"|Gender="Masculine"|Number="Singular"|English="the"
620050100051|Υἱὸν|620050100021|ADV|Cat="noun"|Id="18"|morphId="620050100051"|Unicode="Υἱὸν"|Lemma="υἱός"|Lang="G"|StrongNumber="G52070"|Morph="N,,,,,AMS,"|Case="Accusative"|Gender="Masculine"|Number="Singular"|English="son"
620050100061|τοῦ|620050100071|det|Cat="det"|Id="20"|morphId="620050100061"|Unicode="τοῦ"|Lemma="ὁ"|Lang="G"|StrongNumber="G35880"|Morph="EA,,,,GMS,"|Type="Article"|Case="Genitive"|Gender="Masculine"|Number="Singular"
620050100071|Θεοῦ,|620050100051|np|Cat="noun"|Id="22"|morphId="620050100071"|Unicode="Θεοῦ,"|Lemma="θεός"|Lang="G"|StrongNumber="G23160"|Morph="N,,,,,GMS,"|Case="Genitive"|Gender="Masculine"|Number="Singular"|English="of God"
620050100081|ἔχει|None|CL|Cat="verb"|Id="25"|morphId="620050100081"|Unicode="ἔχει"|Lemma="ἔχω"|Lang="G"|StrongNumber="G21920"|Morph="V,IPA3,,S,"|Mood="Indicative"|Tense="Present"|Voice="Active"|Person="Third"|Number="Singular"|English="has"
620050100091|τὴν|620050100101|det|Cat="det"|Id="28"|morphId="620050100091"|Unicode="τὴν"|Lemma="ὁ"|Lang="G"|StrongNumber="G35880"|Morph="EA,,,,AFS,"|Type="Article"|Case="Accusative"|Gender="Feminine"|Number="Singular"|English="the"
620050100101|μαρτυρίαν|620050100081|O|Cat="noun"|Id="30"|morphId="620050100101"|Unicode="μαρτυρίαν"|Lemma="μαρτυρία"|Lang="G"|StrongNumber="G31410"|Morph="N,,,,,AFS,"|Case="Accusative"|Gender="Feminine"|Number="Singular"|English="testimony"
620050100111|ἐν|620050100121|prep|Cat="prep"|Id="33"|morphId="620050100111"|Unicode="ἐν"|Lemma="ἐν"|Lang="G"|StrongNumber="G17220"|Morph="P,,,,,D,,,"|Case="Dative"|English="in"
620050100121|αὑτῷ;|620050100081|ADV|Cat="pron"|Id="35"|morphId="620050100121"|Unicode="αὑτῷ;"|Lemma="αὐτός"|Lang="G"|StrongNumber="G08460"|Morph="RE,,,3DMS,"|Type="Reflexive"|Person="Third"|Case="Dative"|Gender="Masculine"|Number="Singular"|English="himself"
620050100131|ὁ|620050100151|det|Cat="pron"|Id="41"|morphId="620050100131"|Unicode="ὁ"|Lemma="ὁ"|Lang="G"|StrongNumber="G35880"|Morph="RD,,,,NMS,"|Type="Demonstrative"|Case="Nominative"|Gender="Masculine"|Number="Singular"|English="the one"
620050100141|μὴ|620050100151|ADV|Cat="adv"|Id="45"|morphId="620050100141"|Unicode="μὴ"|Lemma="μή"|Lang="G"|StrongNumber="G33610"|Morph="D,,,,,,,,,"|English="not"
620050100151|πιστεύων|620050100191|S|Cat="verb"|Id="48"|morphId="620050100151"|Unicode="πιστεύων"|Lemma="πιστεύω"|Lang="G"|StrongNumber="G41000"|Morph="V,PPA,NMS,"|Mood="Participle"|Tense="Present"|Voice="Active"|Case="Nominative"|Gender="Masculine"|Number="Singular"|English="who does ~ believe"
620050100161|τῷ|620050100171|det|Cat="det"|Id="51"|morphId="620050100161"|Unicode="τῷ"|Lemma="ὁ"|Lang="G"|StrongNumber="G35880"|Morph="EA,,,,DMS,"|Type="Article"|Case="Dative"|Gender="Masculine"|Number="Singular"
620050100171|Θεῷ,|620050100151|O|Cat="noun"|Id="53"|morphId="620050100171"|Unicode="Θεῷ,"|Lemma="θεός"|Lang="G"|StrongNumber="G23160"|Morph="N,,,,,DMS,"|Case="Dative"|Gender="Masculine"|Number="Singular"|English="God"
620050100181|ψεύστην|620050100191|O2|Cat="noun"|Id="56"|morphId="620050100181"|Unicode="ψεύστην"|Lemma="ψεύστης"|Lang="G"|StrongNumber="G55830"|Morph="N,,,,,AMS,"|Case="Accusative"|Gender="Masculine"|Number="Singular"|English="a liar"
620050100191|πεποίηκεν|620050100081|CL|Cat="verb"|Id="59"|morphId="620050100191"|Unicode="πεποίηκεν"|Lemma="ποιέω"|Lang="G"|StrongNumber="G41600"|Morph="V,IEA3,,S,"|Mood="Indicative"|Tense="Perfect"|Voice="Active"|Person="Third"|Number="Singular"|English="has made"
620050100201|αὐτόν,|620050100191|O|Cat="pron"|Id="62"|morphId="620050100201"|Unicode="αὐτόν,"|Lemma="αὐτός"|Lang="G"|StrongNumber="G08460"|Morph="RP,,,3AMS,"|Type="Personal"|Person="Third"|Case="Accusative"|Gender="Masculine"|Number="Singular"|English="him"
620050100211|ὅτι|620050100231|conj|Cat="conj"|Id="64"|morphId="620050100211"|Unicode="ὅτι"|Lemma="ὅτι"|Lang="G"|StrongNumber="G37540"|Morph="CS,,,,,,,,"|Type="Subordinating"|English="because"
620050100221|οὐ|620050100231|ADV|Cat="adv"|Id="68"|morphId="620050100221"|Unicode="οὐ"|Lemma="οὐ"|Lang="G"|StrongNumber="G37560"|Morph="D,,,,,,,,,"|English="not"
620050100231|πεπίστευκεν|620050100191|CL|Cat="verb"|Id="71"|morphId="620050100231"|Unicode="πεπίστευκεν"|Lemma="πιστεύω"|Lang="G"|StrongNumber="G41000"|Morph="V,IEA3,,S,"|Mood="Indicative"|Tense="Perfect"|Voice="Active"|Person="Third"|Number="Singular"|English="he has ~ believed"
620050100241|εἰς|620050100261|prep|Cat="prep"|Id="74"|morphId="620050100241"|Unicode="εἰς"|Lemma="εἰς"|Lang="G"|StrongNumber="G15190"|Morph="P,,,,,A,,,"|Case="Accusative"|English="in"
620050100251|τὴν|620050100261|det|Cat="det"|Id="76"|morphId="620050100251"|Unicode="τὴν"|Lemma="ὁ"|Lang="G"|StrongNumber="G35880"|Morph="EA,,,,AFS,"|Type="Article"|Case="Accusative"|Gender="Feminine"|Number="Singular"|English="the"
620050100261|μαρτυρίαν|620050100231|ADV|Cat="noun"|Id="79"|morphId="620050100261"|Unicode="μαρτυρίαν"|Lemma="μαρτυρία"|Lang="G"|StrongNumber="G31410"|Morph="N,,,,,AFS,"|Case="Accusative"|Gender="Feminine"|Number="Singular"|English="testimony"
620050100271|ἣν|620050100281|O|Cat="pron"|Id="83"|morphId="620050100271"|Unicode="ἣν"|Lemma="ὅς"|Lang="G"|StrongNumber="G37390"|Morph="RD,,,,AFS,"|Type="Demonstrative"|Case="Accusative"|Gender="Feminine"|Number="Singular"|English="which"
620050100281|μεμαρτύρηκεν|620050100261|CL|Cat="verb"|Id="86"|morphId="620050100281"|Unicode="μεμαρτύρηκεν"|Lemma="μαρτυρέω"|Lang="G"|StrongNumber="G31400"|Morph="V,IEA3,,S,"|Mood="Indicative"|Tense="Perfect"|Voice="Active"|Person="Third"|Number="Singular"|English="has given"
620050100291|ὁ|620050100301|det|Cat="det"|Id="89"|morphId="620050100291"|Unicode="ὁ"|Lemma="ὁ"|Lang="G"|StrongNumber="G35880"|Morph="EA,,,,NMS,"|Type="Article"|Case="Nominative"|Gender="Masculine"|Number="Singular"
620050100301|Θεὸς|620050100281|S|Cat="noun"|Id="91"|morphId="620050100301"|Unicode="Θεὸς"|Lemma="θεός"|Lang="G"|StrongNumber="G23160"|Morph="N,,,,,NMS,"|Case="Nominative"|Gender="Masculine"|Number="Singular"|English="God"
620050100311|περὶ|620050100331|prep|Cat="prep"|Id="94"|morphId="620050100311"|Unicode="περὶ"|Lemma="περί"|Lang="G"|StrongNumber="G40120"|Morph="P,,,,,G,,,"|Case="Genitive"|English="concerning"
620050100321|τοῦ|620050100331|det|Cat="det"|Id="96"|morphId="620050100321"|Unicode="τοῦ"|Lemma="ὁ"|Lang="G"|StrongNumber="G35880"|Morph="EA,,,,GMS,"|Type="Article"|Case="Genitive"|Gender="Masculine"|Number="Singular"|English="the"
620050100331|Υἱοῦ|620050100281|ADV|Cat="noun"|Id="99"|morphId="620050100331"|Unicode="Υἱοῦ"|Lemma="υἱός"|Lang="G"|StrongNumber="G52070"|Morph="N,,,,,GMS,"|Case="Genitive"|Gender="Masculine"|Number="Singular"|English="son"
620050100341|αὐτοῦ.|620050100331|np|Cat="pron"|Id="101"|morphId="620050100341"|Unicode="αὐτοῦ."|Lemma="αὐτός"|Lang="G"|StrongNumber="G08460"|Morph="RP,,,3GMS,"|Type="Personal"|Person="Third"|Case="Genitive"|Gender="Masculine"|Number="Singular"|English="of him"
620050110011|καὶ|620050110021|conj|Cat="conj"|Id="3"|morphId="620050110011"|Unicode="καὶ"|Lemma="καί"|Lang="G"|StrongNumber="G25320"|Morph="CC,,,,,,,,"|Type="Coordinating"|English="and"
620050110021|αὕτη|None|CL|Cat="pron"|Id="8"|morphId="620050110021"|Unicode="αὕτη"|Lemma="οὗτος"|Lang="G"|StrongNumber="G37780"|Morph="RD,,,,NFS,"|Type="Demonstrative"|Case="Nominative"|Gender="Feminine"|Number="Singular"|English="this"
620050110031|ἐστὶν|620050110021|VC|Cat="verb"|Id="11"|morphId="620050110031"|Unicode="ἐστὶν"|Lemma="εἰμί"|Lang="G"|StrongNumber="G15100"|Morph="V,IPA3,,S,"|Mood="Indicative"|Tense="Present"|Voice="Active"|Person="Third"|Number="Singular"|English="is"
620050110041|ἡ|620050110051|det|Cat="det"|Id="14"|morphId="620050110041"|Unicode="ἡ"|Lemma="ὁ"|Lang="G"|StrongNumber="G35880"|Morph="EA,,,,NFS,"|Type="Article"|Case="Nominative"|Gender="Feminine"|Number="Singular"|English="the"
620050110051|μαρτυρία:|620050110021|S|Cat="noun"|Id="16"|morphId="620050110051"|Unicode="μαρτυρία:"|Lemma="μαρτυρία"|Lang="G"|StrongNumber="G31410"|Morph="N,,,,,NFS,"|Case="Nominative"|Gender="Feminine"|Number="Singular"|English="testimony"
620050110061|ὅτι|620050110091|conj|Cat="conj"|Id="18"|morphId="620050110061"|Unicode="ὅτι"|Lemma="ὅτι"|Lang="G"|StrongNumber="G37540"|Morph="CS,,,,,,,,"|Type="Subordinating"|English="that"
620050110071|ζωὴν|620050110091|O|Cat="noun"|Id="24"|morphId="620050110071"|Unicode="ζωὴν"|Lemma="ζωή"|Lang="G"|StrongNumber="G22220"|Morph="N,,,,,AFS,"|Case="Accusative"|Gender="Feminine"|Number="Singular"|English="life"
620050110081|αἰώνιον|620050110071|adjp|Cat="adj"|Id="26"|morphId="620050110081"|Unicode="αἰώνιον"|Lemma="αἰώνιος"|Lang="G"|StrongNumber="G01660"|Morph="AA,,,,AFS,"|Type="Ascriptive"|Case="Accusative"|Gender="Feminine"|Number="Singular"|English="eternal"
620050110091|ἔδωκεν|620050110021|CL|Cat="verb"|Id="29"|morphId="620050110091"|Unicode="ἔδωκεν"|Lemma="δίδωμι"|Lang="G"|StrongNumber="G13250"|Morph="V,IAA3,,S,"|Mood="Indicative"|Tense="Aorist"|Voice="Active"|Person="Third"|Number="Singular"|English="has given"
620050110101|ἡμῖν|620050110091|IO|Cat="pron"|Id="32"|morphId="620050110101"|Unicode="ἡμῖν"|Lemma="ἐγώ"|Lang="G"|StrongNumber="G14730"|Morph="RP,,,1D,P,"|Type="Personal"|Person="First"|Case="Dative"|Number="Plural"|English="to us"
620050110111|ὁ|620050110121|det|Cat="det"|Id="35"|morphId="620050110111"|Unicode="ὁ"|Lemma="ὁ"|Lang="G"|StrongNumber="G35880"|Morph="EA,,,,NMS,"|Type="Article"|Case="Nominative"|Gender="Masculine"|Number="Singular"
620050110121|Θεὸς,|620050110091|S|Cat="noun"|Id="37"|morphId="620050110121"|Unicode="Θεὸς,"|Lemma="θεός"|Lang="G"|StrongNumber="G23160"|Morph="N,,,,,NMS,"|Case="Nominative"|Gender="Masculine"|Number="Singular"|English="God"
620050110131|καὶ|620050110091|conj|Cat="conj"|Id="38"|morphId="620050110131"|Unicode="καὶ"|Lemma="καί"|Lang="G"|StrongNumber="G25320"|Morph="CC,,,,,,,,"|Type="Coordinating"|English="and"
620050110141|αὕτη|620050110161|np|Cat="det"|Id="43"|morphId="620050110141"|Unicode="αὕτη"|Lemma="οὗτος"|Lang="G"|StrongNumber="G37780"|Morph="ED,,,,NFS,"|Type="Demonstrative"|Case="Nominative"|Gender="Feminine"|Number="Singular"|English="this"
620050110151|ἡ|620050110161|det|Cat="det"|Id="45"|morphId="620050110151"|Unicode="ἡ"|Lemma="ὁ"|Lang="G"|StrongNumber="G35880"|Morph="EA,,,,NFS,"|Type="Article"|Case="Nominative"|Gender="Feminine"|Number="Singular"
620050110161|ζωὴ|620050110191|S|Cat="noun"|Id="47"|morphId="620050110161"|Unicode="ζωὴ"|Lemma="ζωή"|Lang="G"|StrongNumber="G22220"|Morph="N,,,,,NFS,"|Case="Nominative"|Gender="Feminine"|Number="Singular"|English="life"
620050110171|ἐν|620050110191|prep|Cat="prep"|Id="50"|morphId="620050110171"|Unicode="ἐν"|Lemma="ἐν"|Lang="G"|StrongNumber="G17220"|Morph="P,,,,,D,,,"|Case="Dative"|English="in"
620050110181|τῷ|620050110191|det|Cat="det"|Id="52"|morphId="620050110181"|Unicode="τῷ"|Lemma="ὁ"|Lang="G"|StrongNumber="G35880"|Morph="EA,,,,DMS,"|Type="Article"|Case="Dative"|Gender="Masculine"|Number="Singular"|English="the"
620050110191|Υἱῷ|620050110091|CL|Cat="noun"|Id="55"|morphId="620050110191"|Unicode="Υἱῷ"|Lemma="υἱός"|Lang="G"|StrongNumber="G52070"|Morph="N,,,,,DMS,"|Case="Dative"|Gender="Masculine"|Number="Singular"|English="son"
620050110201|αὐτοῦ|620050110191|np|Cat="pron"|Id="57"|morphId="620050110201"|Unicode="αὐτοῦ"|Lemma="αὐτός"|Lang="G"|StrongNumber="G08460"|Morph="RP,,,3GMS,"|Type="Personal"|Person="Third"|Case="Genitive"|Gender="Masculine"|Number="Singular"|English="of Him"
620050110211|ἐστιν.|620050110191|VC|Cat="verb"|Id="60"|morphId="620050110211"|Unicode="ἐστιν."|Lemma="εἰμί"|Lang="G"|StrongNumber="G15100"|Morph="V,IPA3,,S,"|Mood="Indicative"|Tense="Present"|Voice="Active"|Person="Third"|Number="Singular"|English="is"
620050120011|ὁ|620050120021|det|Cat="pron"|Id="6"|morphId="620050120011"|Unicode="ὁ"|Lemma="ὁ"|Lang="G"|StrongNumber="G35880"|Morph="RD,,,,NMS,"|Type="Demonstrative"|Case="Nominative"|Gender="Masculine"|Number="Singular"|English="he"
620050120021|ἔχων|620050120051|S|Cat="verb"|Id="10"|morphId="620050120021"|Unicode="ἔχων"|Lemma="ἔχω"|Lang="G"|StrongNumber="G21920"|Morph="V,PPA,NMS,"|Mood="Participle"|Tense="Present"|Voice="Active"|Case="Nominative"|Gender="Masculine"|Number="Singular"|English="who has"
620050120031|τὸν|620050120041|det|Cat="det"|Id="13"|morphId="620050120031"|Unicode="τὸν"|Lemma="ὁ"|Lang="G"|StrongNumber="G35880"|Morph="EA,,,,AMS,"|Type="Article"|Case="Accusative"|Gender="Masculine"|Number="Singular"|English="the"
620050120041|Υἱὸν,|620050120021|O|Cat="noun"|Id="15"|morphId="620050120041"|Unicode="Υἱὸν,"|Lemma="υἱός"|Lang="G"|StrongNumber="G52070"|Morph="N,,,,,AMS,"|Case="Accusative"|Gender="Masculine"|Number="Singular"|English="son"
620050120051|ἔχει|None|CL|Cat="verb"|Id="18"|morphId="620050120051"|Unicode="ἔχει"|Lemma="ἔχω"|Lang="G"|StrongNumber="G21920"|Morph="V,IPA3,,S,"|Mood="Indicative"|Tense="Present"|Voice="Active"|Person="Third"|Number="Singular"|English="has"
620050120061|τὴν|620050120071|det|Cat="det"|Id="21"|morphId="620050120061"|Unicode="τὴν"|Lemma="ὁ"|Lang="G"|StrongNumber="G35880"|Morph="EA,,,,AFS,"|Type="Article"|Case="Accusative"|Gender="Feminine"|Number="Singular"|English="the"
620050120071|ζωήν;|620050120051|O|Cat="noun"|Id="23"|morphId="620050120071"|Unicode="ζωήν;"|Lemma="ζωή"|Lang="G"|StrongNumber="G22220"|Morph="N,,,,,AFS,"|Case="Accusative"|Gender="Feminine"|Number="Singular"|English="life"
620050120081|ὁ|620050120101|det|Cat="pron"|Id="28"|morphId="620050120081"|Unicode="ὁ"|Lemma="ὁ"|Lang="G"|StrongNumber="G35880"|Morph="RD,,,,NMS,"|Type="Demonstrative"|Case="Nominative"|Gender="Masculine"|Number="Singular"|English="he"
620050120091|μὴ|620050120101|ADV|Cat="adv"|Id="32"|morphId="620050120091"|Unicode="μὴ"|Lemma="μή"|Lang="G"|StrongNumber="G33610"|Morph="D,,,,,,,,,"|English="not"
620050120101|ἔχων|620050120181|S|Cat="verb"|Id="35"|morphId="620050120101"|Unicode="ἔχων"|Lemma="ἔχω"|Lang="G"|StrongNumber="G21920"|Morph="V,PPA,NMS,"|Mood="Participle"|Tense="Present"|Voice="Active"|Case="Nominative"|Gender="Masculine"|Number="Singular"|English="who does ~ have"
620050120111|τὸν|620050120121|det|Cat="det"|Id="38"|morphId="620050120111"|Unicode="τὸν"|Lemma="ὁ"|Lang="G"|StrongNumber="G35880"|Morph="EA,,,,AMS,"|Type="Article"|Case="Accusative"|Gender="Masculine"|Number="Singular"|English="the"
620050120121|Υἱὸν|620050120101|O|Cat="noun"|Id="41"|morphId="620050120121"|Unicode="Υἱὸν"|Lemma="υἱός"|Lang="G"|StrongNumber="G52070"|Morph="N,,,,,AMS,"|Case="Accusative"|Gender="Masculine"|Number="Singular"|English="son"
620050120131|τοῦ|620050120141|det|Cat="det"|Id="43"|morphId="620050120131"|Unicode="τοῦ"|Lemma="ὁ"|Lang="G"|StrongNumber="G35880"|Morph="EA,,,,GMS,"|Type="Article"|Case="Genitive"|Gender="Masculine"|Number="Singular"
620050120141|Θεοῦ,|620050120121|np|Cat="noun"|Id="45"|morphId="620050120141"|Unicode="Θεοῦ,"|Lemma="θεός"|Lang="G"|StrongNumber="G23160"|Morph="N,,,,,GMS,"|Case="Genitive"|Gender="Masculine"|Number="Singular"|English="of God"
620050120151|τὴν|620050120161|det|Cat="det"|Id="48"|morphId="620050120151"|Unicode="τὴν"|Lemma="ὁ"|Lang="G"|StrongNumber="G35880"|Morph="EA,,,,AFS,"|Type="Article"|Case="Accusative"|Gender="Feminine"|Number="Singular"|English="the"
620050120161|ζωὴν|620050120181|O|Cat="noun"|Id="50"|morphId="620050120161"|Unicode="ζωὴν"|Lemma="ζωή"|Lang="G"|StrongNumber="G22220"|Morph="N,,,,,AFS,"|Case="Accusative"|Gender="Feminine"|Number="Singular"|English="life"
620050120171|οὐκ|620050120181|ADV|Cat="adv"|Id="53"|morphId="620050120171"|Unicode="οὐκ"|Lemma="οὐ"|Lang="G"|StrongNumber="G37560"|Morph="D,,,,,,,,,"|English="not"
620050120181|ἔχει.|620050120051|CL|Cat="verb"|Id="56"|morphId="620050120181"|Unicode="ἔχει."|Lemma="ἔχω"|Lang="G"|StrongNumber="G21920"|Morph="V,IPA3,,S,"|Mood="Indicative"|Tense="Present"|Voice="Active"|Person="Third"|Number="Singular"|English="does ~ have"
620050130011|ταῦτα|620050130021|O|Cat="pron"|Id="6"|morphId="620050130011"|Unicode="ταῦτα"|Lemma="οὗτος"|Lang="G"|StrongNumber="G37780"|Morph="RD,,,,ANP,"|Type="Demonstrative"|Case="Accusative"|Gender="Neuter"|Number="Plural"|English="These things"
620050130021|ἔγραψα|None|CL|Cat="verb"|Id="9"|morphId="620050130021"|Unicode="ἔγραψα"|Lemma="γράφω"|Lang="G"|StrongNumber="G11250"|Morph="V,IAA1,,S,"|Mood="Indicative"|Tense="Aorist"|Voice="Active"|Person="First"|Number="Singular"|English="I write"
620050130031|ὑμῖν|620050130021|IO|Cat="pron"|Id="13"|morphId="620050130031"|Unicode="ὑμῖν"|Lemma="σύ"|Lang="G"|StrongNumber="G47710"|Morph="RP,,,2D,P,"|Type="Personal"|Person="Second"|Case="Dative"|Number="Plural"|English="to you"
620050130101|τοῖς|620050130111|det|Cat="pron"|Id="16"|morphId="620050130101"|Unicode="τοῖς"|Lemma="ὁ"|Lang="G"|StrongNumber="G35880"|Morph="RD,,,,DMP,"|Type="Demonstrative"|Case="Dative"|Gender="Masculine"|Number="Plural"|English="to the ones"
620050130111|πιστεύουσιν|620050130031|np|Cat="verb"|Id="20"|morphId="620050130111"|Unicode="πιστεύουσιν"|Lemma="πιστεύω"|Lang="G"|StrongNumber="G41000"|Morph="V,PPA,DMP,"|Mood="Participle"|Tense="Present"|Voice="Active"|Case="Dative"|Gender="Masculine"|Number="Plural"|English="who believe"
620050130121|εἰς|620050130141|prep|Cat="prep"|Id="23"|morphId="620050130121"|Unicode="εἰς"|Lemma="εἰς"|Lang="G"|StrongNumber="G15190"|Morph="P,,,,,A,,,"|Case="Accusative"|English="in"
620050130131|τὸ|620050130141|det|Cat="det"|Id="25"|morphId="620050130131"|Unicode="τὸ"|Lemma="ὁ"|Lang="G"|StrongNumber="G35880"|Morph="EA,,,,ANS,"|Type="Article"|Case="Accusative"|Gender="Neuter"|Number="Singular"|English="the"
620050130141|ὄνομα|620050130111|ADV|Cat="noun"|Id="28"|morphId="620050130141"|Unicode="ὄνομα"|Lemma="ὄνομα"|Lang="G"|StrongNumber="G36860"|Morph="N,,,,,ANS,"|Case="Accusative"|Gender="Neuter"|Number="Singular"|English="name"
620050130151|τοῦ|620050130161|det|Cat="det"|Id="30"|morphId="620050130151"|Unicode="τοῦ"|Lemma="ὁ"|Lang="G"|StrongNumber="G35880"|Morph="EA,,,,GMS,"|Type="Article"|Case="Genitive"|Gender="Masculine"|Number="Singular"|English="the"
620050130161|Υἱοῦ|620050130141|np|Cat="noun"|Id="33"|morphId="620050130161"|Unicode="Υἱοῦ"|Lemma="υἱός"|Lang="G"|StrongNumber="G52070"|Morph="N,,,,,GMS,"|Case="Genitive"|Gender="Masculine"|Number="Singular"|English="of ~ son"
620050130171|τοῦ|620050130181|det|Cat="det"|Id="35"|morphId="620050130171"|Unicode="τοῦ"|Lemma="ὁ"|Lang="G"|StrongNumber="G35880"|Morph="EA,,,,GMS,"|Type="Article"|Case="Genitive"|Gender="Masculine"|Number="Singular"
620050130181|Θεοῦ.|620050130161|np|Cat="noun"|Id="37"|morphId="620050130181"|Unicode="Θεοῦ."|Lemma="θεός"|Lang="G"|StrongNumber="G23160"|Morph="N,,,,,GMS,"|Case="Genitive"|Gender="Masculine"|Number="Singular"|English="of God"
620050130041|ἵνα|620050130051|conj|Cat="conj"|Id="39"|morphId="620050130041"|Unicode="ἵνα"|Lemma="ἵνα"|Lang="G"|StrongNumber="G24430"|Morph="CS,,,,,,,,"|Type="Subordinating"|English="so that"
620050130051|εἰδῆτε|620050130021|CL|Cat="verb"|Id="44"|morphId="620050130051"|Unicode="εἰδῆτε"|Lemma="εἴδω"|Lang="G"|StrongNumber="G14920"|Morph="V,SEA2,,P,"|Mood="Subjunctive"|Tense="Perfect"|Voice="Active"|Person="Second"|Number="Plural"|English="you may know"
620050130061|ὅτι|620050130081|conj|Cat="conj"|Id="46"|morphId="620050130061"|Unicode="ὅτι"|Lemma="ὅτι"|Lang="G"|StrongNumber="G37540"|Morph="CS,,,,,,,,"|Type="Subordinating"|English="that"
620050130071|ζωὴν|620050130081|O|Cat="noun"|Id="51"|morphId="620050130071"|Unicode="ζωὴν"|Lemma="ζωή"|Lang="G"|StrongNumber="G22220"|Morph="N,,,,,AFS,"|Case="Accusative"|Gender="Feminine"|Number="Singular"|English="life"
620050130091|αἰώνιον,|620050130071|np|Cat="noun"|Id="53"|morphId="620050130091"|Unicode="αἰώνιον,"|Lemma="αἰώνιος"|Lang="G"|StrongNumber="G01660"|Morph="NS,,,,AFS,"|Type="Substantive_Adj"|Case="Accusative"|Gender="Feminine"|Number="Singular"|English="eternal"
620050130081|ἔχετε|620050130051|CL|Cat="verb"|Id="56"|morphId="620050130081"|Unicode="ἔχετε"|Lemma="ἔχω"|Lang="G"|StrongNumber="G21920"|Morph="V,IPA2,,P,"|Mood="Indicative"|Tense="Present"|Voice="Active"|Person="Second"|Number="Plural"|English="you have"
620050140011|καὶ|620050140021|conj|Cat="conj"|Id="3"|morphId="620050140011"|Unicode="καὶ"|Lemma="καί"|Lang="G"|StrongNumber="G25320"|Morph="CC,,,,,,,,"|Type="Coordinating"|English="and"
620050140021|αὕτη|None|CL|Cat="pron"|Id="8"|morphId="620050140021"|Unicode="αὕτη"|Lemma="οὗτος"|Lang="G"|StrongNumber="G37780"|Morph="RD,,,,NFS,"|Type="Demonstrative"|Case="Nominative"|Gender="Feminine"|Number="Singular"|English="this"
620050140031|ἐστὶν|620050140021|VC|Cat="verb"|Id="11"|morphId="620050140031"|Unicode="ἐστὶν"|Lemma="εἰμί"|Lang="G"|StrongNumber="G15100"|Morph="V,IPA3,,S,"|Mood="Indicative"|Tense="Present"|Voice="Active"|Person="Third"|Number="Singular"|English="is"
620050140041|ἡ|620050140051|det|Cat="det"|Id="14"|morphId="620050140041"|Unicode="ἡ"|Lemma="ὁ"|Lang="G"|StrongNumber="G35880"|Morph="EA,,,,NFS,"|Type="Article"|Case="Nominative"|Gender="Feminine"|Number="Singular"|English="the"
620050140051|παρρησία|620050140021|S|Cat="noun"|Id="17"|morphId="620050140051"|Unicode="παρρησία"|Lemma="παρρησία"|Lang="G"|StrongNumber="G39540"|Morph="N,,,,,NFS,"|Case="Nominative"|Gender="Feminine"|Number="Singular"|English="confidence"
620050140061|ἣν|620050140071|O|Cat="pron"|Id="21"|morphId="620050140061"|Unicode="ἣν"|Lemma="ὅς"|Lang="G"|StrongNumber="G37390"|Morph="RD,,,,AFS,"|Type="Demonstrative"|Case="Accusative"|Gender="Feminine"|Number="Singular"|English="which"
620050140071|ἔχομεν|620050140051|CL|Cat="verb"|Id="24"|morphId="620050140071"|Unicode="ἔχομεν"|Lemma="ἔχω"|Lang="G"|StrongNumber="G21920"|Morph="V,IPA1,,P,"|Mood="Indicative"|Tense="Present"|Voice="Active"|Person="First"|Number="Plural"|English="we have"
620050140081|πρὸς|620050140091|prep|Cat="prep"|Id="27"|morphId="620050140081"|Unicode="πρὸς"|Lemma="πρός"|Lang="G"|StrongNumber="G43140"|Morph="P,,,,,A,,,"|Case="Accusative"|English="in"
620050140091|αὐτόν:|620050140071|ADV|Cat="pron"|Id="29"|morphId="620050140091"|Unicode="αὐτόν:"|Lemma="αὐτός"|Lang="G"|StrongNumber="G08460"|Morph="RP,,,3AMS,"|Type="Personal"|Person="Third"|Case="Accusative"|Gender="Masculine"|Number="Singular"|English="him"
620050140101|ὅτι|620050140181|conj|Cat="conj"|Id="31"|morphId="620050140101"|Unicode="ὅτι"|Lemma="ὅτι"|Lang="G"|StrongNumber="G37540"|Morph="CS,,,,,,,,"|Type="Subordinating"|English="that"
620050140111|ἐάν|620050140131|conj|Cat="conj"|Id="34"|morphId="620050140111"|Unicode="ἐάν"|Lemma="ἐάν"|Lang="G"|StrongNumber="G14370"|Morph="CS,,,,,,,,"|Type="Subordinating"|English="if"
620050140121|τι|620050140131|O|Cat="pron"|Id="38"|morphId="620050140121"|Unicode="τι"|Lemma="τις"|Lang="G"|StrongNumber="G51000"|Morph="RI,,,,ANS,"|Type="Indefinite"|Case="Accusative"|Gender="Neuter"|Number="Singular"|English="anything"
620050140131|αἰτώμεθα|620050140181|CL|Cat="verb"|Id="41"|morphId="620050140131"|Unicode="αἰτώμεθα"|Lemma="αἰτέω"|Lang="G"|StrongNumber="G01540"|Morph="V,SPM1,,P,"|Mood="Subjunctive"|Tense="Present"|Voice="Middle"|Person="First"|Number="Plural"|English="we ask"
620050140141|κατὰ|620050140161|prep|Cat="prep"|Id="44"|morphId="620050140141"|Unicode="κατὰ"|Lemma="κατά"|Lang="G"|StrongNumber="G25960"|Morph="P,,,,,A,,,"|Case="Accusative"|English="according to"
620050140151|τὸ|620050140161|det|Cat="det"|Id="46"|morphId="620050140151"|Unicode="τὸ"|Lemma="ὁ"|Lang="G"|StrongNumber="G35880"|Morph="EA,,,,ANS,"|Type="Article"|Case="Accusative"|Gender="Neuter"|Number="Singular"|English="the"
620050140161|θέλημα|620050140131|ADV|Cat="noun"|Id="49"|morphId="620050140161"|Unicode="θέλημα"|Lemma="θέλημα"|Lang="G"|StrongNumber="G23070"|Morph="N,,,,,ANS,"|Case="Accusative"|Gender="Neuter"|Number="Singular"|English="will"
620050140171|αὐτοῦ,|620050140161|np|Cat="pron"|Id="51"|morphId="620050140171"|Unicode="αὐτοῦ,"|Lemma="αὐτός"|Lang="G"|StrongNumber="G08460"|Morph="RP,,,3GMS,"|Type="Personal"|Person="Third"|Case="Genitive"|Gender="Masculine"|Number="Singular"|English="of him"
620050140181|ἀκούει|620050140021|CL|Cat="verb"|Id="55"|morphId="620050140181"|Unicode="ἀκούει"|Lemma="ἀκούω"|Lang="G"|StrongNumber="G01910"|Morph="V,IPA3,,S,"|Mood="Indicative"|Tense="Present"|Voice="Active"|Person="Third"|Number="Singular"|English="he hears"
620050140191|ἡμῶν.|620050140181|O|Cat="pron"|Id="58"|morphId="620050140191"|Unicode="ἡμῶν."|Lemma="ἐγώ"|Lang="G"|StrongNumber="G14730"|Morph="RP,,,1G,P,"|Type="Personal"|Person="First"|Case="Genitive"|Number="Plural"|English="us"
620050150011|καὶ|620050150101|conj|Cat="conj"|Id="3"|morphId="620050150011"|Unicode="καὶ"|Lemma="καί"|Lang="G"|StrongNumber="G25320"|Morph="CC,,,,,,,,"|Type="Coordinating"|English="and"
620050150021|ἐὰν|620050150031|conj|Cat="conj"|Id="6"|morphId="620050150021"|Unicode="ἐὰν"|Lemma="ἐάν"|Lang="G"|StrongNumber="G14370"|Morph="CS,,,,,,,,"|Type="Subordinating"|English="if"
620050150031|οἴδαμεν|620050150101|CL|Cat="verb"|Id="11"|morphId="620050150031"|Unicode="οἴδαμεν"|Lemma="οἶδα"|Lang="G"|StrongNumber="G14920"|Morph="V,IEA1,,P,"|Mood="Indicative"|Tense="Perfect"|Voice="Active"|Person="First"|Number="Plural"|English="we know"
620050150041|ὅτι|620050150051|conj|Cat="conj"|Id="13"|morphId="620050150041"|Unicode="ὅτι"|Lemma="ὅτι"|Lang="G"|StrongNumber="G37540"|Morph="CS,,,,,,,,"|Type="Subordinating"|English="that"
620050150051|ἀκούει|620050150031|CL|Cat="verb"|Id="17"|morphId="620050150051"|Unicode="ἀκούει"|Lemma="ἀκούω"|Lang="G"|StrongNumber="G01910"|Morph="V,IPA3,,S,"|Mood="Indicative"|Tense="Present"|Voice="Active"|Person="Third"|Number="Singular"|English="he hears"
620050150061|ἡμῶν,|620050150051|O|Cat="pron"|Id="20"|morphId="620050150061"|Unicode="ἡμῶν,"|Lemma="ἐγώ"|Lang="G"|StrongNumber="G14730"|Morph="RP,,,1G,P,"|Type="Personal"|Person="First"|Case="Genitive"|Number="Plural"|English="us"
620050150081|ἂν|620050150091|ptcl|Cat="ptcl"|Id="24"|morphId="620050150081"|Unicode="ἂν"|Lemma="ἄν"|Lang="G"|StrongNumber="G03020"|Morph="T,,,,,,,,,"
620050150071|ὃ|620050150091|O|Cat="pron"|Id="28"|morphId="620050150071"|Unicode="ὃ"|Lemma="ὅς"|Lang="G"|StrongNumber="G37390"|Morph="RR,,,,ANS,"|Type="Relative"|Case="Accusative"|Gender="Neuter"|Number="Singular"|English="whatever"
620050150091|αἰτώμεθα,|620050150051|ADV|Cat="verb"|Id="31"|morphId="620050150091"|Unicode="αἰτώμεθα,"|Lemma="αἰτέω"|Lang="G"|StrongNumber="G01540"|Morph="V,SPM1,,P,"|Mood="Subjunctive"|Tense="Present"|Voice="Middle"|Person="First"|Number="Plural"|English="we ask"
620050150101|οἴδαμεν|None|CL|Cat="verb"|Id="36"|morphId="620050150101"|Unicode="οἴδαμεν"|Lemma="οἶδα"|Lang="G"|StrongNumber="G14920"|Morph="V,IEA1,,P,"|Mood="Indicative"|Tense="Perfect"|Voice="Active"|Person="First"|Number="Plural"|English="we know"
620050150111|ὅτι|620050150121|conj|Cat="conj"|Id="38"|morphId="620050150111"|Unicode="ὅτι"|Lemma="ὅτι"|Lang="G"|StrongNumber="G37540"|Morph="CS,,,,,,,,"|Type="Subordinating"|English="that"
620050150121|ἔχομεν|620050150101|CL|Cat="verb"|Id="42"|morphId="620050150121"|Unicode="ἔχομεν"|Lemma="ἔχω"|Lang="G"|StrongNumber="G21920"|Morph="V,IPA1,,P,"|Mood="Indicative"|Tense="Present"|Voice="Active"|Person="First"|Number="Plural"|English="we have"
620050150131|τὰ|620050150141|det|Cat="det"|Id="45"|morphId="620050150131"|Unicode="τὰ"|Lemma="ὁ"|Lang="G"|StrongNumber="G35880"|Morph="EA,,,,ANP,"|Type="Article"|Case="Accusative"|Gender="Neuter"|Number="Plural"|English="the"
620050150141|αἰτήματα|620050150121|O|Cat="noun"|Id="48"|morphId="620050150141"|Unicode="αἰτήματα"|Lemma="αἴτημα"|Lang="G"|StrongNumber="G01550"|Morph="N,,,,,ANP,"|Case="Accusative"|Gender="Neuter"|Number="Plural"|English="requests"
620050150151|ἃ|620050150161|O|Cat="pron"|Id="52"|morphId="620050150151"|Unicode="ἃ"|Lemma="ὅς"|Lang="G"|StrongNumber="G37390"|Morph="RD,,,,ANP,"|Type="Demonstrative"|Case="Accusative"|Gender="Neuter"|Number="Plural"|English="which"
620050150161|ᾐτήκαμεν|620050150141|CL|Cat="verb"|Id="55"|morphId="620050150161"|Unicode="ᾐτήκαμεν"|Lemma="αἰτέω"|Lang="G"|StrongNumber="G01540"|Morph="V,IEA1,,P,"|Mood="Indicative"|Tense="Perfect"|Voice="Active"|Person="First"|Number="Plural"|English="we have asked"
620050150171|ἀπ’|620050150181|prep|Cat="prep"|Id="58"|morphId="620050150171"|Unicode="ἀπ’"|Lemma="ἀπό"|Lang="G"|StrongNumber="G05750"|Morph="P,,,,,G,,,"|Case="Genitive"|English="of"
620050150181|αὐτοῦ.|620050150161|ADV|Cat="pron"|Id="60"|morphId="620050150181"|Unicode="αὐτοῦ."|Lemma="αὐτός"|Lang="G"|StrongNumber="G08460"|Morph="RP,,,3GMS,"|Type="Personal"|Person="Third"|Case="Genitive"|Gender="Masculine"|Number="Singular"|English="him"
620050160011|ἐάν|620050160031|conj|Cat="conj"|Id="5"|morphId="620050160011"|Unicode="ἐάν"|Lemma="ἐάν"|Lang="G"|StrongNumber="G14370"|Morph="CS,,,,,,,,"|Type="Subordinating"|English="if"
620050160021|τις|620050160031|S|Cat="pron"|Id="9"|morphId="620050160021"|Unicode="τις"|Lemma="τις"|Lang="G"|StrongNumber="G51000"|Morph="RI,,,,NMS,"|Type="Indefinite"|Case="Nominative"|Gender="Masculine"|Number="Singular"|English="anyone"
620050160031|ἴδῃ|620050160121|CL|Cat="verb"|Id="12"|morphId="620050160031"|Unicode="ἴδῃ"|Lemma="ὁράω"|Lang="G"|StrongNumber="G37080"|Morph="V,SAA3,,S,"|Mood="Subjunctive"|Tense="Aorist"|Voice="Active"|Person="Third"|Number="Singular"|English="sees"
620050160041|τὸν|620050160051|det|Cat="det"|Id="17"|morphId="620050160041"|Unicode="τὸν"|Lemma="ὁ"|Lang="G"|StrongNumber="G35880"|Morph="EA,,,,AMS,"|Type="Article"|Case="Accusative"|Gender="Masculine"|Number="Singular"|English="the"
620050160051|ἀδελφὸν|620050160071|S|Cat="noun"|Id="20"|morphId="620050160051"|Unicode="ἀδελφὸν"|Lemma="ἀδελφός"|Lang="G"|StrongNumber="G00800"|Morph="N,,,,,AMS,"|Case="Accusative"|Gender="Masculine"|Number="Singular"|English="brother"
620050160061|αὐτοῦ|620050160051|np|Cat="pron"|Id="22"|morphId="620050160061"|Unicode="αὐτοῦ"|Lemma="αὐτός"|Lang="G"|StrongNumber="G08460"|Morph="RP,,,3GMS,"|Type="Personal"|Person="Third"|Case="Genitive"|Gender="Masculine"|Number="Singular"|English="of him"
620050160071|ἁμαρτάνοντα|620050160031|O|Cat="verb"|Id="25"|morphId="620050160071"|Unicode="ἁμαρτάνοντα"|Lemma="ἁμαρτάνω"|Lang="G"|StrongNumber="G02640"|Morph="V,PPA,AMS,"|Mood="Participle"|Tense="Present"|Voice="Active"|Case="Accusative"|Gender="Masculine"|Number="Singular"|English="sinning"
620050160081|ἁμαρτίαν|620050160071|O|Cat="noun"|Id="29"|morphId="620050160081"|Unicode="ἁμαρτίαν"|Lemma="ἁμαρτία"|Lang="G"|StrongNumber="G02660"|Morph="N,,,,,AFS,"|Case="Accusative"|Gender="Feminine"|Number="Singular"|English="a sin"
620050160091|μὴ|620050160111|advp|Cat="adv"|Id="32"|morphId="620050160091"|Unicode="μὴ"|Lemma="μή"|Lang="G"|StrongNumber="G33610"|Morph="D,,,,,,,,,"|English="not"
620050160101|πρὸς|620050160111|prep|Cat="prep"|Id="34"|morphId="620050160101"|Unicode="πρὸς"|Lemma="πρός"|Lang="G"|StrongNumber="G43140"|Morph="P,,,,,A,,,"|Case="Accusative"|English="to"
620050160111|θάνατον,|620050160081|pp|Cat="noun"|Id="36"|morphId="620050160111"|Unicode="θάνατον,"|Lemma="θάνατος"|Lang="G"|StrongNumber="G22880"|Morph="N,,,,,AMS,"|Case="Accusative"|Gender="Masculine"|Number="Singular"|English="death"
620050160121|αἰτήσει|None|CL|Cat="verb"|Id="40"|morphId="620050160121"|Unicode="αἰτήσει"|Lemma="αἰτέω"|Lang="G"|StrongNumber="G01540"|Morph="V,IFA3,,S,"|Mood="Indicative"|Tense="Future"|Voice="Active"|Person="Third"|Number="Singular"|English="he should ask"
620050160131|καὶ|620050160121|conj|Cat="conj"|Id="41"|morphId="620050160131"|Unicode="καὶ"|Lemma="καί"|Lang="G"|StrongNumber="G25320"|Morph="CC,,,,,,,,"|Type="Coordinating"|English="and"
620050160141|δώσει|620050160121|CL|Cat="verb"|Id="45"|morphId="620050160141"|Unicode="δώσει"|Lemma="δίδωμι"|Lang="G"|StrongNumber="G13250"|Morph="V,IFA3,,S,"|Mood="Indicative"|Tense="Future"|Voice="Active"|Person="Third"|Number="Singular"|English="god will give"
620050160161|ζωήν,|620050160141|O|Cat="noun"|Id="48"|morphId="620050160161"|Unicode="ζωήν,"|Lemma="ζωή"|Lang="G"|StrongNumber="G22220"|Morph="N,,,,,AFS,"|Case="Accusative"|Gender="Feminine"|Number="Singular"|English="life"
620050160151|αὐτῷ|620050160141|IO|Cat="pron"|Id="52"|morphId="620050160151"|Unicode="αὐτῷ"|Lemma="αὐτός"|Lang="G"|StrongNumber="G08460"|Morph="RP,,,3DMS,"|Type="Personal"|Person="Third"|Case="Dative"|Gender="Masculine"|Number="Singular"|English="to him"
620050160171|τοῖς|620050160181|det|Cat="pron"|Id="55"|morphId="620050160171"|Unicode="τοῖς"|Lemma="ὁ"|Lang="G"|StrongNumber="G35880"|Morph="RD,,,,DMP,"|Type="Demonstrative"|Case="Dative"|Gender="Masculine"|Number="Plural"|English="to those"
620050160181|ἁμαρτάνουσιν|620050160151|np|Cat="verb"|Id="59"|morphId="620050160181"|Unicode="ἁμαρτάνουσιν"|Lemma="ἁμαρτάνω"|Lang="G"|StrongNumber="G02640"|Morph="V,PPA,DMP,"|Mood="Participle"|Tense="Present"|Voice="Active"|Case="Dative"|Gender="Masculine"|Number="Plural"|English="who commit sin"
620050160191|μὴ|620050160211|advp|Cat="adv"|Id="64"|morphId="620050160191"|Unicode="μὴ"|Lemma="μή"|Lang="G"|StrongNumber="G33610"|Morph="D,,,,,,,,,"|English="not"
620050160201|πρὸς|620050160211|prep|Cat="prep"|Id="66"|morphId="620050160201"|Unicode="πρὸς"|Lemma="πρός"|Lang="G"|StrongNumber="G43140"|Morph="P,,,,,A,,,"|Case="Accusative"|English="to"
620050160211|θάνατον.|620050160181|O|Cat="noun"|Id="68"|morphId="620050160211"|Unicode="θάνατον."|Lemma="θάνατος"|Lang="G"|StrongNumber="G22880"|Morph="N,,,,,AMS,"|Case="Accusative"|Gender="Masculine"|Number="Singular"|English="death"
620050160221|ἔστιν|620050160121|CL|Cat="verb"|Id="72"|morphId="620050160221"|Unicode="ἔστιν"|Lemma="εἰμί"|Lang="G"|StrongNumber="G15100"|Morph="V,IPA3,,S,"|Mood="Indicative"|Tense="Present"|Voice="Active"|Person="Third"|Number="Singular"|English="there is"
620050160231|ἁμαρτία|620050160221|S|Cat="noun"|Id="76"|morphId="620050160231"|Unicode="ἁμαρτία"|Lemma="ἁμαρτία"|Lang="G"|StrongNumber="G02660"|Morph="N,,,,,NFS,"|Case="Nominative"|Gender="Feminine"|Number="Singular"|English="sin"
620050160241|πρὸς|620050160251|prep|Cat="prep"|Id="78"|morphId="620050160241"|Unicode="πρὸς"|Lemma="πρός"|Lang="G"|StrongNumber="G43140"|Morph="P,,,,,A,,,"|Case="Accusative"|English="to"
620050160251|θάνατον;|620050160231|pp|Cat="noun"|Id="80"|morphId="620050160251"|Unicode="θάνατον;"|Lemma="θάνατος"|Lang="G"|StrongNumber="G22880"|Morph="N,,,,,AMS,"|Case="Accusative"|Gender="Masculine"|Number="Singular"|English="death"
620050160261|οὐ|620050160291|ADV|Cat="adv"|Id="85"|morphId="620050160261"|Unicode="οὐ"|Lemma="οὐ"|Lang="G"|StrongNumber="G37560"|Morph="D,,,,,,,,,"|English="not"
620050160271|περὶ|620050160281|prep|Cat="prep"|Id="88"|morphId="620050160271"|Unicode="περὶ"|Lemma="περί"|Lang="G"|StrongNumber="G40120"|Morph="P,,,,,G,,,"|Case="Genitive"|English="about"
620050160281|ἐκείνης|620050160291|ADV|Cat="pron"|Id="90"|morphId="620050160281"|Unicode="ἐκείνης"|Lemma="ἐκεῖνος"|Lang="G"|StrongNumber="G15650"|Morph="RD,,,,GFS,"|Type="Demonstrative"|Case="Genitive"|Gender="Feminine"|Number="Singular"|English="that sin"
620050160291|λέγω|620050160121|CL|Cat="verb"|Id="93"|morphId="620050160291"|Unicode="λέγω"|Lemma="λέγω"|Lang="G"|StrongNumber="G30040"|Morph="V,IPA1,,S,"|Mood="Indicative"|Tense="Present"|Voice="Active"|Person="First"|Number="Singular"|English="I do ~ say"
620050160301|ἵνα|620050160311|conj|Cat="conj"|Id="95"|morphId="620050160301"|Unicode="ἵνα"|Lemma="ἵνα"|Lang="G"|StrongNumber="G24430"|Morph="CS,,,,,,,,"|Type="Subordinating"|English="that"
620050160311|ἐρωτήσῃ.|620050160291|CL|Cat="verb"|Id="99"|morphId="620050160311"|Unicode="ἐρωτήσῃ."|Lemma="ἐρωτάω"|Lang="G"|StrongNumber="G20650"|Morph="V,SAA3,,S,"|Mood="Subjunctive"|Tense="Aorist"|Voice="Active"|Person="Third"|Number="Singular"|English="he should pray"
620050170011|πᾶσα|620050170021|adjp|Cat="det"|Id="8"|morphId="620050170011"|Unicode="πᾶσα"|Lemma="πᾶς"|Lang="G"|StrongNumber="G39560"|Morph="EQ,,,,NFS,"|Type="Quantifier"|Case="Nominative"|Gender="Feminine"|Number="Singular"|English="all"
620050170021|ἀδικία|620050170031|S|Cat="noun"|Id="10"|morphId="620050170021"|Unicode="ἀδικία"|Lemma="ἀδικία"|Lang="G"|StrongNumber="G00930"|Morph="N,,,,,NFS,"|Case="Nominative"|Gender="Feminine"|Number="Singular"|English="unrighteousness"
620050170031|ἁμαρτία|None|CL|Cat="noun"|Id="13"|morphId="620050170031"|Unicode="ἁμαρτία"|Lemma="ἁμαρτία"|Lang="G"|StrongNumber="G02660"|Morph="N,,,,,NFS,"|Case="Nominative"|Gender="Feminine"|Number="Singular"|English="sin"
620050170041|ἐστίν,|620050170031|VC|Cat="verb"|Id="16"|morphId="620050170041"|Unicode="ἐστίν,"|Lemma="εἰμί"|Lang="G"|StrongNumber="G15100"|Morph="V,IPA3,,S,"|Mood="Indicative"|Tense="Present"|Voice="Active"|Person="Third"|Number="Singular"|English="is"
620050170051|καὶ|620050170031|conj|Cat="conj"|Id="17"|morphId="620050170051"|Unicode="καὶ"|Lemma="καί"|Lang="G"|StrongNumber="G25320"|Morph="CC,,,,,,,,"|Type="Coordinating"|English="and"
620050170061|ἔστιν|620050170031|CL|Cat="verb"|Id="21"|morphId="620050170061"|Unicode="ἔστιν"|Lemma="εἰμί"|Lang="G"|StrongNumber="G15100"|Morph="V,IPA3,,S,"|Mood="Indicative"|Tense="Present"|Voice="Active"|Person="Third"|Number="Singular"|English="there is"
620050170071|ἁμαρτία|620050170061|S|Cat="noun"|Id="25"|morphId="620050170071"|Unicode="ἁμαρτία"|Lemma="ἁμαρτία"|Lang="G"|StrongNumber="G02660"|Morph="N,,,,,NFS,"|Case="Nominative"|Gender="Feminine"|Number="Singular"|English="sin"
620050170081|οὐ|620050170101|advp|Cat="adv"|Id="28"|morphId="620050170081"|Unicode="οὐ"|Lemma="οὐ"|Lang="G"|StrongNumber="G37560"|Morph="D,,,,,,,,,"|English="not"
620050170091|πρὸς|620050170101|prep|Cat="prep"|Id="30"|morphId="620050170091"|Unicode="πρὸς"|Lemma="πρός"|Lang="G"|StrongNumber="G43140"|Morph="P,,,,,A,,,"|Case="Accusative"|English="to"
620050170101|θάνατον.|620050170071|pp|Cat="noun"|Id="32"|morphId="620050170101"|Unicode="θάνατον."|Lemma="θάνατος"|Lang="G"|StrongNumber="G22880"|Morph="N,,,,,AMS,"|Case="Accusative"|Gender="Masculine"|Number="Singular"|English="death"
620050180011|οἴδαμεν|None|CL|Cat="verb"|Id="6"|morphId="620050180011"|Unicode="οἴδαμεν"|Lemma="οἶδα"|Lang="G"|StrongNumber="G14920"|Morph="V,IEA1,,P,"|Mood="Indicative"|Tense="Perfect"|Voice="Active"|Person="First"|Number="Plural"|English="we know"
620050180021|ὅτι|620050180101|conj|Cat="conj"|Id="8"|morphId="620050180021"|Unicode="ὅτι"|Lemma="ὅτι"|Lang="G"|StrongNumber="G37540"|Morph="CS,,,,,,,,"|Type="Subordinating"|English="that"
620050180031|πᾶς|620050180051|np|Cat="pron"|Id="14"|morphId="620050180031"|Unicode="πᾶς"|Lemma="πᾶς"|Lang="G"|StrongNumber="G39560"|Morph="RI,,,,NMS,"|Type="Indefinite"|Case="Nominative"|Gender="Masculine"|Number="Singular"|English="everyone"
620050180041|ὁ|620050180051|det|Cat="pron"|Id="17"|morphId="620050180041"|Unicode="ὁ"|Lemma="ὁ"|Lang="G"|StrongNumber="G35880"|Morph="RD,,,,NMS,"|Type="Demonstrative"|Case="Nominative"|Gender="Masculine"|Number="Singular"|English="those"
620050180051|γεγεννημένος|620050180101|S|Cat="verb"|Id="21"|morphId="620050180051"|Unicode="γεγεννημένος"|Lemma="γεννάω"|Lang="G"|StrongNumber="G10800"|Morph="V,PEP,NMS,"|Mood="Participle"|Tense="Perfect"|Voice="Passive"|Case="Nominative"|Gender="Masculine"|Number="Singular"|English="who has been born"
620050180061|ἐκ|620050180081|prep|Cat="prep"|Id="24"|morphId="620050180061"|Unicode="ἐκ"|Lemma="ἐκ"|Lang="G"|StrongNumber="G15370"|Morph="P,,,,,G,,,"|Case="Genitive"|English="of"
620050180071|τοῦ|620050180081|det|Cat="det"|Id="26"|morphId="620050180071"|Unicode="τοῦ"|Lemma="ὁ"|Lang="G"|StrongNumber="G35880"|Morph="EA,,,,GMS,"|Type="Article"|Case="Genitive"|Gender="Masculine"|Number="Singular"
620050180081|Θεοῦ|620050180051|ADV|Cat="noun"|Id="28"|morphId="620050180081"|Unicode="Θεοῦ"|Lemma="θεός"|Lang="G"|StrongNumber="G23160"|Morph="N,,,,,GMS,"|Case="Genitive"|Gender="Masculine"|Number="Singular"|English="God"
620050180091|οὐχ|620050180101|ADV|Cat="adv"|Id="31"|morphId="620050180091"|Unicode="οὐχ"|Lemma="οὐ"|Lang="G"|StrongNumber="G37560"|Morph="D,,,,,,,,,"|English="not"
620050180101|ἁμαρτάνει,|620050180011|CL|Cat="verb"|Id="34"|morphId="620050180101"|Unicode="ἁμαρτάνει,"|Lemma="ἁμαρτάνω"|Lang="G"|StrongNumber="G02640"|Morph="V,IPA3,,S,"|Mood="Indicative"|Tense="Present"|Voice="Active"|Person="Third"|Number="Singular"|English="does ~ sin"
620050180111|ἀλλ’|620050180101|conj|Cat="conj"|Id="35"|morphId="620050180111"|Unicode="ἀλλ’"|Lemma="ἀλλά"|Lang="G"|StrongNumber="G02350"|Morph="CC,,,,,,,,"|Type="Coordinating"|English="but"
620050180121|ὁ|620050180131|det|Cat="pron"|Id="41"|morphId="620050180121"|Unicode="ὁ"|Lemma="ὁ"|Lang="G"|StrongNumber="G35880"|Morph="RD,,,,NMS,"|Type="Demonstrative"|Case="Nominative"|Gender="Masculine"|Number="Singular"|English="the one"
620050180131|γεννηθεὶς|620050180171|S|Cat="verb"|Id="45"|morphId="620050180131"|Unicode="γεννηθεὶς"|Lemma="γεννάω"|Lang="G"|StrongNumber="G10800"|Morph="V,PAP,NMS,"|Mood="Participle"|Tense="Aorist"|Voice="Passive"|Case="Nominative"|Gender="Masculine"|Number="Singular"|English="who was born"
620050180141|ἐκ|620050180161|prep|Cat="prep"|Id="48"|morphId="620050180141"|Unicode="ἐκ"|Lemma="ἐκ"|Lang="G"|StrongNumber="G15370"|Morph="P,,,,,G,,,"|Case="Genitive"|English="of"
620050180151|τοῦ|620050180161|det|Cat="det"|Id="50"|morphId="620050180151"|Unicode="τοῦ"|Lemma="ὁ"|Lang="G"|StrongNumber="G35880"|Morph="EA,,,,GMS,"|Type="Article"|Case="Genitive"|Gender="Masculine"|Number="Singular"
620050180161|Θεοῦ|620050180131|ADV|Cat="noun"|Id="52"|morphId="620050180161"|Unicode="Θεοῦ"|Lemma="θεός"|Lang="G"|StrongNumber="G23160"|Morph="N,,,,,GMS,"|Case="Genitive"|Gender="Masculine"|Number="Singular"|English="God"
620050180171|τηρεῖ|620050180101|CL|Cat="verb"|Id="55"|morphId="620050180171"|Unicode="τηρεῖ"|Lemma="τηρέω"|Lang="G"|StrongNumber="G50830"|Morph="V,IPA3,,S,"|Mood="Indicative"|Tense="Present"|Voice="Active"|Person="Third"|Number="Singular"|English="keeps"
620050180181|ἑαυτὸν|620050180171|O|Cat="pron"|Id="58"|morphId="620050180181"|Unicode="ἑαυτὸν"|Lemma="ἑαυτοῦ"|Lang="G"|StrongNumber="G14380"|Morph="RE,,,3AMS,"|Type="Reflexive"|Person="Third"|Case="Accusative"|Gender="Masculine"|Number="Singular"|English="him"
620050180191|καὶ|620050180171|conj|Cat="conj"|Id="59"|morphId="620050180191"|Unicode="καὶ"|Lemma="καί"|Lang="G"|StrongNumber="G25320"|Morph="CC,,,,,,,,"|Type="Coordinating"|English="and"
620050180201|ὁ|620050180211|det|Cat="det"|Id="63"|morphId="620050180201"|Unicode="ὁ"|Lemma="ὁ"|Lang="G"|StrongNumber="G35880"|Morph="EA,,,,NMS,"|Type="Article"|Case="Nominative"|Gender="Masculine"|Number="Singular"|English="the"
620050180211|πονηρὸς|620050180231|S|Cat="noun"|Id="65"|morphId="620050180211"|Unicode="πονηρὸς"|Lemma="πονηρός"|Lang="G"|StrongNumber="G41900"|Morph="NS,,,,NMS,"|Type="Substantive_Adj"|Case="Nominative"|Gender="Masculine"|Number="Singular"|English="evil one"
620050180221|οὐχ|620050180231|ADV|Cat="adv"|Id="68"|morphId="620050180221"|Unicode="οὐχ"|Lemma="οὐ"|Lang="G"|StrongNumber="G37560"|Morph="D,,,,,,,,,"|English="not"
620050180231|ἅπτεται|620050180171|CL|Cat="verb"|Id="71"|morphId="620050180231"|Unicode="ἅπτεται"|Lemma="ἅπτω"|Lang="G"|StrongNumber="G06810"|Morph="V,IPM3,,S,"|Mood="Indicative"|Tense="Present"|Voice="Middle"|Person="Third"|Number="Singular"|English="does ~ touch"
620050180241|αὐτοῦ.|620050180231|O|Cat="pron"|Id="74"|morphId="620050180241"|Unicode="αὐτοῦ."|Lemma="αὐτός"|Lang="G"|StrongNumber="G08460"|Morph="RP,,,3GMS,"|Type="Personal"|Person="Third"|Case="Genitive"|Gender="Masculine"|Number="Singular"|English="him"
620050190011|οἴδαμεν|None|CL|Cat="verb"|Id="6"|morphId="620050190011"|Unicode="οἴδαμεν"|Lemma="οἶδα"|Lang="G"|StrongNumber="G14920"|Morph="V,IEA1,,P,"|Mood="Indicative"|Tense="Perfect"|Voice="Active"|Person="First"|Number="Plural"|English="we know"
620050190021|ὅτι|620050190051|conj|Cat="conj"|Id="8"|morphId="620050190021"|Unicode="ὅτι"|Lemma="ὅτι"|Lang="G"|StrongNumber="G37540"|Morph="CS,,,,,,,,"|Type="Subordinating"|English="that"
620050190031|ἐκ|620050190051|prep|Cat="prep"|Id="13"|morphId="620050190031"|Unicode="ἐκ"|Lemma="ἐκ"|Lang="G"|StrongNumber="G15370"|Morph="P,,,,,G,,,"|Case="Genitive"|English="of"
620050190041|τοῦ|620050190051|det|Cat="det"|Id="15"|morphId="620050190041"|Unicode="τοῦ"|Lemma="ὁ"|Lang="G"|StrongNumber="G35880"|Morph="EA,,,,GMS,"|Type="Article"|Case="Genitive"|Gender="Masculine"|Number="Singular"
620050190051|Θεοῦ|620050190011|CL|Cat="noun"|Id="17"|morphId="620050190051"|Unicode="Θεοῦ"|Lemma="θεός"|Lang="G"|StrongNumber="G23160"|Morph="N,,,,,GMS,"|Case="Genitive"|Gender="Masculine"|Number="Singular"|English="God"
620050190061|ἐσμεν,|620050190051|VC|Cat="verb"|Id="20"|morphId="620050190061"|Unicode="ἐσμεν,"|Lemma="εἰμί"|Lang="G"|StrongNumber="G15100"|Morph="V,IPA1,,P,"|Mood="Indicative"|Tense="Present"|Voice="Active"|Person="First"|Number="Plural"|English="we are"
620050190071|καὶ|620050190051|conj|Cat="conj"|Id="21"|morphId="620050190071"|Unicode="καὶ"|Lemma="καί"|Lang="G"|StrongNumber="G25320"|Morph="CC,,,,,,,,"|Type="Coordinating"|English="and"
620050190081|ὁ|620050190091|det|Cat="det"|Id="26"|morphId="620050190081"|Unicode="ὁ"|Lemma="ὁ"|Lang="G"|StrongNumber="G35880"|Morph="EA,,,,NMS,"|Type="Article"|Case="Nominative"|Gender="Masculine"|Number="Singular"|English="the"
620050190091|κόσμος|620050190141|S|Cat="noun"|Id="28"|morphId="620050190091"|Unicode="κόσμος"|Lemma="κόσμος"|Lang="G"|StrongNumber="G28890"|Morph="N,,,,,NMS,"|Case="Nominative"|Gender="Masculine"|Number="Singular"|English="world"
620050190101|ὅλος|620050190091|adjp|Cat="det"|Id="31"|morphId="620050190101"|Unicode="ὅλος"|Lemma="ὅλος"|Lang="G"|StrongNumber="G36500"|Morph="EQ,,,,NMS,"|Type="Quantifier"|Case="Nominative"|Gender="Masculine"|Number="Singular"|English="whole"
620050190111|ἐν|620050190131|prep|Cat="prep"|Id="34"|morphId="620050190111"|Unicode="ἐν"|Lemma="ἐν"|Lang="G"|StrongNumber="G17220"|Morph="P,,,,,D,,,"|Case="Dative"|English="under"
620050190121|τῷ|620050190131|det|Cat="det"|Id="36"|morphId="620050190121"|Unicode="τῷ"|Lemma="ὁ"|Lang="G"|StrongNumber="G35880"|Morph="EA,,,,DMS,"|Type="Article"|Case="Dative"|Gender="Masculine"|Number="Singular"|English="the"
620050190131|πονηρῷ|620050190141|ADV|Cat="noun"|Id="38"|morphId="620050190131"|Unicode="πονηρῷ"|Lemma="πονηρός"|Lang="G"|StrongNumber="G41900"|Morph="NS,,,,DMS,"|Type="Substantive_Adj"|Case="Dative"|Gender="Masculine"|Number="Singular"|English="evil one"
620050190141|κεῖται.|620050190051|CL|Cat="verb"|Id="41"|morphId="620050190141"|Unicode="κεῖται."|Lemma="κεῖμαι"|Lang="G"|StrongNumber="G27490"|Morph="V,IPM3,,S,"|Mood="Indicative"|Tense="Present"|Voice="Middle"|Person="Third"|Number="Singular"|English="lies"
620050200021|δὲ|620050200011|conj|Cat="conj"|Id="3"|morphId="620050200021"|Unicode="δὲ"|Lemma="δέ"|Lang="G"|StrongNumber="G11610"|Morph="CC,,,,,,,,"|Type="Coordinating"|English="and"
620050200011|οἴδαμεν|None|CL|Cat="verb"|Id="8"|morphId="620050200011"|Unicode="οἴδαμεν"|Lemma="οἶδα"|Lang="G"|StrongNumber="G14920"|Morph="V,IEA1,,P,"|Mood="Indicative"|Tense="Perfect"|Voice="Active"|Person="First"|Number="Plural"|English="we know"
620050200031|ὅτι|620050200081|conj|Cat="conj"|Id="10"|morphId="620050200031"|Unicode="ὅτι"|Lemma="ὅτι"|Lang="G"|StrongNumber="G37540"|Morph="CS,,,,,,,,"|Type="Subordinating"|English="that"
620050200041|ὁ|620050200051|det|Cat="det"|Id="15"|morphId="620050200041"|Unicode="ὁ"|Lemma="ὁ"|Lang="G"|StrongNumber="G35880"|Morph="EA,,,,NMS,"|Type="Article"|Case="Nominative"|Gender="Masculine"|Number="Singular"|English="the"
620050200051|Υἱὸς|620050200081|S|Cat="noun"|Id="18"|morphId="620050200051"|Unicode="Υἱὸς"|Lemma="υἱός"|Lang="G"|StrongNumber="G52070"|Morph="N,,,,,NMS,"|Case="Nominative"|Gender="Masculine"|Number="Singular"|English="son"
620050200061|τοῦ|620050200071|det|Cat="det"|Id="20"|morphId="620050200061"|Unicode="τοῦ"|Lemma="ὁ"|Lang="G"|StrongNumber="G35880"|Morph="EA,,,,GMS,"|Type="Article"|Case="Genitive"|Gender="Masculine"|Number="Singular"
620050200071|Θεοῦ|620050200051|np|Cat="noun"|Id="22"|morphId="620050200071"|Unicode="Θεοῦ"|Lemma="θεός"|Lang="G"|StrongNumber="G23160"|Morph="N,,,,,GMS,"|Case="Genitive"|Gender="Masculine"|Number="Singular"|English="of God"
620050200081|ἥκει,|620050200011|CL|Cat="verb"|Id="25"|morphId="620050200081"|Unicode="ἥκει,"|Lemma="ἥκω"|Lang="G"|StrongNumber="G22400"|Morph="V,IPA3,,S,"|Mood="Indicative"|Tense="Present"|Voice="Active"|Person="Third"|Number="Singular"|English="has come"
620050200091|καὶ|620050200081|conj|Cat="conj"|Id="26"|morphId="620050200091"|Unicode="καὶ"|Lemma="καί"|Lang="G"|StrongNumber="G25320"|Morph="CC,,,,,,,,"|Type="Coordinating"|English="and"
620050200101|δέδωκεν|620050200081|CL|Cat="verb"|Id="31"|morphId="620050200101"|Unicode="δέδωκεν"|Lemma="δίδωμι"|Lang="G"|StrongNumber="G13250"|Morph="V,IEA3,,S,"|Mood="Indicative"|Tense="Perfect"|Voice="Active"|Person="Third"|Number="Singular"|English="has given"
620050200111|ἡμῖν|620050200101|IO|Cat="pron"|Id="34"|morphId="620050200111"|Unicode="ἡμῖν"|Lemma="ἐγώ"|Lang="G"|StrongNumber="G14730"|Morph="RP,,,1D,P,"|Type="Personal"|Person="First"|Case="Dative"|Number="Plural"|English="us"
620050200121|διάνοιαν,|620050200101|O|Cat="noun"|Id="37"|morphId="620050200121"|Unicode="διάνοιαν,"|Lemma="διάνοια"|Lang="G"|StrongNumber="G12710"|Morph="N,,,,,AFS,"|Case="Accusative"|Gender="Feminine"|Number="Singular"|English="understanding"
620050200131|ἵνα|620050200141|conj|Cat="conj"|Id="39"|morphId="620050200131"|Unicode="ἵνα"|Lemma="ἵνα"|Lang="G"|StrongNumber="G24430"|Morph="CS,,,,,,,,"|Type="Subordinating"|English="so that"
620050200141|γινώσκωμεν|620050200101|CL|Cat="verb"|Id="43"|morphId="620050200141"|Unicode="γινώσκωμεν"|Lemma="γινώσκω"|Lang="G"|StrongNumber="G10970"|Morph="V,SPA1,,P,"|Mood="Subjunctive"|Tense="Present"|Voice="Active"|Person="First"|Number="Plural"|English="we may know"
620050200151|τὸν|620050200161|det|Cat="det"|Id="46"|morphId="620050200151"|Unicode="τὸν"|Lemma="ὁ"|Lang="G"|StrongNumber="G35880"|Morph="EA,,,,AMS,"|Type="Article"|Case="Accusative"|Gender="Masculine"|Number="Singular"|English="him"
620050200161|Ἀληθινόν;|620050200141|O|Cat="noun"|Id="48"|morphId="620050200161"|Unicode="Ἀληθινόν;"|Lemma="ἀληθινός"|Lang="G"|StrongNumber="G02280"|Morph="NS,,,,AMS,"|Type="Substantive_Adj"|Case="Accusative"|Gender="Masculine"|Number="Singular"|English="who is true"
620050200171|καὶ|620050200211|conj|Cat="conj"|Id="50"|morphId="620050200171"|Unicode="καὶ"|Lemma="καί"|Lang="G"|StrongNumber="G25320"|Morph="CC,,,,,,,,"|Type="Coordinating"|English="and"
620050200181|ἐσμὲν|620050200211|VC|Cat="verb"|Id="54"|morphId="620050200181"|Unicode="ἐσμὲν"|Lemma="εἰμί"|Lang="G"|StrongNumber="G15100"|Morph="V,IPA1,,P,"|Mood="Indicative"|Tense="Present"|Voice="Active"|Person="First"|Number="Plural"|English="we are"
620050200191|ἐν|620050200211|prep|Cat="prep"|Id="58"|morphId="620050200191"|Unicode="ἐν"|Lemma="ἐν"|Lang="G"|StrongNumber="G17220"|Morph="P,,,,,D,,,"|Case="Dative"|English="in"
620050200201|τῷ|620050200211|det|Cat="det"|Id="60"|morphId="620050200201"|Unicode="τῷ"|Lemma="ὁ"|Lang="G"|StrongNumber="G35880"|Morph="EA,,,,DMS,"|Type="Article"|Case="Dative"|Gender="Masculine"|Number="Singular"|English="him"
620050200211|Ἀληθινῷ,|620050200011|CL|Cat="noun"|Id="62"|morphId="620050200211"|Unicode="Ἀληθινῷ,"|Lemma="ἀληθινός"|Lang="G"|StrongNumber="G02280"|Morph="NS,,,,DMS,"|Type="Substantive_Adj"|Case="Dative"|Gender="Masculine"|Number="Singular"|English="who is true"
620050200221|ἐν|620050200241|prep|Cat="prep"|Id="64"|morphId="620050200221"|Unicode="ἐν"|Lemma="ἐν"|Lang="G"|StrongNumber="G17220"|Morph="P,,,,,D,,,"|Case="Dative"|English="in"
620050200231|τῷ|620050200241|det|Cat="det"|Id="67"|morphId="620050200231"|Unicode="τῷ"|Lemma="ὁ"|Lang="G"|StrongNumber="G35880"|Morph="EA,,,,DMS,"|Type="Article"|Case="Dative"|Gender="Masculine"|Number="Singular"|English="the"
620050200241|Υἱῷ|620050200211|pp|Cat="noun"|Id="70"|morphId="620050200241"|Unicode="Υἱῷ"|Lemma="υἱός"|Lang="G"|StrongNumber="G52070"|Morph="N,,,,,DMS,"|Case="Dative"|Gender="Masculine"|Number="Singular"|English="son"
620050200251|αὐτοῦ,|620050200241|np|Cat="pron"|Id="72"|morphId="620050200251"|Unicode="αὐτοῦ,"|Lemma="αὐτός"|Lang="G"|StrongNumber="G08460"|Morph="RP,,,3GMS,"|Type="Personal"|Person="Third"|Case="Genitive"|Gender="Masculine"|Number="Singular"|English="of Him"
620050200261|Ἰησοῦ|620050200241|np|Cat="noun"|Id="75"|morphId="620050200261"|Unicode="Ἰησοῦ"|Lemma="Ἰησοῦς"|Lang="G"|StrongNumber="G24240"|Morph="N,,,,,DMS,"|Case="Dative"|Gender="Masculine"|Number="Singular"|English="Jesus"
620050200271|Χριστῷ.|620050200261|np|Cat="noun"|Id="77"|morphId="620050200271"|Unicode="Χριστῷ."|Lemma="χριστός"|Lang="G"|StrongNumber="G55470"|Morph="N,,,,,DMS,"|Case="Dative"|Gender="Masculine"|Number="Singular"|English="Christ"
620050200281|οὗτός|620050200321|S|Cat="pron"|Id="81"|morphId="620050200281"|Unicode="οὗτός"|Lemma="οὗτος"|Lang="G"|StrongNumber="G37780"|Morph="RD,,,,NMS,"|Type="Demonstrative"|Case="Nominative"|Gender="Masculine"|Number="Singular"|English="this one"
620050200291|ἐστιν|620050200321|VC|Cat="verb"|Id="84"|morphId="620050200291"|Unicode="ἐστιν"|Lemma="εἰμί"|Lang="G"|StrongNumber="G15100"|Morph="V,IPA3,,S,"|Mood="Indicative"|Tense="Present"|Voice="Active"|Person="Third"|Number="Singular"|English="is"
620050200301|ὁ|620050200321|det|Cat="det"|Id="88"|morphId="620050200301"|Unicode="ὁ"|Lemma="ὁ"|Lang="G"|StrongNumber="G35880"|Morph="EA,,,,NMS,"|Type="Article"|Case="Nominative"|Gender="Masculine"|Number="Singular"|English="the"
620050200311|ἀληθινὸς|620050200321|adjp|Cat="adj"|Id="91"|morphId="620050200311"|Unicode="ἀληθινὸς"|Lemma="ἀληθινός"|Lang="G"|StrongNumber="G02280"|Morph="AA,,,,NMS,"|Type="Ascriptive"|Case="Nominative"|Gender="Masculine"|Number="Singular"|English="true"
620050200321|Θεὸς|620050200011|CL|Cat="noun"|Id="93"|morphId="620050200321"|Unicode="Θεὸς"|Lemma="θεός"|Lang="G"|StrongNumber="G23160"|Morph="N,,,,,NMS,"|Case="Nominative"|Gender="Masculine"|Number="Singular"|English="God"
620050200331|καὶ|620050200321|conj|Cat="conj"|Id="94"|morphId="620050200331"|Unicode="καὶ"|Lemma="καί"|Lang="G"|StrongNumber="G25320"|Morph="CC,,,,,,,,"|Type="Coordinating"|English="and"
620050200341|ζωὴ|620050200321|np|Cat="noun"|Id="97"|morphId="620050200341"|Unicode="ζωὴ"|Lemma="ζωή"|Lang="G"|StrongNumber="G22220"|Morph="N,,,,,NFS,"|Case="Nominative"|Gender="Feminine"|Number="Singular"|English="life"
620050200351|αἰώνιος.|620050200341|adjp|Cat="adj"|Id="99"|morphId="620050200351"|Unicode="αἰώνιος."|Lemma="αἰώνιος"|Lang="G"|StrongNumber="G01660"|Morph="AA,,,,NFS,"|Type="Ascriptive"|Case="Nominative"|Gender="Feminine"|Number="Singular"|English="eternal"
620050210011|τεκνία,|620050210021|CL|Cat="noun"|Id="5"|morphId="620050210011"|Unicode="τεκνία,"|Lemma="τεκνίον"|Lang="G"|StrongNumber="G50400"|Morph="N,,,,,VNPD"|Case="Vocative"|Gender="Neuter"|Number="Plural"|English="little children"
620050210021|φυλάξατε|None|CL|Cat="verb"|Id="9"|morphId="620050210021"|Unicode="φυλάξατε"|Lemma="φυλάσσω"|Lang="G"|StrongNumber="G54420"|Morph="V,MAA2,,P,"|Mood="Imperative"|Tense="Aorist"|Voice="Active"|Person="Second"|Number="Plural"|English="keep"
620050210031|ἑαυτὰ|620050210021|O|Cat="pron"|Id="12"|morphId="620050210031"|Unicode="ἑαυτὰ"|Lemma="ἑαυτοῦ"|Lang="G"|StrongNumber="G14380"|Morph="RE,,,2ANP,"|Type="Reflexive"|Person="Second"|Case="Accusative"|Gender="Neuter"|Number="Plural"|English="yourselves"
620050210041|ἀπὸ|620050210061|prep|Cat="prep"|Id="15"|morphId="620050210041"|Unicode="ἀπὸ"|Lemma="ἀπό"|Lang="G"|StrongNumber="G05750"|Morph="P,,,,,G,,,"|Case="Genitive"|English="from"
620050210051|τῶν|620050210061|det|Cat="det"|Id="17"|morphId="620050210051"|Unicode="τῶν"|Lemma="ὁ"|Lang="G"|StrongNumber="G35880"|Morph="EA,,,,GNP,"|Type="Article"|Case="Genitive"|Gender="Neuter"|Number="Plural"
620050210061|εἰδώλων.|620050210021|ADV|Cat="noun"|Id="19"|morphId="620050210061"|Unicode="εἰδώλων."|Lemma="εἴδωλον"|Lang="G"|StrongNumber="G14970"|Morph="N,,,,,GNP,"|Case="Genitive"|Gender="Neuter"|Number="Plural"|English="idols"
