520010010011|Παῦλος,|None|CL|Cat="noun"|Id="6"|morphId="520010010011"|Unicode="Παῦλος,"|Lemma="Παῦλος"|Lang="G"|StrongNumber="G39720"|Morph="N,,,,,NMS,"|Case="Nominative"|Gender="Masculine"|Number="Singular"|English="Paul"
520010010021|καὶ|520010010011|conj|Cat="conj"|Id="7"|morphId="520010010021"|Unicode="καὶ"|Lemma="καί"|Lang="G"|StrongNumber="G25320"|Morph="CC,,,,,,,,"|Type="Coordinating"|English="and"
520010010031|Σιλουανὸς,|520010010011|np|Cat="noun"|Id="9"|morphId="520010010031"|Unicode="Σιλουανὸς,"|Lemma="Σιλουανός"|Lang="G"|StrongNumber="G46100"|Morph="N,,,,,NMS,"|Case="Nominative"|Gender="Masculine"|Number="Singular"|English="Silvanus"
520010010041|καὶ|520010010011|conj|Cat="conj"|Id="10"|morphId="520010010041"|Unicode="καὶ"|Lemma="καί"|Lang="G"|StrongNumber="G25320"|Morph="CC,,,,,,,,"|Type="Coordinating"|English="and"
520010010051|Τιμόθεος;|520010010011|np|Cat="noun"|Id="12"|morphId="520010010051"|Unicode="Τιμόθεος;"|Lemma="Τιμόθεος"|Lang="G"|StrongNumber="G50950"|Morph="N,,,,,NMS,"|Case="Nominative"|Gender="Masculine"|Number="Singular"|English="Timothy"
520010010061|τῇ|520010010071|det|Cat="det"|Id="15"|morphId="520010010061"|Unicode="τῇ"|Lemma="ὁ"|Lang="G"|StrongNumber="G35880"|Morph="EA,,,,DFS,"|Type="Article"|Case="Dative"|Gender="Feminine"|Number="Singular"|English="the"
520010010071|ἐκκλησίᾳ|520010010011|IO|Cat="noun"|Id="19"|morphId="520010010071"|Unicode="ἐκκλησίᾳ"|Lemma="ἐκκλησία"|Lang="G"|StrongNumber="G15770"|Morph="N,,,,,DFS,"|Case="Dative"|Gender="Feminine"|Number="Singular"|English="to ~ church"
520010010081|Θεσσαλονικέων|520010010071|np|Cat="noun"|Id="21"|morphId="520010010081"|Unicode="Θεσσαλονικέων"|Lemma="Θεσσαλονικεύς"|Lang="G"|StrongNumber="G23310"|Morph="N,,,,,GMP,"|Case="Genitive"|Gender="Masculine"|Number="Plural"|English="of ~ Thessalonians"
520010010091|ἐν|520010010101|prep|Cat="prep"|Id="23"|morphId="520010010091"|Unicode="ἐν"|Lemma="ἐν"|Lang="G"|StrongNumber="G17220"|Morph="P,,,,,D,,,"|Case="Dative"|English="in"
520010010101|Θεῷ|520010010071|pp|Cat="noun"|Id="27"|morphId="520010010101"|Unicode="Θεῷ"|Lemma="θεός"|Lang="G"|StrongNumber="G23160"|Morph="N,,,,,DMS,"|Case="Dative"|Gender="Masculine"|Number="Singular"|English="God"
520010010111|Πατρὶ|520010010101|np|Cat="noun"|Id="29"|morphId="520010010111"|Unicode="Πατρὶ"|Lemma="πατήρ"|Lang="G"|StrongNumber="G39620"|Morph="N,,,,,DMS,"|Case="Dative"|Gender="Masculine"|Number="Singular"|English="father"
520010010121|καὶ|520010010101|conj|Cat="conj"|Id="30"|morphId="520010010121"|Unicode="καὶ"|Lemma="καί"|Lang="G"|StrongNumber="G25320"|Morph="CC,,,,,,,,"|Type="Coordinating"|English="and"
520010010131|Κυρίῳ|520010010101|np|Cat="noun"|Id="33"|morphId="520010010131"|Unicode="Κυρίῳ"|Lemma="κύριος"|Lang="G"|StrongNumber="G29620"|Morph="N,,,,,DMS,"|Case="Dative"|Gender="Masculine"|Number="Singular"|English="Lord"
520010010141|Ἰησοῦ|520010010131|np|Cat="noun"|Id="36"|morphId="520010010141"|Unicode="Ἰησοῦ"|Lemma="Ἰησοῦς"|Lang="G"|StrongNumber="G24240"|Morph="N,,,,,DMS,"|Case="Dative"|Gender="Masculine"|Number="Singular"|English="Jesus"
520010010151|Χριστῷ:|520010010141|np|Cat="noun"|Id="38"|morphId="520010010151"|Unicode="Χριστῷ:"|Lemma="χριστός"|Lang="G"|StrongNumber="G55470"|Morph="N,,,,,DMS,"|Case="Dative"|Gender="Masculine"|Number="Singular"|English="Christ"
520010010171|ὑμῖν|520010010161|IO|Cat="pron"|Id="42"|morphId="520010010171"|Unicode="ὑμῖν"|Lemma="σύ"|Lang="G"|StrongNumber="G47710"|Morph="RP,,,2D,P,"|Type="Personal"|Person="Second"|Case="Dative"|Number="Plural"|English="to you"
520010010161|χάρις|520010010011|CL|Cat="noun"|Id="46"|morphId="520010010161"|Unicode="χάρις"|Lemma="χάρις"|Lang="G"|StrongNumber="G54850"|Morph="N,,,,,NFS,"|Case="Nominative"|Gender="Feminine"|Number="Singular"|English="grace"
520010010181|καὶ|520010010161|conj|Cat="conj"|Id="47"|morphId="520010010181"|Unicode="καὶ"|Lemma="καί"|Lang="G"|StrongNumber="G25320"|Morph="CC,,,,,,,,"|Type="Coordinating"|English="and"
520010010191|εἰρήνη.|520010010161|np|Cat="noun"|Id="49"|morphId="520010010191"|Unicode="εἰρήνη."|Lemma="εἰρήνη"|Lang="G"|StrongNumber="G15150"|Morph="N,,,,,NFS,"|Case="Nominative"|Gender="Feminine"|Number="Singular"|English="peace"
520010020011|εὐχαριστοῦμεν|None|CL|Cat="verb"|Id="5"|morphId="520010020011"|Unicode="εὐχαριστοῦμεν"|Lemma="εὐχαριστέω"|Lang="G"|StrongNumber="G21680"|Morph="V,IPA1,,P,"|Mood="Indicative"|Tense="Present"|Voice="Active"|Person="First"|Number="Plural"|English="we give thanks"
520010020021|τῷ|520010020031|det|Cat="det"|Id="8"|morphId="520010020021"|Unicode="τῷ"|Lemma="ὁ"|Lang="G"|StrongNumber="G35880"|Morph="EA,,,,DMS,"|Type="Article"|Case="Dative"|Gender="Masculine"|Number="Singular"
520010020031|Θεῷ|520010020011|O|Cat="noun"|Id="10"|morphId="520010020031"|Unicode="Θεῷ"|Lemma="θεός"|Lang="G"|StrongNumber="G23160"|Morph="N,,,,,DMS,"|Case="Dative"|Gender="Masculine"|Number="Singular"|English="to God"
520010020041|πάντοτε|520010020011|ADV|Cat="adv"|Id="13"|morphId="520010020041"|Unicode="πάντοτε"|Lemma="πάντοτε"|Lang="G"|StrongNumber="G38420"|Morph="D,,,,,,,,,"|English="always"
520010020051|περὶ|520010020071|prep|Cat="prep"|Id="16"|morphId="520010020051"|Unicode="περὶ"|Lemma="περί"|Lang="G"|StrongNumber="G40120"|Morph="P,,,,,G,,,"|Case="Genitive"|English="for"
520010020061|πάντων|520010020071|np|Cat="pron"|Id="19"|morphId="520010020061"|Unicode="πάντων"|Lemma="πᾶς"|Lang="G"|StrongNumber="G39560"|Morph="RI,,,,GMP,"|Type="Indefinite"|Case="Genitive"|Gender="Masculine"|Number="Plural"|English="all"
520010020071|ὑμῶν,|520010020011|ADV|Cat="pron"|Id="21"|morphId="520010020071"|Unicode="ὑμῶν,"|Lemma="σύ"|Lang="G"|StrongNumber="G47710"|Morph="RP,,,2G,P,"|Type="Personal"|Person="Second"|Case="Genitive"|Number="Plural"|English="of you"
520010020081|μνείαν|520010020091|O|Cat="noun"|Id="26"|morphId="520010020081"|Unicode="μνείαν"|Lemma="μνεία"|Lang="G"|StrongNumber="G34170"|Morph="N,,,,,AFS,"|Case="Accusative"|Gender="Feminine"|Number="Singular"|English="mention"
520010020091|ποιούμενοι|520010020011|ADV|Cat="verb"|Id="29"|morphId="520010020091"|Unicode="ποιούμενοι"|Lemma="ποιέω"|Lang="G"|StrongNumber="G41600"|Morph="V,PPM,NMP,"|Mood="Participle"|Tense="Present"|Voice="Middle"|Case="Nominative"|Gender="Masculine"|Number="Plural"|English="making"
520010020101|ἐπὶ|520010020121|prep|Cat="prep"|Id="32"|morphId="520010020101"|Unicode="ἐπὶ"|Lemma="ἐπί"|Lang="G"|StrongNumber="G19090"|Morph="P,,,,,G,,,"|Case="Genitive"|English="in"
520010020111|τῶν|520010020121|det|Cat="det"|Id="34"|morphId="520010020111"|Unicode="τῶν"|Lemma="ὁ"|Lang="G"|StrongNumber="G35880"|Morph="EA,,,,GFP,"|Type="Article"|Case="Genitive"|Gender="Feminine"|Number="Plural"|English="the"
520010020121|προσευχῶν|520010020091|ADV|Cat="noun"|Id="37"|morphId="520010020121"|Unicode="προσευχῶν"|Lemma="προσευχή"|Lang="G"|StrongNumber="G43350"|Morph="N,,,,,GFP,"|Case="Genitive"|Gender="Feminine"|Number="Plural"|English="prayers"
520010020131|ἡμῶν,|520010020121|np|Cat="pron"|Id="39"|morphId="520010020131"|Unicode="ἡμῶν,"|Lemma="ἐγώ"|Lang="G"|StrongNumber="G14730"|Morph="RP,,,1G,P,"|Type="Personal"|Person="First"|Case="Genitive"|Number="Plural"|English="of us"
520010020141|ἀδιαλείπτως|520010020011|ADV|Cat="adv"|Id="42"|morphId="520010020141"|Unicode="ἀδιαλείπτως"|Lemma="ἀδιαλείπτως"|Lang="G"|StrongNumber="G00890"|Morph="D,,,,,,,,,"|English="constantly"
520010030011|μνημονεύοντες|None|CL|Cat="verb"|Id="5"|morphId="520010030011"|Unicode="μνημονεύοντες"|Lemma="μνημονεύω"|Lang="G"|StrongNumber="G34210"|Morph="V,PPA,NMP,"|Mood="Participle"|Tense="Present"|Voice="Active"|Case="Nominative"|Gender="Masculine"|Number="Plural"|English="remembering"
520010030021|ὑμῶν|520010030041|np|Cat="pron"|Id="9"|morphId="520010030021"|Unicode="ὑμῶν"|Lemma="σύ"|Lang="G"|StrongNumber="G47710"|Morph="RP,,,2G,P,"|Type="Personal"|Person="Second"|Case="Genitive"|Number="Plural"|English="your"
520010030031|τοῦ|520010030041|det|Cat="det"|Id="12"|morphId="520010030031"|Unicode="τοῦ"|Lemma="ὁ"|Lang="G"|StrongNumber="G35880"|Morph="EA,,,,GNS,"|Type="Article"|Case="Genitive"|Gender="Neuter"|Number="Singular"
520010030041|ἔργου|520010030011|O|Cat="noun"|Id="15"|morphId="520010030041"|Unicode="ἔργου"|Lemma="ἔργον"|Lang="G"|StrongNumber="G20410"|Morph="N,,,,,GNS,"|Case="Genitive"|Gender="Neuter"|Number="Singular"|English="work"
520010030051|τῆς|520010030061|det|Cat="det"|Id="17"|morphId="520010030051"|Unicode="τῆς"|Lemma="ὁ"|Lang="G"|StrongNumber="G35880"|Morph="EA,,,,GFS,"|Type="Article"|Case="Genitive"|Gender="Feminine"|Number="Singular"
520010030061|πίστεως,|520010030041|np|Cat="noun"|Id="19"|morphId="520010030061"|Unicode="πίστεως,"|Lemma="πίστις"|Lang="G"|StrongNumber="G41020"|Morph="N,,,,,GFS,"|Case="Genitive"|Gender="Feminine"|Number="Singular"|English="of faith"
520010030071|καὶ|520010030041|conj|Cat="conj"|Id="20"|morphId="520010030071"|Unicode="καὶ"|Lemma="καί"|Lang="G"|StrongNumber="G25320"|Morph="CC,,,,,,,,"|Type="Coordinating"|English="and"
520010030081|τοῦ|520010030091|det|Cat="det"|Id="22"|morphId="520010030081"|Unicode="τοῦ"|Lemma="ὁ"|Lang="G"|StrongNumber="G35880"|Morph="EA,,,,GMS,"|Type="Article"|Case="Genitive"|Gender="Masculine"|Number="Singular"
520010030091|κόπου|520010030041|np|Cat="noun"|Id="25"|morphId="520010030091"|Unicode="κόπου"|Lemma="κόπος"|Lang="G"|StrongNumber="G28730"|Morph="N,,,,,GMS,"|Case="Genitive"|Gender="Masculine"|Number="Singular"|English="labor"
520010030101|τῆς|520010030111|det|Cat="det"|Id="27"|morphId="520010030101"|Unicode="τῆς"|Lemma="ὁ"|Lang="G"|StrongNumber="G35880"|Morph="EA,,,,GFS,"|Type="Article"|Case="Genitive"|Gender="Feminine"|Number="Singular"
520010030111|ἀγάπης,|520010030091|np|Cat="noun"|Id="29"|morphId="520010030111"|Unicode="ἀγάπης,"|Lemma="ἀγάπη"|Lang="G"|StrongNumber="G00260"|Morph="N,,,,,GFS,"|Case="Genitive"|Gender="Feminine"|Number="Singular"|English="of love"
520010030121|καὶ|520010030041|conj|Cat="conj"|Id="30"|morphId="520010030121"|Unicode="καὶ"|Lemma="καί"|Lang="G"|StrongNumber="G25320"|Morph="CC,,,,,,,,"|Type="Coordinating"|English="and"
520010030131|τῆς|520010030141|det|Cat="det"|Id="32"|morphId="520010030131"|Unicode="τῆς"|Lemma="ὁ"|Lang="G"|StrongNumber="G35880"|Morph="EA,,,,GFS,"|Type="Article"|Case="Genitive"|Gender="Feminine"|Number="Singular"
520010030141|ὑπομονῆς|520010030041|np|Cat="noun"|Id="35"|morphId="520010030141"|Unicode="ὑπομονῆς"|Lemma="ὑπομονή"|Lang="G"|StrongNumber="G52810"|Morph="N,,,,,GFS,"|Case="Genitive"|Gender="Feminine"|Number="Singular"|English="steadfastness"
520010030151|τῆς|520010030161|det|Cat="det"|Id="37"|morphId="520010030151"|Unicode="τῆς"|Lemma="ὁ"|Lang="G"|StrongNumber="G35880"|Morph="EA,,,,GFS,"|Type="Article"|Case="Genitive"|Gender="Feminine"|Number="Singular"
520010030161|ἐλπίδος|520010030141|np|Cat="noun"|Id="40"|morphId="520010030161"|Unicode="ἐλπίδος"|Lemma="ἐλπίς"|Lang="G"|StrongNumber="G16800"|Morph="N,,,,,GFS,"|Case="Genitive"|Gender="Feminine"|Number="Singular"|English="of hope"
520010030171|τοῦ|520010030181|det|Cat="det"|Id="43"|morphId="520010030171"|Unicode="τοῦ"|Lemma="ὁ"|Lang="G"|StrongNumber="G35880"|Morph="EA,,,,GMS,"|Type="Article"|Case="Genitive"|Gender="Masculine"|Number="Singular"|English="ofin the"
520010030181|Κυρίου|520010030161|np|Cat="noun"|Id="46"|morphId="520010030181"|Unicode="Κυρίου"|Lemma="κύριος"|Lang="G"|StrongNumber="G29620"|Morph="N,,,,,GMS,"|Case="Genitive"|Gender="Masculine"|Number="Singular"|English="in ~ Lord"
520010030191|ἡμῶν,|520010030181|np|Cat="pron"|Id="48"|morphId="520010030191"|Unicode="ἡμῶν,"|Lemma="ἐγώ"|Lang="G"|StrongNumber="G14730"|Morph="RP,,,1G,P,"|Type="Personal"|Person="First"|Case="Genitive"|Number="Plural"|English="of us"
520010030201|Ἰησοῦ|520010030181|np|Cat="noun"|Id="51"|morphId="520010030201"|Unicode="Ἰησοῦ"|Lemma="Ἰησοῦς"|Lang="G"|StrongNumber="G24240"|Morph="N,,,,,GMS,"|Case="Genitive"|Gender="Masculine"|Number="Singular"|English="Jesus"
520010030211|Χριστοῦ,|520010030201|np|Cat="noun"|Id="53"|morphId="520010030211"|Unicode="Χριστοῦ,"|Lemma="χριστός"|Lang="G"|StrongNumber="G55470"|Morph="N,,,,,GMS,"|Case="Genitive"|Gender="Masculine"|Number="Singular"|English="Christ"
520010030221|ἔμπροσθεν|520010030241|prep|Cat="prep"|Id="56"|morphId="520010030221"|Unicode="ἔμπροσθεν"|Lemma="ἔμπροσθεν"|Lang="G"|StrongNumber="G17150"|Morph="PI,,,,G,,,"|Type="Improper"|Case="Genitive"|English="before"
520010030231|τοῦ|520010030241|det|Cat="det"|Id="58"|morphId="520010030231"|Unicode="τοῦ"|Lemma="ὁ"|Lang="G"|StrongNumber="G35880"|Morph="EA,,,,GMS,"|Type="Article"|Case="Genitive"|Gender="Masculine"|Number="Singular"|English="the"
520010030241|Θεοῦ|520010030011|ADV|Cat="noun"|Id="62"|morphId="520010030241"|Unicode="Θεοῦ"|Lemma="θεός"|Lang="G"|StrongNumber="G23160"|Morph="N,,,,,GMS,"|Case="Genitive"|Gender="Masculine"|Number="Singular"|English="God"
520010030251|καὶ|520010030241|conj|Cat="conj"|Id="63"|morphId="520010030251"|Unicode="καὶ"|Lemma="καί"|Lang="G"|StrongNumber="G25320"|Morph="CC,,,,,,,,"|Type="Coordinating"|English="and"
520010030261|Πατρὸς|520010030241|np|Cat="noun"|Id="65"|morphId="520010030261"|Unicode="Πατρὸς"|Lemma="πατήρ"|Lang="G"|StrongNumber="G39620"|Morph="N,,,,,GMS,"|Case="Genitive"|Gender="Masculine"|Number="Singular"|English="father"
520010030271|ἡμῶν;|520010030241|np|Cat="pron"|Id="67"|morphId="520010030271"|Unicode="ἡμῶν;"|Lemma="ἐγώ"|Lang="G"|StrongNumber="G14730"|Morph="RP,,,1G,P,"|Type="Personal"|Person="First"|Case="Genitive"|Number="Plural"|English="of us"
520010040011|εἰδότες,|None|ADV|Cat="verb"|Id="6"|morphId="520010040011"|Unicode="εἰδότες,"|Lemma="εἴδω"|Lang="G"|StrongNumber="G14920"|Morph="V,PEA,NMP,"|Mood="Participle"|Tense="Perfect"|Voice="Active"|Case="Nominative"|Gender="Masculine"|Number="Plural"|English="knowing"
520010040071|τὴν|520010040081|det|Cat="det"|Id="9"|morphId="520010040071"|Unicode="τὴν"|Lemma="ὁ"|Lang="G"|StrongNumber="G35880"|Morph="EA,,,,AFS,"|Type="Article"|Case="Accusative"|Gender="Feminine"|Number="Singular"|English="that"
520010040081|ἐκλογὴν|520010040011|O|Cat="noun"|Id="12"|morphId="520010040081"|Unicode="ἐκλογὴν"|Lemma="ἐκλογή"|Lang="G"|StrongNumber="G15890"|Morph="N,,,,,AFS,"|Case="Accusative"|Gender="Feminine"|Number="Singular"|English="chosen"
520010040091|ὑμῶν,|520010040081|np|Cat="pron"|Id="14"|morphId="520010040091"|Unicode="ὑμῶν,"|Lemma="σύ"|Lang="G"|StrongNumber="G47710"|Morph="RP,,,2G,P,"|Type="Personal"|Person="Second"|Case="Genitive"|Number="Plural"|English="of you"
520010040021|ἀδελφοὶ|520010040011|CL|Cat="noun"|Id="18"|morphId="520010040021"|Unicode="ἀδελφοὶ"|Lemma="ἀδελφός"|Lang="G"|StrongNumber="G00800"|Morph="N,,,,,VMP,"|Case="Vocative"|Gender="Masculine"|Number="Plural"|English="brothers"
520010040031|ἠγαπημένοι|520010040021|adjp|Cat="verb"|Id="23"|morphId="520010040031"|Unicode="ἠγαπημένοι"|Lemma="ἀγαπάω"|Lang="G"|StrongNumber="G00250"|Morph="V,PEP,VMP,"|Mood="Participle"|Tense="Perfect"|Voice="Passive"|Case="Vocative"|Gender="Masculine"|Number="Plural"|English="loved"
520010040041|ὑπὸ|520010040061|prep|Cat="prep"|Id="26"|morphId="520010040041"|Unicode="ὑπὸ"|Lemma="ὑπό"|Lang="G"|StrongNumber="G52590"|Morph="P,,,,,G,,,"|Case="Genitive"|English="by"
520010040051|τοῦ|520010040061|det|Cat="det"|Id="28"|morphId="520010040051"|Unicode="τοῦ"|Lemma="ὁ"|Lang="G"|StrongNumber="G35880"|Morph="EA,,,,GMS,"|Type="Article"|Case="Genitive"|Gender="Masculine"|Number="Singular"
520010040061|Θεοῦ,|520010040031|ADV|Cat="noun"|Id="30"|morphId="520010040061"|Unicode="Θεοῦ,"|Lemma="θεός"|Lang="G"|StrongNumber="G23160"|Morph="N,,,,,GMS,"|Case="Genitive"|Gender="Masculine"|Number="Singular"|English="God"
520010050011|ὅτι|520010050061|conj|Cat="conj"|Id="3"|morphId="520010050011"|Unicode="ὅτι"|Lemma="ὅτι"|Lang="G"|StrongNumber="G37540"|Morph="CS,,,,,,,,"|Type="Subordinating"|English="because"
520010050021|τὸ|520010050031|det|Cat="det"|Id="8"|morphId="520010050021"|Unicode="τὸ"|Lemma="ὁ"|Lang="G"|StrongNumber="G35880"|Morph="EA,,,,NNS,"|Type="Article"|Case="Nominative"|Gender="Neuter"|Number="Singular"|English="the"
520010050031|εὐαγγέλιον|520010050061|S|Cat="noun"|Id="11"|morphId="520010050031"|Unicode="εὐαγγέλιον"|Lemma="εὐαγγέλιον"|Lang="G"|StrongNumber="G20980"|Morph="N,,,,,NNS,"|Case="Nominative"|Gender="Neuter"|Number="Singular"|English="gospel"
520010050041|ἡμῶν|520010050031|np|Cat="pron"|Id="13"|morphId="520010050041"|Unicode="ἡμῶν"|Lemma="ἐγώ"|Lang="G"|StrongNumber="G14730"|Morph="RP,,,1G,P,"|Type="Personal"|Person="First"|Case="Genitive"|Number="Plural"|English="of us"
520010050061|ἐγενήθη|None|CL|Cat="verb"|Id="16"|morphId="520010050061"|Unicode="ἐγενήθη"|Lemma="γίνομαι"|Lang="G"|StrongNumber="G10960"|Morph="V,IAP3,,S,"|Mood="Indicative"|Tense="Aorist"|Voice="Passive"|Person="Third"|Number="Singular"|English="did ~ come"
520010050071|εἰς|520010050081|prep|Cat="prep"|Id="19"|morphId="520010050071"|Unicode="εἰς"|Lemma="εἰς"|Lang="G"|StrongNumber="G15190"|Morph="P,,,,,A,,,"|Case="Accusative"|English="to"
520010050081|ὑμᾶς|520010050061|ADV|Cat="pron"|Id="21"|morphId="520010050081"|Unicode="ὑμᾶς"|Lemma="σύ"|Lang="G"|StrongNumber="G47710"|Morph="RP,,,2A,P,"|Type="Personal"|Person="Second"|Case="Accusative"|Number="Plural"|English="you"
520010050051|οὐκ|520010050151|advp|Cat="adv"|Id="25"|morphId="520010050051"|Unicode="οὐκ"|Lemma="οὐ"|Lang="G"|StrongNumber="G37560"|Morph="DO,,,,,,,,"|Type="Correlative"|English="not"
520010050091|ἐν|520010050101|prep|Cat="prep"|Id="28"|morphId="520010050091"|Unicode="ἐν"|Lemma="ἐν"|Lang="G"|StrongNumber="G17220"|Morph="P,,,,,D,,,"|Case="Dative"|English="in"
520010050101|λόγῳ|520010050151|pp|Cat="noun"|Id="30"|morphId="520010050101"|Unicode="λόγῳ"|Lemma="λόγος"|Lang="G"|StrongNumber="G30560"|Morph="N,,,,,DMS,"|Case="Dative"|Gender="Masculine"|Number="Singular"|English="word"
520010050111|μόνον,|520010050101|advp|Cat="adv"|Id="32"|morphId="520010050111"|Unicode="μόνον,"|Lemma="μόνον"|Lang="G"|StrongNumber="G34400"|Morph="D,,,,,,,,,"|English="only"
520010050121|ἀλλὰ|520010050151|conj|Cat="conj"|Id="33"|morphId="520010050121"|Unicode="ἀλλὰ"|Lemma="ἀλλά"|Lang="G"|StrongNumber="G02350"|Morph="CO,,,,,,,,"|Type="Correlative"|English="but"
520010050131|καὶ|520010050151|advp|Cat="adv"|Id="36"|morphId="520010050131"|Unicode="καὶ"|Lemma="καί"|Lang="G"|StrongNumber="G25320"|Morph="D,,,,,,,,,"|English="also"
520010050141|ἐν|520010050151|prep|Cat="prep"|Id="39"|morphId="520010050141"|Unicode="ἐν"|Lemma="ἐν"|Lang="G"|StrongNumber="G17220"|Morph="P,,,,,D,,,"|Case="Dative"|English="in"
520010050151|δυνάμει,|520010050061|ADV|Cat="noun"|Id="41"|morphId="520010050151"|Unicode="δυνάμει,"|Lemma="δύναμις"|Lang="G"|StrongNumber="G14110"|Morph="N,,,,,DFS,"|Case="Dative"|Gender="Feminine"|Number="Singular"|English="power"
520010050161|καὶ|520010050151|conj|Cat="conj"|Id="42"|morphId="520010050161"|Unicode="καὶ"|Lemma="καί"|Lang="G"|StrongNumber="G25320"|Morph="CC,,,,,,,,"|Type="Coordinating"|English="and"
520010050171|ἐν|520010050181|prep|Cat="prep"|Id="44"|morphId="520010050171"|Unicode="ἐν"|Lemma="ἐν"|Lang="G"|StrongNumber="G17220"|Morph="P,,,,,D,,,"|Case="Dative"|English="in"
520010050181|Πνεύματι|520010050151|pp|Cat="noun"|Id="48"|morphId="520010050181"|Unicode="Πνεύματι"|Lemma="πνεῦμα"|Lang="G"|StrongNumber="G41510"|Morph="N,,,,,DNS,"|Case="Dative"|Gender="Neuter"|Number="Singular"|English="Spirit"
520010050191|Ἁγίῳ,|520010050181|adjp|Cat="adj"|Id="50"|morphId="520010050191"|Unicode="Ἁγίῳ,"|Lemma="ἅγιος"|Lang="G"|StrongNumber="G00400"|Morph="AA,,,,DNS,"|Type="Ascriptive"|Case="Dative"|Gender="Neuter"|Number="Singular"|English="Holy"
520010050201|καὶ|520010050181|conj|Cat="conj"|Id="51"|morphId="520010050201"|Unicode="καὶ"|Lemma="καί"|Lang="G"|StrongNumber="G25320"|Morph="CC,,,,,,,,"|Type="Coordinating"|English="and"
520010050211|πληροφορίᾳ|520010050181|np|Cat="noun"|Id="54"|morphId="520010050211"|Unicode="πληροφορίᾳ"|Lemma="πληροφορία"|Lang="G"|StrongNumber="G41360"|Morph="N,,,,,DFS,"|Case="Dative"|Gender="Feminine"|Number="Singular"|English="conviction"
520010050221|πολλῇ,|520010050211|adjp|Cat="det"|Id="57"|morphId="520010050221"|Unicode="πολλῇ,"|Lemma="πολλός"|Lang="G"|StrongNumber="G41830"|Morph="EQ,,,,DFS,"|Type="Quantifier"|Case="Dative"|Gender="Feminine"|Number="Singular"|English="full"
520010050231|καθὼς|520010050241|conj|Cat="adv"|Id="60"|morphId="520010050231"|Unicode="καθὼς"|Lemma="καθώς"|Lang="G"|StrongNumber="G25310"|Morph="D,,,,,,,,,"|English="just as"
520010050241|οἴδατε|520010050061|CL|Cat="verb"|Id="64"|morphId="520010050241"|Unicode="οἴδατε"|Lemma="οἶδα"|Lang="G"|StrongNumber="G14920"|Morph="V,IEA2,,P,"|Mood="Indicative"|Tense="Perfect"|Voice="Active"|Person="Second"|Number="Plural"|English="you know"
520010050251|οἷοι|520010050241|O|Cat="pron"|Id="69"|morphId="520010050251"|Unicode="οἷοι"|Lemma="οἷος"|Lang="G"|StrongNumber="G36340"|Morph="RR,,,,NMP,"|Type="Relative"|Case="Nominative"|Gender="Masculine"|Number="Plural"|English="what kind of men"
520010050261|ἐγενήθημεν|520010050251|VC|Cat="verb"|Id="72"|morphId="520010050261"|Unicode="ἐγενήθημεν"|Lemma="γίνομαι"|Lang="G"|StrongNumber="G10960"|Morph="V,IAP1,,P,"|Mood="Indicative"|Tense="Aorist"|Voice="Passive"|Person="First"|Number="Plural"|English="we proved to be"
520010050271|ἐν|520010050281|prep|Cat="prep"|Id="75"|morphId="520010050271"|Unicode="ἐν"|Lemma="ἐν"|Lang="G"|StrongNumber="G17220"|Morph="P,,,,,D,,,"|Case="Dative"|English="among"
520010050281|ὑμῖν|520010050251|ADV|Cat="pron"|Id="77"|morphId="520010050281"|Unicode="ὑμῖν"|Lemma="σύ"|Lang="G"|StrongNumber="G47710"|Morph="RP,,,2D,P,"|Type="Personal"|Person="Second"|Case="Dative"|Number="Plural"|English="you"
520010050291|δι’|520010050301|prep|Cat="prep"|Id="80"|morphId="520010050291"|Unicode="δι’"|Lemma="διά"|Lang="G"|StrongNumber="G12230"|Morph="P,,,,,A,,,"|Case="Accusative"|English="for ~ sake"
520010050301|ὑμᾶς.|520010050251|ADV|Cat="pron"|Id="82"|morphId="520010050301"|Unicode="ὑμᾶς."|Lemma="σύ"|Lang="G"|StrongNumber="G47710"|Morph="RP,,,2A,P,"|Type="Personal"|Person="Second"|Case="Accusative"|Number="Plural"|English="you"
520010060011|καὶ|520010060031|conj|Cat="conj"|Id="3"|morphId="520010060011"|Unicode="καὶ"|Lemma="καί"|Lang="G"|StrongNumber="G25320"|Morph="CC,,,,,,,,"|Type="Coordinating"|English="and"
520010060021|ὑμεῖς|520010060031|S|Cat="pron"|Id="7"|morphId="520010060021"|Unicode="ὑμεῖς"|Lemma="σύ"|Lang="G"|StrongNumber="G47710"|Morph="RP,,,2N,P,"|Type="Personal"|Person="Second"|Case="Nominative"|Number="Plural"|English="you"
520010060051|ἐγενήθητε|520010060031|VC|Cat="verb"|Id="10"|morphId="520010060051"|Unicode="ἐγενήθητε"|Lemma="γίνομαι"|Lang="G"|StrongNumber="G10960"|Morph="V,IAP2,,P,"|Mood="Indicative"|Tense="Aorist"|Voice="Passive"|Person="Second"|Number="Plural"|English="became"
520010060031|μιμηταὶ|None|CL|Cat="noun"|Id="14"|morphId="520010060031"|Unicode="μιμηταὶ"|Lemma="μιμητής"|Lang="G"|StrongNumber="G34020"|Morph="N,,,,,NMP,"|Case="Nominative"|Gender="Masculine"|Number="Plural"|English="imitators"
520010060041|ἡμῶν|520010060031|np|Cat="pron"|Id="17"|morphId="520010060041"|Unicode="ἡμῶν"|Lemma="ἐγώ"|Lang="G"|StrongNumber="G14730"|Morph="RP,,,1G,P,"|Type="Personal"|Person="First"|Case="Genitive"|Number="Plural"|English="of us"
520010060061|καὶ|520010060041|conj|Cat="conj"|Id="18"|morphId="520010060061"|Unicode="καὶ"|Lemma="καί"|Lang="G"|StrongNumber="G25320"|Morph="CC,,,,,,,,"|Type="Coordinating"|English="and"
520010060071|τοῦ|520010060081|det|Cat="det"|Id="20"|morphId="520010060071"|Unicode="τοῦ"|Lemma="ὁ"|Lang="G"|StrongNumber="G35880"|Morph="EA,,,,GMS,"|Type="Article"|Case="Genitive"|Gender="Masculine"|Number="Singular"|English="the"
520010060081|Κυρίου,|520010060041|np|Cat="noun"|Id="22"|morphId="520010060081"|Unicode="Κυρίου,"|Lemma="κύριος"|Lang="G"|StrongNumber="G29620"|Morph="N,,,,,GMS,"|Case="Genitive"|Gender="Masculine"|Number="Singular"|English="of ~ Lord"
520010060091|δεξάμενοι|520010060031|ADV|Cat="verb"|Id="27"|morphId="520010060091"|Unicode="δεξάμενοι"|Lemma="δέχομαι"|Lang="G"|StrongNumber="G12090"|Morph="V,PAM,NMP,"|Mood="Participle"|Tense="Aorist"|Voice="Middle"|Case="Nominative"|Gender="Masculine"|Number="Plural"|English="welcomed"
520010060101|τὸν|520010060111|det|Cat="det"|Id="30"|morphId="520010060101"|Unicode="τὸν"|Lemma="ὁ"|Lang="G"|StrongNumber="G35880"|Morph="EA,,,,AMS,"|Type="Article"|Case="Accusative"|Gender="Masculine"|Number="Singular"|English="the"
520010060111|λόγον|520010060091|O|Cat="noun"|Id="32"|morphId="520010060111"|Unicode="λόγον"|Lemma="λόγος"|Lang="G"|StrongNumber="G30560"|Morph="N,,,,,AMS,"|Case="Accusative"|Gender="Masculine"|Number="Singular"|English="word"
520010060121|ἐν|520010060131|prep|Cat="prep"|Id="35"|morphId="520010060121"|Unicode="ἐν"|Lemma="ἐν"|Lang="G"|StrongNumber="G17220"|Morph="P,,,,,D,,,"|Case="Dative"|English="in"
520010060131|θλίψει|520010060091|ADV|Cat="noun"|Id="38"|morphId="520010060131"|Unicode="θλίψει"|Lemma="θλῖψις"|Lang="G"|StrongNumber="G23470"|Morph="N,,,,,DFS,"|Case="Dative"|Gender="Feminine"|Number="Singular"|English="affliction"
520010060141|πολλῇ|520010060131|adjp|Cat="det"|Id="41"|morphId="520010060141"|Unicode="πολλῇ"|Lemma="πολλός"|Lang="G"|StrongNumber="G41830"|Morph="EQ,,,,DFS,"|Type="Quantifier"|Case="Dative"|Gender="Feminine"|Number="Singular"|English="much"
520010060151|μετὰ|520010060161|prep|Cat="prep"|Id="44"|morphId="520010060151"|Unicode="μετὰ"|Lemma="μετά"|Lang="G"|StrongNumber="G33260"|Morph="P,,,,,G,,,"|Case="Genitive"|English="with"
520010060161|χαρᾶς|520010060091|ADV|Cat="noun"|Id="47"|morphId="520010060161"|Unicode="χαρᾶς"|Lemma="χαρά"|Lang="G"|StrongNumber="G54790"|Morph="N,,,,,GFS,"|Case="Genitive"|Gender="Feminine"|Number="Singular"|English="joy"
520010060171|Πνεύματος|520010060161|np|Cat="noun"|Id="50"|morphId="520010060171"|Unicode="Πνεύματος"|Lemma="πνεῦμα"|Lang="G"|StrongNumber="G41510"|Morph="N,,,,,GNS,"|Case="Genitive"|Gender="Neuter"|Number="Singular"|English="of ~ Spirit"
520010060181|Ἁγίου,|520010060171|adjp|Cat="adj"|Id="52"|morphId="520010060181"|Unicode="Ἁγίου,"|Lemma="ἅγιος"|Lang="G"|StrongNumber="G00400"|Morph="AA,,,,GNS,"|Type="Ascriptive"|Case="Genitive"|Gender="Neuter"|Number="Singular"|English="Holy"
520010070011|ὥστε|520010070041|conj|Cat="conj"|Id="4"|morphId="520010070011"|Unicode="ὥστε"|Lemma="ὥστε"|Lang="G"|StrongNumber="G56200"|Morph="CS,,,,,,,,"|Type="Subordinating"|English="so that"
520010070021|γενέσθαι|520010070041|VC|Cat="verb"|Id="8"|morphId="520010070021"|Unicode="γενέσθαι"|Lemma="γίνομαι"|Lang="G"|StrongNumber="G10960"|Morph="V,NAM,,,,,"|Mood="Infinitive"|Tense="Aorist"|Voice="Middle"|English="became"
520010070031|ὑμᾶς|520010070041|S|Cat="pron"|Id="11"|morphId="520010070031"|Unicode="ὑμᾶς"|Lemma="σύ"|Lang="G"|StrongNumber="G47710"|Morph="RP,,,2A,P,"|Type="Personal"|Person="Second"|Case="Accusative"|Number="Plural"|English="you"
520010070041|τύπους|None|ADV|Cat="noun"|Id="14"|morphId="520010070041"|Unicode="τύπους"|Lemma="τύπος"|Lang="G"|StrongNumber="G51790"|Morph="N,,,,,AMP,"|Case="Accusative"|Gender="Masculine"|Number="Plural"|English="an example"
520010070051|πᾶσιν|520010070071|np|Cat="pron"|Id="18"|morphId="520010070051"|Unicode="πᾶσιν"|Lemma="πᾶς"|Lang="G"|StrongNumber="G39560"|Morph="RI,,,,DMP,"|Type="Indefinite"|Case="Dative"|Gender="Masculine"|Number="Plural"|English="all"
520010070061|τοῖς|520010070071|det|Cat="pron"|Id="22"|morphId="520010070061"|Unicode="τοῖς"|Lemma="ὁ"|Lang="G"|StrongNumber="G35880"|Morph="RD,,,,DMP,"|Type="Demonstrative"|Case="Dative"|Gender="Masculine"|Number="Plural"|English="the"
520010070071|πιστεύουσιν|520010070041|ADV|Cat="verb"|Id="26"|morphId="520010070071"|Unicode="πιστεύουσιν"|Lemma="πιστεύω"|Lang="G"|StrongNumber="G41000"|Morph="V,PPA,DMP,"|Mood="Participle"|Tense="Present"|Voice="Active"|Case="Dative"|Gender="Masculine"|Number="Plural"|English="to ~ believers"
520010070081|ἐν|520010070101|prep|Cat="prep"|Id="29"|morphId="520010070081"|Unicode="ἐν"|Lemma="ἐν"|Lang="G"|StrongNumber="G17220"|Morph="P,,,,,D,,,"|Case="Dative"|English="in"
520010070091|τῇ|520010070101|det|Cat="det"|Id="31"|morphId="520010070091"|Unicode="τῇ"|Lemma="ὁ"|Lang="G"|StrongNumber="G35880"|Morph="EA,,,,DFS,"|Type="Article"|Case="Dative"|Gender="Feminine"|Number="Singular"
520010070101|Μακεδονίᾳ|520010070071|pp|Cat="noun"|Id="33"|morphId="520010070101"|Unicode="Μακεδονίᾳ"|Lemma="Μακεδονία"|Lang="G"|StrongNumber="G31090"|Morph="N,,,,,DFS,"|Case="Dative"|Gender="Feminine"|Number="Singular"|English="Macedonia"
520010070111|καὶ|520010070101|conj|Cat="conj"|Id="34"|morphId="520010070111"|Unicode="καὶ"|Lemma="καί"|Lang="G"|StrongNumber="G25320"|Morph="CC,,,,,,,,"|Type="Coordinating"|English="and"
520010070121|ἐν|520010070141|prep|Cat="prep"|Id="36"|morphId="520010070121"|Unicode="ἐν"|Lemma="ἐν"|Lang="G"|StrongNumber="G17220"|Morph="P,,,,,D,,,"|Case="Dative"|English="in"
520010070131|τῇ|520010070141|det|Cat="det"|Id="38"|morphId="520010070131"|Unicode="τῇ"|Lemma="ὁ"|Lang="G"|StrongNumber="G35880"|Morph="EA,,,,DFS,"|Type="Article"|Case="Dative"|Gender="Feminine"|Number="Singular"
520010070141|Ἀχαΐᾳ.|520010070101|pp|Cat="noun"|Id="40"|morphId="520010070141"|Unicode="Ἀχαΐᾳ."|Lemma="Ἀχαΐα"|Lang="G"|StrongNumber="G08820"|Morph="N,,,,,DFS,"|Case="Dative"|Gender="Feminine"|Number="Singular"|English="Achaia"
520010080031|γὰρ|520010080041|conj|Cat="conj"|Id="3"|morphId="520010080031"|Unicode="γὰρ"|Lemma="γάρ"|Lang="G"|StrongNumber="G10630"|Morph="CC,,,,,,,,"|Type="Coordinating"|English="for"
520010080011|ἀφ’|520010080021|prep|Cat="prep"|Id="8"|morphId="520010080011"|Unicode="ἀφ’"|Lemma="ἀπό"|Lang="G"|StrongNumber="G05750"|Morph="P,,,,,G,,,"|Case="Genitive"|English="from"
520010080021|ὑμῶν|520010080041|ADV|Cat="pron"|Id="10"|morphId="520010080021"|Unicode="ὑμῶν"|Lemma="σύ"|Lang="G"|StrongNumber="G47710"|Morph="RP,,,2G,P,"|Type="Personal"|Person="Second"|Case="Genitive"|Number="Plural"|English="you"
520010080041|ἐξήχηται|None|CL|Cat="verb"|Id="13"|morphId="520010080041"|Unicode="ἐξήχηται"|Lemma="ἐξηχέω"|Lang="G"|StrongNumber="G18370"|Morph="V,IEP3,,S,"|Mood="Indicative"|Tense="Perfect"|Voice="Passive"|Person="Third"|Number="Singular"|English="has sounded forth"
520010080051|ὁ|520010080061|det|Cat="det"|Id="16"|morphId="520010080051"|Unicode="ὁ"|Lemma="ὁ"|Lang="G"|StrongNumber="G35880"|Morph="EA,,,,NMS,"|Type="Article"|Case="Nominative"|Gender="Masculine"|Number="Singular"|English="the"
520010080061|λόγος|520010080041|S|Cat="noun"|Id="19"|morphId="520010080061"|Unicode="λόγος"|Lemma="λόγος"|Lang="G"|StrongNumber="G30560"|Morph="N,,,,,NMS,"|Case="Nominative"|Gender="Masculine"|Number="Singular"|English="word"
520010080071|τοῦ|520010080081|det|Cat="det"|Id="21"|morphId="520010080071"|Unicode="τοῦ"|Lemma="ὁ"|Lang="G"|StrongNumber="G35880"|Morph="EA,,,,GMS,"|Type="Article"|Case="Genitive"|Gender="Masculine"|Number="Singular"|English="the"
520010080081|Κυρίου,|520010080061|np|Cat="noun"|Id="23"|morphId="520010080081"|Unicode="Κυρίου,"|Lemma="κύριος"|Lang="G"|StrongNumber="G29620"|Morph="N,,,,,GMS,"|Case="Genitive"|Gender="Masculine"|Number="Singular"|English="of ~ Lord"
520010080091|οὐ|520010080041|ADV|Cat="adv"|Id="26"|morphId="520010080091"|Unicode="οὐ"|Lemma="οὐ"|Lang="G"|StrongNumber="G37560"|Morph="DO,,,,,,,,"|Type="Correlative"|English="not"
520010080101|μόνον|520010080041|ADV|Cat="adv"|Id="29"|morphId="520010080101"|Unicode="μόνον"|Lemma="μόνον"|Lang="G"|StrongNumber="G34400"|Morph="D,,,,,,,,,"|English="only"
520010080111|ἐν|520010080131|prep|Cat="prep"|Id="33"|morphId="520010080111"|Unicode="ἐν"|Lemma="ἐν"|Lang="G"|StrongNumber="G17220"|Morph="P,,,,,D,,,"|Case="Dative"|English="in"
520010080121|τῇ|520010080131|det|Cat="det"|Id="35"|morphId="520010080121"|Unicode="τῇ"|Lemma="ὁ"|Lang="G"|StrongNumber="G35880"|Morph="EA,,,,DFS,"|Type="Article"|Case="Dative"|Gender="Feminine"|Number="Singular"
520010080131|Μακεδονίᾳ|520010080041|ADV|Cat="noun"|Id="37"|morphId="520010080131"|Unicode="Μακεδονίᾳ"|Lemma="Μακεδονία"|Lang="G"|StrongNumber="G31090"|Morph="N,,,,,DFS,"|Case="Dative"|Gender="Feminine"|Number="Singular"|English="Macedonia"
520010080141|καὶ|520010080131|conj|Cat="conj"|Id="38"|morphId="520010080141"|Unicode="καὶ"|Lemma="καί"|Lang="G"|StrongNumber="G25320"|Morph="CC,,,,,,,,"|Type="Coordinating"|English="and"
520010080151|ἐν|520010080171|prep|Cat="prep"|Id="40"|morphId="520010080151"|Unicode="ἐν"|Lemma="ἐν"|Lang="G"|StrongNumber="G17220"|Morph="P,,,,,D,,,"|Case="Dative"|English="in"
520010080161|τῇ|520010080171|det|Cat="det"|Id="42"|morphId="520010080161"|Unicode="τῇ"|Lemma="ὁ"|Lang="G"|StrongNumber="G35880"|Morph="EA,,,,DFS,"|Type="Article"|Case="Dative"|Gender="Feminine"|Number="Singular"
520010080171|Ἀχαΐᾳ,|520010080131|pp|Cat="noun"|Id="44"|morphId="520010080171"|Unicode="Ἀχαΐᾳ,"|Lemma="Ἀχαΐα"|Lang="G"|StrongNumber="G08820"|Morph="N,,,,,DFS,"|Case="Dative"|Gender="Feminine"|Number="Singular"|English="Achaia"
520010080181|ἀλλ’|520010080041|conj|Cat="conj"|Id="45"|morphId="520010080181"|Unicode="ἀλλ’"|Lemma="ἀλλά"|Lang="G"|StrongNumber="G02350"|Morph="CO,,,,,,,,"|Type="Correlative"|English="but"
520010080191|ἐν|520010080211|prep|Cat="prep"|Id="49"|morphId="520010080191"|Unicode="ἐν"|Lemma="ἐν"|Lang="G"|StrongNumber="G17220"|Morph="P,,,,,D,,,"|Case="Dative"|English="in"
520010080201|παντὶ|520010080211|adjp|Cat="det"|Id="53"|morphId="520010080201"|Unicode="παντὶ"|Lemma="πᾶς"|Lang="G"|StrongNumber="G39560"|Morph="EQ,,,,DMS,"|Type="Quantifier"|Case="Dative"|Gender="Masculine"|Number="Singular"|English="every"
520010080211|τόπῳ|520010080291|ADV|Cat="noun"|Id="55"|morphId="520010080211"|Unicode="τόπῳ"|Lemma="τόπος"|Lang="G"|StrongNumber="G51170"|Morph="N,,,,,DMS,"|Case="Dative"|Gender="Masculine"|Number="Singular"|English="place"
520010080221|ἡ|520010080231|det|Cat="det"|Id="59"|morphId="520010080221"|Unicode="ἡ"|Lemma="ὁ"|Lang="G"|StrongNumber="G35880"|Morph="EA,,,,NFS,"|Type="Article"|Case="Nominative"|Gender="Feminine"|Number="Singular"|English="the"
520010080231|πίστις|520010080291|S|Cat="noun"|Id="62"|morphId="520010080231"|Unicode="πίστις"|Lemma="πίστις"|Lang="G"|StrongNumber="G41020"|Morph="N,,,,,NFS,"|Case="Nominative"|Gender="Feminine"|Number="Singular"|English="faith"
520010080241|ὑμῶν|520010080231|np|Cat="pron"|Id="64"|morphId="520010080241"|Unicode="ὑμῶν"|Lemma="σύ"|Lang="G"|StrongNumber="G47710"|Morph="RP,,,2G,P,"|Type="Personal"|Person="Second"|Case="Genitive"|Number="Plural"|English="of you"
520010080251|ἡ|520010080231|np|Cat="pron"|Id="67"|morphId="520010080251"|Unicode="ἡ"|Lemma="ὁ"|Lang="G"|StrongNumber="G35880"|Morph="RD,,,,NFS,"|Type="Demonstrative"|Case="Nominative"|Gender="Feminine"|Number="Singular"
520010080261|πρὸς|520010080281|prep|Cat="prep"|Id="69"|morphId="520010080261"|Unicode="πρὸς"|Lemma="πρός"|Lang="G"|StrongNumber="G43140"|Morph="P,,,,,A,,,"|Case="Accusative"|English="in"
520010080271|τὸν|520010080281|det|Cat="det"|Id="71"|morphId="520010080271"|Unicode="τὸν"|Lemma="ὁ"|Lang="G"|StrongNumber="G35880"|Morph="EA,,,,AMS,"|Type="Article"|Case="Accusative"|Gender="Masculine"|Number="Singular"
520010080281|Θεὸν|520010080251|pp|Cat="noun"|Id="73"|morphId="520010080281"|Unicode="Θεὸν"|Lemma="θεός"|Lang="G"|StrongNumber="G23160"|Morph="N,,,,,AMS,"|Case="Accusative"|Gender="Masculine"|Number="Singular"|English="God"
520010080291|ἐξελήλυθεν,|520010080041|CL|Cat="verb"|Id="76"|morphId="520010080291"|Unicode="ἐξελήλυθεν,"|Lemma="ἐξέρχομαι"|Lang="G"|StrongNumber="G18310"|Morph="V,IEA3,,S,"|Mood="Indicative"|Tense="Perfect"|Voice="Active"|Person="Third"|Number="Singular"|English="has gone out"
520010080301|ὥστε|520010080331|conj|Cat="conj"|Id="79"|morphId="520010080301"|Unicode="ὥστε"|Lemma="ὥστε"|Lang="G"|StrongNumber="G56200"|Morph="CS,,,,,,,,"|Type="Subordinating"|English="so that"
520010080311|μὴ|520010080331|ADV|Cat="adv"|Id="83"|morphId="520010080311"|Unicode="μὴ"|Lemma="μή"|Lang="G"|StrongNumber="G33610"|Morph="D,,,,,,,,,"|English="not"
520010080321|χρείαν|520010080331|O|Cat="noun"|Id="86"|morphId="520010080321"|Unicode="χρείαν"|Lemma="χρεία"|Lang="G"|StrongNumber="G55320"|Morph="N,,,,,AFS,"|Case="Accusative"|Gender="Feminine"|Number="Singular"|English="need"
520010080331|ἔχειν|520010080291|ADV|Cat="verb"|Id="89"|morphId="520010080331"|Unicode="ἔχειν"|Lemma="ἔχω"|Lang="G"|StrongNumber="G21920"|Morph="V,NPA,,,,,"|Mood="Infinitive"|Tense="Present"|Voice="Active"|English="have"
520010080341|ἡμᾶς|520010080331|S|Cat="pron"|Id="92"|morphId="520010080341"|Unicode="ἡμᾶς"|Lemma="ἐγώ"|Lang="G"|StrongNumber="G14730"|Morph="RP,,,1A,P,"|Type="Personal"|Person="First"|Case="Accusative"|Number="Plural"|English="we"
520010080351|λαλεῖν|520010080331|ADV|Cat="verb"|Id="97"|morphId="520010080351"|Unicode="λαλεῖν"|Lemma="λαλέω"|Lang="G"|StrongNumber="G29800"|Morph="V,NPA,,,,,"|Mood="Infinitive"|Tense="Present"|Voice="Active"|English="to say"
520010080361|τι.|520010080351|O|Cat="pron"|Id="100"|morphId="520010080361"|Unicode="τι."|Lemma="τις"|Lang="G"|StrongNumber="G51000"|Morph="RI,,,,ANS,"|Type="Indefinite"|Case="Accusative"|Gender="Neuter"|Number="Singular"|English="anything"
520010090021|γὰρ|520010090051|conj|Cat="conj"|Id="3"|morphId="520010090021"|Unicode="γὰρ"|Lemma="γάρ"|Lang="G"|StrongNumber="G10630"|Morph="CC,,,,,,,,"|Type="Coordinating"|English="for"
520010090011|αὐτοὶ|520010090051|S|Cat="pron"|Id="7"|morphId="520010090011"|Unicode="αὐτοὶ"|Lemma="αὐτός"|Lang="G"|StrongNumber="G08460"|Morph="RP,,,3NMP,"|Type="Personal"|Person="Third"|Case="Nominative"|Gender="Masculine"|Number="Plural"|English="they themselves"
520010090031|περὶ|520010090041|prep|Cat="prep"|Id="10"|morphId="520010090031"|Unicode="περὶ"|Lemma="περί"|Lang="G"|StrongNumber="G40120"|Morph="P,,,,,G,,,"|Case="Genitive"|English="about"
520010090041|ἡμῶν|520010090051|ADV|Cat="pron"|Id="12"|morphId="520010090041"|Unicode="ἡμῶν"|Lemma="ἐγώ"|Lang="G"|StrongNumber="G14730"|Morph="RP,,,1G,P,"|Type="Personal"|Person="First"|Case="Genitive"|Number="Plural"|English="us"
520010090051|ἀπαγγέλλουσιν|None|CL|Cat="verb"|Id="15"|morphId="520010090051"|Unicode="ἀπαγγέλλουσιν"|Lemma="ἀπαγγέλλω"|Lang="G"|StrongNumber="G05180"|Morph="V,IPA3,,P,"|Mood="Indicative"|Tense="Present"|Voice="Active"|Person="Third"|Number="Plural"|English="report"
520010090061|ὁποίαν|520010090071|adjp|Cat="det"|Id="23"|morphId="520010090061"|Unicode="ὁποίαν"|Lemma="ὁποῖος"|Lang="G"|StrongNumber="G36970"|Morph="ER,,,,AFS,"|Type="Relative"|Case="Accusative"|Gender="Feminine"|Number="Singular"|English="what kind of"
520010090071|εἴσοδον|520010090081|O|Cat="noun"|Id="25"|morphId="520010090071"|Unicode="εἴσοδον"|Lemma="εἴσοδος"|Lang="G"|StrongNumber="G15290"|Morph="N,,,,,AFS,"|Case="Accusative"|Gender="Feminine"|Number="Singular"|English="reception"
520010090081|ἔσχομεν|520010090051|O|Cat="verb"|Id="28"|morphId="520010090081"|Unicode="ἔσχομεν"|Lemma="ἔχω"|Lang="G"|StrongNumber="G21920"|Morph="V,IAA1,,P,"|Mood="Indicative"|Tense="Aorist"|Voice="Active"|Person="First"|Number="Plural"|English="we had"
520010090091|πρὸς|520010090101|prep|Cat="prep"|Id="31"|morphId="520010090091"|Unicode="πρὸς"|Lemma="πρός"|Lang="G"|StrongNumber="G43140"|Morph="P,,,,,A,,,"|Case="Accusative"|English="with"
520010090101|ὑμᾶς,|520010090081|ADV|Cat="pron"|Id="33"|morphId="520010090101"|Unicode="ὑμᾶς,"|Lemma="σύ"|Lang="G"|StrongNumber="G47710"|Morph="RP,,,2A,P,"|Type="Personal"|Person="Second"|Case="Accusative"|Number="Plural"|English="you"
520010090111|καὶ|520010090081|conj|Cat="conj"|Id="34"|morphId="520010090111"|Unicode="καὶ"|Lemma="καί"|Lang="G"|StrongNumber="G25320"|Morph="CC,,,,,,,,"|Type="Coordinating"|English="and"
520010090121|πῶς|520010090131|ADV|Cat="conj"|Id="39"|morphId="520010090121"|Unicode="πῶς"|Lemma="πῶς"|Lang="G"|StrongNumber="G44590"|Morph="CS,,,,,,,,"|Type="Subordinating"|English="how"
520010090131|ἐπεστρέψατε|520010090081|CL|Cat="verb"|Id="42"|morphId="520010090131"|Unicode="ἐπεστρέψατε"|Lemma="ἐπιστρέφω"|Lang="G"|StrongNumber="G19940"|Morph="V,IAA2,,P,"|Mood="Indicative"|Tense="Aorist"|Voice="Active"|Person="Second"|Number="Plural"|English="you turned"
520010090141|πρὸς|520010090161|prep|Cat="prep"|Id="45"|morphId="520010090141"|Unicode="πρὸς"|Lemma="πρός"|Lang="G"|StrongNumber="G43140"|Morph="P,,,,,A,,,"|Case="Accusative"|English="to"
520010090151|τὸν|520010090161|det|Cat="det"|Id="47"|morphId="520010090151"|Unicode="τὸν"|Lemma="ὁ"|Lang="G"|StrongNumber="G35880"|Morph="EA,,,,AMS,"|Type="Article"|Case="Accusative"|Gender="Masculine"|Number="Singular"
520010090161|Θεὸν|520010090131|ADV|Cat="noun"|Id="49"|morphId="520010090161"|Unicode="Θεὸν"|Lemma="θεός"|Lang="G"|StrongNumber="G23160"|Morph="N,,,,,AMS,"|Case="Accusative"|Gender="Masculine"|Number="Singular"|English="God"
520010090171|ἀπὸ|520010090191|prep|Cat="prep"|Id="52"|morphId="520010090171"|Unicode="ἀπὸ"|Lemma="ἀπό"|Lang="G"|StrongNumber="G05750"|Morph="P,,,,,G,,,"|Case="Genitive"|English="from"
520010090181|τῶν|520010090191|det|Cat="det"|Id="54"|morphId="520010090181"|Unicode="τῶν"|Lemma="ὁ"|Lang="G"|StrongNumber="G35880"|Morph="EA,,,,GNP,"|Type="Article"|Case="Genitive"|Gender="Neuter"|Number="Plural"|English="the"
520010090191|εἰδώλων,|520010090131|ADV|Cat="noun"|Id="56"|morphId="520010090191"|Unicode="εἰδώλων,"|Lemma="εἴδωλον"|Lang="G"|StrongNumber="G14970"|Morph="N,,,,,GNP,"|Case="Genitive"|Gender="Neuter"|Number="Plural"|English="idols"
520010090201|δουλεύειν|520010090131|ADV|Cat="verb"|Id="61"|morphId="520010090201"|Unicode="δουλεύειν"|Lemma="δουλεύω"|Lang="G"|StrongNumber="G13980"|Morph="V,NPA,,,,,"|Mood="Infinitive"|Tense="Present"|Voice="Active"|English="to serve"
520010090211|Θεῷ|520010090201|O|Cat="noun"|Id="65"|morphId="520010090211"|Unicode="Θεῷ"|Lemma="θεός"|Lang="G"|StrongNumber="G23160"|Morph="N,,,,,DMS,"|Case="Dative"|Gender="Masculine"|Number="Singular"|English="God"
520010090221|ζῶντι|520010090211|adjp|Cat="verb"|Id="71"|morphId="520010090221"|Unicode="ζῶντι"|Lemma="ζάω"|Lang="G"|StrongNumber="G21980"|Morph="V,PPA,DMS,"|Mood="Participle"|Tense="Present"|Voice="Active"|Case="Dative"|Gender="Masculine"|Number="Singular"|English="living"
520010090231|καὶ|520010090221|conj|Cat="conj"|Id="72"|morphId="520010090231"|Unicode="καὶ"|Lemma="καί"|Lang="G"|StrongNumber="G25320"|Morph="CC,,,,,,,,"|Type="Coordinating"|English="and"
520010090241|ἀληθινῷ,|520010090221|adjp|Cat="noun"|Id="75"|morphId="520010090241"|Unicode="ἀληθινῷ,"|Lemma="ἀληθινός"|Lang="G"|StrongNumber="G02280"|Morph="NS,,,,DMS,"|Type="Substantive_Adj"|Case="Dative"|Gender="Masculine"|Number="Singular"|English="true"
520010100011|καὶ|520010100021|conj|Cat="conj"|Id="4"|morphId="520010100011"|Unicode="καὶ"|Lemma="καί"|Lang="G"|StrongNumber="G25320"|Morph="CC,,,,,,,,"|Type="Coordinating"|English="and"
520010100021|ἀναμένειν|None|ADV|Cat="verb"|Id="8"|morphId="520010100021"|Unicode="ἀναμένειν"|Lemma="ἀναμένω"|Lang="G"|StrongNumber="G03620"|Morph="V,NPA,,,,,"|Mood="Infinitive"|Tense="Present"|Voice="Active"|English="to wait for"
520010100061|ἐκ|520010100081|prep|Cat="prep"|Id="11"|morphId="520010100061"|Unicode="ἐκ"|Lemma="ἐκ"|Lang="G"|StrongNumber="G15370"|Morph="P,,,,,G,,,"|Case="Genitive"|English="from"
520010100071|τῶν|520010100081|det|Cat="det"|Id="13"|morphId="520010100071"|Unicode="τῶν"|Lemma="ὁ"|Lang="G"|StrongNumber="G35880"|Morph="EA,,,,GMP,"|Type="Article"|Case="Genitive"|Gender="Masculine"|Number="Plural"|English="the"
520010100081|οὐρανῶν,|520010100021|ADV|Cat="noun"|Id="15"|morphId="520010100081"|Unicode="οὐρανῶν,"|Lemma="οὐρανός"|Lang="G"|StrongNumber="G37720"|Morph="N,,,,,GMP,"|Case="Genitive"|Gender="Masculine"|Number="Plural"|English="heaven"
520010100031|τὸν|520010100041|det|Cat="det"|Id="19"|morphId="520010100031"|Unicode="τὸν"|Lemma="ὁ"|Lang="G"|StrongNumber="G35880"|Morph="EA,,,,AMS,"|Type="Article"|Case="Accusative"|Gender="Masculine"|Number="Singular"|English="the"
520010100041|Υἱὸν|520010100021|O|Cat="noun"|Id="23"|morphId="520010100041"|Unicode="Υἱὸν"|Lemma="υἱός"|Lang="G"|StrongNumber="G52070"|Morph="N,,,,,AMS,"|Case="Accusative"|Gender="Masculine"|Number="Singular"|English="son"
520010100051|αὐτοῦ|520010100041|np|Cat="pron"|Id="25"|morphId="520010100051"|Unicode="αὐτοῦ"|Lemma="αὐτός"|Lang="G"|StrongNumber="G08460"|Morph="RP,,,3GMS,"|Type="Personal"|Person="Third"|Case="Genitive"|Gender="Masculine"|Number="Singular"|English="of Him"
520010100091|ὃν|520010100101|O|Cat="pron"|Id="29"|morphId="520010100091"|Unicode="ὃν"|Lemma="ὅς"|Lang="G"|StrongNumber="G37390"|Morph="RR,,,,AMS,"|Type="Relative"|Case="Accusative"|Gender="Masculine"|Number="Singular"|English="whom"
520010100101|ἤγειρεν|520010100041|CL|Cat="verb"|Id="32"|morphId="520010100101"|Unicode="ἤγειρεν"|Lemma="ἐγείρω"|Lang="G"|StrongNumber="G14530"|Morph="V,IAA3,,S,"|Mood="Indicative"|Tense="Aorist"|Voice="Active"|Person="Third"|Number="Singular"|English="he raised"
520010100111|ἐκ|520010100131|prep|Cat="prep"|Id="35"|morphId="520010100111"|Unicode="ἐκ"|Lemma="ἐκ"|Lang="G"|StrongNumber="G15370"|Morph="P,,,,,G,,,"|Case="Genitive"|English="from"
520010100121|τῶν|520010100131|det|Cat="det"|Id="37"|morphId="520010100121"|Unicode="τῶν"|Lemma="ὁ"|Lang="G"|StrongNumber="G35880"|Morph="EA,,,,GMP,"|Type="Article"|Case="Genitive"|Gender="Masculine"|Number="Plural"|English="the"
520010100131|νεκρῶν,|520010100101|ADV|Cat="noun"|Id="39"|morphId="520010100131"|Unicode="νεκρῶν,"|Lemma="νεκρός"|Lang="G"|StrongNumber="G34980"|Morph="NS,,,,GMP,"|Type="Substantive_Adj"|Case="Genitive"|Gender="Masculine"|Number="Plural"|English="dead"
520010100141|Ἰησοῦν,|520010100041|np|Cat="noun"|Id="42"|morphId="520010100141"|Unicode="Ἰησοῦν,"|Lemma="Ἰησοῦς"|Lang="G"|StrongNumber="G24240"|Morph="N,,,,,AMS,"|Case="Accusative"|Gender="Masculine"|Number="Singular"|English="Jesus"
520010100151|τὸν|520010100161|det|Cat="pron"|Id="45"|morphId="520010100151"|Unicode="τὸν"|Lemma="ὁ"|Lang="G"|StrongNumber="G35880"|Morph="RD,,,,AMS,"|Type="Demonstrative"|Case="Accusative"|Gender="Masculine"|Number="Singular"|English="the one"
520010100161|ῥυόμενον|520010100141|np|Cat="verb"|Id="49"|morphId="520010100161"|Unicode="ῥυόμενον"|Lemma="ῥύομαι"|Lang="G"|StrongNumber="G45060"|Morph="V,PPM,AMS,"|Mood="Participle"|Tense="Present"|Voice="Middle"|Case="Accusative"|Gender="Masculine"|Number="Singular"|English="who rescues"
520010100171|ἡμᾶς|520010100161|O|Cat="pron"|Id="52"|morphId="520010100171"|Unicode="ἡμᾶς"|Lemma="ἐγώ"|Lang="G"|StrongNumber="G14730"|Morph="RP,,,1A,P,"|Type="Personal"|Person="First"|Case="Accusative"|Number="Plural"|English="us"
520010100181|ἐκ|520010100201|prep|Cat="prep"|Id="55"|morphId="520010100181"|Unicode="ἐκ"|Lemma="ἐκ"|Lang="G"|StrongNumber="G15370"|Morph="P,,,,,G,,,"|Case="Genitive"|English="from"
520010100191|τῆς|520010100201|det|Cat="det"|Id="58"|morphId="520010100191"|Unicode="τῆς"|Lemma="ὁ"|Lang="G"|StrongNumber="G35880"|Morph="EA,,,,GFS,"|Type="Article"|Case="Genitive"|Gender="Feminine"|Number="Singular"|English="the"
520010100201|ὀργῆς|520010100161|ADV|Cat="noun"|Id="60"|morphId="520010100201"|Unicode="ὀργῆς"|Lemma="ὀργή"|Lang="G"|StrongNumber="G37090"|Morph="N,,,,,GFS,"|Case="Genitive"|Gender="Feminine"|Number="Singular"|English="wrath"
520010100211|τῆς|520010100221|det|Cat="pron"|Id="63"|morphId="520010100211"|Unicode="τῆς"|Lemma="ὁ"|Lang="G"|StrongNumber="G35880"|Morph="RD,,,,GFS,"|Type="Demonstrative"|Case="Genitive"|Gender="Feminine"|Number="Singular"|English="the"
520010100221|ἐρχομένης.|520010100201|np|Cat="verb"|Id="67"|morphId="520010100221"|Unicode="ἐρχομένης."|Lemma="ἔρχομαι"|Lang="G"|StrongNumber="G20640"|Morph="V,PPM,GFS,"|Mood="Participle"|Tense="Present"|Voice="Middle"|Case="Genitive"|Gender="Feminine"|Number="Singular"|English="to come"
