470020010021|γὰρ|470020010011|conj|Cat="conj"|Id="3"|morphId="470020010021"|Unicode="γὰρ"|Lemma="γάρ"|Lang="G"|StrongNumber="G10630"|Morph="CC,,,,,,,,"|Type="Coordinating"|English="but"
470020010011|ἔκρινα|None|CL|Cat="verb"|Id="7"|morphId="470020010011"|Unicode="ἔκρινα"|Lemma="κρίνω"|Lang="G"|StrongNumber="G29190"|Morph="V,IAA1,,S,"|Mood="Indicative"|Tense="Aorist"|Voice="Active"|Person="First"|Number="Singular"|English="I made up ~ mind"
470020010031|ἐμαυτῷ|470020010011|ADV|Cat="pron"|Id="10"|morphId="470020010031"|Unicode="ἐμαυτῷ"|Lemma="ἐμαυτοῦ"|Lang="G"|StrongNumber="G16830"|Morph="RE,,,1DMS,"|Type="Reflexive"|Person="First"|Case="Dative"|Gender="Masculine"|Number="Singular"|English="in myself"
470020010041|τοῦτο,|470020010011|O|Cat="pron"|Id="14"|morphId="470020010041"|Unicode="τοῦτο,"|Lemma="οὗτος"|Lang="G"|StrongNumber="G37780"|Morph="RD,,,,ANS,"|Type="Demonstrative"|Case="Accusative"|Gender="Neuter"|Number="Singular"|English="this"
470020010051|τὸ|470020010121|det|Cat="pron"|Id="17"|morphId="470020010051"|Unicode="τὸ"|Lemma="ὁ"|Lang="G"|StrongNumber="G35880"|Morph="RD,,,,ANS,"|Type="Demonstrative"|Case="Accusative"|Gender="Neuter"|Number="Singular"|English="that"
470020010061|μὴ|470020010121|ADV|Cat="adv"|Id="22"|morphId="470020010061"|Unicode="μὴ"|Lemma="μή"|Lang="G"|StrongNumber="G33610"|Morph="D,,,,,,,,,"|English="not"
470020010071|πάλιν|470020010061|advp|Cat="adv"|Id="24"|morphId="470020010071"|Unicode="πάλιν"|Lemma="πάλιν"|Lang="G"|StrongNumber="G38250"|Morph="D,,,,,,,,,"|English="again"
470020010081|ἐν|470020010091|prep|Cat="prep"|Id="27"|morphId="470020010081"|Unicode="ἐν"|Lemma="ἐν"|Lang="G"|StrongNumber="G17220"|Morph="P,,,,,D,,,"|Case="Dative"|English="in"
470020010091|λύπῃ|470020010121|ADV|Cat="noun"|Id="29"|morphId="470020010091"|Unicode="λύπῃ"|Lemma="λύπη"|Lang="G"|StrongNumber="G30770"|Morph="N,,,,,DFS,"|Case="Dative"|Gender="Feminine"|Number="Singular"|English="sorrow"
470020010101|πρὸς|470020010111|prep|Cat="prep"|Id="32"|morphId="470020010101"|Unicode="πρὸς"|Lemma="πρός"|Lang="G"|StrongNumber="G43140"|Morph="P,,,,,A,,,"|Case="Accusative"|English="to"
470020010111|ὑμᾶς|470020010121|ADV|Cat="pron"|Id="34"|morphId="470020010111"|Unicode="ὑμᾶς"|Lemma="σύ"|Lang="G"|StrongNumber="G47710"|Morph="RP,,,2A,P,"|Type="Personal"|Person="Second"|Case="Accusative"|Number="Plural"|English="you"
470020010121|ἐλθεῖν.|470020010041|np|Cat="verb"|Id="37"|morphId="470020010121"|Unicode="ἐλθεῖν."|Lemma="ἔρχομαι"|Lang="G"|StrongNumber="G20640"|Morph="V,NAA,,,,,"|Mood="Infinitive"|Tense="Aorist"|Voice="Active"|English="would ~ come"
470020020021|γὰρ|470020020091|conj|Cat="conj"|Id="3"|morphId="470020020021"|Unicode="γὰρ"|Lemma="γάρ"|Lang="G"|StrongNumber="G10630"|Morph="CC,,,,,,,,"|Type="Coordinating"|English="for"
470020020011|εἰ|470020020041|conj|Cat="conj"|Id="6"|morphId="470020020011"|Unicode="εἰ"|Lemma="εἰ"|Lang="G"|StrongNumber="G14870"|Morph="CS,,,,,,,,"|Type="Subordinating"|English="if"
470020020031|ἐγὼ|470020020041|S|Cat="pron"|Id="10"|morphId="470020020031"|Unicode="ἐγὼ"|Lemma="ἐγώ"|Lang="G"|StrongNumber="G14730"|Morph="RP,,,1N,S,"|Type="Personal"|Person="First"|Case="Nominative"|Number="Singular"|English="I"
470020020041|λυπῶ|470020020091|CL|Cat="verb"|Id="13"|morphId="470020020041"|Unicode="λυπῶ"|Lemma="λυπέω"|Lang="G"|StrongNumber="G30760"|Morph="V,IPA1,,S,"|Mood="Indicative"|Tense="Present"|Voice="Active"|Person="First"|Number="Singular"|English="cause ~ pain"
470020020051|ὑμᾶς,|470020020041|O|Cat="pron"|Id="16"|morphId="470020020051"|Unicode="ὑμᾶς,"|Lemma="σύ"|Lang="G"|StrongNumber="G47710"|Morph="RP,,,2A,P,"|Type="Personal"|Person="Second"|Case="Accusative"|Number="Plural"|English="you"
470020020061|καὶ|470020020071|advp|Cat="adv"|Id="22"|morphId="470020020061"|Unicode="καὶ"|Lemma="καί"|Lang="G"|StrongNumber="G25320"|Morph="D,,,,,,,,,"|English="then"
470020020071|τίς|470020020091|S|Cat="pron"|Id="24"|morphId="470020020071"|Unicode="τίς"|Lemma="τίς"|Lang="G"|StrongNumber="G51010"|Morph="RT,,,,NMS,"|Type="Interrogative"|Case="Nominative"|Gender="Masculine"|Number="Singular"|English="who"
470020020081|ὁ|470020020091|det|Cat="pron"|Id="28"|morphId="470020020081"|Unicode="ὁ"|Lemma="ὁ"|Lang="G"|StrongNumber="G35880"|Morph="RD,,,,NMS,"|Type="Demonstrative"|Case="Nominative"|Gender="Masculine"|Number="Singular"|English="he"
470020020091|εὐφραίνων|None|CL|Cat="verb"|Id="32"|morphId="470020020091"|Unicode="εὐφραίνων"|Lemma="εὐφραίνω"|Lang="G"|StrongNumber="G21650"|Morph="V,PPA,NMS,"|Mood="Participle"|Tense="Present"|Voice="Active"|Case="Nominative"|Gender="Masculine"|Number="Singular"|English="is there to make ~ glad"
470020020101|με,|470020020091|O|Cat="pron"|Id="35"|morphId="470020020101"|Unicode="με,"|Lemma="ἐγώ"|Lang="G"|StrongNumber="G14730"|Morph="RP,,,1A,S,"|Type="Personal"|Person="First"|Case="Accusative"|Number="Singular"|English="me"
470020020111|εἰ|470020020141|conj|Cat="prep"|Id="38"|morphId="470020020111"|Unicode="εἰ"|Lemma="εἰ"|Lang="G"|StrongNumber="G14870"|Morph="PI,,,,,,,,"|Type="Improper"|English="except"
470020020121|μὴ|470020020141|ADV|Cat="adv"|Id="42"|morphId="470020020121"|Unicode="μὴ"|Lemma="μή"|Lang="G"|StrongNumber="G33610"|Morph="D,,,,,,,,,"
470020020131|ὁ|470020020141|det|Cat="pron"|Id="46"|morphId="470020020131"|Unicode="ὁ"|Lemma="ὁ"|Lang="G"|StrongNumber="G35880"|Morph="RD,,,,NMS,"|Type="Demonstrative"|Case="Nominative"|Gender="Masculine"|Number="Singular"|English="the one"
470020020141|λυπούμενος|470020020091|CL|Cat="verb"|Id="50"|morphId="470020020141"|Unicode="λυπούμενος"|Lemma="λυπέω"|Lang="G"|StrongNumber="G30760"|Morph="V,PPP,NMS,"|Mood="Participle"|Tense="Present"|Voice="Passive"|Case="Nominative"|Gender="Masculine"|Number="Singular"|English="whom ~ have pained"
470020020151|ἐξ|470020020161|prep|Cat="prep"|Id="53"|morphId="470020020151"|Unicode="ἐξ"|Lemma="ἐκ"|Lang="G"|StrongNumber="G15370"|Morph="P,,,,,G,,,"|Case="Genitive"|English="by"
470020020161|ἐμοῦ?|470020020141|ADV|Cat="pron"|Id="55"|morphId="470020020161"|Unicode="ἐμοῦ?"|Lemma="ἐγώ"|Lang="G"|StrongNumber="G14730"|Morph="RP,,,1G,S,"|Type="Personal"|Person="First"|Case="Genitive"|Number="Singular"|English="me"
470020030011|καὶ|470020030021|conj|Cat="conj"|Id="3"|morphId="470020030011"|Unicode="καὶ"|Lemma="καί"|Lang="G"|StrongNumber="G25320"|Morph="CC,,,,,,,,"|Type="Coordinating"|English="and"
470020030021|ἔγραψα|None|CL|Cat="verb"|Id="7"|morphId="470020030021"|Unicode="ἔγραψα"|Lemma="γράφω"|Lang="G"|StrongNumber="G11250"|Morph="V,IAA1,,S,"|Mood="Indicative"|Tense="Aorist"|Voice="Active"|Person="First"|Number="Singular"|English="I wrote"
470020030031|τοῦτο|470020030021|O|Cat="det"|Id="11"|morphId="470020030031"|Unicode="τοῦτο"|Lemma="οὗτος"|Lang="G"|StrongNumber="G37780"|Morph="ED,,,,ANS,"|Type="Demonstrative"|Case="Accusative"|Gender="Neuter"|Number="Singular"|English="this very"
470020030041|αὐτὸ,|470020030031|pron|Cat="pron"|Id="12"|morphId="470020030041"|Unicode="αὐτὸ,"|Lemma="αὐτός"|Lang="G"|StrongNumber="G08460"|Morph="RD,,,,ANS,"|Type="Demonstrative"|Case="Accusative"|Gender="Neuter"|Number="Singular"|English="thing"
470020030051|ἵνα|470020030091|conj|Cat="conj"|Id="15"|morphId="470020030051"|Unicode="ἵνα"|Lemma="ἵνα"|Lang="G"|StrongNumber="G24430"|Morph="CS,,,,,,,,"|Type="Subordinating"|English="so that"
470020030061|μὴ|470020030091|ADV|Cat="adv"|Id="19"|morphId="470020030061"|Unicode="μὴ"|Lemma="μή"|Lang="G"|StrongNumber="G33610"|Morph="D,,,,,,,,,"|English="not"
470020030071|ἐλθὼν,|470020030091|ADV|Cat="verb"|Id="24"|morphId="470020030071"|Unicode="ἐλθὼν,"|Lemma="ἔρχομαι"|Lang="G"|StrongNumber="G20640"|Morph="V,PAA,NMS,"|Mood="Participle"|Tense="Aorist"|Voice="Active"|Case="Nominative"|Gender="Masculine"|Number="Singular"|English="when ~ came"
470020030081|λύπην|470020030091|O|Cat="noun"|Id="27"|morphId="470020030081"|Unicode="λύπην"|Lemma="λύπη"|Lang="G"|StrongNumber="G30770"|Morph="N,,,,,AFS,"|Case="Accusative"|Gender="Feminine"|Number="Singular"|English="pain"
470020030091|σχῶ|470020030021|ADV|Cat="verb"|Id="30"|morphId="470020030091"|Unicode="σχῶ"|Lemma="ἔχω"|Lang="G"|StrongNumber="G21920"|Morph="V,SAA1,,S,"|Mood="Subjunctive"|Tense="Aorist"|Voice="Active"|Person="First"|Number="Singular"|English="I might ~ suffer"
470020030101|ἀφ’|470020030121|prep|Cat="prep"|Id="33"|morphId="470020030101"|Unicode="ἀφ’"|Lemma="ἀπό"|Lang="G"|StrongNumber="G05750"|Morph="P,,,,,G,,,"|Case="Genitive"|English="from"
470020030111|ὧν|470020030141|ADV|Cat="pron"|Id="41"|morphId="470020030111"|Unicode="ὧν"|Lemma="ὅς"|Lang="G"|StrongNumber="G37390"|Morph="RR,,,,GMP,"|Type="Relative"|Case="Genitive"|Gender="Masculine"|Number="Plural"|English="those of whom"
470020030131|με|470020030141|S|Cat="pron"|Id="44"|morphId="470020030131"|Unicode="με"|Lemma="ἐγώ"|Lang="G"|StrongNumber="G14730"|Morph="RP,,,1A,S,"|Type="Personal"|Person="First"|Case="Accusative"|Number="Singular"|English="for me"
470020030141|χαίρειν;|470020030121|S|Cat="verb"|Id="47"|morphId="470020030141"|Unicode="χαίρειν;"|Lemma="χαίρω"|Lang="G"|StrongNumber="G54630"|Morph="V,NPA,,,,,"|Mood="Infinitive"|Tense="Present"|Voice="Active"|English="to make ~ rejoice"
470020030121|ἔδει|470020030091|ADV|Cat="verb"|Id="50"|morphId="470020030121"|Unicode="ἔδει"|Lemma="δέω"|Lang="G"|StrongNumber="G11630"|Morph="V,IIA3,,S,"|Mood="Indicative"|Tense="Imperfect"|Voice="Active"|Person="Third"|Number="Singular"|English="ought"
470020030151|πεποιθὼς|470020030021|ADV|Cat="verb"|Id="56"|morphId="470020030151"|Unicode="πεποιθὼς"|Lemma="πείθω"|Lang="G"|StrongNumber="G39820"|Morph="V,PEA,NMS,"|Mood="Participle"|Tense="Perfect"|Voice="Active"|Case="Nominative"|Gender="Masculine"|Number="Singular"|English="having confidence"
470020030161|ἐπὶ|470020030181|prep|Cat="prep"|Id="59"|morphId="470020030161"|Unicode="ἐπὶ"|Lemma="ἐπί"|Lang="G"|StrongNumber="G19090"|Morph="P,,,,,A,,,"|Case="Accusative"|English="about"
470020030171|πάντας|470020030181|np|Cat="pron"|Id="62"|morphId="470020030171"|Unicode="πάντας"|Lemma="πᾶς"|Lang="G"|StrongNumber="G39560"|Morph="RI,,,,AMP,"|Type="Indefinite"|Case="Accusative"|Gender="Masculine"|Number="Plural"|English="all"
470020030181|ὑμᾶς,|470020030151|ADV|Cat="pron"|Id="64"|morphId="470020030181"|Unicode="ὑμᾶς,"|Lemma="σύ"|Lang="G"|StrongNumber="G47710"|Morph="RP,,,2A,P,"|Type="Personal"|Person="Second"|Case="Accusative"|Number="Plural"|English="you"
470020030191|ὅτι|470020030241|conj|Cat="conj"|Id="66"|morphId="470020030191"|Unicode="ὅτι"|Lemma="ὅτι"|Lang="G"|StrongNumber="G37540"|Morph="CS,,,,,,,,"|Type="Subordinating"|English="that"
470020030201|ἡ|470020030221|det|Cat="det"|Id="70"|morphId="470020030201"|Unicode="ἡ"|Lemma="ὁ"|Lang="G"|StrongNumber="G35880"|Morph="EA,,,,NFS,"|Type="Article"|Case="Nominative"|Gender="Feminine"|Number="Singular"
470020030211|ἐμὴ|470020030221|adjp|Cat="det"|Id="74"|morphId="470020030211"|Unicode="ἐμὴ"|Lemma="ἐμός"|Lang="G"|StrongNumber="G16990"|Morph="EP,,,1NFS,"|Type="Possessive"|Person="First"|Case="Nominative"|Gender="Feminine"|Number="Singular"|English="my"
470020030221|χαρὰ|470020030241|S|Cat="noun"|Id="76"|morphId="470020030221"|Unicode="χαρὰ"|Lemma="χαρά"|Lang="G"|StrongNumber="G54790"|Morph="N,,,,,NFS,"|Case="Nominative"|Gender="Feminine"|Number="Singular"|English="joy"
470020030231|πάντων|470020030241|np|Cat="pron"|Id="80"|morphId="470020030231"|Unicode="πάντων"|Lemma="πᾶς"|Lang="G"|StrongNumber="G39560"|Morph="RI,,,,GMP,"|Type="Indefinite"|Case="Genitive"|Gender="Masculine"|Number="Plural"|English="all"
470020030241|ὑμῶν|470020030151|CL|Cat="pron"|Id="82"|morphId="470020030241"|Unicode="ὑμῶν"|Lemma="σύ"|Lang="G"|StrongNumber="G47710"|Morph="RP,,,2G,P,"|Type="Personal"|Person="Second"|Case="Genitive"|Number="Plural"|English="of you"
470020030251|ἐστιν.|470020030241|VC|Cat="verb"|Id="85"|morphId="470020030251"|Unicode="ἐστιν."|Lemma="εἰμί"|Lang="G"|StrongNumber="G15100"|Morph="V,IPA3,,S,"|Mood="Indicative"|Tense="Present"|Voice="Active"|Person="Third"|Number="Singular"|English="would be"
470020040021|γὰρ|470020040081|conj|Cat="conj"|Id="3"|morphId="470020040021"|Unicode="γὰρ"|Lemma="γάρ"|Lang="G"|StrongNumber="G10630"|Morph="CC,,,,,,,,"|Type="Coordinating"|English="for"
470020040011|ἐκ|470020040041|prep|Cat="prep"|Id="8"|morphId="470020040011"|Unicode="ἐκ"|Lemma="ἐκ"|Lang="G"|StrongNumber="G15370"|Morph="P,,,,,G,,,"|Case="Genitive"|English="out of"
470020040031|πολλῆς|470020040041|adjp|Cat="det"|Id="12"|morphId="470020040031"|Unicode="πολλῆς"|Lemma="πολλός"|Lang="G"|StrongNumber="G41830"|Morph="EQ,,,,GFS,"|Type="Quantifier"|Case="Genitive"|Gender="Feminine"|Number="Singular"|English="much"
470020040041|θλίψεως|470020040081|ADV|Cat="noun"|Id="15"|morphId="470020040041"|Unicode="θλίψεως"|Lemma="θλῖψις"|Lang="G"|StrongNumber="G23470"|Morph="N,,,,,GFS,"|Case="Genitive"|Gender="Feminine"|Number="Singular"|English="affliction"
470020040051|καὶ|470020040041|conj|Cat="conj"|Id="16"|morphId="470020040051"|Unicode="καὶ"|Lemma="καί"|Lang="G"|StrongNumber="G25320"|Morph="CC,,,,,,,,"|Type="Coordinating"|English="and"
470020040061|συνοχῆς|470020040041|np|Cat="noun"|Id="19"|morphId="470020040061"|Unicode="συνοχῆς"|Lemma="συνοχή"|Lang="G"|StrongNumber="G49280"|Morph="N,,,,,GFS,"|Case="Genitive"|Gender="Feminine"|Number="Singular"|English="anguish"
470020040071|καρδίας,|470020040061|np|Cat="noun"|Id="21"|morphId="470020040071"|Unicode="καρδίας,"|Lemma="καρδία"|Lang="G"|StrongNumber="G25880"|Morph="N,,,,,GFS,"|Case="Genitive"|Gender="Feminine"|Number="Singular"|English="of heart"
470020040081|ἔγραψα|None|CL|Cat="verb"|Id="24"|morphId="470020040081"|Unicode="ἔγραψα"|Lemma="γράφω"|Lang="G"|StrongNumber="G11250"|Morph="V,IAA1,,S,"|Mood="Indicative"|Tense="Aorist"|Voice="Active"|Person="First"|Number="Singular"|English="I wrote"
470020040091|ὑμῖν|470020040081|IO|Cat="pron"|Id="27"|morphId="470020040091"|Unicode="ὑμῖν"|Lemma="σύ"|Lang="G"|StrongNumber="G47710"|Morph="RP,,,2D,P,"|Type="Personal"|Person="Second"|Case="Dative"|Number="Plural"|English="to you"
470020040101|διὰ|470020040121|prep|Cat="prep"|Id="30"|morphId="470020040101"|Unicode="διὰ"|Lemma="διά"|Lang="G"|StrongNumber="G12230"|Morph="P,,,,,G,,,"|Case="Genitive"|English="with"
470020040111|πολλῶν|470020040121|adjp|Cat="det"|Id="34"|morphId="470020040111"|Unicode="πολλῶν"|Lemma="πολλός"|Lang="G"|StrongNumber="G41830"|Morph="EQ,,,,GNP,"|Type="Quantifier"|Case="Genitive"|Gender="Neuter"|Number="Plural"|English="many"
470020040121|δακρύων;|470020040081|ADV|Cat="noun"|Id="36"|morphId="470020040121"|Unicode="δακρύων;"|Lemma="δάκρυον"|Lang="G"|StrongNumber="G11440"|Morph="N,,,,,GNP,"|Case="Genitive"|Gender="Neuter"|Number="Plural"|English="tears"
470020040131|οὐχ|470020040201|advp|Cat="adv"|Id="39"|morphId="470020040131"|Unicode="οὐχ"|Lemma="οὐ"|Lang="G"|StrongNumber="G37560"|Morph="DO,,,,,,,,"|Type="Correlative"|English="not"
470020040141|ἵνα|470020040151|conj|Cat="conj"|Id="41"|morphId="470020040141"|Unicode="ἵνα"|Lemma="ἵνα"|Lang="G"|StrongNumber="G24430"|Morph="CS,,,,,,,,"|Type="Subordinating"|English="to"
470020040151|λυπηθῆτε,|470020040201|CL|Cat="verb"|Id="45"|morphId="470020040151"|Unicode="λυπηθῆτε,"|Lemma="λυπέω"|Lang="G"|StrongNumber="G30760"|Morph="V,SAP2,,P,"|Mood="Subjunctive"|Tense="Aorist"|Voice="Passive"|Person="Second"|Number="Plural"|English="cause you pain"
470020040161|ἀλλὰ|470020040201|conj|Cat="conj"|Id="46"|morphId="470020040161"|Unicode="ἀλλὰ"|Lemma="ἀλλά"|Lang="G"|StrongNumber="G02350"|Morph="CO,,,,,,,,"|Type="Correlative"|English="but"
470020040191|ἵνα|470020040201|conj|Cat="conj"|Id="48"|morphId="470020040191"|Unicode="ἵνα"|Lemma="ἵνα"|Lang="G"|StrongNumber="G24430"|Morph="CS,,,,,,,,"|Type="Subordinating"|English="to"
470020040201|γνῶτε,|470020040081|CL|Cat="verb"|Id="52"|morphId="470020040201"|Unicode="γνῶτε,"|Lemma="γινώσκω"|Lang="G"|StrongNumber="G10970"|Morph="V,SAA2,,P,"|Mood="Subjunctive"|Tense="Aorist"|Voice="Active"|Person="Second"|Number="Plural"|English="let you know"
470020040171|τὴν|470020040181|det|Cat="det"|Id="55"|morphId="470020040171"|Unicode="τὴν"|Lemma="ὁ"|Lang="G"|StrongNumber="G35880"|Morph="EA,,,,AFS,"|Type="Article"|Case="Accusative"|Gender="Feminine"|Number="Singular"|English="the"
470020040181|ἀγάπην|470020040201|O|Cat="noun"|Id="58"|morphId="470020040181"|Unicode="ἀγάπην"|Lemma="ἀγάπη"|Lang="G"|StrongNumber="G00260"|Morph="N,,,,,AFS,"|Case="Accusative"|Gender="Feminine"|Number="Singular"|English="love"
470020040211|ἣν|470020040221|O|Cat="pron"|Id="62"|morphId="470020040211"|Unicode="ἣν"|Lemma="ὅς"|Lang="G"|StrongNumber="G37390"|Morph="RD,,,,AFS,"|Type="Demonstrative"|Case="Accusative"|Gender="Feminine"|Number="Singular"|English="which"
470020040221|ἔχω|470020040181|CL|Cat="verb"|Id="65"|morphId="470020040221"|Unicode="ἔχω"|Lemma="ἔχω"|Lang="G"|StrongNumber="G21920"|Morph="V,IPA1,,S,"|Mood="Indicative"|Tense="Present"|Voice="Active"|Person="First"|Number="Singular"|English="I have"
470020040231|περισσοτέρως|470020040221|ADV|Cat="adv"|Id="68"|morphId="470020040231"|Unicode="περισσοτέρως"|Lemma="περισσοτέρως"|Lang="G"|StrongNumber="G40560"|Morph="D,,,,,,,,C"|English="abundant"
470020040241|εἰς|470020040251|prep|Cat="prep"|Id="71"|morphId="470020040241"|Unicode="εἰς"|Lemma="εἰς"|Lang="G"|StrongNumber="G15190"|Morph="P,,,,,A,,,"|Case="Accusative"|English="for"
470020040251|ὑμᾶς.|470020040221|ADV|Cat="pron"|Id="73"|morphId="470020040251"|Unicode="ὑμᾶς."|Lemma="σύ"|Lang="G"|StrongNumber="G47710"|Morph="RP,,,2A,P,"|Type="Personal"|Person="Second"|Case="Accusative"|Number="Plural"|English="you"
470020050021|δέ|470020050151|conj|Cat="conj"|Id="3"|morphId="470020050021"|Unicode="δέ"|Lemma="δέ"|Lang="G"|StrongNumber="G11610"|Morph="CC,,,,,,,,"|Type="Coordinating"|English="but"
470020050011|εἰ|470020050041|conj|Cat="conj"|Id="6"|morphId="470020050011"|Unicode="εἰ"|Lemma="εἰ"|Lang="G"|StrongNumber="G14870"|Morph="CS,,,,,,,,"|Type="Subordinating"|English="if"
470020050031|τις|470020050041|S|Cat="pron"|Id="10"|morphId="470020050031"|Unicode="τις"|Lemma="τις"|Lang="G"|StrongNumber="G51000"|Morph="RI,,,,NMS,"|Type="Indefinite"|Case="Nominative"|Gender="Masculine"|Number="Singular"|English="anyone"
470020050041|λελύπηκεν,|470020050151|CL|Cat="verb"|Id="13"|morphId="470020050041"|Unicode="λελύπηκεν,"|Lemma="λυπέω"|Lang="G"|StrongNumber="G30760"|Morph="V,IEA3,,S,"|Mood="Indicative"|Tense="Perfect"|Voice="Active"|Person="Third"|Number="Singular"|English="has caused pain"
470020050051|οὐκ|470020050151|advp|Cat="adv"|Id="16"|morphId="470020050051"|Unicode="οὐκ"|Lemma="οὐ"|Lang="G"|StrongNumber="G37560"|Morph="DO,,,,,,,,"|Type="Correlative"|English="not"
470020050061|ἐμὲ|470020050071|O|Cat="pron"|Id="20"|morphId="470020050061"|Unicode="ἐμὲ"|Lemma="ἐγώ"|Lang="G"|StrongNumber="G14730"|Morph="RP,,,1A,S,"|Type="Personal"|Person="First"|Case="Accusative"|Number="Singular"|English="me"
470020050071|λελύπηκεν,|470020050151|CL|Cat="verb"|Id="23"|morphId="470020050071"|Unicode="λελύπηκεν,"|Lemma="λυπέω"|Lang="G"|StrongNumber="G30760"|Morph="V,IEA3,,S,"|Mood="Indicative"|Tense="Perfect"|Voice="Active"|Person="Third"|Number="Singular"|English="he has ~ grieved"
470020050081|ἀλλὰ|470020050151|conj|Cat="conj"|Id="24"|morphId="470020050081"|Unicode="ἀλλὰ"|Lemma="ἀλλά"|Lang="G"|StrongNumber="G02350"|Morph="CO,,,,,,,,"|Type="Correlative"|English="but"
470020050091|ἀπὸ|470020050101|prep|Cat="prep"|Id="29"|morphId="470020050091"|Unicode="ἀπὸ"|Lemma="ἀπό"|Lang="G"|StrongNumber="G05750"|Morph="P,,,,,G,,,"|Case="Genitive"|English="in part"
470020050101|μέρους,|470020050151|ADV|Cat="noun"|Id="31"|morphId="470020050101"|Unicode="μέρους,"|Lemma="μέρος"|Lang="G"|StrongNumber="G33130"|Morph="N,,,,,GNS,"|Case="Genitive"|Gender="Neuter"|Number="Singular"
470020050141|πάντας|470020050151|np|Cat="pron"|Id="35"|morphId="470020050141"|Unicode="πάντας"|Lemma="πᾶς"|Lang="G"|StrongNumber="G39560"|Morph="RI,,,,AMP,"|Type="Indefinite"|Case="Accusative"|Gender="Masculine"|Number="Plural"|English="all"
470020050151|ὑμᾶς.|None|CL|Cat="pron"|Id="37"|morphId="470020050151"|Unicode="ὑμᾶς."|Lemma="σύ"|Lang="G"|StrongNumber="G47710"|Morph="RP,,,2A,P,"|Type="Personal"|Person="Second"|Case="Accusative"|Number="Plural"|English="you"
470020050111|ἵνα|470020050131|conj|Cat="conj"|Id="39"|morphId="470020050111"|Unicode="ἵνα"|Lemma="ἵνα"|Lang="G"|StrongNumber="G24430"|Morph="CS,,,,,,,,"|Type="Subordinating"|English="to"
470020050121|μὴ|470020050131|ADV|Cat="adv"|Id="43"|morphId="470020050121"|Unicode="μὴ"|Lemma="μή"|Lang="G"|StrongNumber="G33610"|Morph="D,,,,,,,,,"|English="not"
470020050131|ἐπιβαρῶ|470020050151|CL|Cat="verb"|Id="46"|morphId="470020050131"|Unicode="ἐπιβαρῶ"|Lemma="ἐπιβαρέω"|Lang="G"|StrongNumber="G19120"|Morph="V,SPA1,,S,"|Mood="Subjunctive"|Tense="Present"|Voice="Active"|Person="First"|Number="Singular"|English="exaggerate"
470020060011|ἱκανὸν|None|CL|Cat="noun"|Id="5"|morphId="470020060011"|Unicode="ἱκανὸν"|Lemma="ἱκανός"|Lang="G"|StrongNumber="G24250"|Morph="NP,,,,NNS,"|Type="Predicate_Adj"|Case="Nominative"|Gender="Neuter"|Number="Singular"|English="sufficient"
470020060021|τῷ|470020060031|det|Cat="det"|Id="8"|morphId="470020060021"|Unicode="τῷ"|Lemma="ὁ"|Lang="G"|StrongNumber="G35880"|Morph="EA,,,,DMS,"|Type="Article"|Case="Dative"|Gender="Masculine"|Number="Singular"
470020060031|τοιούτῳ|470020060011|ADV|Cat="pron"|Id="10"|morphId="470020060031"|Unicode="τοιούτῳ"|Lemma="τοιοῦτος"|Lang="G"|StrongNumber="G51080"|Morph="RD,,,,DMS,"|Type="Demonstrative"|Case="Dative"|Gender="Masculine"|Number="Singular"|English="to such a man"
470020060041|ἡ|470020060051|det|Cat="det"|Id="15"|morphId="470020060041"|Unicode="ἡ"|Lemma="ὁ"|Lang="G"|StrongNumber="G35880"|Morph="EA,,,,NFS,"|Type="Article"|Case="Nominative"|Gender="Feminine"|Number="Singular"|English="the"
470020060051|ἐπιτιμία|470020060011|S|Cat="noun"|Id="17"|morphId="470020060051"|Unicode="ἐπιτιμία"|Lemma="ἐπιτιμία"|Lang="G"|StrongNumber="G20090"|Morph="N,,,,,NFS,"|Case="Nominative"|Gender="Feminine"|Number="Singular"|English="punishment"
470020060061|αὕτη,|470020060051|np|Cat="det"|Id="19"|morphId="470020060061"|Unicode="αὕτη,"|Lemma="οὗτος"|Lang="G"|StrongNumber="G37780"|Morph="ED,,,,NFS,"|Type="Demonstrative"|Case="Nominative"|Gender="Feminine"|Number="Singular"|English="this"
470020060071|ἡ|470020060051|np|Cat="pron"|Id="22"|morphId="470020060071"|Unicode="ἡ"|Lemma="ὁ"|Lang="G"|StrongNumber="G35880"|Morph="RR,,,,NFS,"|Type="Relative"|Case="Nominative"|Gender="Feminine"|Number="Singular"|English="which"
470020060081|ὑπὸ|470020060101|prep|Cat="prep"|Id="24"|morphId="470020060081"|Unicode="ὑπὸ"|Lemma="ὑπό"|Lang="G"|StrongNumber="G52590"|Morph="P,,,,,G,,,"|Case="Genitive"|English="by"
470020060091|τῶν|470020060101|det|Cat="det"|Id="26"|morphId="470020060091"|Unicode="τῶν"|Lemma="ὁ"|Lang="G"|StrongNumber="G35880"|Morph="EA,,,,GMP,"|Type="Article"|Case="Genitive"|Gender="Masculine"|Number="Plural"|English="the"
470020060101|πλειόνων,|470020060071|pp|Cat="pron"|Id="28"|morphId="470020060101"|Unicode="πλειόνων,"|Lemma="πλείων"|Lang="G"|StrongNumber="G41190"|Morph="RI,,,,GMPC"|Type="Indefinite"|Case="Genitive"|Gender="Masculine"|Number="Plural"|English="majority"
470020070011|ὥστε|470020070051|conj|Cat="conj"|Id="4"|morphId="470020070011"|Unicode="ὥστε"|Lemma="ὥστε"|Lang="G"|StrongNumber="G56200"|Morph="CS,,,,,,,,"|Type="Subordinating"|English="so that"
470020070021|τοὐναντίον|470020070051|ADV|Cat="adv"|Id="9"|morphId="470020070021"|Unicode="τοὐναντίον"|Lemma="τοὐναντίον"|Lang="G"|StrongNumber="G51210"|Morph="D,,,,,,,,,"|English="instead"
470020070031|μᾶλλον|470020070021|advp|Cat="adv"|Id="11"|morphId="470020070031"|Unicode="μᾶλλον"|Lemma="μᾶλλον"|Lang="G"|StrongNumber="G31230"|Morph="D,,,,,,,,,"|English="rather"
470020070041|ὑμᾶς|470020070051|S|Cat="pron"|Id="14"|morphId="470020070041"|Unicode="ὑμᾶς"|Lemma="σύ"|Lang="G"|StrongNumber="G47710"|Morph="RP,,,2A,P,"|Type="Personal"|Person="Second"|Case="Accusative"|Number="Plural"|English="you"
470020070051|χαρίσασθαι|None|CL|Cat="verb"|Id="18"|morphId="470020070051"|Unicode="χαρίσασθαι"|Lemma="χαρίζομαι"|Lang="G"|StrongNumber="G54830"|Morph="V,NAM,,,,,"|Mood="Infinitive"|Tense="Aorist"|Voice="Middle"|English="should ~ forgive"
470020070061|καὶ|470020070051|conj|Cat="conj"|Id="19"|morphId="470020070061"|Unicode="καὶ"|Lemma="καί"|Lang="G"|StrongNumber="G25320"|Morph="CC,,,,,,,,"|Type="Coordinating"|English="and"
470020070071|παρακαλέσαι,|470020070051|vp|Cat="verb"|Id="21"|morphId="470020070071"|Unicode="παρακαλέσαι,"|Lemma="παρακαλέω"|Lang="G"|StrongNumber="G38700"|Morph="V,NAA,,,,,"|Mood="Infinitive"|Tense="Aorist"|Voice="Active"|English="comfort"
470020070081|μή|470020070131|ptcl|Cat="conj"|Id="24"|morphId="470020070081"|Unicode="μή"|Lemma="μή"|Lang="G"|StrongNumber="G33610"|Morph="CS,,,,,,,,"|Type="Subordinating"|English="lest"
470020070091|πως|470020070131|ptcl|Cat="adv"|Id="27"|morphId="470020070091"|Unicode="πως"|Lemma="πώς"|Lang="G"|StrongNumber="G44580"|Morph="D,,,,,,,,,"|English="somehow"
470020070101|τῇ|470020070121|det|Cat="det"|Id="31"|morphId="470020070101"|Unicode="τῇ"|Lemma="ὁ"|Lang="G"|StrongNumber="G35880"|Morph="EA,,,,DFS,"|Type="Article"|Case="Dative"|Gender="Feminine"|Number="Singular"
470020070111|περισσοτέρᾳ|470020070121|adjp|Cat="adj"|Id="34"|morphId="470020070111"|Unicode="περισσοτέρᾳ"|Lemma="περισσότερος"|Lang="G"|StrongNumber="G40550"|Morph="AA,,,,DFSC"|Type="Ascriptive"|Case="Dative"|Gender="Feminine"|Number="Singular"|English="excessive"
470020070121|λύπῃ,|470020070131|ADV|Cat="noun"|Id="36"|morphId="470020070121"|Unicode="λύπῃ,"|Lemma="λύπη"|Lang="G"|StrongNumber="G30770"|Morph="N,,,,,DFS,"|Case="Dative"|Gender="Feminine"|Number="Singular"|English="by ~ sorrow"
470020070131|καταποθῇ|470020070051|CL|Cat="verb"|Id="39"|morphId="470020070131"|Unicode="καταποθῇ"|Lemma="καταπίνω"|Lang="G"|StrongNumber="G26660"|Morph="V,SAP3,,S,"|Mood="Subjunctive"|Tense="Aorist"|Voice="Passive"|Person="Third"|Number="Singular"|English="he may be overwhelmed"
470020070141|ὁ|470020070151|det|Cat="det"|Id="42"|morphId="470020070141"|Unicode="ὁ"|Lemma="ὁ"|Lang="G"|StrongNumber="G35880"|Morph="EA,,,,NMS,"|Type="Article"|Case="Nominative"|Gender="Masculine"|Number="Singular"
470020070151|τοιοῦτος.|470020070131|S|Cat="pron"|Id="44"|morphId="470020070151"|Unicode="τοιοῦτος."|Lemma="τοιοῦτος"|Lang="G"|StrongNumber="G51080"|Morph="RD,,,,NMS,"|Type="Demonstrative"|Case="Nominative"|Gender="Masculine"|Number="Singular"|English="such a one"
470020080011|διὸ|470020080021|conj|Cat="conj"|Id="3"|morphId="470020080011"|Unicode="διὸ"|Lemma="διό"|Lang="G"|StrongNumber="G13520"|Morph="CC,,,,,,,,"|Type="Coordinating"|English="therefore"
470020080021|παρακαλῶ|None|CL|Cat="verb"|Id="7"|morphId="470020080021"|Unicode="παρακαλῶ"|Lemma="παρακαλέω"|Lang="G"|StrongNumber="G38700"|Morph="V,IPA1,,S,"|Mood="Indicative"|Tense="Present"|Voice="Active"|Person="First"|Number="Singular"|English="I urge"
470020080031|ὑμᾶς,|470020080041|S|Cat="pron"|Id="12"|morphId="470020080031"|Unicode="ὑμᾶς,"|Lemma="σύ"|Lang="G"|StrongNumber="G47710"|Morph="RP,,,2A,P,"|Type="Personal"|Person="Second"|Case="Accusative"|Number="Plural"|English="you"
470020080041|κυρῶσαι|470020080021|O|Cat="verb"|Id="15"|morphId="470020080041"|Unicode="κυρῶσαι"|Lemma="κυρόω"|Lang="G"|StrongNumber="G29640"|Morph="V,NAA,,,,,"|Mood="Infinitive"|Tense="Aorist"|Voice="Active"|English="to reaffirm"
470020080051|εἰς|470020080061|prep|Cat="prep"|Id="18"|morphId="470020080051"|Unicode="εἰς"|Lemma="εἰς"|Lang="G"|StrongNumber="G15190"|Morph="P,,,,,A,,,"|Case="Accusative"|English="for"
470020080061|αὐτὸν|470020080041|ADV|Cat="pron"|Id="20"|morphId="470020080061"|Unicode="αὐτὸν"|Lemma="αὐτός"|Lang="G"|StrongNumber="G08460"|Morph="RP,,,3AMS,"|Type="Personal"|Person="Third"|Case="Accusative"|Gender="Masculine"|Number="Singular"|English="him"
470020080071|ἀγάπην.|470020080041|O|Cat="noun"|Id="23"|morphId="470020080071"|Unicode="ἀγάπην."|Lemma="ἀγάπη"|Lang="G"|StrongNumber="G00260"|Morph="N,,,,,AFS,"|Case="Accusative"|Gender="Feminine"|Number="Singular"|English="love"
470020090031|γὰρ|470020090051|conj|Cat="conj"|Id="3"|morphId="470020090031"|Unicode="γὰρ"|Lemma="γάρ"|Lang="G"|StrongNumber="G10630"|Morph="CC,,,,,,,,"|Type="Coordinating"|English="for"
470020090011|εἰς|470020090021|prep|Cat="prep"|Id="8"|morphId="470020090011"|Unicode="εἰς"|Lemma="εἰς"|Lang="G"|StrongNumber="G15190"|Morph="P,,,,,A,,,"|Case="Accusative"|English="to"
470020090021|τοῦτο|470020090051|ADV|Cat="pron"|Id="10"|morphId="470020090021"|Unicode="τοῦτο"|Lemma="οὗτος"|Lang="G"|StrongNumber="G37780"|Morph="RD,,,,ANS,"|Type="Demonstrative"|Case="Accusative"|Gender="Neuter"|Number="Singular"|English="this end"
470020090041|καὶ|470020090051|ADV|Cat="adv"|Id="13"|morphId="470020090041"|Unicode="καὶ"|Lemma="καί"|Lang="G"|StrongNumber="G25320"|Morph="D,,,,,,,,,"|English="also"
470020090051|ἔγραψα,|None|CL|Cat="verb"|Id="16"|morphId="470020090051"|Unicode="ἔγραψα,"|Lemma="γράφω"|Lang="G"|StrongNumber="G11250"|Morph="V,IAA1,,S,"|Mood="Indicative"|Tense="Aorist"|Voice="Active"|Person="First"|Number="Singular"|English="I wrote"
470020090061|ἵνα|470020090071|conj|Cat="conj"|Id="18"|morphId="470020090061"|Unicode="ἵνα"|Lemma="ἵνα"|Lang="G"|StrongNumber="G24430"|Morph="CS,,,,,,,,"|Type="Subordinating"|English="to"
470020090071|γνῶ|470020090051|CL|Cat="verb"|Id="23"|morphId="470020090071"|Unicode="γνῶ"|Lemma="γινώσκω"|Lang="G"|StrongNumber="G10970"|Morph="V,SAA1,,S,"|Mood="Subjunctive"|Tense="Aorist"|Voice="Active"|Person="First"|Number="Singular"|English="know"
470020090081|τὴν|470020090091|det|Cat="det"|Id="26"|morphId="470020090081"|Unicode="τὴν"|Lemma="ὁ"|Lang="G"|StrongNumber="G35880"|Morph="EA,,,,AFS,"|Type="Article"|Case="Accusative"|Gender="Feminine"|Number="Singular"|English="the"
470020090091|δοκιμὴν|470020090071|O|Cat="noun"|Id="29"|morphId="470020090091"|Unicode="δοκιμὴν"|Lemma="δοκιμή"|Lang="G"|StrongNumber="G13820"|Morph="N,,,,,AFS,"|Case="Accusative"|Gender="Feminine"|Number="Singular"|English="test"
470020090101|ὑμῶν,|470020090091|np|Cat="pron"|Id="31"|morphId="470020090101"|Unicode="ὑμῶν,"|Lemma="σύ"|Lang="G"|StrongNumber="G47710"|Morph="RP,,,2G,P,"|Type="Personal"|Person="Second"|Case="Genitive"|Number="Plural"|English="of you"
470020090111|εἰ|470020090141|conj|Cat="conj"|Id="33"|morphId="470020090111"|Unicode="εἰ"|Lemma="εἰ"|Lang="G"|StrongNumber="G14870"|Morph="CS,,,,,,,,"|Type="Subordinating"|English="whether"
470020090121|εἰς|470020090131|prep|Cat="prep"|Id="37"|morphId="470020090121"|Unicode="εἰς"|Lemma="εἰς"|Lang="G"|StrongNumber="G15190"|Morph="P,,,,,A,,,"|Case="Accusative"|English="in"
470020090131|πάντα|470020090141|ADV|Cat="pron"|Id="39"|morphId="470020090131"|Unicode="πάντα"|Lemma="πᾶς"|Lang="G"|StrongNumber="G39560"|Morph="RI,,,,ANP,"|Type="Indefinite"|Case="Accusative"|Gender="Neuter"|Number="Plural"|English="everything"
470020090141|ὑπήκοοί|470020090071|CL|Cat="noun"|Id="42"|morphId="470020090141"|Unicode="ὑπήκοοί"|Lemma="ὑπήκοος"|Lang="G"|StrongNumber="G52550"|Morph="NP,,,,NMP,"|Type="Predicate_Adj"|Case="Nominative"|Gender="Masculine"|Number="Plural"|English="obedient"
470020090151|ἐστε.|470020090141|VC|Cat="verb"|Id="45"|morphId="470020090151"|Unicode="ἐστε."|Lemma="εἰμί"|Lang="G"|StrongNumber="G15100"|Morph="V,IPA2,,P,"|Mood="Indicative"|Tense="Present"|Voice="Active"|Person="Second"|Number="Plural"|English="you are"
470020100021|δέ|470020100051|conj|Cat="conj"|Id="3"|morphId="470020100021"|Unicode="δέ"|Lemma="δέ"|Lang="G"|StrongNumber="G11610"|Morph="CC,,,,,,,,"|Type="Coordinating"|English="now"
470020100011|ᾧ|470020100041|IO|Cat="pron"|Id="8"|morphId="470020100011"|Unicode="ᾧ"|Lemma="ὅς"|Lang="G"|StrongNumber="G37390"|Morph="RR,,,,DMS,"|Type="Relative"|Case="Dative"|Gender="Masculine"|Number="Singular"|English="to whom"
470020100031|τι|470020100041|O|Cat="pron"|Id="11"|morphId="470020100031"|Unicode="τι"|Lemma="τις"|Lang="G"|StrongNumber="G51000"|Morph="RI,,,,ANS,"|Type="Indefinite"|Case="Accusative"|Gender="Neuter"|Number="Singular"|English="anything"
470020100041|χαρίζεσθε,|470020100051|CL|Cat="verb"|Id="14"|morphId="470020100041"|Unicode="χαρίζεσθε,"|Lemma="χαρίζομαι"|Lang="G"|StrongNumber="G54830"|Morph="V,IPM2,,P,"|Mood="Indicative"|Tense="Present"|Voice="Middle"|Person="Second"|Number="Plural"|English="you forgive"
470020100051|κἀγώ;|None|CL|Cat="pron"|Id="18"|morphId="470020100051"|Unicode="κἀγώ;"|Lemma="κἀγώ"|Lang="G"|StrongNumber="G25040"|Morph="RP,,,1N,S,"|Type="Personal"|Person="First"|Case="Nominative"|Number="Singular"|English="I also"
470020100071|γὰρ|470020100101|conj|Cat="conj"|Id="20"|morphId="470020100071"|Unicode="γὰρ"|Lemma="γάρ"|Lang="G"|StrongNumber="G10630"|Morph="CC,,,,,,,,"|Type="Coordinating"|English="for"
470020100061|καὶ|470020100081|advp|Cat="adv"|Id="26"|morphId="470020100061"|Unicode="καὶ"|Lemma="καί"|Lang="G"|StrongNumber="G25320"|Morph="D,,,,,,,,,"|English="indeed"
470020100081|ἐγὼ|470020100101|S|Cat="pron"|Id="28"|morphId="470020100081"|Unicode="ἐγὼ"|Lemma="ἐγώ"|Lang="G"|StrongNumber="G14730"|Morph="RP,,,1N,S,"|Type="Personal"|Person="First"|Case="Nominative"|Number="Singular"|English="I"
470020100091|ὃ|470020100101|O|Cat="pron"|Id="31"|morphId="470020100091"|Unicode="ὃ"|Lemma="ὅς"|Lang="G"|StrongNumber="G37390"|Morph="RR,,,,ANS,"|Type="Relative"|Case="Accusative"|Gender="Neuter"|Number="Singular"|English="what"
470020100101|κεχάρισμαι,|470020100051|CL|Cat="verb"|Id="34"|morphId="470020100101"|Unicode="κεχάρισμαι,"|Lemma="χαρίζομαι"|Lang="G"|StrongNumber="G54830"|Morph="V,IEM1,,S,"|Mood="Indicative"|Tense="Perfect"|Voice="Middle"|Person="First"|Number="Singular"|English="have forgiven"
470020100111|εἴ|470020100131|conj|Cat="conj"|Id="36"|morphId="470020100111"|Unicode="εἴ"|Lemma="εἰ"|Lang="G"|StrongNumber="G14870"|Morph="CS,,,,,,,,"|Type="Subordinating"|English="if"
470020100121|τι|470020100131|O|Cat="pron"|Id="40"|morphId="470020100121"|Unicode="τι"|Lemma="τις"|Lang="G"|StrongNumber="G51000"|Morph="RI,,,,ANS,"|Type="Indefinite"|Case="Accusative"|Gender="Neuter"|Number="Singular"|English="anything"
470020100131|κεχάρισμαι,|470020100101|CL|Cat="verb"|Id="43"|morphId="470020100131"|Unicode="κεχάρισμαι,"|Lemma="χαρίζομαι"|Lang="G"|StrongNumber="G54830"|Morph="V,IEM1,,S,"|Mood="Indicative"|Tense="Perfect"|Voice="Middle"|Person="First"|Number="Singular"|English="I have forgiven"
470020100141|δι’|470020100151|prep|Cat="prep"|Id="46"|morphId="470020100141"|Unicode="δι’"|Lemma="διά"|Lang="G"|StrongNumber="G12230"|Morph="P,,,,,A,,,"|Case="Accusative"|English="for ~ sake"
470020100151|ὑμᾶς|470020100131|ADV|Cat="pron"|Id="48"|morphId="470020100151"|Unicode="ὑμᾶς"|Lemma="σύ"|Lang="G"|StrongNumber="G47710"|Morph="RP,,,2A,P,"|Type="Personal"|Person="Second"|Case="Accusative"|Number="Plural"|English="you"
470020100161|ἐν|470020100171|prep|Cat="prep"|Id="51"|morphId="470020100161"|Unicode="ἐν"|Lemma="ἐν"|Lang="G"|StrongNumber="G17220"|Morph="P,,,,,D,,,"|Case="Dative"|English="in"
470020100171|προσώπῳ|470020100131|ADV|Cat="noun"|Id="54"|morphId="470020100171"|Unicode="προσώπῳ"|Lemma="πρόσωπον"|Lang="G"|StrongNumber="G43830"|Morph="N,,,,,DNS,"|Case="Dative"|Gender="Neuter"|Number="Singular"|English="presence"
470020100181|Χριστοῦ,|470020100171|np|Cat="noun"|Id="56"|morphId="470020100181"|Unicode="Χριστοῦ,"|Lemma="χριστός"|Lang="G"|StrongNumber="G55470"|Morph="N,,,,,GMS,"|Case="Genitive"|Gender="Masculine"|Number="Singular"|English="of Christ"
470020110011|ἵνα|470020110031|conj|Cat="conj"|Id="4"|morphId="470020110011"|Unicode="ἵνα"|Lemma="ἵνα"|Lang="G"|StrongNumber="G24430"|Morph="CS,,,,,,,,"|Type="Subordinating"|English="so that"
470020110021|μὴ|470020110031|ADV|Cat="adv"|Id="8"|morphId="470020110021"|Unicode="μὴ"|Lemma="μή"|Lang="G"|StrongNumber="G33610"|Morph="D,,,,,,,,,"|English="not"
470020110031|πλεονεκτηθῶμεν|None|CL|Cat="verb"|Id="11"|morphId="470020110031"|Unicode="πλεονεκτηθῶμεν"|Lemma="πλεονεκτέω"|Lang="G"|StrongNumber="G41220"|Morph="V,SAP1,,P,"|Mood="Subjunctive"|Tense="Aorist"|Voice="Passive"|Person="First"|Number="Plural"|English="we may ~ be outwitted"
470020110041|ὑπὸ|470020110061|prep|Cat="prep"|Id="14"|morphId="470020110041"|Unicode="ὑπὸ"|Lemma="ὑπό"|Lang="G"|StrongNumber="G52590"|Morph="P,,,,,G,,,"|Case="Genitive"|English="by"
470020110051|τοῦ|470020110061|det|Cat="det"|Id="16"|morphId="470020110051"|Unicode="τοῦ"|Lemma="ὁ"|Lang="G"|StrongNumber="G35880"|Morph="EA,,,,GMS,"|Type="Article"|Case="Genitive"|Gender="Masculine"|Number="Singular"
470020110061|Σατανᾶ,|470020110031|ADV|Cat="noun"|Id="18"|morphId="470020110061"|Unicode="Σατανᾶ,"|Lemma="Σατανᾶς"|Lang="G"|StrongNumber="G45660"|Morph="N,,,,,GMS,"|Case="Genitive"|Gender="Masculine"|Number="Singular"|English="Satan"
470020110081|γὰρ|470020110121|conj|Cat="conj"|Id="20"|morphId="470020110081"|Unicode="γὰρ"|Lemma="γάρ"|Lang="G"|StrongNumber="G10630"|Morph="CC,,,,,,,,"|Type="Coordinating"|English="for"
470020110071|οὐ|470020110121|ADV|Cat="adv"|Id="24"|morphId="470020110071"|Unicode="οὐ"|Lemma="οὐ"|Lang="G"|StrongNumber="G37560"|Morph="D,,,,,,,,,"|English="not"
470020110091|αὐτοῦ|470020110111|np|Cat="pron"|Id="28"|morphId="470020110091"|Unicode="αὐτοῦ"|Lemma="αὐτός"|Lang="G"|StrongNumber="G08460"|Morph="RP,,,3GMS,"|Type="Personal"|Person="Third"|Case="Genitive"|Gender="Masculine"|Number="Singular"|English="of his"
470020110101|τὰ|470020110111|det|Cat="det"|Id="30"|morphId="470020110101"|Unicode="τὰ"|Lemma="ὁ"|Lang="G"|StrongNumber="G35880"|Morph="EA,,,,ANP,"|Type="Article"|Case="Accusative"|Gender="Neuter"|Number="Plural"
470020110111|νοήματα|470020110121|O|Cat="noun"|Id="32"|morphId="470020110111"|Unicode="νοήματα"|Lemma="νόημα"|Lang="G"|StrongNumber="G35400"|Morph="N,,,,,ANP,"|Case="Accusative"|Gender="Neuter"|Number="Plural"|English="of ~ schemes"
470020110121|ἀγνοοῦμεν.|470020110031|CL|Cat="verb"|Id="35"|morphId="470020110121"|Unicode="ἀγνοοῦμεν."|Lemma="ἀγνοέω"|Lang="G"|StrongNumber="G00500"|Morph="V,IPA1,,P,"|Mood="Indicative"|Tense="Present"|Voice="Active"|Person="First"|Number="Plural"|English="we are ~ ignorant"
470020120021|δὲ|470020120011|conj|Cat="conj"|Id="3"|morphId="470020120021"|Unicode="δὲ"|Lemma="δέ"|Lang="G"|StrongNumber="G11610"|Morph="CC,,,,,,,,"|Type="Coordinating"|English="now"
470020120011|ἐλθὼν|None|CL|Cat="verb"|Id="8"|morphId="470020120011"|Unicode="ἐλθὼν"|Lemma="ἔρχομαι"|Lang="G"|StrongNumber="G20640"|Morph="V,PAA,NMS,"|Mood="Participle"|Tense="Aorist"|Voice="Active"|Case="Nominative"|Gender="Masculine"|Number="Singular"|English="when ~ came"
470020120031|εἰς|470020120051|prep|Cat="prep"|Id="11"|morphId="470020120031"|Unicode="εἰς"|Lemma="εἰς"|Lang="G"|StrongNumber="G15190"|Morph="P,,,,,A,,,"|Case="Accusative"|English="to"
470020120041|τὴν|470020120051|det|Cat="det"|Id="13"|morphId="470020120041"|Unicode="τὴν"|Lemma="ὁ"|Lang="G"|StrongNumber="G35880"|Morph="EA,,,,AFS,"|Type="Article"|Case="Accusative"|Gender="Feminine"|Number="Singular"
470020120051|Τρῳάδα|470020120011|ADV|Cat="noun"|Id="15"|morphId="470020120051"|Unicode="Τρῳάδα"|Lemma="Τρῳάς"|Lang="G"|StrongNumber="G51740"|Morph="N,,,,,AFS,"|Case="Accusative"|Gender="Feminine"|Number="Singular"|English="Troas"
470020120061|εἰς|470020120081|prep|Cat="prep"|Id="18"|morphId="470020120061"|Unicode="εἰς"|Lemma="εἰς"|Lang="G"|StrongNumber="G15190"|Morph="P,,,,,A,,,"|Case="Accusative"|English="to"
470020120071|τὸ|470020120081|det|Cat="det"|Id="20"|morphId="470020120071"|Unicode="τὸ"|Lemma="ὁ"|Lang="G"|StrongNumber="G35880"|Morph="EA,,,,ANS,"|Type="Article"|Case="Accusative"|Gender="Neuter"|Number="Singular"|English="the"
470020120081|εὐαγγέλιον|470020120011|ADV|Cat="noun"|Id="23"|morphId="470020120081"|Unicode="εὐαγγέλιον"|Lemma="εὐαγγέλιον"|Lang="G"|StrongNumber="G20980"|Morph="N,,,,,ANS,"|Case="Accusative"|Gender="Neuter"|Number="Singular"|English="gospel"
470020120091|τοῦ|470020120101|det|Cat="det"|Id="25"|morphId="470020120091"|Unicode="τοῦ"|Lemma="ὁ"|Lang="G"|StrongNumber="G35880"|Morph="EA,,,,GMS,"|Type="Article"|Case="Genitive"|Gender="Masculine"|Number="Singular"
470020120101|Χριστοῦ,|470020120081|np|Cat="noun"|Id="27"|morphId="470020120101"|Unicode="Χριστοῦ,"|Lemma="χριστός"|Lang="G"|StrongNumber="G55470"|Morph="N,,,,,GMS,"|Case="Genitive"|Gender="Masculine"|Number="Singular"|English="of Christ"
470020120111|καὶ|470020120011|conj|Cat="conj"|Id="28"|morphId="470020120111"|Unicode="καὶ"|Lemma="καί"|Lang="G"|StrongNumber="G25320"|Morph="CC,,,,,,,,"|Type="Coordinating"|English="and"
470020120121|θύρας|470020120141|S|Cat="noun"|Id="32"|morphId="470020120121"|Unicode="θύρας"|Lemma="θύρα"|Lang="G"|StrongNumber="G23740"|Morph="N,,,,,GFS,"|Case="Genitive"|Gender="Feminine"|Number="Singular"|English="a door"
470020120131|μοι|470020120141|IO|Cat="pron"|Id="35"|morphId="470020120131"|Unicode="μοι"|Lemma="ἐγώ"|Lang="G"|StrongNumber="G14730"|Morph="RP,,,1D,S,"|Type="Personal"|Person="First"|Case="Dative"|Number="Singular"|English="to me"
470020120141|ἀνεῳγμένης|470020120011|CL|Cat="verb"|Id="38"|morphId="470020120141"|Unicode="ἀνεῳγμένης"|Lemma="ἀνεώγω"|Lang="G"|StrongNumber="G04550"|Morph="V,PEP,GFS,"|Mood="Participle"|Tense="Perfect"|Voice="Passive"|Case="Genitive"|Gender="Feminine"|Number="Singular"|English="was opened"
470020120151|ἐν|470020120161|prep|Cat="prep"|Id="41"|morphId="470020120151"|Unicode="ἐν"|Lemma="ἐν"|Lang="G"|StrongNumber="G17220"|Morph="P,,,,,D,,,"|Case="Dative"|English="in"
470020120161|Κυρίῳ,|470020120141|ADV|Cat="noun"|Id="43"|morphId="470020120161"|Unicode="Κυρίῳ,"|Lemma="κύριος"|Lang="G"|StrongNumber="G29620"|Morph="N,,,,,DMS,"|Case="Dative"|Gender="Masculine"|Number="Singular"|English="Lord"
470020130011|οὐκ|470020130021|ADV|Cat="adv"|Id="6"|morphId="470020130011"|Unicode="οὐκ"|Lemma="οὐ"|Lang="G"|StrongNumber="G37560"|Morph="D,,,,,,,,,"|English="no"
470020130021|ἔσχηκα|None|CL|Cat="verb"|Id="9"|morphId="470020130021"|Unicode="ἔσχηκα"|Lemma="ἔχω"|Lang="G"|StrongNumber="G21920"|Morph="V,IEA1,,S,"|Mood="Indicative"|Tense="Perfect"|Voice="Active"|Person="First"|Number="Singular"|English="I had"
470020130031|ἄνεσιν|470020130021|O|Cat="noun"|Id="12"|morphId="470020130031"|Unicode="ἄνεσιν"|Lemma="ἄνεσις"|Lang="G"|StrongNumber="G04250"|Morph="N,,,,,AFS,"|Case="Accusative"|Gender="Feminine"|Number="Singular"|English="rest"
470020130041|τῷ|470020130051|det|Cat="det"|Id="15"|morphId="470020130041"|Unicode="τῷ"|Lemma="ὁ"|Lang="G"|StrongNumber="G35880"|Morph="EA,,,,DNS,"|Type="Article"|Case="Dative"|Gender="Neuter"|Number="Singular"|English="in"
470020130051|πνεύματί|470020130021|ADV|Cat="noun"|Id="18"|morphId="470020130051"|Unicode="πνεύματί"|Lemma="πνεῦμα"|Lang="G"|StrongNumber="G41510"|Morph="N,,,,,DNS,"|Case="Dative"|Gender="Neuter"|Number="Singular"|English="in ~ spirit"
470020130061|μου,|470020130051|np|Cat="pron"|Id="20"|morphId="470020130061"|Unicode="μου,"|Lemma="ἐγώ"|Lang="G"|StrongNumber="G14730"|Morph="RP,,,1G,S,"|Type="Personal"|Person="First"|Case="Genitive"|Number="Singular"|English="of me"
470020130071|τῷ|470020130091|det|Cat="pron"|Id="24"|morphId="470020130071"|Unicode="τῷ"|Lemma="ὁ"|Lang="G"|StrongNumber="G35880"|Morph="RD,,,,DNS,"|Type="Demonstrative"|Case="Dative"|Gender="Neuter"|Number="Singular"
470020130081|μὴ|470020130091|ADV|Cat="adv"|Id="28"|morphId="470020130081"|Unicode="μὴ"|Lemma="μή"|Lang="G"|StrongNumber="G33610"|Morph="D,,,,,,,,,"|English="not"
470020130091|εὑρεῖν|470020130021|ADV|Cat="verb"|Id="31"|morphId="470020130091"|Unicode="εὑρεῖν"|Lemma="εὑρίσκω"|Lang="G"|StrongNumber="G21470"|Morph="V,NAA,,,,,"|Mood="Infinitive"|Tense="Aorist"|Voice="Active"|English="did ~ find"
470020130101|με|470020130091|S|Cat="pron"|Id="34"|morphId="470020130101"|Unicode="με"|Lemma="ἐγώ"|Lang="G"|StrongNumber="G14730"|Morph="RP,,,1A,S,"|Type="Personal"|Person="First"|Case="Accusative"|Number="Singular"
470020130111|Τίτον|470020130091|O|Cat="noun"|Id="38"|morphId="470020130111"|Unicode="Τίτον"|Lemma="Τίτος"|Lang="G"|StrongNumber="G51030"|Morph="N,,,,,AMS,"|Case="Accusative"|Gender="Masculine"|Number="Singular"|English="Titus"
470020130121|τὸν|470020130131|det|Cat="det"|Id="40"|morphId="470020130121"|Unicode="τὸν"|Lemma="ὁ"|Lang="G"|StrongNumber="G35880"|Morph="EA,,,,AMS,"|Type="Article"|Case="Accusative"|Gender="Masculine"|Number="Singular"|English="the"
470020130131|ἀδελφόν|470020130111|np|Cat="noun"|Id="43"|morphId="470020130131"|Unicode="ἀδελφόν"|Lemma="ἀδελφός"|Lang="G"|StrongNumber="G00800"|Morph="N,,,,,AMS,"|Case="Accusative"|Gender="Masculine"|Number="Singular"|English="brother"
470020130141|μου,|470020130131|np|Cat="pron"|Id="45"|morphId="470020130141"|Unicode="μου,"|Lemma="ἐγώ"|Lang="G"|StrongNumber="G14730"|Morph="RP,,,1G,S,"|Type="Personal"|Person="First"|Case="Genitive"|Number="Singular"|English="of me"
470020130151|ἀλλὰ|470020130021|conj|Cat="conj"|Id="46"|morphId="470020130151"|Unicode="ἀλλὰ"|Lemma="ἀλλά"|Lang="G"|StrongNumber="G02350"|Morph="CC,,,,,,,,"|Type="Coordinating"|English="but"
470020130161|ἀποταξάμενος|470020130181|ADV|Cat="verb"|Id="52"|morphId="470020130161"|Unicode="ἀποταξάμενος"|Lemma="ἀποτάσσω"|Lang="G"|StrongNumber="G06570"|Morph="V,PAM,NMS,"|Mood="Participle"|Tense="Aorist"|Voice="Middle"|Case="Nominative"|Gender="Masculine"|Number="Singular"|English="taking ~ leave"
470020130171|αὐτοῖς,|470020130161|O|Cat="pron"|Id="55"|morphId="470020130171"|Unicode="αὐτοῖς,"|Lemma="αὐτός"|Lang="G"|StrongNumber="G08460"|Morph="RP,,,3DMP,"|Type="Personal"|Person="Third"|Case="Dative"|Gender="Masculine"|Number="Plural"|English="to them"
470020130181|ἐξῆλθον|470020130021|CL|Cat="verb"|Id="58"|morphId="470020130181"|Unicode="ἐξῆλθον"|Lemma="ἐξέρχομαι"|Lang="G"|StrongNumber="G18310"|Morph="V,IAA1,,S,"|Mood="Indicative"|Tense="Aorist"|Voice="Active"|Person="First"|Number="Singular"|English="I departed"
470020130191|εἰς|470020130201|prep|Cat="prep"|Id="61"|morphId="470020130191"|Unicode="εἰς"|Lemma="εἰς"|Lang="G"|StrongNumber="G15190"|Morph="P,,,,,A,,,"|Case="Accusative"|English="to"
470020130201|Μακεδονίαν.|470020130181|ADV|Cat="noun"|Id="63"|morphId="470020130201"|Unicode="Μακεδονίαν."|Lemma="Μακεδονία"|Lang="G"|StrongNumber="G31090"|Morph="N,,,,,AFS,"|Case="Accusative"|Gender="Feminine"|Number="Singular"|English="Macedonia"
470020140021|δὲ|470020140041|conj|Cat="conj"|Id="3"|morphId="470020140021"|Unicode="δὲ"|Lemma="δέ"|Lang="G"|StrongNumber="G11610"|Morph="CC,,,,,,,,"|Type="Coordinating"|English="but"
470020140041|χάρις,|None|CL|Cat="noun"|Id="7"|morphId="470020140041"|Unicode="χάρις,"|Lemma="χάρις"|Lang="G"|StrongNumber="G54850"|Morph="N,,,,,NFS,"|Case="Nominative"|Gender="Feminine"|Number="Singular"|English="thanks"
470020140011|τῷ|470020140031|det|Cat="det"|Id="11"|morphId="470020140011"|Unicode="τῷ"|Lemma="ὁ"|Lang="G"|StrongNumber="G35880"|Morph="EA,,,,DMS,"|Type="Article"|Case="Dative"|Gender="Masculine"|Number="Singular"
470020140031|Θεῷ|470020140041|IO|Cat="noun"|Id="13"|morphId="470020140031"|Unicode="Θεῷ"|Lemma="θεός"|Lang="G"|StrongNumber="G23160"|Morph="N,,,,,DMS,"|Case="Dative"|Gender="Masculine"|Number="Singular"|English="to God"
470020140051|τῷ|470020140071|det|Cat="pron"|Id="16"|morphId="470020140051"|Unicode="τῷ"|Lemma="ὁ"|Lang="G"|StrongNumber="G35880"|Morph="RD,,,,DMS,"|Type="Demonstrative"|Case="Dative"|Gender="Masculine"|Number="Singular"|English="the one"
470020140061|πάντοτε|470020140071|ADV|Cat="adv"|Id="21"|morphId="470020140061"|Unicode="πάντοτε"|Lemma="πάντοτε"|Lang="G"|StrongNumber="G38420"|Morph="D,,,,,,,,,"|English="always"
470020140071|θριαμβεύοντι|470020140031|np|Cat="verb"|Id="24"|morphId="470020140071"|Unicode="θριαμβεύοντι"|Lemma="θριαμβεύω"|Lang="G"|StrongNumber="G23580"|Morph="V,PPA,DMS,"|Mood="Participle"|Tense="Present"|Voice="Active"|Case="Dative"|Gender="Masculine"|Number="Singular"|English="who ~ leads ~ in triumphal procession"
470020140081|ἡμᾶς|470020140071|O|Cat="pron"|Id="27"|morphId="470020140081"|Unicode="ἡμᾶς"|Lemma="ἐγώ"|Lang="G"|StrongNumber="G14730"|Morph="RP,,,1A,P,"|Type="Personal"|Person="First"|Case="Accusative"|Number="Plural"|English="us"
470020140091|ἐν|470020140111|prep|Cat="prep"|Id="30"|morphId="470020140091"|Unicode="ἐν"|Lemma="ἐν"|Lang="G"|StrongNumber="G17220"|Morph="P,,,,,D,,,"|Case="Dative"|English="in"
470020140101|τῷ|470020140111|det|Cat="det"|Id="32"|morphId="470020140101"|Unicode="τῷ"|Lemma="ὁ"|Lang="G"|StrongNumber="G35880"|Morph="EA,,,,DMS,"|Type="Article"|Case="Dative"|Gender="Masculine"|Number="Singular"
470020140111|Χριστῷ,|470020140071|ADV|Cat="noun"|Id="34"|morphId="470020140111"|Unicode="Χριστῷ,"|Lemma="χριστός"|Lang="G"|StrongNumber="G55470"|Morph="N,,,,,DMS,"|Case="Dative"|Gender="Masculine"|Number="Singular"|English="Christ"
470020140121|καὶ|470020140071|conj|Cat="conj"|Id="35"|morphId="470020140121"|Unicode="καὶ"|Lemma="καί"|Lang="G"|StrongNumber="G25320"|Morph="CC,,,,,,,,"|Type="Coordinating"|English="and"
470020140131|τὴν|470020140141|det|Cat="det"|Id="39"|morphId="470020140131"|Unicode="τὴν"|Lemma="ὁ"|Lang="G"|StrongNumber="G35880"|Morph="EA,,,,AFS,"|Type="Article"|Case="Accusative"|Gender="Feminine"|Number="Singular"|English="the"
470020140141|ὀσμὴν|470020140181|O|Cat="noun"|Id="42"|morphId="470020140141"|Unicode="ὀσμὴν"|Lemma="ὀσμή"|Lang="G"|StrongNumber="G37440"|Morph="N,,,,,AFS,"|Case="Accusative"|Gender="Feminine"|Number="Singular"|English="fragrance"
470020140151|τῆς|470020140161|det|Cat="det"|Id="44"|morphId="470020140151"|Unicode="τῆς"|Lemma="ὁ"|Lang="G"|StrongNumber="G35880"|Morph="EA,,,,GFS,"|Type="Article"|Case="Genitive"|Gender="Feminine"|Number="Singular"|English="the"
470020140161|γνώσεως|470020140141|np|Cat="noun"|Id="47"|morphId="470020140161"|Unicode="γνώσεως"|Lemma="γνῶσις"|Lang="G"|StrongNumber="G11080"|Morph="N,,,,,GFS,"|Case="Genitive"|Gender="Feminine"|Number="Singular"|English="of ~ knowledge"
470020140171|αὐτοῦ,|470020140161|np|Cat="pron"|Id="49"|morphId="470020140171"|Unicode="αὐτοῦ,"|Lemma="αὐτός"|Lang="G"|StrongNumber="G08460"|Morph="RP,,,3GMS,"|Type="Personal"|Person="Third"|Case="Genitive"|Gender="Masculine"|Number="Singular"|English="of  him"
470020140181|φανεροῦντι|470020140071|CL|Cat="verb"|Id="52"|morphId="470020140181"|Unicode="φανεροῦντι"|Lemma="φανερόω"|Lang="G"|StrongNumber="G53190"|Morph="V,PPA,DMS,"|Mood="Participle"|Tense="Present"|Voice="Active"|Case="Dative"|Gender="Masculine"|Number="Singular"|English="spreads"
470020140191|δι’|470020140201|prep|Cat="prep"|Id="55"|morphId="470020140191"|Unicode="δι’"|Lemma="διά"|Lang="G"|StrongNumber="G12230"|Morph="P,,,,,G,,,"|Case="Genitive"|English="through"
470020140201|ἡμῶν|470020140181|ADV|Cat="pron"|Id="57"|morphId="470020140201"|Unicode="ἡμῶν"|Lemma="ἐγώ"|Lang="G"|StrongNumber="G14730"|Morph="RP,,,1G,P,"|Type="Personal"|Person="First"|Case="Genitive"|Number="Plural"|English="us"
470020140211|ἐν|470020140231|prep|Cat="prep"|Id="60"|morphId="470020140211"|Unicode="ἐν"|Lemma="ἐν"|Lang="G"|StrongNumber="G17220"|Morph="P,,,,,D,,,"|Case="Dative"|English="in"
470020140221|παντὶ|470020140231|adjp|Cat="det"|Id="64"|morphId="470020140221"|Unicode="παντὶ"|Lemma="πᾶς"|Lang="G"|StrongNumber="G39560"|Morph="EQ,,,,DMS,"|Type="Quantifier"|Case="Dative"|Gender="Masculine"|Number="Singular"|English="every"
470020140231|τόπῳ.|470020140181|ADV|Cat="noun"|Id="66"|morphId="470020140231"|Unicode="τόπῳ."|Lemma="τόπος"|Lang="G"|StrongNumber="G51170"|Morph="N,,,,,DMS,"|Case="Dative"|Gender="Masculine"|Number="Singular"|English="place"
470020150011|ὅτι|470020150031|conj|Cat="conj"|Id="3"|morphId="470020150011"|Unicode="ὅτι"|Lemma="ὅτι"|Lang="G"|StrongNumber="G37540"|Morph="CS,,,,,,,,"|Type="Subordinating"|English="for"
470020150021|Χριστοῦ|470020150031|np|Cat="noun"|Id="8"|morphId="470020150021"|Unicode="Χριστοῦ"|Lemma="χριστός"|Lang="G"|StrongNumber="G55470"|Morph="N,,,,,GMS,"|Case="Genitive"|Gender="Masculine"|Number="Singular"|English="of Christ"
470020150031|εὐωδία|None|CL|Cat="noun"|Id="10"|morphId="470020150031"|Unicode="εὐωδία"|Lemma="εὐωδία"|Lang="G"|StrongNumber="G21750"|Morph="N,,,,,NFS,"|Case="Nominative"|Gender="Feminine"|Number="Singular"|English="aroma"
470020150041|ἐσμὲν|470020150031|VC|Cat="verb"|Id="13"|morphId="470020150041"|Unicode="ἐσμὲν"|Lemma="εἰμί"|Lang="G"|StrongNumber="G15100"|Morph="V,IPA1,,P,"|Mood="Indicative"|Tense="Present"|Voice="Active"|Person="First"|Number="Plural"|English="we are"
470020150051|τῷ|470020150061|det|Cat="det"|Id="16"|morphId="470020150051"|Unicode="τῷ"|Lemma="ὁ"|Lang="G"|StrongNumber="G35880"|Morph="EA,,,,DMS,"|Type="Article"|Case="Dative"|Gender="Masculine"|Number="Singular"
470020150061|Θεῷ,|470020150031|ADV|Cat="noun"|Id="18"|morphId="470020150061"|Unicode="Θεῷ,"|Lemma="θεός"|Lang="G"|StrongNumber="G23160"|Morph="N,,,,,DMS,"|Case="Dative"|Gender="Masculine"|Number="Singular"|English="to God"
470020150071|ἐν|470020150091|prep|Cat="prep"|Id="22"|morphId="470020150071"|Unicode="ἐν"|Lemma="ἐν"|Lang="G"|StrongNumber="G17220"|Morph="P,,,,,D,,,"|Case="Dative"|English="among"
470020150081|τοῖς|470020150091|det|Cat="pron"|Id="25"|morphId="470020150081"|Unicode="τοῖς"|Lemma="ὁ"|Lang="G"|StrongNumber="G35880"|Morph="RD,,,,DMP,"|Type="Demonstrative"|Case="Dative"|Gender="Masculine"|Number="Plural"|English="those"
470020150091|σῳζομένοις|470020150031|ADV|Cat="verb"|Id="29"|morphId="470020150091"|Unicode="σῳζομένοις"|Lemma="σῴζω"|Lang="G"|StrongNumber="G49820"|Morph="V,PPP,DMP,"|Mood="Participle"|Tense="Present"|Voice="Passive"|Case="Dative"|Gender="Masculine"|Number="Plural"|English="who are being saved"
470020150101|καὶ|470020150091|conj|Cat="conj"|Id="30"|morphId="470020150101"|Unicode="καὶ"|Lemma="καί"|Lang="G"|StrongNumber="G25320"|Morph="CC,,,,,,,,"|Type="Coordinating"|English="and"
470020150111|ἐν|470020150131|prep|Cat="prep"|Id="32"|morphId="470020150111"|Unicode="ἐν"|Lemma="ἐν"|Lang="G"|StrongNumber="G17220"|Morph="P,,,,,D,,,"|Case="Dative"|English="among"
470020150121|τοῖς|470020150131|det|Cat="pron"|Id="35"|morphId="470020150121"|Unicode="τοῖς"|Lemma="ὁ"|Lang="G"|StrongNumber="G35880"|Morph="RD,,,,DMP,"|Type="Demonstrative"|Case="Dative"|Gender="Masculine"|Number="Plural"|English="those"
470020150131|ἀπολλυμένοις;|470020150091|pp|Cat="verb"|Id="39"|morphId="470020150131"|Unicode="ἀπολλυμένοις;"|Lemma="ἀπόλλυμι"|Lang="G"|StrongNumber="G06220"|Morph="V,PPM,DMP,"|Mood="Participle"|Tense="Present"|Voice="Middle"|Case="Dative"|Gender="Masculine"|Number="Plural"|English="who are perishing"
470020160021|μὲν|470020160031|conj|Cat="adv"|Id="4"|morphId="470020160021"|Unicode="μὲν"|Lemma="μέν"|Lang="G"|StrongNumber="G33030"|Morph="DO,,,,,,,,"|Type="Correlative"
470020160011|οἷς|470020160031|ADV|Cat="pron"|Id="8"|morphId="470020160011"|Unicode="οἷς"|Lemma="ὅς"|Lang="G"|StrongNumber="G37390"|Morph="RI,,,,DMP,"|Type="Indefinite"|Case="Dative"|Gender="Masculine"|Number="Plural"|English="to the latter ones"
470020160031|ὀσμὴ|None|CL|Cat="noun"|Id="12"|morphId="470020160031"|Unicode="ὀσμὴ"|Lemma="ὀσμή"|Lang="G"|StrongNumber="G37440"|Morph="N,,,,,NFS,"|Case="Nominative"|Gender="Feminine"|Number="Singular"|English="an aroma"
470020160041|ἐκ|470020160051|prep|Cat="prep"|Id="15"|morphId="470020160041"|Unicode="ἐκ"|Lemma="ἐκ"|Lang="G"|StrongNumber="G15370"|Morph="P,,,,,G,,,"|Case="Genitive"|English="from"
470020160051|θανάτου|470020160031|pp|Cat="noun"|Id="17"|morphId="470020160051"|Unicode="θανάτου"|Lemma="θάνατος"|Lang="G"|StrongNumber="G22880"|Morph="N,,,,,GMS,"|Case="Genitive"|Gender="Masculine"|Number="Singular"|English="death"
470020160061|εἰς|470020160071|prep|Cat="prep"|Id="19"|morphId="470020160061"|Unicode="εἰς"|Lemma="εἰς"|Lang="G"|StrongNumber="G15190"|Morph="P,,,,,A,,,"|Case="Accusative"|English="to"
470020160071|θάνατον,|470020160051|pp|Cat="noun"|Id="21"|morphId="470020160071"|Unicode="θάνατον,"|Lemma="θάνατος"|Lang="G"|StrongNumber="G22880"|Morph="N,,,,,AMS,"|Case="Accusative"|Gender="Masculine"|Number="Singular"|English="death"
470020160091|δὲ|470020160031|conj|Cat="conj"|Id="22"|morphId="470020160091"|Unicode="δὲ"|Lemma="δέ"|Lang="G"|StrongNumber="G11610"|Morph="CO,,,,,,,,"|Type="Correlative"|English="but"
470020160081|οἷς|470020160101|ADV|Cat="pron"|Id="26"|morphId="470020160081"|Unicode="οἷς"|Lemma="ὅς"|Lang="G"|StrongNumber="G37390"|Morph="RI,,,,DMP,"|Type="Indefinite"|Case="Dative"|Gender="Masculine"|Number="Plural"|English="to the former ones"
470020160101|ὀσμὴ|470020160031|CL|Cat="noun"|Id="30"|morphId="470020160101"|Unicode="ὀσμὴ"|Lemma="ὀσμή"|Lang="G"|StrongNumber="G37440"|Morph="N,,,,,NFS,"|Case="Nominative"|Gender="Feminine"|Number="Singular"|English="a fragrance"
470020160111|ἐκ|470020160121|prep|Cat="prep"|Id="33"|morphId="470020160111"|Unicode="ἐκ"|Lemma="ἐκ"|Lang="G"|StrongNumber="G15370"|Morph="P,,,,,G,,,"|Case="Genitive"|English="from"
470020160121|ζωῆς|470020160101|pp|Cat="noun"|Id="35"|morphId="470020160121"|Unicode="ζωῆς"|Lemma="ζωή"|Lang="G"|StrongNumber="G22220"|Morph="N,,,,,GFS,"|Case="Genitive"|Gender="Feminine"|Number="Singular"|English="life"
470020160131|εἰς|470020160141|prep|Cat="prep"|Id="37"|morphId="470020160131"|Unicode="εἰς"|Lemma="εἰς"|Lang="G"|StrongNumber="G15190"|Morph="P,,,,,A,,,"|Case="Accusative"|English="to"
470020160141|ζωήν.|470020160121|pp|Cat="noun"|Id="39"|morphId="470020160141"|Unicode="ζωήν."|Lemma="ζωή"|Lang="G"|StrongNumber="G22220"|Morph="N,,,,,AFS,"|Case="Accusative"|Gender="Feminine"|Number="Singular"|English="life"
470020160151|καὶ|470020160191|conj|Cat="conj"|Id="41"|morphId="470020160151"|Unicode="καὶ"|Lemma="καί"|Lang="G"|StrongNumber="G25320"|Morph="CC,,,,,,,,"|Type="Coordinating"|English="and"
470020160161|πρὸς|470020160171|prep|Cat="prep"|Id="45"|morphId="470020160161"|Unicode="πρὸς"|Lemma="πρός"|Lang="G"|StrongNumber="G43140"|Morph="P,,,,,A,,,"|Case="Accusative"|English="for"
470020160171|ταῦτα|470020160191|ADV|Cat="pron"|Id="47"|morphId="470020160171"|Unicode="ταῦτα"|Lemma="οὗτος"|Lang="G"|StrongNumber="G37780"|Morph="RD,,,,ANP,"|Type="Demonstrative"|Case="Accusative"|Gender="Neuter"|Number="Plural"|English="doing these things"
470020160181|τίς|470020160191|S|Cat="pron"|Id="50"|morphId="470020160181"|Unicode="τίς"|Lemma="τίς"|Lang="G"|StrongNumber="G51010"|Morph="RT,,,,NMS,"|Type="Interrogative"|Case="Nominative"|Gender="Masculine"|Number="Singular"|English="who"
470020160191|ἱκανός?|470020160031|CL|Cat="noun"|Id="53"|morphId="470020160191"|Unicode="ἱκανός?"|Lemma="ἱκανός"|Lang="G"|StrongNumber="G24250"|Morph="NP,,,,NMS,"|Type="Predicate_Adj"|Case="Nominative"|Gender="Masculine"|Number="Singular"|English="sufficient"
470020170021|γάρ|470020170241|conj|Cat="conj"|Id="3"|morphId="470020170021"|Unicode="γάρ"|Lemma="γάρ"|Lang="G"|StrongNumber="G10630"|Morph="CC,,,,,,,,"|Type="Coordinating"|English="for"
470020170011|οὐ|470020170241|advp|Cat="adv"|Id="6"|morphId="470020170011"|Unicode="οὐ"|Lemma="οὐ"|Lang="G"|StrongNumber="G37560"|Morph="DO,,,,,,,,"|Type="Correlative"|English="not"
470020170031|ἐσμεν|470020170071|verb|Cat="verb"|Id="11"|morphId="470020170031"|Unicode="ἐσμεν"|Lemma="εἰμί"|Lang="G"|StrongNumber="G15100"|Morph="V,IPA1,,P,"|Mood="Indicative"|Tense="Present"|Voice="Active"|Person="First"|Number="Plural"|English="we are"
470020170071|καπηλεύοντες|470020170241|CL|Cat="verb"|Id="13"|morphId="470020170071"|Unicode="καπηλεύοντες"|Lemma="καπηλεύω"|Lang="G"|StrongNumber="G25850"|Morph="V,PPA,NMP,"|Mood="Participle"|Tense="Present"|Voice="Active"|Case="Nominative"|Gender="Masculine"|Number="Plural"|English="peddling"
470020170081|τὸν|470020170091|det|Cat="det"|Id="16"|morphId="470020170081"|Unicode="τὸν"|Lemma="ὁ"|Lang="G"|StrongNumber="G35880"|Morph="EA,,,,AMS,"|Type="Article"|Case="Accusative"|Gender="Masculine"|Number="Singular"|English="the"
470020170091|λόγον|470020170071|O|Cat="noun"|Id="19"|morphId="470020170091"|Unicode="λόγον"|Lemma="λόγος"|Lang="G"|StrongNumber="G30560"|Morph="N,,,,,AMS,"|Case="Accusative"|Gender="Masculine"|Number="Singular"|English="word"
470020170101|τοῦ|470020170111|det|Cat="det"|Id="21"|morphId="470020170101"|Unicode="τοῦ"|Lemma="ὁ"|Lang="G"|StrongNumber="G35880"|Morph="EA,,,,GMS,"|Type="Article"|Case="Genitive"|Gender="Masculine"|Number="Singular"
470020170111|Θεοῦ,|470020170091|np|Cat="noun"|Id="23"|morphId="470020170111"|Unicode="Θεοῦ,"|Lemma="θεός"|Lang="G"|StrongNumber="G23160"|Morph="N,,,,,GMS,"|Case="Genitive"|Gender="Masculine"|Number="Singular"|English="of God"
470020170041|ὡς|470020170061|conj|Cat="conj"|Id="25"|morphId="470020170041"|Unicode="ὡς"|Lemma="ὡς"|Lang="G"|StrongNumber="G56130"|Morph="CS,,,,,,,,"|Type="Subordinating"|English="like"
470020170051|οἱ|470020170061|det|Cat="det"|Id="29"|morphId="470020170051"|Unicode="οἱ"|Lemma="ὁ"|Lang="G"|StrongNumber="G35880"|Morph="EA,,,,NMP,"|Type="Article"|Case="Nominative"|Gender="Masculine"|Number="Plural"|English="the"
470020170061|πολλοὶ,|470020170071|CL|Cat="pron"|Id="31"|morphId="470020170061"|Unicode="πολλοὶ,"|Lemma="πολλός"|Lang="G"|StrongNumber="G41830"|Morph="RI,,,,NMP,"|Type="Indefinite"|Case="Nominative"|Gender="Masculine"|Number="Plural"|English="many"
470020170121|ἀλλ’|470020170241|conj|Cat="conj"|Id="32"|morphId="470020170121"|Unicode="ἀλλ’"|Lemma="ἀλλά"|Lang="G"|StrongNumber="G02350"|Morph="CO,,,,,,,,"|Type="Correlative"|English="but"
470020170131|ὡς|470020170151|conj|Cat="conj"|Id="36"|morphId="470020170131"|Unicode="ὡς"|Lemma="ὡς"|Lang="G"|StrongNumber="G56130"|Morph="CS,,,,,,,,"|Type="Subordinating"|English="as"
470020170141|ἐξ|470020170151|prep|Cat="prep"|Id="40"|morphId="470020170141"|Unicode="ἐξ"|Lemma="ἐκ"|Lang="G"|StrongNumber="G15370"|Morph="P,,,,,G,,,"|Case="Genitive"|English="of"
470020170151|εἰλικρινείας,|470020170241|CL|Cat="noun"|Id="42"|morphId="470020170151"|Unicode="εἰλικρινείας,"|Lemma="εἰλικρίνεια"|Lang="G"|StrongNumber="G15050"|Morph="N,,,,,GFS,"|Case="Genitive"|Gender="Feminine"|Number="Singular"|English="sincerity"
470020170161|ἀλλ’|470020170151|conj|Cat="conj"|Id="43"|morphId="470020170161"|Unicode="ἀλλ’"|Lemma="ἀλλά"|Lang="G"|StrongNumber="G02350"|Morph="CC,,,,,,,,"|Type="Coordinating"|English="but"
470020170171|ὡς|470020170191|conj|Cat="conj"|Id="45"|morphId="470020170171"|Unicode="ὡς"|Lemma="ὡς"|Lang="G"|StrongNumber="G56130"|Morph="CS,,,,,,,,"|Type="Subordinating"|English="as"
470020170181|ἐκ|470020170191|prep|Cat="prep"|Id="49"|morphId="470020170181"|Unicode="ἐκ"|Lemma="ἐκ"|Lang="G"|StrongNumber="G15370"|Morph="P,,,,,G,,,"|Case="Genitive"|English="from"
470020170191|Θεοῦ,|470020170151|CL|Cat="noun"|Id="51"|morphId="470020170191"|Unicode="Θεοῦ,"|Lemma="θεός"|Lang="G"|StrongNumber="G23160"|Morph="N,,,,,GMS,"|Case="Genitive"|Gender="Masculine"|Number="Singular"|English="God"
470020170201|κατέναντι|470020170211|prep|Cat="prep"|Id="55"|morphId="470020170201"|Unicode="κατέναντι"|Lemma="κατέναντι"|Lang="G"|StrongNumber="G27130"|Morph="PI,,,,G,,,"|Type="Improper"|Case="Genitive"|English="before"
470020170211|Θεοῦ|470020170241|ADV|Cat="noun"|Id="57"|morphId="470020170211"|Unicode="Θεοῦ"|Lemma="θεός"|Lang="G"|StrongNumber="G23160"|Morph="N,,,,,GMS,"|Case="Genitive"|Gender="Masculine"|Number="Singular"|English="God"
470020170221|ἐν|470020170231|prep|Cat="prep"|Id="60"|morphId="470020170221"|Unicode="ἐν"|Lemma="ἐν"|Lang="G"|StrongNumber="G17220"|Morph="P,,,,,D,,,"|Case="Dative"|English="in"
470020170231|Χριστῷ|470020170241|ADV|Cat="noun"|Id="62"|morphId="470020170231"|Unicode="Χριστῷ"|Lemma="χριστός"|Lang="G"|StrongNumber="G55470"|Morph="N,,,,,DMS,"|Case="Dative"|Gender="Masculine"|Number="Singular"|English="Christ"
470020170241|λαλοῦμεν.|None|CL|Cat="verb"|Id="65"|morphId="470020170241"|Unicode="λαλοῦμεν."|Lemma="λαλέω"|Lang="G"|StrongNumber="G29800"|Morph="V,IPA1,,P,"|Mood="Indicative"|Tense="Present"|Voice="Active"|Person="First"|Number="Plural"|English="we speak"
