610030010031|ἀγαπητοί,|610030010061|CL|Cat="noun"|Id="5"|morphId="610030010031"|Unicode="ἀγαπητοί,"|Lemma="ἀγαπητός"|Lang="G"|StrongNumber="G00270"|Morph="NS,,,,VMP,"|Type="Substantive_Adj"|Case="Vocative"|Gender="Masculine"|Number="Plural"|English="beloved"
610030010021|ἤδη,|610030010061|ADV|Cat="adv"|Id="10"|morphId="610030010021"|Unicode="ἤδη,"|Lemma="ἤδη"|Lang="G"|StrongNumber="G22350"|Morph="D,,,,,,,,,"|English="now"
610030010011|ταύτην|610030010071|np|Cat="pron"|Id="14"|morphId="610030010011"|Unicode="ταύτην"|Lemma="οὗτος"|Lang="G"|StrongNumber="G37780"|Morph="RD,,,,AFS,"|Type="Demonstrative"|Case="Accusative"|Gender="Feminine"|Number="Singular"|English="This"
610030010041|δευτέραν|610030010071|np|Cat="noun"|Id="17"|morphId="610030010041"|Unicode="δευτέραν"|Lemma="δεύτερος"|Lang="G"|StrongNumber="G12080"|Morph="NS,,,,AFS,"|Type="Substantive_Adj"|Case="Accusative"|Gender="Feminine"|Number="Singular"|English="second"
610030010071|ἐπιστολήν,|610030010061|O|Cat="noun"|Id="19"|morphId="610030010071"|Unicode="ἐπιστολήν,"|Lemma="ἐπιστολή"|Lang="G"|StrongNumber="G19920"|Morph="N,,,,,AFS,"|Case="Accusative"|Gender="Feminine"|Number="Singular"|English="letter"
610030010051|ὑμῖν|610030010061|IO|Cat="pron"|Id="22"|morphId="610030010051"|Unicode="ὑμῖν"|Lemma="σύ"|Lang="G"|StrongNumber="G47710"|Morph="RP,,,2D,P,"|Type="Personal"|Person="Second"|Case="Dative"|Number="Plural"|English="to you"
610030010061|γράφω|None|CL|Cat="verb"|Id="25"|morphId="610030010061"|Unicode="γράφω"|Lemma="γράφω"|Lang="G"|StrongNumber="G11250"|Morph="V,IPA1,,S,"|Mood="Indicative"|Tense="Present"|Voice="Active"|Person="First"|Number="Singular"|English="I am writing"
610030010081|ἐν|610030010091|prep|Cat="prep"|Id="29"|morphId="610030010081"|Unicode="ἐν"|Lemma="ἐν"|Lang="G"|StrongNumber="G17220"|Morph="P,,,,,D,,,"|Case="Dative"|English="in"
610030010091|αἷς|610030010101|ADV|Cat="pron"|Id="31"|morphId="610030010091"|Unicode="αἷς"|Lemma="ὅς"|Lang="G"|StrongNumber="G37390"|Morph="RR,,,,DFP,"|Type="Relative"|Case="Dative"|Gender="Feminine"|Number="Plural"|English="both of which"
610030010101|διεγείρω|610030010061|CL|Cat="verb"|Id="34"|morphId="610030010101"|Unicode="διεγείρω"|Lemma="διεγείρω"|Lang="G"|StrongNumber="G13260"|Morph="V,IPA1,,S,"|Mood="Indicative"|Tense="Present"|Voice="Active"|Person="First"|Number="Singular"|English="I am stirring up"
610030010121|ἐν|610030010131|prep|Cat="prep"|Id="37"|morphId="610030010121"|Unicode="ἐν"|Lemma="ἐν"|Lang="G"|StrongNumber="G17220"|Morph="P,,,,,D,,,"|Case="Dative"|English="by"
610030010131|ὑπομνήσει|610030010101|ADV|Cat="noun"|Id="39"|morphId="610030010131"|Unicode="ὑπομνήσει"|Lemma="ὑπόμνησις"|Lang="G"|StrongNumber="G52800"|Morph="N,,,,,DFS,"|Case="Dative"|Gender="Feminine"|Number="Singular"|English="reminder"
610030010111|ὑμῶν|610030010161|np|Cat="pron"|Id="43"|morphId="610030010111"|Unicode="ὑμῶν"|Lemma="σύ"|Lang="G"|StrongNumber="G47710"|Morph="RP,,,2G,P,"|Type="Personal"|Person="Second"|Case="Genitive"|Number="Plural"|English="of you"
610030010141|τὴν|610030010161|det|Cat="det"|Id="45"|morphId="610030010141"|Unicode="τὴν"|Lemma="ὁ"|Lang="G"|StrongNumber="G35880"|Morph="EA,,,,AFS,"|Type="Article"|Case="Accusative"|Gender="Feminine"|Number="Singular"|English="the"
610030010151|εἰλικρινῆ|610030010161|adjp|Cat="adj"|Id="48"|morphId="610030010151"|Unicode="εἰλικρινῆ"|Lemma="εἰλικρινής"|Lang="G"|StrongNumber="G15060"|Morph="AA,,,,AFS,"|Type="Ascriptive"|Case="Accusative"|Gender="Feminine"|Number="Singular"|English="sincere"
610030010161|διάνοιαν,|610030010101|O|Cat="noun"|Id="50"|morphId="610030010161"|Unicode="διάνοιαν,"|Lemma="διάνοια"|Lang="G"|StrongNumber="G12710"|Morph="N,,,,,AFS,"|Case="Accusative"|Gender="Feminine"|Number="Singular"|English="mind"
610030020011|μνησθῆναι|None|CL|Cat="verb"|Id="5"|morphId="610030020011"|Unicode="μνησθῆναι"|Lemma="μιμνῄσκω"|Lang="G"|StrongNumber="G34030"|Morph="V,NAP,,,,,"|Mood="Infinitive"|Tense="Aorist"|Voice="Passive"|English="should remember"
610030020021|τῶν|610030020041|det|Cat="det"|Id="9"|morphId="610030020021"|Unicode="τῶν"|Lemma="ὁ"|Lang="G"|StrongNumber="G35880"|Morph="EA,,,,GNP,"|Type="Article"|Case="Genitive"|Gender="Neuter"|Number="Plural"|English="the"
610030020031|προειρημένων|610030020041|adjp|Cat="verb"|Id="15"|morphId="610030020031"|Unicode="προειρημένων"|Lemma="προλέγω"|Lang="G"|StrongNumber="G43020"|Morph="V,PEP,GNP,"|Mood="Participle"|Tense="Perfect"|Voice="Passive"|Case="Genitive"|Gender="Neuter"|Number="Plural"|English="spoken in the past"
610030020051|ὑπὸ|610030020081|prep|Cat="prep"|Id="18"|morphId="610030020051"|Unicode="ὑπὸ"|Lemma="ὑπό"|Lang="G"|StrongNumber="G52590"|Morph="P,,,,,G,,,"|Case="Genitive"|English="by"
610030020061|τῶν|610030020081|det|Cat="det"|Id="20"|morphId="610030020061"|Unicode="τῶν"|Lemma="ὁ"|Lang="G"|StrongNumber="G35880"|Morph="EA,,,,GMP,"|Type="Article"|Case="Genitive"|Gender="Masculine"|Number="Plural"|English="the"
610030020071|ἁγίων|610030020081|adjp|Cat="adj"|Id="23"|morphId="610030020071"|Unicode="ἁγίων"|Lemma="ἅγιος"|Lang="G"|StrongNumber="G00400"|Morph="AA,,,,GMP,"|Type="Ascriptive"|Case="Genitive"|Gender="Masculine"|Number="Plural"|English="holy"
610030020081|προφητῶν,|610030020031|ADV|Cat="noun"|Id="25"|morphId="610030020081"|Unicode="προφητῶν,"|Lemma="προφήτης"|Lang="G"|StrongNumber="G43960"|Morph="N,,,,,GMP,"|Case="Genitive"|Gender="Masculine"|Number="Plural"|English="prophets"
610030020041|ῥημάτων,|610030020011|O|Cat="noun"|Id="27"|morphId="610030020041"|Unicode="ῥημάτων,"|Lemma="ῥῆμα"|Lang="G"|StrongNumber="G44870"|Morph="N,,,,,GNP,"|Case="Genitive"|Gender="Neuter"|Number="Plural"|English="words"
610030020091|καὶ|610030020041|conj|Cat="conj"|Id="28"|morphId="610030020091"|Unicode="καὶ"|Lemma="καί"|Lang="G"|StrongNumber="G25320"|Morph="CC,,,,,,,,"|Type="Coordinating"|English="and"
610030020101|τῆς|610030020141|det|Cat="det"|Id="30"|morphId="610030020101"|Unicode="τῆς"|Lemma="ὁ"|Lang="G"|StrongNumber="G35880"|Morph="EA,,,,GFS,"|Type="Article"|Case="Genitive"|Gender="Feminine"|Number="Singular"|English="the"
610030020111|τῶν|610030020121|det|Cat="det"|Id="33"|morphId="610030020111"|Unicode="τῶν"|Lemma="ὁ"|Lang="G"|StrongNumber="G35880"|Morph="EA,,,,GMP,"|Type="Article"|Case="Genitive"|Gender="Masculine"|Number="Plural"|English="the"
610030020121|ἀποστόλων|610030020141|np|Cat="noun"|Id="36"|morphId="610030020121"|Unicode="ἀποστόλων"|Lemma="ἀπόστολος"|Lang="G"|StrongNumber="G06520"|Morph="N,,,,,GMP,"|Case="Genitive"|Gender="Masculine"|Number="Plural"|English="apostles"
610030020131|ὑμῶν|610030020121|np|Cat="pron"|Id="38"|morphId="610030020131"|Unicode="ὑμῶν"|Lemma="σύ"|Lang="G"|StrongNumber="G47710"|Morph="RP,,,2G,P,"|Type="Personal"|Person="Second"|Case="Genitive"|Number="Plural"|English="of you"
610030020141|ἐντολῆς|610030020041|np|Cat="noun"|Id="41"|morphId="610030020141"|Unicode="ἐντολῆς"|Lemma="ἐντολή"|Lang="G"|StrongNumber="G17850"|Morph="N,,,,,GFS,"|Case="Genitive"|Gender="Feminine"|Number="Singular"|English="commandment"
610030020151|τοῦ|610030020161|det|Cat="det"|Id="43"|morphId="610030020151"|Unicode="τοῦ"|Lemma="ὁ"|Lang="G"|StrongNumber="G35880"|Morph="EA,,,,GMS,"|Type="Article"|Case="Genitive"|Gender="Masculine"|Number="Singular"|English="the"
610030020161|Κυρίου|610030020141|np|Cat="noun"|Id="46"|morphId="610030020161"|Unicode="Κυρίου"|Lemma="κύριος"|Lang="G"|StrongNumber="G29620"|Morph="N,,,,,GMS,"|Case="Genitive"|Gender="Masculine"|Number="Singular"|English="of ~ Lord"
610030020171|καὶ|610030020161|conj|Cat="conj"|Id="47"|morphId="610030020171"|Unicode="καὶ"|Lemma="καί"|Lang="G"|StrongNumber="G25320"|Morph="CC,,,,,,,,"|Type="Coordinating"|English="and"
610030020181|Σωτῆρος.|610030020161|np|Cat="noun"|Id="49"|morphId="610030020181"|Unicode="Σωτῆρος."|Lemma="σωτήρ"|Lang="G"|StrongNumber="G49900"|Morph="N,,,,,GMS,"|Case="Genitive"|Gender="Masculine"|Number="Singular"|English="savior"
610030030011|τοῦτο|610030030031|O|Cat="pron"|Id="6"|morphId="610030030011"|Unicode="τοῦτο"|Lemma="οὗτος"|Lang="G"|StrongNumber="G37780"|Morph="RD,,,,ANS,"|Type="Demonstrative"|Case="Accusative"|Gender="Neuter"|Number="Singular"|English="this"
610030030021|πρῶτον|610030030031|ADV|Cat="adv"|Id="9"|morphId="610030030021"|Unicode="πρῶτον"|Lemma="πρῶτον"|Lang="G"|StrongNumber="G44120"|Morph="D,,,,,,,,S"|English="first of all"
610030030031|γινώσκοντες,|None|CL|Cat="verb"|Id="12"|morphId="610030030031"|Unicode="γινώσκοντες,"|Lemma="γινώσκω"|Lang="G"|StrongNumber="G10970"|Morph="V,PPA,NMP,"|Mood="Participle"|Tense="Present"|Voice="Active"|Case="Nominative"|Gender="Masculine"|Number="Plural"|English="knowing"
610030030041|ὅτι|610030030051|conj|Cat="conj"|Id="14"|morphId="610030030041"|Unicode="ὅτι"|Lemma="ὅτι"|Lang="G"|StrongNumber="G37540"|Morph="CS,,,,,,,,"|Type="Subordinating"|English="that"
610030030051|ἐλεύσονται|610030030031|CL|Cat="verb"|Id="18"|morphId="610030030051"|Unicode="ἐλεύσονται"|Lemma="ἔρχομαι"|Lang="G"|StrongNumber="G20640"|Morph="V,IFM3,,P,"|Mood="Indicative"|Tense="Future"|Voice="Middle"|Person="Third"|Number="Plural"|English="will come"
610030030061|ἐπ’|610030030091|prep|Cat="prep"|Id="21"|morphId="610030030061"|Unicode="ἐπ’"|Lemma="ἐπί"|Lang="G"|StrongNumber="G19090"|Morph="P,,,,,G,,,"|Case="Genitive"|English="in"
610030030071|ἐσχάτων|610030030091|adjp|Cat="det"|Id="25"|morphId="610030030071"|Unicode="ἐσχάτων"|Lemma="ἔσχατος"|Lang="G"|StrongNumber="G20780"|Morph="EO,,,,GFP,"|Type="Ordinal"|Case="Genitive"|Gender="Feminine"|Number="Plural"|English="last"
610030030081|τῶν|610030030091|det|Cat="det"|Id="27"|morphId="610030030081"|Unicode="τῶν"|Lemma="ὁ"|Lang="G"|StrongNumber="G35880"|Morph="EA,,,,GFP,"|Type="Article"|Case="Genitive"|Gender="Feminine"|Number="Plural"|English="the"
610030030091|ἡμερῶν|610030030051|ADV|Cat="noun"|Id="29"|morphId="610030030091"|Unicode="ἡμερῶν"|Lemma="ἡμέρα"|Lang="G"|StrongNumber="G22500"|Morph="N,,,,,GFP,"|Case="Genitive"|Gender="Feminine"|Number="Plural"|English="days"
610030030101|ἐν|610030030111|prep|Cat="prep"|Id="32"|morphId="610030030101"|Unicode="ἐν"|Lemma="ἐν"|Lang="G"|StrongNumber="G17220"|Morph="P,,,,,D,,,"|Case="Dative"|English="with"
610030030111|ἐμπαιγμονῇ|610030030051|ADV|Cat="noun"|Id="34"|morphId="610030030111"|Unicode="ἐμπαιγμονῇ"|Lemma="ἐμπαιγμονή"|Lang="G"|StrongNumber="G17005"|Morph="N,,,,,DFS,"|Case="Dative"|Gender="Feminine"|Number="Singular"|English="scoffing"
610030030121|ἐμπαῖκται,|610030030051|S|Cat="noun"|Id="37"|morphId="610030030121"|Unicode="ἐμπαῖκται,"|Lemma="ἐμπαίκτης"|Lang="G"|StrongNumber="G17030"|Morph="N,,,,,NMP,"|Case="Nominative"|Gender="Masculine"|Number="Plural"|English="scoffers"
610030030131|κατὰ|610030030161|prep|Cat="prep"|Id="42"|morphId="610030030131"|Unicode="κατὰ"|Lemma="κατά"|Lang="G"|StrongNumber="G25960"|Morph="P,,,,,A,,,"|Case="Accusative"|English="according to"
610030030141|τὰς|610030030161|det|Cat="det"|Id="44"|morphId="610030030141"|Unicode="τὰς"|Lemma="ὁ"|Lang="G"|StrongNumber="G35880"|Morph="EP,,,,AFP,"|Type="Possessive"|Case="Accusative"|Gender="Feminine"|Number="Plural"|English="the"
610030030151|ἰδίας|610030030161|adjp|Cat="det"|Id="48"|morphId="610030030151"|Unicode="ἰδίας"|Lemma="ἴδιος"|Lang="G"|StrongNumber="G23980"|Morph="EF,,,,AFP,"|Type="Differential"|Case="Accusative"|Gender="Feminine"|Number="Plural"|English="own"
610030030161|ἐπιθυμίας|610030030181|ADV|Cat="noun"|Id="51"|morphId="610030030161"|Unicode="ἐπιθυμίας"|Lemma="ἐπιθυμία"|Lang="G"|StrongNumber="G19390"|Morph="N,,,,,AFP,"|Case="Accusative"|Gender="Feminine"|Number="Plural"|English="lusts"
610030030171|αὐτῶν|610030030161|np|Cat="pron"|Id="53"|morphId="610030030171"|Unicode="αὐτῶν"|Lemma="αὐτός"|Lang="G"|StrongNumber="G08460"|Morph="RP,,,3GMP,"|Type="Personal"|Person="Third"|Case="Genitive"|Gender="Masculine"|Number="Plural"|English="of them"
610030030181|πορευόμενοι,|610030030051|ADV|Cat="verb"|Id="56"|morphId="610030030181"|Unicode="πορευόμενοι,"|Lemma="πορεύω"|Lang="G"|StrongNumber="G41980"|Morph="V,PPM,NMP,"|Mood="Participle"|Tense="Present"|Voice="Middle"|Case="Nominative"|Gender="Masculine"|Number="Plural"|English="following"
610030040011|καὶ|610030040021|conj|Cat="conj"|Id="4"|morphId="610030040011"|Unicode="καὶ"|Lemma="καί"|Lang="G"|StrongNumber="G25320"|Morph="CC,,,,,,,,"|Type="Coordinating"|English="and"
610030040021|λέγοντες,|None|ADV|Cat="verb"|Id="9"|morphId="610030040021"|Unicode="λέγοντες,"|Lemma="λέγω"|Lang="G"|StrongNumber="G30040"|Morph="V,PPA,NMP,"|Mood="Participle"|Tense="Present"|Voice="Active"|Case="Nominative"|Gender="Masculine"|Number="Plural"|English="saying"
610030040031|ποῦ|610030040021|CL|Cat="adv"|Id="14"|morphId="610030040031"|Unicode="ποῦ"|Lemma="ποῦ"|Lang="G"|StrongNumber="G42260"|Morph="D,,,,,,,,,"|English="where"
610030040041|ἐστιν|610030040031|VC|Cat="verb"|Id="17"|morphId="610030040041"|Unicode="ἐστιν"|Lemma="εἰμί"|Lang="G"|StrongNumber="G15100"|Morph="V,IPA3,,S,"|Mood="Indicative"|Tense="Present"|Voice="Active"|Person="Third"|Number="Singular"|English="is"
610030040051|ἡ|610030040061|det|Cat="det"|Id="20"|morphId="610030040051"|Unicode="ἡ"|Lemma="ὁ"|Lang="G"|StrongNumber="G35880"|Morph="EA,,,,NFS,"|Type="Article"|Case="Nominative"|Gender="Feminine"|Number="Singular"|English="the"
610030040061|ἐπαγγελία|610030040031|S|Cat="noun"|Id="23"|morphId="610030040061"|Unicode="ἐπαγγελία"|Lemma="ἐπαγγελία"|Lang="G"|StrongNumber="G18600"|Morph="N,,,,,NFS,"|Case="Nominative"|Gender="Feminine"|Number="Singular"|English="promise"
610030040071|τῆς|610030040081|det|Cat="det"|Id="25"|morphId="610030040071"|Unicode="τῆς"|Lemma="ὁ"|Lang="G"|StrongNumber="G35880"|Morph="EA,,,,GFS,"|Type="Article"|Case="Genitive"|Gender="Feminine"|Number="Singular"|English="of the"
610030040081|παρουσίας|610030040061|np|Cat="noun"|Id="28"|morphId="610030040081"|Unicode="παρουσίας"|Lemma="παρουσία"|Lang="G"|StrongNumber="G39520"|Morph="N,,,,,GFS,"|Case="Genitive"|Gender="Feminine"|Number="Singular"|English="of ~ coming"
610030040091|αὐτοῦ?|610030040081|np|Cat="pron"|Id="30"|morphId="610030040091"|Unicode="αὐτοῦ?"|Lemma="αὐτός"|Lang="G"|StrongNumber="G08460"|Morph="RP,,,3GMS,"|Type="Personal"|Person="Third"|Case="Genitive"|Gender="Masculine"|Number="Singular"|English="of him"
610030040121|γὰρ|610030040181|conj|Cat="conj"|Id="32"|morphId="610030040121"|Unicode="γὰρ"|Lemma="γάρ"|Lang="G"|StrongNumber="G10630"|Morph="CC,,,,,,,,"|Type="Coordinating"|English="for"
610030040101|ἀφ’|610030040151|prep|Cat="prep"|Id="36"|morphId="610030040101"|Unicode="ἀφ’"|Lemma="ἀπό"|Lang="G"|StrongNumber="G05750"|Morph="P,,,,,G,,,"|Case="Genitive"|English="for"
610030040111|ἧς|610030040151|ADV|Cat="pron"|Id="41"|morphId="610030040111"|Unicode="ἧς"|Lemma="ὅς"|Lang="G"|StrongNumber="G37390"|Morph="RD,,,,GFS,"|Type="Demonstrative"|Case="Genitive"|Gender="Feminine"|Number="Singular"|English="the time which"
610030040131|οἱ|610030040141|det|Cat="det"|Id="44"|morphId="610030040131"|Unicode="οἱ"|Lemma="ὁ"|Lang="G"|StrongNumber="G35880"|Morph="EA,,,,NMP,"|Type="Article"|Case="Nominative"|Gender="Masculine"|Number="Plural"|English="the"
610030040141|πατέρες|610030040151|S|Cat="noun"|Id="46"|morphId="610030040141"|Unicode="πατέρες"|Lemma="πατήρ"|Lang="G"|StrongNumber="G39620"|Morph="N,,,,,NMP,"|Case="Nominative"|Gender="Masculine"|Number="Plural"|English="fathers"
610030040151|ἐκοιμήθησαν,|610030040181|ADV|Cat="verb"|Id="49"|morphId="610030040151"|Unicode="ἐκοιμήθησαν,"|Lemma="κοιμάω"|Lang="G"|StrongNumber="G28370"|Morph="V,IAP3,,P,"|Mood="Indicative"|Tense="Aorist"|Voice="Passive"|Person="Third"|Number="Plural"|English="fell asleep"
610030040161|πάντα|610030040181|S|Cat="pron"|Id="52"|morphId="610030040161"|Unicode="πάντα"|Lemma="πᾶς"|Lang="G"|StrongNumber="G39560"|Morph="RI,,,,NNP,"|Type="Indefinite"|Case="Nominative"|Gender="Neuter"|Number="Plural"|English="all things"
610030040171|οὕτως|610030040181|ADV|Cat="adv"|Id="55"|morphId="610030040171"|Unicode="οὕτως"|Lemma="οὕτως"|Lang="G"|StrongNumber="G37790"|Morph="D,,,,,,,,,"|English="as"
610030040181|διαμένει|610030040031|CL|Cat="verb"|Id="58"|morphId="610030040181"|Unicode="διαμένει"|Lemma="διαμένω"|Lang="G"|StrongNumber="G12650"|Morph="V,IPA3,,S,"|Mood="Indicative"|Tense="Present"|Voice="Active"|Person="Third"|Number="Singular"|English="continue"
610030040191|ἀπ’|610030040201|prep|Cat="prep"|Id="61"|morphId="610030040191"|Unicode="ἀπ’"|Lemma="ἀπό"|Lang="G"|StrongNumber="G05750"|Morph="P,,,,,G,,,"|Case="Genitive"|English="from"
610030040201|ἀρχῆς|610030040181|ADV|Cat="noun"|Id="64"|morphId="610030040201"|Unicode="ἀρχῆς"|Lemma="ἀρχή"|Lang="G"|StrongNumber="G07460"|Morph="N,,,,,GFS,"|Case="Genitive"|Gender="Feminine"|Number="Singular"|English="beginning"
610030040211|κτίσεως.|610030040201|np|Cat="noun"|Id="66"|morphId="610030040211"|Unicode="κτίσεως."|Lemma="κτίσις"|Lang="G"|StrongNumber="G29370"|Morph="N,,,,,GFS,"|Case="Genitive"|Gender="Feminine"|Number="Singular"|English="of creation"
610030050021|γὰρ|610030050011|conj|Cat="conj"|Id="3"|morphId="610030050021"|Unicode="γὰρ"|Lemma="γάρ"|Lang="G"|StrongNumber="G10630"|Morph="CC,,,,,,,,"|Type="Coordinating"|English="for"
610030050011|λανθάνει|None|CL|Cat="verb"|Id="8"|morphId="610030050011"|Unicode="λανθάνει"|Lemma="λανθάνω"|Lang="G"|StrongNumber="G29900"|Morph="V,IPA3,,S,"|Mood="Indicative"|Tense="Present"|Voice="Active"|Person="Third"|Number="Singular"|English="forget"
610030050031|αὐτοὺς|610030050011|O|Cat="pron"|Id="11"|morphId="610030050031"|Unicode="αὐτοὺς"|Lemma="αὐτός"|Lang="G"|StrongNumber="G08460"|Morph="RP,,,3AMP,"|Type="Personal"|Person="Third"|Case="Accusative"|Gender="Masculine"|Number="Plural"|English="from them"
610030050041|τοῦτο,|610030050051|O|Cat="pron"|Id="16"|morphId="610030050041"|Unicode="τοῦτο,"|Lemma="οὗτος"|Lang="G"|StrongNumber="G37780"|Morph="RD,,,,NNS,"|Type="Demonstrative"|Case="Nominative"|Gender="Neuter"|Number="Singular"|English="this"
610030050051|θέλοντας|610030050011|ADV|Cat="verb"|Id="19"|morphId="610030050051"|Unicode="θέλοντας"|Lemma="θέλω"|Lang="G"|StrongNumber="G23090"|Morph="V,PPA,AMP,"|Mood="Participle"|Tense="Present"|Voice="Active"|Case="Accusative"|Gender="Masculine"|Number="Plural"|English="deliberately"
610030050061|ὅτι|610030050091|conj|Cat="conj"|Id="21"|morphId="610030050061"|Unicode="ὅτι"|Lemma="ὅτι"|Lang="G"|StrongNumber="G37540"|Morph="CS,,,,,,,,"|Type="Subordinating"|English="that"
610030050071|οὐρανοὶ|610030050091|S|Cat="noun"|Id="26"|morphId="610030050071"|Unicode="οὐρανοὶ"|Lemma="οὐρανός"|Lang="G"|StrongNumber="G37720"|Morph="N,,,,,NMP,"|Case="Nominative"|Gender="Masculine"|Number="Plural"|English="heavens"
610030050081|ἦσαν|610030050091|VC|Cat="verb"|Id="29"|morphId="610030050081"|Unicode="ἦσαν"|Lemma="εἰμί"|Lang="G"|StrongNumber="G15100"|Morph="V,IIA3,,P,"|Mood="Indicative"|Tense="Imperfect"|Voice="Active"|Person="Third"|Number="Plural"|English="existed"
610030050091|ἔκπαλαι,|610030050011|CL|Cat="adv"|Id="32"|morphId="610030050091"|Unicode="ἔκπαλαι,"|Lemma="ἔκπαλαι"|Lang="G"|StrongNumber="G15970"|Morph="D,,,,,,,,,"|English="long ago"
610030050101|καὶ|610030050091|conj|Cat="conj"|Id="33"|morphId="610030050101"|Unicode="καὶ"|Lemma="καί"|Lang="G"|StrongNumber="G25320"|Morph="CC,,,,,,,,"|Type="Coordinating"|English="and"
610030050111|γῆ|610030050171|S|Cat="noun"|Id="37"|morphId="610030050111"|Unicode="γῆ"|Lemma="γῆ"|Lang="G"|StrongNumber="G10930"|Morph="N,,,,,NFS,"|Case="Nominative"|Gender="Feminine"|Number="Singular"|English="earth"
610030050121|ἐξ|610030050131|prep|Cat="prep"|Id="41"|morphId="610030050121"|Unicode="ἐξ"|Lemma="ἐκ"|Lang="G"|StrongNumber="G15370"|Morph="P,,,,,G,,,"|Case="Genitive"|English="out of"
610030050131|ὕδατος|610030050171|ADV|Cat="noun"|Id="43"|morphId="610030050131"|Unicode="ὕδατος"|Lemma="ὕδωρ"|Lang="G"|StrongNumber="G52040"|Morph="N,,,,,GNS,"|Case="Genitive"|Gender="Neuter"|Number="Singular"|English="water"
610030050141|καὶ|610030050131|conj|Cat="conj"|Id="44"|morphId="610030050141"|Unicode="καὶ"|Lemma="καί"|Lang="G"|StrongNumber="G25320"|Morph="CC,,,,,,,,"|Type="Coordinating"|English="and"
610030050151|δι’|610030050161|prep|Cat="prep"|Id="46"|morphId="610030050151"|Unicode="δι’"|Lemma="διά"|Lang="G"|StrongNumber="G12230"|Morph="P,,,,,G,,,"|Case="Genitive"|English="through"
610030050161|ὕδατος|610030050131|pp|Cat="noun"|Id="48"|morphId="610030050161"|Unicode="ὕδατος"|Lemma="ὕδωρ"|Lang="G"|StrongNumber="G52040"|Morph="N,,,,,GNS,"|Case="Genitive"|Gender="Neuter"|Number="Singular"|English="water"
610030050171|συνεστῶσα|610030050091|CL|Cat="verb"|Id="51"|morphId="610030050171"|Unicode="συνεστῶσα"|Lemma="συνίστημι"|Lang="G"|StrongNumber="G49210"|Morph="V,PEA,NFS,"|Mood="Participle"|Tense="Perfect"|Voice="Active"|Case="Nominative"|Gender="Feminine"|Number="Singular"|English="was formed"
610030050181|τῷ|610030050211|det|Cat="det"|Id="54"|morphId="610030050181"|Unicode="τῷ"|Lemma="ὁ"|Lang="G"|StrongNumber="G35880"|Morph="EA,,,,DMS,"|Type="Article"|Case="Dative"|Gender="Masculine"|Number="Singular"|English="the"
610030050191|τοῦ|610030050201|det|Cat="det"|Id="57"|morphId="610030050191"|Unicode="τοῦ"|Lemma="ὁ"|Lang="G"|StrongNumber="G35880"|Morph="EA,,,,GMS,"|Type="Article"|Case="Genitive"|Gender="Masculine"|Number="Singular"
610030050201|Θεοῦ|610030050211|np|Cat="noun"|Id="59"|morphId="610030050201"|Unicode="Θεοῦ"|Lemma="θεός"|Lang="G"|StrongNumber="G23160"|Morph="N,,,,,GMS,"|Case="Genitive"|Gender="Masculine"|Number="Singular"|English="of God"
610030050211|λόγῳ,|610030050171|ADV|Cat="noun"|Id="61"|morphId="610030050211"|Unicode="λόγῳ,"|Lemma="λόγος"|Lang="G"|StrongNumber="G30560"|Morph="N,,,,,DMS,"|Case="Dative"|Gender="Masculine"|Number="Singular"|English="by ~ word"
610030060011|δι’|610030060021|prep|Cat="prep"|Id="5"|morphId="610030060011"|Unicode="δι’"|Lemma="διά"|Lang="G"|StrongNumber="G12230"|Morph="P,,,,,G,,,"|Case="Genitive"|English="through"
610030060021|ὧν|610030060081|ADV|Cat="pron"|Id="7"|morphId="610030060021"|Unicode="ὧν"|Lemma="ὅς"|Lang="G"|StrongNumber="G37390"|Morph="RR,,,,GNP,"|Type="Relative"|Case="Genitive"|Gender="Neuter"|Number="Plural"|English="which water"
610030060031|ὁ|610030060051|det|Cat="det"|Id="10"|morphId="610030060031"|Unicode="ὁ"|Lemma="ὁ"|Lang="G"|StrongNumber="G35880"|Morph="EA,,,,NMS,"|Type="Article"|Case="Nominative"|Gender="Masculine"|Number="Singular"|English="the"
610030060041|τότε|610030060051|advp|Cat="adv"|Id="13"|morphId="610030060041"|Unicode="τότε"|Lemma="τότε"|Lang="G"|StrongNumber="G51190"|Morph="D,,,,,,,,,"|English="that time"
610030060051|κόσμος|610030060081|S|Cat="noun"|Id="15"|morphId="610030060051"|Unicode="κόσμος"|Lemma="κόσμος"|Lang="G"|StrongNumber="G28890"|Morph="N,,,,,NMS,"|Case="Nominative"|Gender="Masculine"|Number="Singular"|English="world"
610030060061|ὕδατι|610030060071|ADV|Cat="noun"|Id="20"|morphId="610030060061"|Unicode="ὕδατι"|Lemma="ὕδωρ"|Lang="G"|StrongNumber="G52040"|Morph="N,,,,,DNS,"|Case="Dative"|Gender="Neuter"|Number="Singular"|English="with water"
610030060071|κατακλυσθεὶς|610030060081|ADV|Cat="verb"|Id="23"|morphId="610030060071"|Unicode="κατακλυσθεὶς"|Lemma="κατακλύζω"|Lang="G"|StrongNumber="G26260"|Morph="V,PAP,NMS,"|Mood="Participle"|Tense="Aorist"|Voice="Passive"|Case="Nominative"|Gender="Masculine"|Number="Singular"|English="was deluged"
610030060081|ἀπώλετο.|None|CL|Cat="verb"|Id="26"|morphId="610030060081"|Unicode="ἀπώλετο."|Lemma="ἀπόλλυμι"|Lang="G"|StrongNumber="G06220"|Morph="V,IAM3,,S,"|Mood="Indicative"|Tense="Aorist"|Voice="Middle"|Person="Third"|Number="Singular"|English="perished"
610030070021|δὲ|610030070111|conj|Cat="conj"|Id="3"|morphId="610030070021"|Unicode="δὲ"|Lemma="δέ"|Lang="G"|StrongNumber="G11610"|Morph="CC,,,,,,,,"|Type="Coordinating"|English="but"
610030070011|οἱ|610030070041|det|Cat="det"|Id="8"|morphId="610030070011"|Unicode="οἱ"|Lemma="ὁ"|Lang="G"|StrongNumber="G35880"|Morph="EA,,,,NMP,"|Type="Article"|Case="Nominative"|Gender="Masculine"|Number="Plural"|English="the"
610030070031|νῦν|610030070041|adjp|Cat="adv"|Id="12"|morphId="610030070031"|Unicode="νῦν"|Lemma="νῦν"|Lang="G"|StrongNumber="G35680"|Morph="D,,,,,,,,,"|English="present"
610030070041|οὐρανοὶ|610030070111|S|Cat="noun"|Id="14"|morphId="610030070041"|Unicode="οὐρανοὶ"|Lemma="οὐρανός"|Lang="G"|StrongNumber="G37720"|Morph="N,,,,,NMP,"|Case="Nominative"|Gender="Masculine"|Number="Plural"|English="heavens"
610030070051|καὶ|610030070041|conj|Cat="conj"|Id="15"|morphId="610030070051"|Unicode="καὶ"|Lemma="καί"|Lang="G"|StrongNumber="G25320"|Morph="CC,,,,,,,,"|Type="Coordinating"|English="and"
610030070061|ἡ|610030070071|det|Cat="det"|Id="17"|morphId="610030070061"|Unicode="ἡ"|Lemma="ὁ"|Lang="G"|StrongNumber="G35880"|Morph="EA,,,,NFS,"|Type="Article"|Case="Nominative"|Gender="Feminine"|Number="Singular"|English="the"
610030070071|γῆ,|610030070041|np|Cat="noun"|Id="19"|morphId="610030070071"|Unicode="γῆ,"|Lemma="γῆ"|Lang="G"|StrongNumber="G10930"|Morph="N,,,,,NFS,"|Case="Nominative"|Gender="Feminine"|Number="Singular"|English="earth"
610030070081|τῷ|610030070101|det|Cat="det"|Id="22"|morphId="610030070081"|Unicode="τῷ"|Lemma="ὁ"|Lang="G"|StrongNumber="G35880"|Morph="EA,,,,DMS,"|Type="Article"|Case="Dative"|Gender="Masculine"|Number="Singular"|English="the"
610030070091|αὐτῷ|610030070101|det|Cat="det"|Id="24"|morphId="610030070091"|Unicode="αὐτῷ"|Lemma="αὐτός"|Lang="G"|StrongNumber="G08460"|Morph="EF,,,,DMS,"|Type="Differential"|Case="Dative"|Gender="Masculine"|Number="Singular"|English="same"
610030070101|λόγῳ|610030070111|ADV|Cat="noun"|Id="26"|morphId="610030070101"|Unicode="λόγῳ"|Lemma="λόγος"|Lang="G"|StrongNumber="G30560"|Morph="N,,,,,DMS,"|Case="Dative"|Gender="Masculine"|Number="Singular"|English="by ~ word"
610030070111|τεθησαυρισμένοι|None|CL|Cat="verb"|Id="30"|morphId="610030070111"|Unicode="τεθησαυρισμένοι"|Lemma="θησαυρίζω"|Lang="G"|StrongNumber="G23430"|Morph="V,PEP,NMP,"|Mood="Participle"|Tense="Perfect"|Voice="Passive"|Case="Nominative"|Gender="Masculine"|Number="Plural"|English="reserved"
610030070121|εἰσὶν,|610030070111|verb|Cat="verb"|Id="31"|morphId="610030070121"|Unicode="εἰσὶν,"|Lemma="εἰμί"|Lang="G"|StrongNumber="G15100"|Morph="V,IPA3,,P,"|Mood="Indicative"|Tense="Present"|Voice="Active"|Person="Third"|Number="Plural"|English="are"
610030070131|πυρὶ|610030070111|ADV|Cat="noun"|Id="34"|morphId="610030070131"|Unicode="πυρὶ"|Lemma="πῦρ"|Lang="G"|StrongNumber="G44420"|Morph="N,,,,,DNS,"|Case="Dative"|Gender="Neuter"|Number="Singular"|English="for fire"
610030070141|τηρούμενοι|610030070111|ADV|Cat="verb"|Id="39"|morphId="610030070141"|Unicode="τηρούμενοι"|Lemma="τηρέω"|Lang="G"|StrongNumber="G50830"|Morph="V,PPP,NMP,"|Mood="Participle"|Tense="Present"|Voice="Passive"|Case="Nominative"|Gender="Masculine"|Number="Plural"|English="being kept"
610030070151|εἰς|610030070161|prep|Cat="prep"|Id="42"|morphId="610030070151"|Unicode="εἰς"|Lemma="εἰς"|Lang="G"|StrongNumber="G15190"|Morph="P,,,,,A,,,"|Case="Accusative"|English="for"
610030070161|ἡμέραν|610030070141|ADV|Cat="noun"|Id="45"|morphId="610030070161"|Unicode="ἡμέραν"|Lemma="ἡμέρα"|Lang="G"|StrongNumber="G22500"|Morph="N,,,,,AFS,"|Case="Accusative"|Gender="Feminine"|Number="Singular"|English="day"
610030070171|κρίσεως|610030070161|np|Cat="noun"|Id="49"|morphId="610030070171"|Unicode="κρίσεως"|Lemma="κρίσις"|Lang="G"|StrongNumber="G29200"|Morph="N,,,,,GFS,"|Case="Genitive"|Gender="Feminine"|Number="Singular"|English="of judgment"
610030070181|καὶ|610030070171|conj|Cat="conj"|Id="50"|morphId="610030070181"|Unicode="καὶ"|Lemma="καί"|Lang="G"|StrongNumber="G25320"|Morph="CC,,,,,,,,"|Type="Coordinating"|English="and"
610030070191|ἀπωλείας|610030070171|np|Cat="noun"|Id="52"|morphId="610030070191"|Unicode="ἀπωλείας"|Lemma="ἀπώλεια"|Lang="G"|StrongNumber="G06840"|Morph="N,,,,,GFS,"|Case="Genitive"|Gender="Feminine"|Number="Singular"|English="destruction"
610030070201|τῶν|610030070221|det|Cat="det"|Id="54"|morphId="610030070201"|Unicode="τῶν"|Lemma="ὁ"|Lang="G"|StrongNumber="G35880"|Morph="EA,,,,GMP,"|Type="Article"|Case="Genitive"|Gender="Masculine"|Number="Plural"|English="the"
610030070211|ἀσεβῶν|610030070221|adjp|Cat="adj"|Id="57"|morphId="610030070211"|Unicode="ἀσεβῶν"|Lemma="ἀσεβής"|Lang="G"|StrongNumber="G07650"|Morph="AA,,,,GMP,"|Type="Ascriptive"|Case="Genitive"|Gender="Masculine"|Number="Plural"|English="ungodly"
610030070221|ἀνθρώπων.|610030070171|np|Cat="noun"|Id="59"|morphId="610030070221"|Unicode="ἀνθρώπων."|Lemma="ἄνθρωπος"|Lang="G"|StrongNumber="G04440"|Morph="N,,,,,GMP,"|Case="Genitive"|Gender="Masculine"|Number="Plural"|English="of ~ men"
610030080021|δὲ|610030080051|conj|Cat="conj"|Id="3"|morphId="610030080021"|Unicode="δὲ"|Lemma="δέ"|Lang="G"|StrongNumber="G11610"|Morph="CC,,,,,,,,"|Type="Coordinating"|English="but"
610030080071|ἀγαπητοί,|610030080051|CL|Cat="noun"|Id="7"|morphId="610030080071"|Unicode="ἀγαπητοί,"|Lemma="ἀγαπητός"|Lang="G"|StrongNumber="G00270"|Morph="NS,,,,VMP,"|Type="Substantive_Adj"|Case="Vocative"|Gender="Masculine"|Number="Plural"|English="beloved"
610030080011|ἓν|610030080051|S|Cat="noun"|Id="13"|morphId="610030080011"|Unicode="ἓν"|Lemma="εἷς"|Lang="G"|StrongNumber="G15200"|Morph="NS,,,,NNS,"|Type="Substantive_Adj"|Case="Nominative"|Gender="Neuter"|Number="Singular"|English="one"
610030080031|τοῦτο|610030080011|np|Cat="det"|Id="15"|morphId="610030080031"|Unicode="τοῦτο"|Lemma="οὗτος"|Lang="G"|StrongNumber="G37780"|Morph="ED,,,,NNS,"|Type="Demonstrative"|Case="Nominative"|Gender="Neuter"|Number="Singular"|English="this"
610030080041|μὴ|610030080051|ADV|Cat="adv"|Id="18"|morphId="610030080041"|Unicode="μὴ"|Lemma="μή"|Lang="G"|StrongNumber="G33610"|Morph="D,,,,,,,,,"|English="not"
610030080051|λανθανέτω|None|CL|Cat="verb"|Id="21"|morphId="610030080051"|Unicode="λανθανέτω"|Lemma="λανθάνω"|Lang="G"|StrongNumber="G29900"|Morph="V,MPA3,,S,"|Mood="Imperative"|Tense="Present"|Voice="Active"|Person="Third"|Number="Singular"|English="do ~ forget"
610030080061|ὑμᾶς,|610030080051|O|Cat="pron"|Id="24"|morphId="610030080061"|Unicode="ὑμᾶς,"|Lemma="σύ"|Lang="G"|StrongNumber="G47710"|Morph="RP,,,2A,P,"|Type="Personal"|Person="Second"|Case="Accusative"|Number="Plural"|English="your notice"
610030080081|ὅτι|610030080151|conj|Cat="conj"|Id="26"|morphId="610030080081"|Unicode="ὅτι"|Lemma="ὅτι"|Lang="G"|StrongNumber="G37540"|Morph="CS,,,,,,,,"|Type="Subordinating"|English="that"
610030080091|μία|610030080101|nump|Cat="det"|Id="33"|morphId="610030080091"|Unicode="μία"|Lemma="εἷς"|Lang="G"|StrongNumber="G15200"|Morph="EN,,,,NFS,"|Type="Number"|Case="Nominative"|Gender="Feminine"|Number="Singular"|English="one"
610030080101|ἡμέρα|610030080151|S|Cat="noun"|Id="35"|morphId="610030080101"|Unicode="ἡμέρα"|Lemma="ἡμέρα"|Lang="G"|StrongNumber="G22500"|Morph="N,,,,,NFS,"|Case="Nominative"|Gender="Feminine"|Number="Singular"|English="day"
610030080111|παρὰ|610030080121|prep|Cat="prep"|Id="38"|morphId="610030080111"|Unicode="παρὰ"|Lemma="παρά"|Lang="G"|StrongNumber="G38440"|Morph="P,,,,,D,,,"|Case="Dative"|English="with"
610030080121|Κυρίῳ|610030080151|ADV|Cat="noun"|Id="40"|morphId="610030080121"|Unicode="Κυρίῳ"|Lemma="κύριος"|Lang="G"|StrongNumber="G29620"|Morph="N,,,,,DMS,"|Case="Dative"|Gender="Masculine"|Number="Singular"|English="Lord"
610030080131|ὡς|610030080151|prep|Cat="conj"|Id="44"|morphId="610030080131"|Unicode="ὡς"|Lemma="ὡς"|Lang="G"|StrongNumber="G56130"|Morph="CS,,,,,,,,"|Type="Subordinating"|English="like"
610030080141|χίλια|610030080151|nump|Cat="det"|Id="48"|morphId="610030080141"|Unicode="χίλια"|Lemma="χίλιοι"|Lang="G"|StrongNumber="G55070"|Morph="EN,,,,NNP,"|Type="Number"|Case="Nominative"|Gender="Neuter"|Number="Plural"|English="a thousand"
610030080151|ἔτη,|610030080051|CL|Cat="noun"|Id="50"|morphId="610030080151"|Unicode="ἔτη,"|Lemma="ἔτος"|Lang="G"|StrongNumber="G20940"|Morph="N,,,,,NNP,"|Case="Nominative"|Gender="Neuter"|Number="Plural"|English="years"
610030080161|καὶ|610030080151|conj|Cat="conj"|Id="51"|morphId="610030080161"|Unicode="καὶ"|Lemma="καί"|Lang="G"|StrongNumber="G25320"|Morph="CC,,,,,,,,"|Type="Coordinating"|English="and"
610030080171|χίλια|610030080181|nump|Cat="det"|Id="57"|morphId="610030080171"|Unicode="χίλια"|Lemma="χίλιοι"|Lang="G"|StrongNumber="G55070"|Morph="EN,,,,NNP,"|Type="Number"|Case="Nominative"|Gender="Neuter"|Number="Plural"|English="a thousand"
610030080181|ἔτη|610030080201|S|Cat="noun"|Id="59"|morphId="610030080181"|Unicode="ἔτη"|Lemma="ἔτος"|Lang="G"|StrongNumber="G20940"|Morph="N,,,,,NNP,"|Case="Nominative"|Gender="Neuter"|Number="Plural"|English="years"
610030080191|ὡς|610030080201|prep|Cat="conj"|Id="63"|morphId="610030080191"|Unicode="ὡς"|Lemma="ὡς"|Lang="G"|StrongNumber="G56130"|Morph="CS,,,,,,,,"|Type="Subordinating"|English="like"
610030080201|ἡμέρα|610030080151|CL|Cat="noun"|Id="66"|morphId="610030080201"|Unicode="ἡμέρα"|Lemma="ἡμέρα"|Lang="G"|StrongNumber="G22500"|Morph="N,,,,,NFS,"|Case="Nominative"|Gender="Feminine"|Number="Singular"|English="day"
610030080211|μία.|610030080201|nump|Cat="det"|Id="69"|morphId="610030080211"|Unicode="μία."|Lemma="εἷς"|Lang="G"|StrongNumber="G15200"|Morph="EN,,,,NFS,"|Type="Number"|Case="Nominative"|Gender="Feminine"|Number="Singular"|English="one"
610030090011|οὐ|610030090111|advp|Cat="adv"|Id="4"|morphId="610030090011"|Unicode="οὐ"|Lemma="οὐ"|Lang="G"|StrongNumber="G37560"|Morph="DO,,,,,,,,"|Type="Correlative"|English="not"
610030090021|βραδύνει|610030090111|CL|Cat="verb"|Id="9"|morphId="610030090021"|Unicode="βραδύνει"|Lemma="βραδύνω"|Lang="G"|StrongNumber="G10190"|Morph="V,IPA3,,S,"|Mood="Indicative"|Tense="Present"|Voice="Active"|Person="Third"|Number="Singular"|English="is ~ slow"
610030090031|Κύριος|610030090021|S|Cat="noun"|Id="12"|morphId="610030090031"|Unicode="Κύριος"|Lemma="κύριος"|Lang="G"|StrongNumber="G29620"|Morph="N,,,,,NMS,"|Case="Nominative"|Gender="Masculine"|Number="Singular"|English="Lord"
610030090041|τῆς|610030090051|det|Cat="det"|Id="15"|morphId="610030090041"|Unicode="τῆς"|Lemma="ὁ"|Lang="G"|StrongNumber="G35880"|Morph="EP,,,,GFS,"|Type="Possessive"|Case="Genitive"|Gender="Feminine"|Number="Singular"|English="the"
610030090051|ἐπαγγελίας,|610030090021|ADV|Cat="noun"|Id="17"|morphId="610030090051"|Unicode="ἐπαγγελίας,"|Lemma="ἐπαγγελία"|Lang="G"|StrongNumber="G18600"|Morph="N,,,,,GFS,"|Case="Genitive"|Gender="Feminine"|Number="Singular"|English="promise"
610030090061|ὥς|610030090091|conj|Cat="conj"|Id="19"|morphId="610030090061"|Unicode="ὥς"|Lemma="ὡς"|Lang="G"|StrongNumber="G56130"|Morph="CS,,,,,,,,"|Type="Subordinating"|English="as"
610030090071|τινες|610030090091|S|Cat="pron"|Id="23"|morphId="610030090071"|Unicode="τινες"|Lemma="τις"|Lang="G"|StrongNumber="G51000"|Morph="RI,,,,NMP,"|Type="Indefinite"|Case="Nominative"|Gender="Masculine"|Number="Plural"|English="some"
610030090081|βραδύτητα|610030090091|O|Cat="noun"|Id="26"|morphId="610030090081"|Unicode="βραδύτητα"|Lemma="βραδύτης"|Lang="G"|StrongNumber="G10220"|Morph="N,,,,,AFS,"|Case="Accusative"|Gender="Feminine"|Number="Singular"|English="slowness"
610030090091|ἡγοῦνται,|610030090021|CL|Cat="verb"|Id="29"|morphId="610030090091"|Unicode="ἡγοῦνται,"|Lemma="ἡγέομαι"|Lang="G"|StrongNumber="G22330"|Morph="V,IPM3,,P,"|Mood="Indicative"|Tense="Present"|Voice="Middle"|Person="Third"|Number="Plural"|English="count"
610030090101|ἀλλὰ|610030090111|conj|Cat="conj"|Id="30"|morphId="610030090101"|Unicode="ἀλλὰ"|Lemma="ἀλλά"|Lang="G"|StrongNumber="G02350"|Morph="CO,,,,,,,,"|Type="Correlative"|English="but"
610030090111|μακροθυμεῖ|None|CL|Cat="verb"|Id="34"|morphId="610030090111"|Unicode="μακροθυμεῖ"|Lemma="μακροθυμέω"|Lang="G"|StrongNumber="G31140"|Morph="V,IPA3,,S,"|Mood="Indicative"|Tense="Present"|Voice="Active"|Person="Third"|Number="Singular"|English="is patient"
610030090121|εἰς|610030090131|prep|Cat="prep"|Id="37"|morphId="610030090121"|Unicode="εἰς"|Lemma="εἰς"|Lang="G"|StrongNumber="G15190"|Morph="P,,,,,A,,,"|Case="Accusative"|English="toward"
610030090131|ὑμᾶς,|610030090111|ADV|Cat="pron"|Id="39"|morphId="610030090131"|Unicode="ὑμᾶς,"|Lemma="σύ"|Lang="G"|StrongNumber="G47710"|Morph="RP,,,2A,P,"|Type="Personal"|Person="Second"|Case="Accusative"|Number="Plural"|English="you"
610030090151|βουλόμενός|610030090111|ADV|Cat="verb"|Id="44"|morphId="610030090151"|Unicode="βουλόμενός"|Lemma="βούλομαι"|Lang="G"|StrongNumber="G10140"|Morph="V,PPM,NMS,"|Mood="Participle"|Tense="Present"|Voice="Middle"|Case="Nominative"|Gender="Masculine"|Number="Singular"|English="wanting"
610030090141|μὴ|610030090221|advp|Cat="adv"|Id="48"|morphId="610030090141"|Unicode="μὴ"|Lemma="μή"|Lang="G"|StrongNumber="G33610"|Morph="DO,,,,,,,,"|Type="Correlative"|English="not"
610030090161|τινας|610030090171|S|Cat="pron"|Id="52"|morphId="610030090161"|Unicode="τινας"|Lemma="τις"|Lang="G"|StrongNumber="G51000"|Morph="RI,,,,AMP,"|Type="Indefinite"|Case="Accusative"|Gender="Masculine"|Number="Plural"|English="any"
610030090171|ἀπολέσθαι,|610030090221|CL|Cat="verb"|Id="55"|morphId="610030090171"|Unicode="ἀπολέσθαι,"|Lemma="ἀπόλλυμι"|Lang="G"|StrongNumber="G06220"|Morph="V,NAM,,,,,"|Mood="Infinitive"|Tense="Aorist"|Voice="Middle"|English="to perish"
610030090181|ἀλλὰ|610030090221|conj|Cat="conj"|Id="56"|morphId="610030090181"|Unicode="ἀλλὰ"|Lemma="ἀλλά"|Lang="G"|StrongNumber="G02350"|Morph="CO,,,,,,,,"|Type="Correlative"|English="but"
610030090191|πάντας|610030090221|S|Cat="pron"|Id="60"|morphId="610030090191"|Unicode="πάντας"|Lemma="πᾶς"|Lang="G"|StrongNumber="G39560"|Morph="RI,,,,AMP,"|Type="Indefinite"|Case="Accusative"|Gender="Masculine"|Number="Plural"|English="all"
610030090201|εἰς|610030090211|prep|Cat="prep"|Id="63"|morphId="610030090201"|Unicode="εἰς"|Lemma="εἰς"|Lang="G"|StrongNumber="G15190"|Morph="P,,,,,A,,,"|Case="Accusative"|English="to"
610030090211|μετάνοιαν|610030090221|ADV|Cat="noun"|Id="65"|morphId="610030090211"|Unicode="μετάνοιαν"|Lemma="μετάνοια"|Lang="G"|StrongNumber="G33410"|Morph="N,,,,,AFS,"|Case="Accusative"|Gender="Feminine"|Number="Singular"|English="repentance"
610030090221|χωρῆσαι.|610030090151|O|Cat="verb"|Id="68"|morphId="610030090221"|Unicode="χωρῆσαι."|Lemma="χωρέω"|Lang="G"|StrongNumber="G55620"|Morph="V,NAA,,,,,"|Mood="Infinitive"|Tense="Aorist"|Voice="Active"|English="to come"
610030100021|δὲ|610030100011|conj|Cat="conj"|Id="3"|morphId="610030100021"|Unicode="δὲ"|Lemma="δέ"|Lang="G"|StrongNumber="G11610"|Morph="CC,,,,,,,,"|Type="Coordinating"|English="but"
610030100011|ἥξει|None|CL|Cat="verb"|Id="8"|morphId="610030100011"|Unicode="ἥξει"|Lemma="ἥκω"|Lang="G"|StrongNumber="G22400"|Morph="V,IFA3,,S,"|Mood="Indicative"|Tense="Future"|Voice="Active"|Person="Third"|Number="Singular"|English="will come"
610030100031|ἡμέρα|610030100011|S|Cat="noun"|Id="12"|morphId="610030100031"|Unicode="ἡμέρα"|Lemma="ἡμέρα"|Lang="G"|StrongNumber="G22500"|Morph="N,,,,,NFS,"|Case="Nominative"|Gender="Feminine"|Number="Singular"|English="day"
610030100041|Κυρίου|610030100031|np|Cat="noun"|Id="14"|morphId="610030100041"|Unicode="Κυρίου"|Lemma="κύριος"|Lang="G"|StrongNumber="G29620"|Morph="N,,,,,GMS,"|Case="Genitive"|Gender="Masculine"|Number="Singular"|English="of ~ Lord"
610030100051|ὡς|610030100061|prep|Cat="conj"|Id="18"|morphId="610030100051"|Unicode="ὡς"|Lemma="ὡς"|Lang="G"|StrongNumber="G56130"|Morph="CS,,,,,,,,"|Type="Subordinating"|English="like"
610030100061|κλέπτης,|610030100011|ADV|Cat="noun"|Id="20"|morphId="610030100061"|Unicode="κλέπτης,"|Lemma="κλέπτης"|Lang="G"|StrongNumber="G28120"|Morph="N,,,,,NMS,"|Case="Nominative"|Gender="Masculine"|Number="Singular"|English="a thief"
610030100071|ἐν|610030100081|prep|Cat="prep"|Id="25"|morphId="610030100071"|Unicode="ἐν"|Lemma="ἐν"|Lang="G"|StrongNumber="G17220"|Morph="P,,,,,D,,,"|Case="Dative"|English="in"
610030100081|ᾗ|610030100121|ADV|Cat="pron"|Id="27"|morphId="610030100081"|Unicode="ᾗ"|Lemma="ὅς"|Lang="G"|StrongNumber="G37390"|Morph="RR,,,,DFS,"|Type="Relative"|Case="Dative"|Gender="Feminine"|Number="Singular"|English="which"
610030100091|οἱ|610030100101|det|Cat="det"|Id="30"|morphId="610030100091"|Unicode="οἱ"|Lemma="ὁ"|Lang="G"|StrongNumber="G35880"|Morph="EA,,,,NMP,"|Type="Article"|Case="Nominative"|Gender="Masculine"|Number="Plural"|English="the"
610030100101|οὐρανοὶ|610030100121|S|Cat="noun"|Id="32"|morphId="610030100101"|Unicode="οὐρανοὶ"|Lemma="οὐρανός"|Lang="G"|StrongNumber="G37720"|Morph="N,,,,,NMP,"|Case="Nominative"|Gender="Masculine"|Number="Plural"|English="heavens"
610030100111|ῥοιζηδὸν|610030100121|ADV|Cat="adv"|Id="35"|morphId="610030100111"|Unicode="ῥοιζηδὸν"|Lemma="ῥοιζηδόν"|Lang="G"|StrongNumber="G45000"|Morph="D,,,,,,,,,"|English="with a roar"
610030100121|παρελεύσονται,|610030100011|CL|Cat="verb"|Id="38"|morphId="610030100121"|Unicode="παρελεύσονται,"|Lemma="παρέρχομαι"|Lang="G"|StrongNumber="G39280"|Morph="V,IFM3,,P,"|Mood="Indicative"|Tense="Future"|Voice="Middle"|Person="Third"|Number="Plural"|English="will pass away"
610030100141|δὲ|610030100121|conj|Cat="conj"|Id="39"|morphId="610030100141"|Unicode="δὲ"|Lemma="δέ"|Lang="G"|StrongNumber="G11610"|Morph="CC,,,,,,,,"|Type="Coordinating"|English="and"
610030100131|στοιχεῖα|610030100161|S|Cat="noun"|Id="44"|morphId="610030100131"|Unicode="στοιχεῖα"|Lemma="στοιχεῖον"|Lang="G"|StrongNumber="G47470"|Morph="N,,,,,NNP,"|Case="Nominative"|Gender="Neuter"|Number="Plural"|English="elements"
610030100151|καυσούμενα|610030100161|ADV|Cat="verb"|Id="49"|morphId="610030100151"|Unicode="καυσούμενα"|Lemma="καυσόω"|Lang="G"|StrongNumber="G27410"|Morph="V,PPP,NNP,"|Mood="Participle"|Tense="Present"|Voice="Passive"|Case="Nominative"|Gender="Neuter"|Number="Plural"|English="fire"
610030100161|λυθήσεται,|610030100121|CL|Cat="verb"|Id="52"|morphId="610030100161"|Unicode="λυθήσεται,"|Lemma="λύω"|Lang="G"|StrongNumber="G30890"|Morph="V,IFP3,,S,"|Mood="Indicative"|Tense="Future"|Voice="Passive"|Person="Third"|Number="Singular"|English="will be destroyed"
610030100171|καὶ|610030100161|conj|Cat="conj"|Id="53"|morphId="610030100171"|Unicode="καὶ"|Lemma="καί"|Lang="G"|StrongNumber="G25320"|Morph="CC,,,,,,,,"|Type="Coordinating"|English="and"
610030100181|γῆ|610030100241|S|Cat="noun"|Id="58"|morphId="610030100181"|Unicode="γῆ"|Lemma="γῆ"|Lang="G"|StrongNumber="G10930"|Morph="N,,,,,NFS,"|Case="Nominative"|Gender="Feminine"|Number="Singular"|English="earth"
610030100191|καὶ|610030100181|conj|Cat="conj"|Id="59"|morphId="610030100191"|Unicode="καὶ"|Lemma="καί"|Lang="G"|StrongNumber="G25320"|Morph="CC,,,,,,,,"|Type="Coordinating"|English="and"
610030100201|τὰ|610030100231|det|Cat="det"|Id="61"|morphId="610030100201"|Unicode="τὰ"|Lemma="ὁ"|Lang="G"|StrongNumber="G35880"|Morph="EA,,,,NNP,"|Type="Article"|Case="Nominative"|Gender="Neuter"|Number="Plural"|English="the"
610030100211|ἐν|610030100221|prep|Cat="prep"|Id="64"|morphId="610030100211"|Unicode="ἐν"|Lemma="ἐν"|Lang="G"|StrongNumber="G17220"|Morph="P,,,,,D,,,"|Case="Dative"|English="on"
610030100221|αὐτῇ|610030100231|pp|Cat="pron"|Id="66"|morphId="610030100221"|Unicode="αὐτῇ"|Lemma="αὐτός"|Lang="G"|StrongNumber="G08460"|Morph="RP,,,3DFS,"|Type="Personal"|Person="Third"|Case="Dative"|Gender="Feminine"|Number="Singular"|English="it"
610030100231|ἔργα|610030100181|np|Cat="noun"|Id="68"|morphId="610030100231"|Unicode="ἔργα"|Lemma="ἔργον"|Lang="G"|StrongNumber="G20410"|Morph="N,,,,,NNP,"|Case="Nominative"|Gender="Neuter"|Number="Plural"|English="works"
610030100241|εὑρεθήσεται.|610030100161|CL|Cat="verb"|Id="71"|morphId="610030100241"|Unicode="εὑρεθήσεται."|Lemma="εὑρίσκω"|Lang="G"|StrongNumber="G21470"|Morph="V,IFP3,,S,"|Mood="Indicative"|Tense="Future"|Voice="Passive"|Person="Third"|Number="Singular"|English="will be disclosed"
610030110021|οὕτως|610030110041|ADV|Cat="adv"|Id="6"|morphId="610030110021"|Unicode="οὕτως"|Lemma="οὕτως"|Lang="G"|StrongNumber="G37790"|Morph="D,,,,,,,,,"|English="in this way"
610030110011|τούτων|610030110041|S|Cat="pron"|Id="10"|morphId="610030110011"|Unicode="τούτων"|Lemma="οὗτος"|Lang="G"|StrongNumber="G37780"|Morph="RD,,,,GNP,"|Type="Demonstrative"|Case="Genitive"|Gender="Neuter"|Number="Plural"|English="these things"
610030110031|πάντων|610030110011|adjp|Cat="det"|Id="13"|morphId="610030110031"|Unicode="πάντων"|Lemma="πᾶς"|Lang="G"|StrongNumber="G39560"|Morph="EQ,,,,GNP,"|Type="Quantifier"|Case="Genitive"|Gender="Neuter"|Number="Plural"|English="all"
610030110041|λυομένων,|610030110061|CL|Cat="verb"|Id="16"|morphId="610030110041"|Unicode="λυομένων,"|Lemma="λύω"|Lang="G"|StrongNumber="G30890"|Morph="V,PPP,GNP,"|Mood="Participle"|Tense="Present"|Voice="Passive"|Case="Genitive"|Gender="Neuter"|Number="Plural"|English="be dissolved"
610030110061|δεῖ|None|CL|Cat="verb"|Id="20"|morphId="610030110061"|Unicode="δεῖ"|Lemma="δέω"|Lang="G"|StrongNumber="G12100"|Morph="V,IPA3,,S,"|Mood="Indicative"|Tense="Present"|Voice="Active"|Person="Third"|Number="Singular"|English="ought"
610030110051|ποταποὺς|610030110061|S|Cat="pron"|Id="26"|morphId="610030110051"|Unicode="ποταποὺς"|Lemma="ποταπός"|Lang="G"|StrongNumber="G42170"|Morph="RT,,,,AMP,"|Type="Interrogative"|Case="Accusative"|Gender="Masculine"|Number="Plural"|English="what sort of"
610030110071|ὑπάρχειν|610030110051|VC|Cat="verb"|Id="29"|morphId="610030110071"|Unicode="ὑπάρχειν"|Lemma="ὑπάρχω"|Lang="G"|StrongNumber="G52250"|Morph="V,NPA,,,,,"|Mood="Infinitive"|Tense="Present"|Voice="Active"|English="to be"
610030110081|ὑμᾶς?|610030110051|S|Cat="pron"|Id="32"|morphId="610030110081"|Unicode="ὑμᾶς?"|Lemma="σύ"|Lang="G"|StrongNumber="G47710"|Morph="RP,,,2A,P,"|Type="Personal"|Person="Second"|Case="Accusative"|Number="Plural"|English="you"
610030110091|ἐν|610030110111|prep|Cat="prep"|Id="35"|morphId="610030110091"|Unicode="ἐν"|Lemma="ἐν"|Lang="G"|StrongNumber="G17220"|Morph="P,,,,,D,,,"|Case="Dative"|English="in"
610030110101|ἁγίαις|610030110111|adjp|Cat="adj"|Id="39"|morphId="610030110101"|Unicode="ἁγίαις"|Lemma="ἅγιος"|Lang="G"|StrongNumber="G00400"|Morph="AA,,,,DFP,"|Type="Ascriptive"|Case="Dative"|Gender="Feminine"|Number="Plural"|English="holy"
610030110111|ἀναστροφαῖς|610030110051|ADV|Cat="noun"|Id="41"|morphId="610030110111"|Unicode="ἀναστροφαῖς"|Lemma="ἀναστροφή"|Lang="G"|StrongNumber="G03910"|Morph="N,,,,,DFP,"|Case="Dative"|Gender="Feminine"|Number="Plural"|English="lives"
610030110121|καὶ|610030110111|conj|Cat="conj"|Id="42"|morphId="610030110121"|Unicode="καὶ"|Lemma="καί"|Lang="G"|StrongNumber="G25320"|Morph="CC,,,,,,,,"|Type="Coordinating"|English="and"
610030110131|εὐσεβείαις,|610030110111|np|Cat="noun"|Id="44"|morphId="610030110131"|Unicode="εὐσεβείαις,"|Lemma="εὐσέβεια"|Lang="G"|StrongNumber="G21500"|Morph="N,,,,,DFP,"|Case="Dative"|Gender="Feminine"|Number="Plural"|English="godliness"
610030120011|προσδοκῶντας|None|CL|Cat="verb"|Id="6"|morphId="610030120011"|Unicode="προσδοκῶντας"|Lemma="προσδοκάω"|Lang="G"|StrongNumber="G43280"|Morph="V,PPA,AMP,"|Mood="Participle"|Tense="Present"|Voice="Active"|Case="Accusative"|Gender="Masculine"|Number="Plural"|English="waiting for"
610030120021|καὶ|610030120011|conj|Cat="conj"|Id="7"|morphId="610030120021"|Unicode="καὶ"|Lemma="καί"|Lang="G"|StrongNumber="G25320"|Morph="CC,,,,,,,,"|Type="Coordinating"|English="and"
610030120031|σπεύδοντας|610030120011|vp|Cat="verb"|Id="9"|morphId="610030120031"|Unicode="σπεύδοντας"|Lemma="σπεύδω"|Lang="G"|StrongNumber="G46920"|Morph="V,PPA,AMP,"|Mood="Participle"|Tense="Present"|Voice="Active"|Case="Accusative"|Gender="Masculine"|Number="Plural"|English="hastening"
610030120041|τὴν|610030120051|det|Cat="det"|Id="12"|morphId="610030120041"|Unicode="τὴν"|Lemma="ὁ"|Lang="G"|StrongNumber="G35880"|Morph="EA,,,,AFS,"|Type="Article"|Case="Accusative"|Gender="Feminine"|Number="Singular"|English="the"
610030120051|παρουσίαν|610030120011|O|Cat="noun"|Id="15"|morphId="610030120051"|Unicode="παρουσίαν"|Lemma="παρουσία"|Lang="G"|StrongNumber="G39520"|Morph="N,,,,,AFS,"|Case="Accusative"|Gender="Feminine"|Number="Singular"|English="coming"
610030120061|τῆς|610030120091|det|Cat="det"|Id="17"|morphId="610030120061"|Unicode="τῆς"|Lemma="ὁ"|Lang="G"|StrongNumber="G35880"|Morph="EA,,,,GFS,"|Type="Article"|Case="Genitive"|Gender="Feminine"|Number="Singular"|English="the"
610030120071|τοῦ|610030120081|det|Cat="det"|Id="21"|morphId="610030120071"|Unicode="τοῦ"|Lemma="ὁ"|Lang="G"|StrongNumber="G35880"|Morph="EA,,,,GMS,"|Type="Article"|Case="Genitive"|Gender="Masculine"|Number="Singular"
610030120081|Θεοῦ|610030120091|np|Cat="noun"|Id="23"|morphId="610030120081"|Unicode="Θεοῦ"|Lemma="θεός"|Lang="G"|StrongNumber="G23160"|Morph="N,,,,,GMS,"|Case="Genitive"|Gender="Masculine"|Number="Singular"|English="of God"
610030120091|ἡμέρας,|610030120051|np|Cat="noun"|Id="25"|morphId="610030120091"|Unicode="ἡμέρας,"|Lemma="ἡμέρα"|Lang="G"|StrongNumber="G22500"|Morph="N,,,,,GFS,"|Case="Genitive"|Gender="Feminine"|Number="Singular"|English="of ~ day"
610030120101|δι’|610030120111|prep|Cat="prep"|Id="30"|morphId="610030120101"|Unicode="δι’"|Lemma="διά"|Lang="G"|StrongNumber="G12230"|Morph="P,,,,,A,,,"|Case="Accusative"|English="because of"
610030120111|ἣν|610030120141|ADV|Cat="pron"|Id="32"|morphId="610030120111"|Unicode="ἣν"|Lemma="ὅς"|Lang="G"|StrongNumber="G37390"|Morph="RR,,,,AFS,"|Type="Relative"|Case="Accusative"|Gender="Feminine"|Number="Singular"|English="which"
610030120121|οὐρανοὶ|610030120141|S|Cat="noun"|Id="35"|morphId="610030120121"|Unicode="οὐρανοὶ"|Lemma="οὐρανός"|Lang="G"|StrongNumber="G37720"|Morph="N,,,,,NMP,"|Case="Nominative"|Gender="Masculine"|Number="Plural"|English="heavens"
610030120131|πυρούμενοι,|610030120141|ADV|Cat="verb"|Id="40"|morphId="610030120131"|Unicode="πυρούμενοι,"|Lemma="πυρόω"|Lang="G"|StrongNumber="G44480"|Morph="V,PPP,NMP,"|Mood="Participle"|Tense="Present"|Voice="Passive"|Case="Nominative"|Gender="Masculine"|Number="Plural"|English="fire"
610030120141|λυθήσονται,|610030120091|CL|Cat="verb"|Id="43"|morphId="610030120141"|Unicode="λυθήσονται,"|Lemma="λύω"|Lang="G"|StrongNumber="G30890"|Morph="V,IFP3,,P,"|Mood="Indicative"|Tense="Future"|Voice="Passive"|Person="Third"|Number="Plural"|English="will be dissolved"
610030120151|καὶ|610030120141|conj|Cat="conj"|Id="44"|morphId="610030120151"|Unicode="καὶ"|Lemma="καί"|Lang="G"|StrongNumber="G25320"|Morph="CC,,,,,,,,"|Type="Coordinating"|English="and"
610030120161|στοιχεῖα|610030120181|S|Cat="noun"|Id="48"|morphId="610030120161"|Unicode="στοιχεῖα"|Lemma="στοιχεῖον"|Lang="G"|StrongNumber="G47470"|Morph="N,,,,,NNP,"|Case="Nominative"|Gender="Neuter"|Number="Plural"|English="elements"
610030120171|καυσούμενα,|610030120181|ADV|Cat="verb"|Id="53"|morphId="610030120171"|Unicode="καυσούμενα,"|Lemma="καυσόω"|Lang="G"|StrongNumber="G27410"|Morph="V,PPP,NNP,"|Mood="Participle"|Tense="Present"|Voice="Passive"|Case="Nominative"|Gender="Neuter"|Number="Plural"|English="fire"
610030120181|τήκεται.|610030120141|CL|Cat="verb"|Id="56"|morphId="610030120181"|Unicode="τήκεται."|Lemma="τήκω"|Lang="G"|StrongNumber="G50800"|Morph="V,IPP3,,S,"|Mood="Indicative"|Tense="Present"|Voice="Passive"|Person="Third"|Number="Singular"|English="will melt"
610030130021|δὲ|610030130111|conj|Cat="conj"|Id="3"|morphId="610030130021"|Unicode="δὲ"|Lemma="δέ"|Lang="G"|StrongNumber="G11610"|Morph="CC,,,,,,,,"|Type="Coordinating"|English="but"
610030130011|καινοὺς|610030130031|adjp|Cat="adj"|Id="10"|morphId="610030130011"|Unicode="καινοὺς"|Lemma="καινός"|Lang="G"|StrongNumber="G25370"|Morph="AA,,,,AMP,"|Type="Ascriptive"|Case="Accusative"|Gender="Masculine"|Number="Plural"|English="new"
610030130031|οὐρανοὺς|610030130111|O|Cat="noun"|Id="12"|morphId="610030130031"|Unicode="οὐρανοὺς"|Lemma="οὐρανός"|Lang="G"|StrongNumber="G37720"|Morph="N,,,,,AMP,"|Case="Accusative"|Gender="Masculine"|Number="Plural"|English="heavens"
610030130041|καὶ|610030130031|conj|Cat="conj"|Id="13"|morphId="610030130041"|Unicode="καὶ"|Lemma="καί"|Lang="G"|StrongNumber="G25320"|Morph="CC,,,,,,,,"|Type="Coordinating"|English="and"
610030130051|γῆν|610030130031|np|Cat="noun"|Id="16"|morphId="610030130051"|Unicode="γῆν"|Lemma="γῆ"|Lang="G"|StrongNumber="G10930"|Morph="N,,,,,AFS,"|Case="Accusative"|Gender="Feminine"|Number="Singular"|English="a ~ earth"
610030130061|καινὴν,|610030130051|adjp|Cat="adj"|Id="18"|morphId="610030130061"|Unicode="καινὴν,"|Lemma="καινός"|Lang="G"|StrongNumber="G25370"|Morph="AA,,,,AFS,"|Type="Ascriptive"|Case="Accusative"|Gender="Feminine"|Number="Singular"|English="new"
610030130071|κατὰ|610030130091|prep|Cat="prep"|Id="21"|morphId="610030130071"|Unicode="κατὰ"|Lemma="κατά"|Lang="G"|StrongNumber="G25960"|Morph="P,,,,,A,,,"|Case="Accusative"|English="according to"
610030130081|τὸ|610030130091|det|Cat="det"|Id="23"|morphId="610030130081"|Unicode="τὸ"|Lemma="ὁ"|Lang="G"|StrongNumber="G35880"|Morph="EA,,,,ANS,"|Type="Article"|Case="Accusative"|Gender="Neuter"|Number="Singular"|English="the"
610030130091|ἐπάγγελμα|610030130111|ADV|Cat="noun"|Id="26"|morphId="610030130091"|Unicode="ἐπάγγελμα"|Lemma="ἐπάγγελμα"|Lang="G"|StrongNumber="G18620"|Morph="N,,,,,ANS,"|Case="Accusative"|Gender="Neuter"|Number="Singular"|English="promise"
610030130101|αὐτοῦ|610030130091|np|Cat="pron"|Id="28"|morphId="610030130101"|Unicode="αὐτοῦ"|Lemma="αὐτός"|Lang="G"|StrongNumber="G08460"|Morph="RP,,,3GMS,"|Type="Personal"|Person="Third"|Case="Genitive"|Gender="Masculine"|Number="Singular"|English="of Him"
610030130111|προσδοκῶμεν,|None|CL|Cat="verb"|Id="31"|morphId="610030130111"|Unicode="προσδοκῶμεν,"|Lemma="προσδοκάω"|Lang="G"|StrongNumber="G43280"|Morph="V,IPA1,,P,"|Mood="Indicative"|Tense="Present"|Voice="Active"|Person="First"|Number="Plural"|English="we wait for"
610030130121|ἐν|610030130131|prep|Cat="prep"|Id="35"|morphId="610030130121"|Unicode="ἐν"|Lemma="ἐν"|Lang="G"|StrongNumber="G17220"|Morph="P,,,,,D,,,"|Case="Dative"|English="in"
610030130131|οἷς|610030130151|ADV|Cat="pron"|Id="37"|morphId="610030130131"|Unicode="οἷς"|Lemma="ὅς"|Lang="G"|StrongNumber="G37390"|Morph="RR,,,,DMP,"|Type="Relative"|Case="Dative"|Gender="Masculine"|Number="Plural"|English="which"
610030130141|δικαιοσύνη|610030130151|S|Cat="noun"|Id="40"|morphId="610030130141"|Unicode="δικαιοσύνη"|Lemma="δικαιοσύνη"|Lang="G"|StrongNumber="G13430"|Morph="N,,,,,NFS,"|Case="Nominative"|Gender="Feminine"|Number="Singular"|English="righteousness"
610030130151|κατοικεῖ.|610030130111|CL|Cat="verb"|Id="43"|morphId="610030130151"|Unicode="κατοικεῖ."|Lemma="κατοικέω"|Lang="G"|StrongNumber="G27300"|Morph="V,IPA3,,S,"|Mood="Indicative"|Tense="Present"|Voice="Active"|Person="Third"|Number="Singular"|English="dwells"
610030140011|διό,|610030140051|conj|Cat="conj"|Id="3"|morphId="610030140011"|Unicode="διό,"|Lemma="διό"|Lang="G"|StrongNumber="G13520"|Morph="CC,,,,,,,,"|Type="Coordinating"|English="therefore"
610030140021|ἀγαπητοί,|610030140051|CL|Cat="noun"|Id="7"|morphId="610030140021"|Unicode="ἀγαπητοί,"|Lemma="ἀγαπητός"|Lang="G"|StrongNumber="G00270"|Morph="NS,,,,VMP,"|Type="Substantive_Adj"|Case="Vocative"|Gender="Masculine"|Number="Plural"|English="beloved"
610030140031|ταῦτα|610030140041|O|Cat="pron"|Id="13"|morphId="610030140031"|Unicode="ταῦτα"|Lemma="οὗτος"|Lang="G"|StrongNumber="G37780"|Morph="RD,,,,ANP,"|Type="Demonstrative"|Case="Accusative"|Gender="Neuter"|Number="Plural"|English="these things"
610030140041|προσδοκῶντες,|610030140051|ADV|Cat="verb"|Id="16"|morphId="610030140041"|Unicode="προσδοκῶντες,"|Lemma="προσδοκάω"|Lang="G"|StrongNumber="G43280"|Morph="V,PPA,NMP,"|Mood="Participle"|Tense="Present"|Voice="Active"|Case="Nominative"|Gender="Masculine"|Number="Plural"|English="are waiting for"
610030140051|σπουδάσατε|None|CL|Cat="verb"|Id="19"|morphId="610030140051"|Unicode="σπουδάσατε"|Lemma="σπουδάζω"|Lang="G"|StrongNumber="G47040"|Morph="V,MAA2,,P,"|Mood="Imperative"|Tense="Aorist"|Voice="Active"|Person="Second"|Number="Plural"|English="be diligent"
610030140061|ἄσπιλοι|610030140051|O|Cat="noun"|Id="26"|morphId="610030140061"|Unicode="ἄσπιλοι"|Lemma="ἄσπιλος"|Lang="G"|StrongNumber="G07840"|Morph="NS,,,,NMP,"|Type="Substantive_Adj"|Case="Nominative"|Gender="Masculine"|Number="Plural"|English="spotless"
610030140071|καὶ|610030140061|conj|Cat="conj"|Id="27"|morphId="610030140071"|Unicode="καὶ"|Lemma="καί"|Lang="G"|StrongNumber="G25320"|Morph="CC,,,,,,,,"|Type="Coordinating"|English="and"
610030140081|ἀμώμητοι|610030140061|adjp|Cat="noun"|Id="30"|morphId="610030140081"|Unicode="ἀμώμητοι"|Lemma="ἀμώμητος"|Lang="G"|StrongNumber="G02980"|Morph="NS,,,,NMP,"|Type="Substantive_Adj"|Case="Nominative"|Gender="Masculine"|Number="Plural"|English="blameless"
610030140091|αὐτῷ|610030140061|ADV|Cat="pron"|Id="33"|morphId="610030140091"|Unicode="αὐτῷ"|Lemma="αὐτός"|Lang="G"|StrongNumber="G08460"|Morph="RP,,,3DMS,"|Type="Personal"|Person="Third"|Case="Dative"|Gender="Masculine"|Number="Singular"|English="with him"
610030140101|εὑρεθῆναι|610030140061|VC|Cat="verb"|Id="36"|morphId="610030140101"|Unicode="εὑρεθῆναι"|Lemma="εὑρίσκω"|Lang="G"|StrongNumber="G21470"|Morph="V,NAP,,,,,"|Mood="Infinitive"|Tense="Aorist"|Voice="Passive"|English="to be found"
610030140111|ἐν|610030140121|prep|Cat="prep"|Id="39"|morphId="610030140111"|Unicode="ἐν"|Lemma="ἐν"|Lang="G"|StrongNumber="G17220"|Morph="P,,,,,D,,,"|Case="Dative"|English="at"
610030140121|εἰρήνῃ.|610030140061|ADV|Cat="noun"|Id="41"|morphId="610030140121"|Unicode="εἰρήνῃ."|Lemma="εἰρήνη"|Lang="G"|StrongNumber="G15150"|Morph="N,,,,,DFS,"|Case="Dative"|Gender="Feminine"|Number="Singular"|English="peace"
610030150011|καὶ|610030150081|conj|Cat="conj"|Id="3"|morphId="610030150011"|Unicode="καὶ"|Lemma="καί"|Lang="G"|StrongNumber="G25320"|Morph="CC,,,,,,,,"|Type="Coordinating"|English="and"
610030150021|τὴν|610030150061|det|Cat="det"|Id="8"|morphId="610030150021"|Unicode="τὴν"|Lemma="ὁ"|Lang="G"|StrongNumber="G35880"|Morph="EA,,,,AFS,"|Type="Article"|Case="Accusative"|Gender="Feminine"|Number="Singular"|English="the"
610030150031|τοῦ|610030150041|det|Cat="det"|Id="11"|morphId="610030150031"|Unicode="τοῦ"|Lemma="ὁ"|Lang="G"|StrongNumber="G35880"|Morph="EA,,,,GMS,"|Type="Article"|Case="Genitive"|Gender="Masculine"|Number="Singular"|English="the"
610030150041|Κυρίου|610030150061|np|Cat="noun"|Id="14"|morphId="610030150041"|Unicode="Κυρίου"|Lemma="κύριος"|Lang="G"|StrongNumber="G29620"|Morph="N,,,,,GMS,"|Case="Genitive"|Gender="Masculine"|Number="Singular"|English="of ~ Lord"
610030150051|ἡμῶν|610030150041|np|Cat="pron"|Id="16"|morphId="610030150051"|Unicode="ἡμῶν"|Lemma="ἐγώ"|Lang="G"|StrongNumber="G14730"|Morph="RP,,,1G,P,"|Type="Personal"|Person="First"|Case="Genitive"|Number="Plural"|English="of us"
610030150061|μακροθυμίαν,|610030150081|O|Cat="noun"|Id="18"|morphId="610030150061"|Unicode="μακροθυμίαν,"|Lemma="μακροθυμία"|Lang="G"|StrongNumber="G31150"|Morph="N,,,,,AFS,"|Case="Accusative"|Gender="Feminine"|Number="Singular"|English="patience"
610030150071|σωτηρίαν|610030150081|O2|Cat="noun"|Id="21"|morphId="610030150071"|Unicode="σωτηρίαν"|Lemma="σωτηρία"|Lang="G"|StrongNumber="G49910"|Morph="N,,,,,AFS,"|Case="Accusative"|Gender="Feminine"|Number="Singular"|English="salvation"
610030150081|ἡγεῖσθε,|None|CL|Cat="verb"|Id="24"|morphId="610030150081"|Unicode="ἡγεῖσθε,"|Lemma="ἡγέομαι"|Lang="G"|StrongNumber="G22330"|Morph="V,MPM2,,P,"|Mood="Imperative"|Tense="Present"|Voice="Middle"|Person="Second"|Number="Plural"|English="regard"
610030150091|καθὼς|610030150211|conj|Cat="adv"|Id="27"|morphId="610030150091"|Unicode="καθὼς"|Lemma="καθώς"|Lang="G"|StrongNumber="G25310"|Morph="D,,,,,,,,,"|English="just as"
610030150101|καὶ|610030150141|advp|Cat="adv"|Id="32"|morphId="610030150101"|Unicode="καὶ"|Lemma="καί"|Lang="G"|StrongNumber="G25320"|Morph="D,,,,,,,,,"|English="also"
610030150111|ὁ|610030150141|det|Cat="det"|Id="35"|morphId="610030150111"|Unicode="ὁ"|Lemma="ὁ"|Lang="G"|StrongNumber="G35880"|Morph="EA,,,,NMS,"|Type="Article"|Case="Nominative"|Gender="Masculine"|Number="Singular"|English="the"
610030150121|ἀγαπητὸς|610030150141|np|Cat="noun"|Id="38"|morphId="610030150121"|Unicode="ἀγαπητὸς"|Lemma="ἀγαπητός"|Lang="G"|StrongNumber="G00270"|Morph="NS,,,,NMS,"|Type="Substantive_Adj"|Case="Nominative"|Gender="Masculine"|Number="Singular"|English="beloved"
610030150131|ἡμῶν|610030150141|np|Cat="pron"|Id="41"|morphId="610030150131"|Unicode="ἡμῶν"|Lemma="ἐγώ"|Lang="G"|StrongNumber="G14730"|Morph="RP,,,1G,P,"|Type="Personal"|Person="First"|Case="Genitive"|Number="Plural"|English="of us"
610030150141|ἀδελφὸς|610030150211|S|Cat="noun"|Id="43"|morphId="610030150141"|Unicode="ἀδελφὸς"|Lemma="ἀδελφός"|Lang="G"|StrongNumber="G00800"|Morph="N,,,,,NMS,"|Case="Nominative"|Gender="Masculine"|Number="Singular"|English="brother"
610030150151|Παῦλος,|610030150141|np|Cat="noun"|Id="45"|morphId="610030150151"|Unicode="Παῦλος,"|Lemma="Παῦλος"|Lang="G"|StrongNumber="G39720"|Morph="N,,,,,NMS,"|Case="Nominative"|Gender="Masculine"|Number="Singular"|English="Paul"
610030150161|κατὰ|610030150201|prep|Cat="prep"|Id="48"|morphId="610030150161"|Unicode="κατὰ"|Lemma="κατά"|Lang="G"|StrongNumber="G25960"|Morph="P,,,,,A,,,"|Case="Accusative"|English="according to"
610030150171|τὴν|610030150201|det|Cat="det"|Id="50"|morphId="610030150171"|Unicode="τὴν"|Lemma="ὁ"|Lang="G"|StrongNumber="G35880"|Morph="EA,,,,AFS,"|Type="Article"|Case="Accusative"|Gender="Feminine"|Number="Singular"|English="the"
610030150181|δοθεῖσαν|610030150201|adjp|Cat="verb"|Id="56"|morphId="610030150181"|Unicode="δοθεῖσαν"|Lemma="δίδωμι"|Lang="G"|StrongNumber="G13250"|Morph="V,PAP,AFS,"|Mood="Participle"|Tense="Aorist"|Voice="Passive"|Case="Accusative"|Gender="Feminine"|Number="Singular"|English="given"
610030150191|αὐτῷ|610030150181|IO|Cat="pron"|Id="59"|morphId="610030150191"|Unicode="αὐτῷ"|Lemma="αὐτός"|Lang="G"|StrongNumber="G08460"|Morph="RP,,,3DMS,"|Type="Personal"|Person="Third"|Case="Dative"|Gender="Masculine"|Number="Singular"|English="to him"
610030150201|σοφίαν,|610030150211|ADV|Cat="noun"|Id="61"|morphId="610030150201"|Unicode="σοφίαν,"|Lemma="σοφία"|Lang="G"|StrongNumber="G46780"|Morph="N,,,,,AFS,"|Case="Accusative"|Gender="Feminine"|Number="Singular"|English="wisdom"
610030150211|ἔγραψεν|610030150081|CL|Cat="verb"|Id="64"|morphId="610030150211"|Unicode="ἔγραψεν"|Lemma="γράφω"|Lang="G"|StrongNumber="G11250"|Morph="V,IAA3,,S,"|Mood="Indicative"|Tense="Aorist"|Voice="Active"|Person="Third"|Number="Singular"|English="wrote"
610030150221|ὑμῖν,|610030150211|IO|Cat="pron"|Id="67"|morphId="610030150221"|Unicode="ὑμῖν,"|Lemma="σύ"|Lang="G"|StrongNumber="G47710"|Morph="RP,,,2D,P,"|Type="Personal"|Person="Second"|Case="Dative"|Number="Plural"|English="to you"
610030160011|ὡς|610030160071|conj|Cat="conj"|Id="4"|morphId="610030160011"|Unicode="ὡς"|Lemma="ὡς"|Lang="G"|StrongNumber="G56130"|Morph="CS,,,,,,,,"|Type="Subordinating"|English="as"
610030160021|καὶ|610030160061|advp|Cat="adv"|Id="10"|morphId="610030160021"|Unicode="καὶ"|Lemma="καί"|Lang="G"|StrongNumber="G25320"|Morph="D,,,,,,,,,"|English="also"
610030160031|ἐν|610030160061|prep|Cat="prep"|Id="12"|morphId="610030160031"|Unicode="ἐν"|Lemma="ἐν"|Lang="G"|StrongNumber="G17220"|Morph="P,,,,,D,,,"|Case="Dative"|English="in"
610030160041|πάσαις|610030160061|adjp|Cat="det"|Id="16"|morphId="610030160041"|Unicode="πάσαις"|Lemma="πᾶς"|Lang="G"|StrongNumber="G39560"|Morph="EQ,,,,DFP,"|Type="Quantifier"|Case="Dative"|Gender="Feminine"|Number="Plural"|English="all"
610030160051|ταῖς|610030160061|det|Cat="det"|Id="18"|morphId="610030160051"|Unicode="ταῖς"|Lemma="ὁ"|Lang="G"|StrongNumber="G35880"|Morph="EP,,,,DFP,"|Type="Possessive"|Case="Dative"|Gender="Feminine"|Number="Plural"
610030160061|ἐπιστολαῖς,|610030160071|ADV|Cat="noun"|Id="20"|morphId="610030160061"|Unicode="ἐπιστολαῖς,"|Lemma="ἐπιστολή"|Lang="G"|StrongNumber="G19920"|Morph="N,,,,,DFP,"|Case="Dative"|Gender="Feminine"|Number="Plural"|English="letters"
610030160071|λαλῶν|None|ADV|Cat="verb"|Id="23"|morphId="610030160071"|Unicode="λαλῶν"|Lemma="λαλέω"|Lang="G"|StrongNumber="G29800"|Morph="V,PPA,NMS,"|Mood="Participle"|Tense="Present"|Voice="Active"|Case="Nominative"|Gender="Masculine"|Number="Singular"|English="speaking"
610030160081|ἐν|610030160091|prep|Cat="prep"|Id="26"|morphId="610030160081"|Unicode="ἐν"|Lemma="ἐν"|Lang="G"|StrongNumber="G17220"|Morph="P,,,,,D,,,"|Case="Dative"|English="in"
610030160091|αὐταῖς|610030160071|ADV|Cat="pron"|Id="28"|morphId="610030160091"|Unicode="αὐταῖς"|Lemma="αὐτός"|Lang="G"|StrongNumber="G08460"|Morph="RP,,,3DFP,"|Type="Personal"|Person="Third"|Case="Dative"|Gender="Feminine"|Number="Plural"|English="them"
610030160101|περὶ|610030160111|prep|Cat="prep"|Id="31"|morphId="610030160101"|Unicode="περὶ"|Lemma="περί"|Lang="G"|StrongNumber="G40120"|Morph="P,,,,,G,,,"|Case="Genitive"|English="of"
610030160111|τούτων,|610030160071|ADV|Cat="pron"|Id="33"|morphId="610030160111"|Unicode="τούτων,"|Lemma="οὗτος"|Lang="G"|StrongNumber="G37780"|Morph="RD,,,,GNP,"|Type="Demonstrative"|Case="Genitive"|Gender="Neuter"|Number="Plural"|English="these things"
610030160121|ἐν|610030160131|prep|Cat="prep"|Id="37"|morphId="610030160121"|Unicode="ἐν"|Lemma="ἐν"|Lang="G"|StrongNumber="G17220"|Morph="P,,,,,D,,,"|Case="Dative"|English="in"
610030160131|αἷς|610030160151|ADV|Cat="pron"|Id="39"|morphId="610030160131"|Unicode="αἷς"|Lemma="ὅς"|Lang="G"|StrongNumber="G37390"|Morph="RR,,,,DFP,"|Type="Relative"|Case="Dative"|Gender="Feminine"|Number="Plural"|English="which"
610030160141|ἐστιν|610030160151|VC|Cat="verb"|Id="42"|morphId="610030160141"|Unicode="ἐστιν"|Lemma="εἰμί"|Lang="G"|StrongNumber="G15100"|Morph="V,IPA3,,S,"|Mood="Indicative"|Tense="Present"|Voice="Active"|Person="Third"|Number="Singular"|English="are"
610030160151|δυσνόητά|610030160071|CL|Cat="noun"|Id="45"|morphId="610030160151"|Unicode="δυσνόητά"|Lemma="δυσνόητος"|Lang="G"|StrongNumber="G14250"|Morph="NP,,,,NNP,"|Type="Predicate_Adj"|Case="Nominative"|Gender="Neuter"|Number="Plural"|English="hard to understand"
610030160161|τινα,|610030160151|S|Cat="det"|Id="49"|morphId="610030160161"|Unicode="τινα,"|Lemma="τις"|Lang="G"|StrongNumber="G51000"|Morph="EQ,,,,NNP,"|Type="Quantifier"|Case="Nominative"|Gender="Neuter"|Number="Plural"|English="some things"
610030160171|ἃ|610030160221|O|Cat="pron"|Id="53"|morphId="610030160171"|Unicode="ἃ"|Lemma="ὅς"|Lang="G"|StrongNumber="G37390"|Morph="RR,,,,ANP,"|Type="Relative"|Case="Accusative"|Gender="Neuter"|Number="Plural"|English="which"
610030160181|οἱ|610030160191|det|Cat="det"|Id="56"|morphId="610030160181"|Unicode="οἱ"|Lemma="ὁ"|Lang="G"|StrongNumber="G35880"|Morph="EA,,,,NMP,"|Type="Article"|Case="Nominative"|Gender="Masculine"|Number="Plural"|English="the"
610030160191|ἀμαθεῖς|610030160221|S|Cat="noun"|Id="60"|morphId="610030160191"|Unicode="ἀμαθεῖς"|Lemma="ἀμαθής"|Lang="G"|StrongNumber="G02610"|Morph="NS,,,,NMP,"|Type="Substantive_Adj"|Case="Nominative"|Gender="Masculine"|Number="Plural"|English="ignorant"
610030160201|καὶ|610030160191|conj|Cat="conj"|Id="61"|morphId="610030160201"|Unicode="καὶ"|Lemma="καί"|Lang="G"|StrongNumber="G25320"|Morph="CC,,,,,,,,"|Type="Coordinating"|English="and"
610030160211|ἀστήρικτοι|610030160191|adjp|Cat="noun"|Id="64"|morphId="610030160211"|Unicode="ἀστήρικτοι"|Lemma="ἀστήρικτος"|Lang="G"|StrongNumber="G07930"|Morph="NS,,,,NMP,"|Type="Substantive_Adj"|Case="Nominative"|Gender="Masculine"|Number="Plural"|English="unstable"
610030160221|στρεβλοῦσιν|610030160161|CL|Cat="verb"|Id="67"|morphId="610030160221"|Unicode="στρεβλοῦσιν"|Lemma="στρεβλόω"|Lang="G"|StrongNumber="G47610"|Morph="V,IPA3,,P,"|Mood="Indicative"|Tense="Present"|Voice="Active"|Person="Third"|Number="Plural"|English="twist"
610030160231|ὡς|610030160271|conj|Cat="conj"|Id="70"|morphId="610030160231"|Unicode="ὡς"|Lemma="ὡς"|Lang="G"|StrongNumber="G56130"|Morph="CS,,,,,,,,"|Type="Subordinating"|English="as"
610030160241|καὶ|610030160271|advp|Cat="adv"|Id="75"|morphId="610030160241"|Unicode="καὶ"|Lemma="καί"|Lang="G"|StrongNumber="G25320"|Morph="D,,,,,,,,,"|English="also"
610030160251|τὰς|610030160271|det|Cat="det"|Id="77"|morphId="610030160251"|Unicode="τὰς"|Lemma="ὁ"|Lang="G"|StrongNumber="G35880"|Morph="EA,,,,AFP,"|Type="Article"|Case="Accusative"|Gender="Feminine"|Number="Plural"|English="the"
610030160261|λοιπὰς|610030160271|adjp|Cat="det"|Id="81"|morphId="610030160261"|Unicode="λοιπὰς"|Lemma="λοιπός"|Lang="G"|StrongNumber="G30620"|Morph="EQ,,,,AFP,"|Type="Quantifier"|Case="Accusative"|Gender="Feminine"|Number="Plural"|English="rest"
610030160271|Γραφὰς,|610030160221|ADV|Cat="noun"|Id="83"|morphId="610030160271"|Unicode="Γραφὰς,"|Lemma="γραφή"|Lang="G"|StrongNumber="G11240"|Morph="N,,,,,AFP,"|Case="Accusative"|Gender="Feminine"|Number="Plural"|English="scriptures"
610030160281|πρὸς|610030160321|prep|Cat="prep"|Id="86"|morphId="610030160281"|Unicode="πρὸς"|Lemma="πρός"|Lang="G"|StrongNumber="G43140"|Morph="P,,,,,A,,,"|Case="Accusative"|English="to"
610030160291|τὴν|610030160321|det|Cat="det"|Id="88"|morphId="610030160291"|Unicode="τὴν"|Lemma="ὁ"|Lang="G"|StrongNumber="G35880"|Morph="EP,,,,AFS,"|Type="Possessive"|Case="Accusative"|Gender="Feminine"|Number="Singular"|English="the"
610030160301|ἰδίαν|610030160321|np|Cat="pron"|Id="91"|morphId="610030160301"|Unicode="ἰδίαν"|Lemma="ἴδιος"|Lang="G"|StrongNumber="G23980"|Morph="RD,,,,AFS,"|Type="Demonstrative"|Case="Accusative"|Gender="Feminine"|Number="Singular"|English="own"
610030160311|αὐτῶν|610030160321|np|Cat="pron"|Id="94"|morphId="610030160311"|Unicode="αὐτῶν"|Lemma="αὐτός"|Lang="G"|StrongNumber="G08460"|Morph="RP,,,3GMP,"|Type="Personal"|Person="Third"|Case="Genitive"|Gender="Masculine"|Number="Plural"|English="of them"
610030160321|ἀπώλειαν.|610030160221|ADV|Cat="noun"|Id="96"|morphId="610030160321"|Unicode="ἀπώλειαν."|Lemma="ἀπώλεια"|Lang="G"|StrongNumber="G06840"|Morph="N,,,,,AFS,"|Case="Accusative"|Gender="Feminine"|Number="Singular"|English="destruction"
610030170021|οὖν,|610030170051|conj|Cat="conj"|Id="3"|morphId="610030170021"|Unicode="οὖν,"|Lemma="οὖν"|Lang="G"|StrongNumber="G37670"|Morph="CC,,,,,,,,"|Type="Coordinating"|English="therefore"
610030170031|ἀγαπητοί,|610030170051|CL|Cat="noun"|Id="7"|morphId="610030170031"|Unicode="ἀγαπητοί,"|Lemma="ἀγαπητός"|Lang="G"|StrongNumber="G00270"|Morph="NS,,,,VMP,"|Type="Substantive_Adj"|Case="Vocative"|Gender="Masculine"|Number="Plural"|English="beloved"
610030170011|ὑμεῖς|610030170051|S|Cat="pron"|Id="12"|morphId="610030170011"|Unicode="ὑμεῖς"|Lemma="σύ"|Lang="G"|StrongNumber="G47710"|Morph="RP,,,2N,P,"|Type="Personal"|Person="Second"|Case="Nominative"|Number="Plural"|English="You"
610030170041|προγινώσκοντες|610030170051|ADV|Cat="verb"|Id="17"|morphId="610030170041"|Unicode="προγινώσκοντες"|Lemma="προγινώσκω"|Lang="G"|StrongNumber="G42670"|Morph="V,PPA,NMP,"|Mood="Participle"|Tense="Present"|Voice="Active"|Case="Nominative"|Gender="Masculine"|Number="Plural"|English="knowing ~ beforehand"
610030170051|φυλάσσεσθε,|None|CL|Cat="verb"|Id="20"|morphId="610030170051"|Unicode="φυλάσσεσθε,"|Lemma="φυλάσσω"|Lang="G"|StrongNumber="G54420"|Morph="V,MPM2,,P,"|Mood="Imperative"|Tense="Present"|Voice="Middle"|Person="Second"|Number="Plural"|English="be on your guard"
610030170061|ἵνα|610030170131|conj|Cat="conj"|Id="22"|morphId="610030170061"|Unicode="ἵνα"|Lemma="ἵνα"|Lang="G"|StrongNumber="G24430"|Morph="CS,,,,,,,,"|Type="Subordinating"|English="so that"
610030170071|μὴ|610030170131|ADV|Cat="adv"|Id="26"|morphId="610030170071"|Unicode="μὴ"|Lemma="μή"|Lang="G"|StrongNumber="G33610"|Morph="D,,,,,,,,,"|English="not"
610030170081|τῇ|610030170111|det|Cat="det"|Id="31"|morphId="610030170081"|Unicode="τῇ"|Lemma="ὁ"|Lang="G"|StrongNumber="G35880"|Morph="EA,,,,DFS,"|Type="Article"|Case="Dative"|Gender="Feminine"|Number="Singular"|English="the"
610030170091|τῶν|610030170101|det|Cat="det"|Id="34"|morphId="610030170091"|Unicode="τῶν"|Lemma="ὁ"|Lang="G"|StrongNumber="G35880"|Morph="EA,,,,GMP,"|Type="Article"|Case="Genitive"|Gender="Masculine"|Number="Plural"|English="the"
610030170101|ἀθέσμων|610030170111|np|Cat="noun"|Id="36"|morphId="610030170101"|Unicode="ἀθέσμων"|Lemma="ἄθεσμος"|Lang="G"|StrongNumber="G01130"|Morph="NS,,,,GMP,"|Type="Substantive_Adj"|Case="Genitive"|Gender="Masculine"|Number="Plural"|English="of lawless people"
610030170111|πλάνῃ|610030170121|ADV|Cat="noun"|Id="38"|morphId="610030170111"|Unicode="πλάνῃ"|Lemma="πλάνη"|Lang="G"|StrongNumber="G41060"|Morph="N,,,,,DFS,"|Case="Dative"|Gender="Feminine"|Number="Singular"|English="by ~ error"
610030170121|συναπαχθέντες,|610030170131|ADV|Cat="verb"|Id="41"|morphId="610030170121"|Unicode="συναπαχθέντες,"|Lemma="συναπάγω"|Lang="G"|StrongNumber="G48790"|Morph="V,PAP,NMP,"|Mood="Participle"|Tense="Aorist"|Voice="Passive"|Case="Nominative"|Gender="Masculine"|Number="Plural"|English="are ~ carried away"
610030170131|ἐκπέσητε|610030170051|CL|Cat="verb"|Id="44"|morphId="610030170131"|Unicode="ἐκπέσητε"|Lemma="ἐκπίπτω"|Lang="G"|StrongNumber="G16010"|Morph="V,SAA2,,P,"|Mood="Subjunctive"|Tense="Aorist"|Voice="Active"|Person="Second"|Number="Plural"|English="fall from"
610030170141|τοῦ|610030170161|det|Cat="det"|Id="47"|morphId="610030170141"|Unicode="τοῦ"|Lemma="ὁ"|Lang="G"|StrongNumber="G35880"|Morph="EP,,,,GMS,"|Type="Possessive"|Case="Genitive"|Gender="Masculine"|Number="Singular"|English="theyour"
610030170151|ἰδίου|610030170161|adjp|Cat="det"|Id="51"|morphId="610030170151"|Unicode="ἰδίου"|Lemma="ἴδιος"|Lang="G"|StrongNumber="G23980"|Morph="EF,,,,GMS,"|Type="Differential"|Case="Genitive"|Gender="Masculine"|Number="Singular"|English="your own"
610030170161|στηριγμοῦ.|610030170131|ADV|Cat="noun"|Id="53"|morphId="610030170161"|Unicode="στηριγμοῦ."|Lemma="στηριγμός"|Lang="G"|StrongNumber="G47400"|Morph="N,,,,,GMS,"|Case="Genitive"|Gender="Masculine"|Number="Singular"|English="steadfastness"
610030180021|δὲ|610030180011|conj|Cat="conj"|Id="3"|morphId="610030180021"|Unicode="δὲ"|Lemma="δέ"|Lang="G"|StrongNumber="G11610"|Morph="CC,,,,,,,,"|Type="Coordinating"|English="but"
610030180011|αὐξάνετε|None|CL|Cat="verb"|Id="7"|morphId="610030180011"|Unicode="αὐξάνετε"|Lemma="αὐξάνω"|Lang="G"|StrongNumber="G08370"|Morph="V,MPA2,,P,"|Mood="Imperative"|Tense="Present"|Voice="Active"|Person="Second"|Number="Plural"|English="grow"
610030180031|ἐν|610030180041|prep|Cat="prep"|Id="10"|morphId="610030180031"|Unicode="ἐν"|Lemma="ἐν"|Lang="G"|StrongNumber="G17220"|Morph="P,,,,,D,,,"|Case="Dative"|English="in"
610030180041|χάριτι,|610030180011|ADV|Cat="noun"|Id="14"|morphId="610030180041"|Unicode="χάριτι,"|Lemma="χάρις"|Lang="G"|StrongNumber="G54850"|Morph="N,,,,,DFS,"|Case="Dative"|Gender="Feminine"|Number="Singular"|English="grace"
610030180051|καὶ|610030180041|conj|Cat="conj"|Id="15"|morphId="610030180051"|Unicode="καὶ"|Lemma="καί"|Lang="G"|StrongNumber="G25320"|Morph="CC,,,,,,,,"|Type="Coordinating"|English="and"
610030180061|γνώσει|610030180041|np|Cat="noun"|Id="17"|morphId="610030180061"|Unicode="γνώσει"|Lemma="γνῶσις"|Lang="G"|StrongNumber="G11080"|Morph="N,,,,,DFS,"|Case="Dative"|Gender="Feminine"|Number="Singular"|English="knowledge"
610030180071|τοῦ|610030180081|det|Cat="det"|Id="20"|morphId="610030180071"|Unicode="τοῦ"|Lemma="ὁ"|Lang="G"|StrongNumber="G35880"|Morph="EA,,,,GMS,"|Type="Article"|Case="Genitive"|Gender="Masculine"|Number="Singular"|English="of the"
610030180081|Κυρίου|610030180041|np|Cat="noun"|Id="24"|morphId="610030180081"|Unicode="Κυρίου"|Lemma="κύριος"|Lang="G"|StrongNumber="G29620"|Morph="N,,,,,GMS,"|Case="Genitive"|Gender="Masculine"|Number="Singular"|English="of ~ Lord"
610030180091|ἡμῶν|610030180081|np|Cat="pron"|Id="26"|morphId="610030180091"|Unicode="ἡμῶν"|Lemma="ἐγώ"|Lang="G"|StrongNumber="G14730"|Morph="RP,,,1G,P,"|Type="Personal"|Person="First"|Case="Genitive"|Number="Plural"|English="of us"
610030180101|καὶ|610030180081|conj|Cat="conj"|Id="27"|morphId="610030180101"|Unicode="καὶ"|Lemma="καί"|Lang="G"|StrongNumber="G25320"|Morph="CC,,,,,,,,"|Type="Coordinating"|English="and"
610030180111|Σωτῆρος,|610030180081|np|Cat="noun"|Id="29"|morphId="610030180111"|Unicode="Σωτῆρος,"|Lemma="σωτήρ"|Lang="G"|StrongNumber="G49900"|Morph="N,,,,,GMS,"|Case="Genitive"|Gender="Masculine"|Number="Singular"|English="savior"
610030180121|Ἰησοῦ|610030180081|np|Cat="noun"|Id="32"|morphId="610030180121"|Unicode="Ἰησοῦ"|Lemma="Ἰησοῦς"|Lang="G"|StrongNumber="G24240"|Morph="N,,,,,GMS,"|Case="Genitive"|Gender="Masculine"|Number="Singular"|English="Jesus"
610030180131|Χριστοῦ.|610030180121|np|Cat="noun"|Id="34"|morphId="610030180131"|Unicode="Χριστοῦ."|Lemma="χριστός"|Lang="G"|StrongNumber="G55470"|Morph="N,,,,,GMS,"|Case="Genitive"|Gender="Masculine"|Number="Singular"|English="Christ"
610030180141|αὐτῷ|610030180161|IO|Cat="pron"|Id="39"|morphId="610030180141"|Unicode="αὐτῷ"|Lemma="αὐτός"|Lang="G"|StrongNumber="G08460"|Morph="RP,,,3DMS,"|Type="Personal"|Person="Third"|Case="Dative"|Gender="Masculine"|Number="Singular"|English="To Him"
610030180151|ἡ|610030180161|det|Cat="det"|Id="42"|morphId="610030180151"|Unicode="ἡ"|Lemma="ὁ"|Lang="G"|StrongNumber="G35880"|Morph="EA,,,,NFS,"|Type="Article"|Case="Nominative"|Gender="Feminine"|Number="Singular"|English="the"
610030180161|δόξα|610030180011|CL|Cat="noun"|Id="44"|morphId="610030180161"|Unicode="δόξα"|Lemma="δόξα"|Lang="G"|StrongNumber="G13910"|Morph="N,,,,,NFS,"|Case="Nominative"|Gender="Feminine"|Number="Singular"|English="glory"
610030180171|καὶ|610030180181|conj|Cat="adv"|Id="48"|morphId="610030180171"|Unicode="καὶ"|Lemma="καί"|Lang="G"|StrongNumber="G25320"|Morph="DO,,,,,,,,"|Type="Correlative"|English="both"
610030180181|νῦν|610030180161|ADV|Cat="adv"|Id="50"|morphId="610030180181"|Unicode="νῦν"|Lemma="νῦν"|Lang="G"|StrongNumber="G35680"|Morph="D,,,,,,,,,"|English="now"
610030180191|καὶ|610030180181|conj|Cat="conj"|Id="51"|morphId="610030180191"|Unicode="καὶ"|Lemma="καί"|Lang="G"|StrongNumber="G25320"|Morph="CO,,,,,,,,"|Type="Correlative"|English="and"
610030180201|εἰς|610030180211|prep|Cat="prep"|Id="53"|morphId="610030180201"|Unicode="εἰς"|Lemma="εἰς"|Lang="G"|StrongNumber="G15190"|Morph="P,,,,,A,,,"|Case="Accusative"|English="to"
610030180211|ἡμέραν|610030180181|pp|Cat="noun"|Id="56"|morphId="610030180211"|Unicode="ἡμέραν"|Lemma="ἡμέρα"|Lang="G"|StrongNumber="G22500"|Morph="N,,,,,AFS,"|Case="Accusative"|Gender="Feminine"|Number="Singular"|English="day"
610030180221|αἰῶνος.|610030180211|np|Cat="noun"|Id="58"|morphId="610030180221"|Unicode="αἰῶνος."|Lemma="αἰών"|Lang="G"|StrongNumber="G01650"|Morph="N,,,,,GMS,"|Case="Genitive"|Gender="Masculine"|Number="Singular"|English="of eternity"
610030180231|ἀμήν!|610030180161|CL|Cat="intj"|Id="60"|morphId="610030180231"|Unicode="ἀμήν!"|Lang="G"|StrongNumber="G02810"|Morph="IE,,,,,,,,"|Type="Exclamation"|English="Amen!"
