550040010011|διαμαρτύρομαι|None|CL|Cat="verb"|Id="5"|morphId="550040010011"|Unicode="διαμαρτύρομαι"|Lemma="διαμαρτύρομαι"|Lang="G"|StrongNumber="G12630"|Morph="V,IPM1,,S,"|Mood="Indicative"|Tense="Present"|Voice="Middle"|Person="First"|Number="Singular"|English="I solemnly charge"
550040010021|ἐνώπιον|550040010041|prep|Cat="prep"|Id="9"|morphId="550040010021"|Unicode="ἐνώπιον"|Lemma="ἐνώπιον"|Lang="G"|StrongNumber="G17990"|Morph="PI,,,,G,,,"|Type="Improper"|Case="Genitive"|English="in the presence of"
550040010031|τοῦ|550040010041|det|Cat="det"|Id="12"|morphId="550040010031"|Unicode="τοῦ"|Lemma="ὁ"|Lang="G"|StrongNumber="G35880"|Morph="EA,,,,GMS,"|Type="Article"|Case="Genitive"|Gender="Masculine"|Number="Singular"
550040010041|Θεοῦ|550040010011|ADV|Cat="noun"|Id="14"|morphId="550040010041"|Unicode="Θεοῦ"|Lemma="θεός"|Lang="G"|StrongNumber="G23160"|Morph="N,,,,,GMS,"|Case="Genitive"|Gender="Masculine"|Number="Singular"|English="God"
550040010051|καὶ|550040010041|conj|Cat="conj"|Id="15"|morphId="550040010051"|Unicode="καὶ"|Lemma="καί"|Lang="G"|StrongNumber="G25320"|Morph="CC,,,,,,,,"|Type="Coordinating"|English="and"
550040010061|Χριστοῦ|550040010041|np|Cat="noun"|Id="19"|morphId="550040010061"|Unicode="Χριστοῦ"|Lemma="χριστός"|Lang="G"|StrongNumber="G55470"|Morph="N,,,,,GMS,"|Case="Genitive"|Gender="Masculine"|Number="Singular"|English="of Christ"
550040010071|Ἰησοῦ,|550040010061|np|Cat="noun"|Id="21"|morphId="550040010071"|Unicode="Ἰησοῦ,"|Lemma="Ἰησοῦς"|Lang="G"|StrongNumber="G24240"|Morph="N,,,,,GMS,"|Case="Genitive"|Gender="Masculine"|Number="Singular"|English="Jesus"
550040010081|τοῦ|550040010091|det|Cat="pron"|Id="24"|morphId="550040010081"|Unicode="τοῦ"|Lemma="ὁ"|Lang="G"|StrongNumber="G35880"|Morph="RD,,,,GMS,"|Type="Demonstrative"|Case="Genitive"|Gender="Masculine"|Number="Singular"|English="the one"
550040010091|μέλλοντος|550040010061|np|Cat="verb"|Id="28"|morphId="550040010091"|Unicode="μέλλοντος"|Lemma="μέλλω"|Lang="G"|StrongNumber="G31950"|Morph="V,PPA,GMS,"|Mood="Participle"|Tense="Present"|Voice="Active"|Case="Genitive"|Gender="Masculine"|Number="Singular"|English="who is to"
550040010101|κρίνειν|550040010091|O|Cat="verb"|Id="33"|morphId="550040010101"|Unicode="κρίνειν"|Lemma="κρίνω"|Lang="G"|StrongNumber="G29190"|Morph="V,NPA,,,,,"|Mood="Infinitive"|Tense="Present"|Voice="Active"|English="judge"
550040010111|ζῶντας|550040010101|O|Cat="verb"|Id="40"|morphId="550040010111"|Unicode="ζῶντας"|Lemma="ζάω"|Lang="G"|StrongNumber="G21980"|Morph="V,PPA,AMP,"|Mood="Participle"|Tense="Present"|Voice="Active"|Case="Accusative"|Gender="Masculine"|Number="Plural"|English="living"
550040010121|καὶ|550040010111|conj|Cat="conj"|Id="41"|morphId="550040010121"|Unicode="καὶ"|Lemma="καί"|Lang="G"|StrongNumber="G25320"|Morph="CC,,,,,,,,"|Type="Coordinating"|English="and"
550040010131|νεκρούς,|550040010111|np|Cat="noun"|Id="43"|morphId="550040010131"|Unicode="νεκρούς,"|Lemma="νεκρός"|Lang="G"|StrongNumber="G34980"|Morph="NS,,,,AMP,"|Type="Substantive_Adj"|Case="Accusative"|Gender="Masculine"|Number="Plural"|English="dead"
550040010141|καὶ|550040010041|conj|Cat="adv"|Id="45"|morphId="550040010141"|Unicode="καὶ"|Lemma="καί"|Lang="G"|StrongNumber="G25320"|Morph="DO,,,,,,,,"|Type="Correlative"|English="and"
550040010151|τὴν|550040010161|det|Cat="det"|Id="49"|morphId="550040010151"|Unicode="τὴν"|Lemma="ὁ"|Lang="G"|StrongNumber="G35880"|Morph="EA,,,,AFS,"|Type="Article"|Case="Accusative"|Gender="Feminine"|Number="Singular"|English="by the"
550040010161|ἐπιφάνειαν|550040010041|ADV|Cat="noun"|Id="52"|morphId="550040010161"|Unicode="ἐπιφάνειαν"|Lemma="ἐπιφάνεια"|Lang="G"|StrongNumber="G20150"|Morph="N,,,,,AFS,"|Case="Accusative"|Gender="Feminine"|Number="Singular"|English="appearing"
550040010171|αὐτοῦ,|550040010161|np|Cat="pron"|Id="54"|morphId="550040010171"|Unicode="αὐτοῦ,"|Lemma="αὐτός"|Lang="G"|StrongNumber="G08460"|Morph="RP,,,3GMS,"|Type="Personal"|Person="Third"|Case="Genitive"|Gender="Masculine"|Number="Singular"|English="of Him"
550040010181|καὶ|550040010161|conj|Cat="conj"|Id="55"|morphId="550040010181"|Unicode="καὶ"|Lemma="καί"|Lang="G"|StrongNumber="G25320"|Morph="CO,,,,,,,,"|Type="Correlative"|English="and"
550040010191|τὴν|550040010201|det|Cat="det"|Id="57"|morphId="550040010191"|Unicode="τὴν"|Lemma="ὁ"|Lang="G"|StrongNumber="G35880"|Morph="EA,,,,AFS,"|Type="Article"|Case="Accusative"|Gender="Feminine"|Number="Singular"|English="the"
550040010201|βασιλείαν|550040010161|np|Cat="noun"|Id="60"|morphId="550040010201"|Unicode="βασιλείαν"|Lemma="βασιλεία"|Lang="G"|StrongNumber="G09320"|Morph="N,,,,,AFS,"|Case="Accusative"|Gender="Feminine"|Number="Singular"|English="kingdom"
550040010211|αὐτοῦ:|550040010201|np|Cat="pron"|Id="62"|morphId="550040010211"|Unicode="αὐτοῦ:"|Lemma="αὐτός"|Lang="G"|StrongNumber="G08460"|Morph="RP,,,3GMS,"|Type="Personal"|Person="Third"|Case="Genitive"|Gender="Masculine"|Number="Singular"|English="of him"
550040020011|κήρυξον|None|CL|Cat="verb"|Id="6"|morphId="550040020011"|Unicode="κήρυξον"|Lemma="κηρύσσω"|Lang="G"|StrongNumber="G27840"|Morph="V,MAA2,,S,"|Mood="Imperative"|Tense="Aorist"|Voice="Active"|Person="Second"|Number="Singular"|English="preach"
550040020021|τὸν|550040020031|det|Cat="det"|Id="9"|morphId="550040020021"|Unicode="τὸν"|Lemma="ὁ"|Lang="G"|StrongNumber="G35880"|Morph="EA,,,,AMS,"|Type="Article"|Case="Accusative"|Gender="Masculine"|Number="Singular"|English="the"
550040020031|λόγον;|550040020011|O|Cat="noun"|Id="11"|morphId="550040020031"|Unicode="λόγον;"|Lemma="λόγος"|Lang="G"|StrongNumber="G30560"|Morph="N,,,,,AMS,"|Case="Accusative"|Gender="Masculine"|Number="Singular"|English="word"
550040020041|ἐπίστηθι|550040020011|CL|Cat="verb"|Id="15"|morphId="550040020041"|Unicode="ἐπίστηθι"|Lemma="ἐφίστημι"|Lang="G"|StrongNumber="G21860"|Morph="V,MAA2,,S,"|Mood="Imperative"|Tense="Aorist"|Voice="Active"|Person="Second"|Number="Singular"|English="be ready"
550040020051|εὐκαίρως,|550040020041|ADV|Cat="adv"|Id="19"|morphId="550040020051"|Unicode="εὐκαίρως,"|Lemma="εὐκαίρως"|Lang="G"|StrongNumber="G21220"|Morph="D,,,,,,,,,"|English="in season"
550040020061|ἀκαίρως;|550040020051|advp|Cat="adv"|Id="21"|morphId="550040020061"|Unicode="ἀκαίρως;"|Lemma="ἀκαίρως"|Lang="G"|StrongNumber="G01710"|Morph="D,,,,,,,,,"|English="out of season"
550040020071|ἔλεγξον,|550040020011|CL|Cat="verb"|Id="29"|morphId="550040020071"|Unicode="ἔλεγξον,"|Lemma="ἐλέγχω"|Lang="G"|StrongNumber="G16510"|Morph="V,MAA2,,S,"|Mood="Imperative"|Tense="Aorist"|Voice="Active"|Person="Second"|Number="Singular"|English="reprove"
550040020081|ἐπιτίμησον,|550040020071|CL|Cat="verb"|Id="33"|morphId="550040020081"|Unicode="ἐπιτίμησον,"|Lemma="ἐπιτιμάω"|Lang="G"|StrongNumber="G20080"|Morph="V,MAA2,,S,"|Mood="Imperative"|Tense="Aorist"|Voice="Active"|Person="Second"|Number="Singular"|English="rebuke"
550040020091|παρακάλεσον,|550040020071|CL|Cat="verb"|Id="37"|morphId="550040020091"|Unicode="παρακάλεσον,"|Lemma="παρακαλέω"|Lang="G"|StrongNumber="G38700"|Morph="V,MAA2,,S,"|Mood="Imperative"|Tense="Aorist"|Voice="Active"|Person="Second"|Number="Singular"|English="exhort"
550040020101|ἐν|550040020121|prep|Cat="prep"|Id="40"|morphId="550040020101"|Unicode="ἐν"|Lemma="ἐν"|Lang="G"|StrongNumber="G17220"|Morph="P,,,,,D,,,"|Case="Dative"|English="with"
550040020111|πάσῃ|550040020121|adjp|Cat="det"|Id="44"|morphId="550040020111"|Unicode="πάσῃ"|Lemma="πᾶς"|Lang="G"|StrongNumber="G39560"|Morph="EQ,,,,DFS,"|Type="Quantifier"|Case="Dative"|Gender="Feminine"|Number="Singular"|English="all"
550040020121|μακροθυμίᾳ|550040020071|ADV|Cat="noun"|Id="47"|morphId="550040020121"|Unicode="μακροθυμίᾳ"|Lemma="μακροθυμία"|Lang="G"|StrongNumber="G31150"|Morph="N,,,,,DFS,"|Case="Dative"|Gender="Feminine"|Number="Singular"|English="patience"
550040020131|καὶ|550040020121|conj|Cat="conj"|Id="48"|morphId="550040020131"|Unicode="καὶ"|Lemma="καί"|Lang="G"|StrongNumber="G25320"|Morph="CC,,,,,,,,"|Type="Coordinating"|English="and"
550040020141|διδαχῇ.|550040020121|np|Cat="noun"|Id="50"|morphId="550040020141"|Unicode="διδαχῇ."|Lemma="διδαχή"|Lang="G"|StrongNumber="G13220"|Morph="N,,,,,DFS,"|Case="Dative"|Gender="Feminine"|Number="Singular"|English="teaching"
550040030021|γὰρ|550040030011|conj|Cat="conj"|Id="3"|morphId="550040030021"|Unicode="γὰρ"|Lemma="γάρ"|Lang="G"|StrongNumber="G10630"|Morph="CC,,,,,,,,"|Type="Coordinating"|English="for"
550040030011|ἔσται|None|CL|Cat="verb"|Id="8"|morphId="550040030011"|Unicode="ἔσται"|Lemma="εἰμί"|Lang="G"|StrongNumber="G15100"|Morph="V,IFM3,,S,"|Mood="Indicative"|Tense="Future"|Voice="Middle"|Person="Third"|Number="Singular"|English="will come"
550040030031|καιρὸς|550040030011|S|Cat="noun"|Id="11"|morphId="550040030031"|Unicode="καιρὸς"|Lemma="καιρός"|Lang="G"|StrongNumber="G25400"|Morph="N,,,,,NMS,"|Case="Nominative"|Gender="Masculine"|Number="Singular"|English="time"
550040030041|ὅτε|550040030161|conj|Cat="adv"|Id="14"|morphId="550040030041"|Unicode="ὅτε"|Lemma="ὅτε"|Lang="G"|StrongNumber="G37530"|Morph="D,,,,,,,,,"|English="when"
550040030081|οὐκ|550040030161|advp|Cat="adv"|Id="17"|morphId="550040030081"|Unicode="οὐκ"|Lemma="οὐ"|Lang="G"|StrongNumber="G37560"|Morph="DO,,,,,,,,"|Type="Correlative"|English="not"
550040030051|τῆς|550040030071|pron|Cat="pron"|Id="21"|morphId="550040030051"|Unicode="τῆς"|Lemma="ὁ"|Lang="G"|StrongNumber="G35880"|Morph="RD,,,,GFS,"|Type="Demonstrative"|Case="Genitive"|Gender="Feminine"|Number="Singular"
550040030061|ὑγιαινούσης|550040030071|adjp|Cat="verb"|Id="27"|morphId="550040030061"|Unicode="ὑγιαινούσης"|Lemma="ὑγιαίνω"|Lang="G"|StrongNumber="G51980"|Morph="V,PPA,GFS,"|Mood="Participle"|Tense="Present"|Voice="Active"|Case="Genitive"|Gender="Feminine"|Number="Singular"|English="sound"
550040030071|διδασκαλίας|550040030091|O|Cat="noun"|Id="29"|morphId="550040030071"|Unicode="διδασκαλίας"|Lemma="διδασκαλία"|Lang="G"|StrongNumber="G13190"|Morph="N,,,,,GFS,"|Case="Genitive"|Gender="Feminine"|Number="Singular"|English="doctrine"
550040030091|ἀνέξονται,|550040030161|CL|Cat="verb"|Id="32"|morphId="550040030091"|Unicode="ἀνέξονται,"|Lemma="ἀνέχω"|Lang="G"|StrongNumber="G04300"|Morph="V,IFM3,,P,"|Mood="Indicative"|Tense="Future"|Voice="Middle"|Person="Third"|Number="Plural"|English="they will ~ endure"
550040030101|ἀλλὰ|550040030161|conj|Cat="conj"|Id="33"|morphId="550040030101"|Unicode="ἀλλὰ"|Lemma="ἀλλά"|Lang="G"|StrongNumber="G02350"|Morph="CO,,,,,,,,"|Type="Correlative"|English="but"
550040030111|κατὰ|550040030141|prep|Cat="prep"|Id="37"|morphId="550040030111"|Unicode="κατὰ"|Lemma="κατά"|Lang="G"|StrongNumber="G25960"|Morph="P,,,,,A,,,"|Case="Accusative"|English="to"
550040030121|τὰς|550040030141|det|Cat="det"|Id="39"|morphId="550040030121"|Unicode="τὰς"|Lemma="ὁ"|Lang="G"|StrongNumber="G35880"|Morph="EP,,,,AFP,"|Type="Possessive"|Case="Accusative"|Gender="Feminine"|Number="Plural"|English="the"
550040030131|ἰδίας|550040030141|adjp|Cat="det"|Id="43"|morphId="550040030131"|Unicode="ἰδίας"|Lemma="ἴδιος"|Lang="G"|StrongNumber="G23980"|Morph="EF,,,,AFP,"|Type="Differential"|Case="Accusative"|Gender="Feminine"|Number="Plural"|English="their own"
550040030141|ἐπιθυμίας,|550040030161|ADV|Cat="noun"|Id="45"|morphId="550040030141"|Unicode="ἐπιθυμίας,"|Lemma="ἐπιθυμία"|Lang="G"|StrongNumber="G19390"|Morph="N,,,,,AFP,"|Case="Accusative"|Gender="Feminine"|Number="Plural"|English="desires"
550040030151|ἑαυτοῖς|550040030161|IO|Cat="pron"|Id="48"|morphId="550040030151"|Unicode="ἑαυτοῖς"|Lemma="ἑαυτοῦ"|Lang="G"|StrongNumber="G14380"|Morph="RE,,,3DMP,"|Type="Reflexive"|Person="Third"|Case="Dative"|Gender="Masculine"|Number="Plural"|English="of themselves"
550040030161|ἐπισωρεύσουσιν|550040030011|CL|Cat="verb"|Id="51"|morphId="550040030161"|Unicode="ἐπισωρεύσουσιν"|Lemma="ἐπισωρεύω"|Lang="G"|StrongNumber="G20020"|Morph="V,IFA3,,P,"|Mood="Indicative"|Tense="Future"|Voice="Active"|Person="Third"|Number="Plural"|English="they will accumulate"
550040030171|διδασκάλους,|550040030161|O|Cat="noun"|Id="54"|morphId="550040030171"|Unicode="διδασκάλους,"|Lemma="διδάσκαλος"|Lang="G"|StrongNumber="G13200"|Morph="N,,,,,AMP,"|Case="Accusative"|Gender="Masculine"|Number="Plural"|English="teachers"
550040030181|κνηθόμενοι|550040030161|ADV|Cat="verb"|Id="59"|morphId="550040030181"|Unicode="κνηθόμενοι"|Lemma="κνήθω"|Lang="G"|StrongNumber="G28330"|Morph="V,PPP,NMP,"|Mood="Participle"|Tense="Present"|Voice="Passive"|Case="Nominative"|Gender="Masculine"|Number="Plural"|English="having itching"
550040030191|τὴν|550040030201|det|Cat="det"|Id="62"|morphId="550040030191"|Unicode="τὴν"|Lemma="ὁ"|Lang="G"|StrongNumber="G35880"|Morph="EA,,,,AFS,"|Type="Article"|Case="Accusative"|Gender="Feminine"|Number="Singular"|English="the"
550040030201|ἀκοήν;|550040030181|O|Cat="noun"|Id="64"|morphId="550040030201"|Unicode="ἀκοήν;"|Lemma="ἀκοή"|Lang="G"|StrongNumber="G01890"|Morph="N,,,,,AFS,"|Case="Accusative"|Gender="Feminine"|Number="Singular"|English="ears"
550040040011|καὶ|550040040081|conj|Cat="conj"|Id="3"|morphId="550040040011"|Unicode="καὶ"|Lemma="καί"|Lang="G"|StrongNumber="G25320"|Morph="CC,,,,,,,,"|Type="Coordinating"|English="and"
550040040031|μὲν|550040040081|conj|Cat="adv"|Id="6"|morphId="550040040031"|Unicode="μὲν"|Lemma="μέν"|Lang="G"|StrongNumber="G33030"|Morph="DO,,,,,,,,"|Type="Correlative"
550040040021|ἀπὸ|550040040051|prep|Cat="prep"|Id="10"|morphId="550040040021"|Unicode="ἀπὸ"|Lemma="ἀπό"|Lang="G"|StrongNumber="G05750"|Morph="P,,,,,G,,,"|Case="Genitive"|English="from"
550040040041|τῆς|550040040051|det|Cat="det"|Id="12"|morphId="550040040041"|Unicode="τῆς"|Lemma="ὁ"|Lang="G"|StrongNumber="G35880"|Morph="EA,,,,GFS,"|Type="Article"|Case="Genitive"|Gender="Feminine"|Number="Singular"|English="the"
550040040051|ἀληθείας|550040040081|ADV|Cat="noun"|Id="14"|morphId="550040040051"|Unicode="ἀληθείας"|Lemma="ἀλήθεια"|Lang="G"|StrongNumber="G02250"|Morph="N,,,,,GFS,"|Case="Genitive"|Gender="Feminine"|Number="Singular"|English="truth"
550040040061|τὴν|550040040071|det|Cat="det"|Id="17"|morphId="550040040061"|Unicode="τὴν"|Lemma="ὁ"|Lang="G"|StrongNumber="G35880"|Morph="EA,,,,AFS,"|Type="Article"|Case="Accusative"|Gender="Feminine"|Number="Singular"|English="the"
550040040071|ἀκοὴν|550040040081|O|Cat="noun"|Id="19"|morphId="550040040071"|Unicode="ἀκοὴν"|Lemma="ἀκοή"|Lang="G"|StrongNumber="G01890"|Morph="N,,,,,AFS,"|Case="Accusative"|Gender="Feminine"|Number="Singular"|English="ears"
550040040081|ἀποστρέψουσιν,|None|CL|Cat="verb"|Id="22"|morphId="550040040081"|Unicode="ἀποστρέψουσιν,"|Lemma="ἀποστρέφω"|Lang="G"|StrongNumber="G06540"|Morph="V,IFA3,,P,"|Mood="Indicative"|Tense="Future"|Voice="Active"|Person="Third"|Number="Plural"|English="will turn away"
550040040101|δὲ|550040040081|conj|Cat="conj"|Id="23"|morphId="550040040101"|Unicode="δὲ"|Lemma="δέ"|Lang="G"|StrongNumber="G11610"|Morph="CO,,,,,,,,"|Type="Correlative"|English="and"
550040040091|ἐπὶ|550040040121|prep|Cat="prep"|Id="27"|morphId="550040040091"|Unicode="ἐπὶ"|Lemma="ἐπί"|Lang="G"|StrongNumber="G19090"|Morph="P,,,,,A,,,"|Case="Accusative"|English="to"
550040040111|τοὺς|550040040121|det|Cat="det"|Id="29"|morphId="550040040111"|Unicode="τοὺς"|Lemma="ὁ"|Lang="G"|StrongNumber="G35880"|Morph="EA,,,,AMP,"|Type="Article"|Case="Accusative"|Gender="Masculine"|Number="Plural"
550040040121|μύθους|550040040131|ADV|Cat="noun"|Id="31"|morphId="550040040121"|Unicode="μύθους"|Lemma="μῦθος"|Lang="G"|StrongNumber="G34540"|Morph="N,,,,,AMP,"|Case="Accusative"|Gender="Masculine"|Number="Plural"|English="myths"
550040040131|ἐκτραπήσονται.|550040040081|CL|Cat="verb"|Id="34"|morphId="550040040131"|Unicode="ἐκτραπήσονται."|Lemma="ἐκτρέπω"|Lang="G"|StrongNumber="G16240"|Morph="V,IFP3,,P,"|Mood="Indicative"|Tense="Future"|Voice="Passive"|Person="Third"|Number="Plural"|English="will turn aside"
550040050021|δὲ|550040050031|conj|Cat="conj"|Id="3"|morphId="550040050021"|Unicode="δὲ"|Lemma="δέ"|Lang="G"|StrongNumber="G11610"|Morph="CC,,,,,,,,"|Type="Coordinating"|English="but"
550040050011|σὺ|550040050031|S|Cat="pron"|Id="8"|morphId="550040050011"|Unicode="σὺ"|Lemma="σύ"|Lang="G"|StrongNumber="G47710"|Morph="RP,,,2N,S,"|Type="Personal"|Person="Second"|Case="Nominative"|Number="Singular"|English="you"
550040050031|νῆφε|None|CL|Cat="verb"|Id="11"|morphId="550040050031"|Unicode="νῆφε"|Lemma="νήφω"|Lang="G"|StrongNumber="G35250"|Morph="V,MPA2,,S,"|Mood="Imperative"|Tense="Present"|Voice="Active"|Person="Second"|Number="Singular"|English="be sober"
550040050041|ἐν|550040050051|prep|Cat="prep"|Id="14"|morphId="550040050041"|Unicode="ἐν"|Lemma="ἐν"|Lang="G"|StrongNumber="G17220"|Morph="P,,,,,D,,,"|Case="Dative"|English="in"
550040050051|πᾶσιν,|550040050031|ADV|Cat="pron"|Id="16"|morphId="550040050051"|Unicode="πᾶσιν,"|Lemma="πᾶς"|Lang="G"|StrongNumber="G39560"|Morph="RI,,,,DNP,"|Type="Indefinite"|Case="Dative"|Gender="Neuter"|Number="Plural"|English="all things"
550040050061|κακοπάθησον,|550040050031|CL|Cat="verb"|Id="20"|morphId="550040050061"|Unicode="κακοπάθησον,"|Lemma="κακοπαθέω"|Lang="G"|StrongNumber="G25530"|Morph="V,MAA2,,S,"|Mood="Imperative"|Tense="Aorist"|Voice="Active"|Person="Second"|Number="Singular"|English="endure hardship"
550040050081|ποίησον|550040050031|CL|Cat="verb"|Id="24"|morphId="550040050081"|Unicode="ποίησον"|Lemma="ποιέω"|Lang="G"|StrongNumber="G41600"|Morph="V,MAA2,,S,"|Mood="Imperative"|Tense="Aorist"|Voice="Active"|Person="Second"|Number="Singular"|English="do"
550040050071|ἔργον|550040050081|O|Cat="noun"|Id="28"|morphId="550040050071"|Unicode="ἔργον"|Lemma="ἔργον"|Lang="G"|StrongNumber="G20410"|Morph="N,,,,,ANS,"|Case="Accusative"|Gender="Neuter"|Number="Singular"|English="work"
550040050091|εὐαγγελιστοῦ,|550040050071|np|Cat="noun"|Id="30"|morphId="550040050091"|Unicode="εὐαγγελιστοῦ,"|Lemma="εὐαγγελιστής"|Lang="G"|StrongNumber="G20990"|Morph="N,,,,,GMS,"|Case="Genitive"|Gender="Masculine"|Number="Singular"|English="of an evangelist"
550040050101|τὴν|550040050111|det|Cat="det"|Id="34"|morphId="550040050101"|Unicode="τὴν"|Lemma="ὁ"|Lang="G"|StrongNumber="G35880"|Morph="EA,,,,AFS,"|Type="Article"|Case="Accusative"|Gender="Feminine"|Number="Singular"|English="the"
550040050111|διακονίαν|550040050131|O|Cat="noun"|Id="37"|morphId="550040050111"|Unicode="διακονίαν"|Lemma="διακονία"|Lang="G"|StrongNumber="G12480"|Morph="N,,,,,AFS,"|Case="Accusative"|Gender="Feminine"|Number="Singular"|English="ministry"
550040050121|σου|550040050111|np|Cat="pron"|Id="39"|morphId="550040050121"|Unicode="σου"|Lemma="σύ"|Lang="G"|StrongNumber="G47710"|Morph="RP,,,2G,S,"|Type="Personal"|Person="Second"|Case="Genitive"|Number="Singular"|English="of you"
550040050131|πληροφόρησον.|550040050031|CL|Cat="verb"|Id="42"|morphId="550040050131"|Unicode="πληροφόρησον."|Lemma="πληροφορέω"|Lang="G"|StrongNumber="G41350"|Morph="V,MAA2,,S,"|Mood="Imperative"|Tense="Aorist"|Voice="Active"|Person="Second"|Number="Singular"|English="fulfill"
550040060021|γὰρ|550040060041|conj|Cat="conj"|Id="3"|morphId="550040060021"|Unicode="γὰρ"|Lemma="γάρ"|Lang="G"|StrongNumber="G10630"|Morph="CC,,,,,,,,"|Type="Coordinating"|English="for"
550040060011|ἐγὼ|550040060041|S|Cat="pron"|Id="8"|morphId="550040060011"|Unicode="ἐγὼ"|Lemma="ἐγώ"|Lang="G"|StrongNumber="G14730"|Morph="RP,,,1N,S,"|Type="Personal"|Person="First"|Case="Nominative"|Number="Singular"|English="I"
550040060031|ἤδη|550040060041|ADV|Cat="adv"|Id="11"|morphId="550040060031"|Unicode="ἤδη"|Lemma="ἤδη"|Lang="G"|StrongNumber="G22350"|Morph="D,,,,,,,,,"|English="already"
550040060041|σπένδομαι,|None|CL|Cat="verb"|Id="14"|morphId="550040060041"|Unicode="σπένδομαι,"|Lemma="σπένδω"|Lang="G"|StrongNumber="G46890"|Morph="V,IPP1,,S,"|Mood="Indicative"|Tense="Present"|Voice="Passive"|Person="First"|Number="Singular"|English="am ~ being poured out as a drink offering"
550040060051|καὶ|550040060041|conj|Cat="conj"|Id="15"|morphId="550040060051"|Unicode="καὶ"|Lemma="καί"|Lang="G"|StrongNumber="G25320"|Morph="CC,,,,,,,,"|Type="Coordinating"|English="and"
550040060061|ὁ|550040060071|det|Cat="det"|Id="19"|morphId="550040060061"|Unicode="ὁ"|Lemma="ὁ"|Lang="G"|StrongNumber="G35880"|Morph="EA,,,,NMS,"|Type="Article"|Case="Nominative"|Gender="Masculine"|Number="Singular"|English="the"
550040060071|καιρὸς|550040060111|S|Cat="noun"|Id="22"|morphId="550040060071"|Unicode="καιρὸς"|Lemma="καιρός"|Lang="G"|StrongNumber="G25400"|Morph="N,,,,,NMS,"|Case="Nominative"|Gender="Masculine"|Number="Singular"|English="time"
550040060081|τῆς|550040060091|det|Cat="det"|Id="24"|morphId="550040060081"|Unicode="τῆς"|Lemma="ὁ"|Lang="G"|StrongNumber="G35880"|Morph="EA,,,,GFS,"|Type="Article"|Case="Genitive"|Gender="Feminine"|Number="Singular"|English="of the"
550040060091|ἀναλύσεώς|550040060071|np|Cat="noun"|Id="27"|morphId="550040060091"|Unicode="ἀναλύσεώς"|Lemma="ἀνάλυσις"|Lang="G"|StrongNumber="G03590"|Morph="N,,,,,GFS,"|Case="Genitive"|Gender="Feminine"|Number="Singular"|English="of ~ departure"
550040060101|μου|550040060091|np|Cat="pron"|Id="29"|morphId="550040060101"|Unicode="μου"|Lemma="ἐγώ"|Lang="G"|StrongNumber="G14730"|Morph="RP,,,1G,S,"|Type="Personal"|Person="First"|Case="Genitive"|Number="Singular"|English="of me"
550040060111|ἐφέστηκεν.|550040060041|CL|Cat="verb"|Id="32"|morphId="550040060111"|Unicode="ἐφέστηκεν."|Lemma="ἐφίστημι"|Lang="G"|StrongNumber="G21860"|Morph="V,IEA3,,S,"|Mood="Indicative"|Tense="Perfect"|Voice="Active"|Person="Third"|Number="Singular"|English="has come"
550040070011|τὸν|550040070031|det|Cat="det"|Id="6"|morphId="550040070011"|Unicode="τὸν"|Lemma="ὁ"|Lang="G"|StrongNumber="G35880"|Morph="EA,,,,AMS,"|Type="Article"|Case="Accusative"|Gender="Masculine"|Number="Singular"|English="the"
550040070021|καλὸν|550040070031|adjp|Cat="adj"|Id="9"|morphId="550040070021"|Unicode="καλὸν"|Lemma="καλός"|Lang="G"|StrongNumber="G25700"|Morph="AA,,,,AMS,"|Type="Ascriptive"|Case="Accusative"|Gender="Masculine"|Number="Singular"|English="good"
550040070031|ἀγῶνα|550040070041|O|Cat="noun"|Id="11"|morphId="550040070031"|Unicode="ἀγῶνα"|Lemma="ἀγών"|Lang="G"|StrongNumber="G00730"|Morph="N,,,,,AMS,"|Case="Accusative"|Gender="Masculine"|Number="Singular"|English="fight"
550040070041|ἠγώνισμαι,|None|CL|Cat="verb"|Id="14"|morphId="550040070041"|Unicode="ἠγώνισμαι,"|Lemma="ἀγωνίζομαι"|Lang="G"|StrongNumber="G00750"|Morph="V,IEM1,,S,"|Mood="Indicative"|Tense="Perfect"|Voice="Middle"|Person="First"|Number="Singular"|English="I have fought"
550040070051|τὸν|550040070061|det|Cat="det"|Id="18"|morphId="550040070051"|Unicode="τὸν"|Lemma="ὁ"|Lang="G"|StrongNumber="G35880"|Morph="EA,,,,AMS,"|Type="Article"|Case="Accusative"|Gender="Masculine"|Number="Singular"|English="the"
550040070061|δρόμον|550040070071|O|Cat="noun"|Id="20"|morphId="550040070061"|Unicode="δρόμον"|Lemma="δρόμος"|Lang="G"|StrongNumber="G14080"|Morph="N,,,,,AMS,"|Case="Accusative"|Gender="Masculine"|Number="Singular"|English="race"
550040070071|τετέλεκα,|550040070041|CL|Cat="verb"|Id="23"|morphId="550040070071"|Unicode="τετέλεκα,"|Lemma="τελέω"|Lang="G"|StrongNumber="G50550"|Morph="V,IEA1,,S,"|Mood="Indicative"|Tense="Perfect"|Voice="Active"|Person="First"|Number="Singular"|English="I have finished"
550040070081|τὴν|550040070091|det|Cat="det"|Id="27"|morphId="550040070081"|Unicode="τὴν"|Lemma="ὁ"|Lang="G"|StrongNumber="G35880"|Morph="EA,,,,AFS,"|Type="Article"|Case="Accusative"|Gender="Feminine"|Number="Singular"|English="the"
550040070091|πίστιν|550040070101|O|Cat="noun"|Id="29"|morphId="550040070091"|Unicode="πίστιν"|Lemma="πίστις"|Lang="G"|StrongNumber="G41020"|Morph="N,,,,,AFS,"|Case="Accusative"|Gender="Feminine"|Number="Singular"|English="faith"
550040070101|τετήρηκα.|550040070041|CL|Cat="verb"|Id="32"|morphId="550040070101"|Unicode="τετήρηκα."|Lemma="τηρέω"|Lang="G"|StrongNumber="G50830"|Morph="V,IEA1,,S,"|Mood="Indicative"|Tense="Perfect"|Voice="Active"|Person="First"|Number="Singular"|English="I have kept"
550040080011|λοιπὸν|550040080021|ADV|Cat="adv"|Id="5"|morphId="550040080011"|Unicode="λοιπὸν"|Lemma="λοιπὸν"|Lang="G"|StrongNumber="G30630"|Morph="D,,,,,,,,,"|English="finally"
550040080021|ἀπόκειταί|None|CL|Cat="verb"|Id="8"|morphId="550040080021"|Unicode="ἀπόκειταί"|Lemma="ἀπόκειμαι"|Lang="G"|StrongNumber="G06060"|Morph="V,IPM3,,S,"|Mood="Indicative"|Tense="Present"|Voice="Middle"|Person="Third"|Number="Singular"|English="is reserved"
550040080031|μοι|550040080021|ADV|Cat="pron"|Id="11"|morphId="550040080031"|Unicode="μοι"|Lemma="ἐγώ"|Lang="G"|StrongNumber="G14730"|Morph="RP,,,1D,S,"|Type="Personal"|Person="First"|Case="Dative"|Number="Singular"|English="for me"
550040080041|ὁ|550040080071|det|Cat="det"|Id="15"|morphId="550040080041"|Unicode="ὁ"|Lemma="ὁ"|Lang="G"|StrongNumber="G35880"|Morph="EA,,,,NMS,"|Type="Article"|Case="Nominative"|Gender="Masculine"|Number="Singular"|English="the"
550040080051|τῆς|550040080061|det|Cat="det"|Id="18"|morphId="550040080051"|Unicode="τῆς"|Lemma="ὁ"|Lang="G"|StrongNumber="G35880"|Morph="EA,,,,GFS,"|Type="Article"|Case="Genitive"|Gender="Feminine"|Number="Singular"
550040080061|δικαιοσύνης|550040080071|np|Cat="noun"|Id="20"|morphId="550040080061"|Unicode="δικαιοσύνης"|Lemma="δικαιοσύνη"|Lang="G"|StrongNumber="G13430"|Morph="N,,,,,GFS,"|Case="Genitive"|Gender="Feminine"|Number="Singular"|English="of righteousness"
550040080071|στέφανος,|550040080021|S|Cat="noun"|Id="22"|morphId="550040080071"|Unicode="στέφανος,"|Lemma="στέφανος"|Lang="G"|StrongNumber="G47350"|Morph="N,,,,,NMS,"|Case="Nominative"|Gender="Masculine"|Number="Singular"|English="crown"
550040080081|ὃν|550040080091|O|Cat="pron"|Id="27"|morphId="550040080081"|Unicode="ὃν"|Lemma="ὅς"|Lang="G"|StrongNumber="G37390"|Morph="RR,,,,AMS,"|Type="Relative"|Case="Accusative"|Gender="Masculine"|Number="Singular"|English="which"
550040080091|ἀποδώσει|550040080071|CL|Cat="verb"|Id="30"|morphId="550040080091"|Unicode="ἀποδώσει"|Lemma="ἀποδίδωμι"|Lang="G"|StrongNumber="G05910"|Morph="V,IFA3,,S,"|Mood="Indicative"|Tense="Future"|Voice="Active"|Person="Third"|Number="Singular"|English="will award"
550040080101|μοι|550040080091|IO|Cat="pron"|Id="33"|morphId="550040080101"|Unicode="μοι"|Lemma="ἐγώ"|Lang="G"|StrongNumber="G14730"|Morph="RP,,,1D,S,"|Type="Personal"|Person="First"|Case="Dative"|Number="Singular"|English="to me"
550040080111|ὁ|550040080121|det|Cat="det"|Id="37"|morphId="550040080111"|Unicode="ὁ"|Lemma="ὁ"|Lang="G"|StrongNumber="G35880"|Morph="EA,,,,NMS,"|Type="Article"|Case="Nominative"|Gender="Masculine"|Number="Singular"|English="the"
550040080121|Κύριος|550040080091|S|Cat="noun"|Id="39"|morphId="550040080121"|Unicode="Κύριος"|Lemma="κύριος"|Lang="G"|StrongNumber="G29620"|Morph="N,,,,,NMS,"|Case="Nominative"|Gender="Masculine"|Number="Singular"|English="Lord"
550040080171|ὁ|550040080191|det|Cat="det"|Id="41"|morphId="550040080171"|Unicode="ὁ"|Lemma="ὁ"|Lang="G"|StrongNumber="G35880"|Morph="EA,,,,NMS,"|Type="Article"|Case="Nominative"|Gender="Masculine"|Number="Singular"|English="the"
550040080181|δίκαιος|550040080191|adjp|Cat="adj"|Id="44"|morphId="550040080181"|Unicode="δίκαιος"|Lemma="δίκαιος"|Lang="G"|StrongNumber="G13420"|Morph="AA,,,,NMS,"|Type="Ascriptive"|Case="Nominative"|Gender="Masculine"|Number="Singular"|English="righteous"
550040080191|κριτής;|550040080121|np|Cat="noun"|Id="46"|morphId="550040080191"|Unicode="κριτής;"|Lemma="κριτής"|Lang="G"|StrongNumber="G29230"|Morph="N,,,,,NMS,"|Case="Nominative"|Gender="Masculine"|Number="Singular"|English="judge"
550040080131|ἐν,|550040080161|prep|Cat="prep"|Id="49"|morphId="550040080131"|Unicode="ἐν,"|Lemma="ἐν"|Lang="G"|StrongNumber="G17220"|Morph="P,,,,,D,,,"|Case="Dative"|English="on"
550040080141|ἐκείνῃ|550040080161|np|Cat="det"|Id="52"|morphId="550040080141"|Unicode="ἐκείνῃ"|Lemma="ἐκεῖνος"|Lang="G"|StrongNumber="G15650"|Morph="ED,,,,DFS,"|Type="Demonstrative"|Case="Dative"|Gender="Feminine"|Number="Singular"|English="that"
550040080151|τῇ|550040080161|det|Cat="det"|Id="54"|morphId="550040080151"|Unicode="τῇ"|Lemma="ὁ"|Lang="G"|StrongNumber="G35880"|Morph="EA,,,,DFS,"|Type="Article"|Case="Dative"|Gender="Feminine"|Number="Singular"
550040080161|ἡμέρᾳ,|550040080091|ADV|Cat="noun"|Id="56"|morphId="550040080161"|Unicode="ἡμέρᾳ,"|Lemma="ἡμέρα"|Lang="G"|StrongNumber="G22500"|Morph="N,,,,,DFS,"|Case="Dative"|Gender="Feminine"|Number="Singular"|English="day"
550040080221|δὲ|550040080091|conj|Cat="conj"|Id="57"|morphId="550040080221"|Unicode="δὲ"|Lemma="δέ"|Lang="G"|StrongNumber="G11610"|Morph="CC,,,,,,,,"|Type="Coordinating"|English="and"
550040080201|οὐ|550040080281|advp|Cat="adv"|Id="62"|morphId="550040080201"|Unicode="οὐ"|Lemma="οὐ"|Lang="G"|StrongNumber="G37560"|Morph="DO,,,,,,,,"|Type="Correlative"|English="not"
550040080211|μόνον|550040080231|advp|Cat="adv"|Id="65"|morphId="550040080211"|Unicode="μόνον"|Lemma="μόνον"|Lang="G"|StrongNumber="G34400"|Morph="D,,,,,,,,,"|English="only"
550040080231|ἐμοὶ,|550040080281|np|Cat="pron"|Id="67"|morphId="550040080231"|Unicode="ἐμοὶ,"|Lemma="ἐγώ"|Lang="G"|StrongNumber="G14730"|Morph="RP,,,1D,S,"|Type="Personal"|Person="First"|Case="Dative"|Number="Singular"|English="to me"
550040080241|ἀλλὰ|550040080281|conj|Cat="conj"|Id="68"|morphId="550040080241"|Unicode="ἀλλὰ"|Lemma="ἀλλά"|Lang="G"|StrongNumber="G02350"|Morph="CO,,,,,,,,"|Type="Correlative"|English="but"
550040080251|καὶ|550040080281|advp|Cat="adv"|Id="71"|morphId="550040080251"|Unicode="καὶ"|Lemma="καί"|Lang="G"|StrongNumber="G25320"|Morph="D,,,,,,,,,"|English="also"
550040080261|πᾶσιν|550040080281|np|Cat="pron"|Id="74"|morphId="550040080261"|Unicode="πᾶσιν"|Lemma="πᾶς"|Lang="G"|StrongNumber="G39560"|Morph="RI,,,,DMP,"|Type="Indefinite"|Case="Dative"|Gender="Masculine"|Number="Plural"|English="to all"
550040080271|τοῖς|550040080281|det|Cat="pron"|Id="77"|morphId="550040080271"|Unicode="τοῖς"|Lemma="ὁ"|Lang="G"|StrongNumber="G35880"|Morph="RD,,,,DMP,"|Type="Demonstrative"|Case="Dative"|Gender="Masculine"|Number="Plural"|English="to ~ those"
550040080281|ἠγαπηκόσι|550040080091|CL|Cat="verb"|Id="81"|morphId="550040080281"|Unicode="ἠγαπηκόσι"|Lemma="ἀγαπάω"|Lang="G"|StrongNumber="G00250"|Morph="V,PEA,DMP,"|Mood="Participle"|Tense="Perfect"|Voice="Active"|Case="Dative"|Gender="Masculine"|Number="Plural"|English="who have loved"
550040080291|τὴν|550040080301|det|Cat="det"|Id="84"|morphId="550040080291"|Unicode="τὴν"|Lemma="ὁ"|Lang="G"|StrongNumber="G35880"|Morph="EA,,,,AFS,"|Type="Article"|Case="Accusative"|Gender="Feminine"|Number="Singular"|English="the"
550040080301|ἐπιφάνειαν|550040080281|O|Cat="noun"|Id="87"|morphId="550040080301"|Unicode="ἐπιφάνειαν"|Lemma="ἐπιφάνεια"|Lang="G"|StrongNumber="G20150"|Morph="N,,,,,AFS,"|Case="Accusative"|Gender="Feminine"|Number="Singular"|English="appearing"
550040080311|αὐτοῦ.|550040080301|np|Cat="pron"|Id="89"|morphId="550040080311"|Unicode="αὐτοῦ."|Lemma="αὐτός"|Lang="G"|StrongNumber="G08460"|Morph="RP,,,3GMS,"|Type="Personal"|Person="Third"|Case="Genitive"|Gender="Masculine"|Number="Singular"|English="of him"
550040090011|σπούδασον|None|CL|Cat="verb"|Id="5"|morphId="550040090011"|Unicode="σπούδασον"|Lemma="σπουδάζω"|Lang="G"|StrongNumber="G47040"|Morph="V,MAA2,,S,"|Mood="Imperative"|Tense="Aorist"|Voice="Active"|Person="Second"|Number="Singular"|English="do your best"
550040090021|ἐλθεῖν|550040090011|O|Cat="verb"|Id="10"|morphId="550040090021"|Unicode="ἐλθεῖν"|Lemma="ἔρχομαι"|Lang="G"|StrongNumber="G20640"|Morph="V,NAA,,,,,"|Mood="Infinitive"|Tense="Aorist"|Voice="Active"|English="to come"
550040090031|πρός|550040090041|prep|Cat="prep"|Id="13"|morphId="550040090031"|Unicode="πρός"|Lemma="πρός"|Lang="G"|StrongNumber="G43140"|Morph="P,,,,,A,,,"|Case="Accusative"|English="to"
550040090041|με|550040090021|ADV|Cat="pron"|Id="15"|morphId="550040090041"|Unicode="με"|Lemma="ἐγώ"|Lang="G"|StrongNumber="G14730"|Morph="RP,,,1A,S,"|Type="Personal"|Person="First"|Case="Accusative"|Number="Singular"|English="me"
550040090051|ταχέως;|550040090021|ADV|Cat="adv"|Id="18"|morphId="550040090051"|Unicode="ταχέως;"|Lemma="ταχέως"|Lang="G"|StrongNumber="G50300"|Morph="D,,,,,,,,,"|English="soon"
550040100021|γάρ|550040100041|conj|Cat="conj"|Id="3"|morphId="550040100021"|Unicode="γάρ"|Lemma="γάρ"|Lang="G"|StrongNumber="G10630"|Morph="CC,,,,,,,,"|Type="Coordinating"|English="for"
550040100011|Δημᾶς|550040100041|S|Cat="noun"|Id="9"|morphId="550040100011"|Unicode="Δημᾶς"|Lemma="Δημᾶς"|Lang="G"|StrongNumber="G12140"|Morph="N,,,,,NMS,"|Case="Nominative"|Gender="Masculine"|Number="Singular"|English="Demas"
550040100031|με|550040100041|O|Cat="pron"|Id="12"|morphId="550040100031"|Unicode="με"|Lemma="ἐγώ"|Lang="G"|StrongNumber="G14730"|Morph="RP,,,1A,S,"|Type="Personal"|Person="First"|Case="Accusative"|Number="Singular"|English="me"
550040100041|ἐγκατέλιπεν,|None|CL|Cat="verb"|Id="15"|morphId="550040100041"|Unicode="ἐγκατέλιπεν,"|Lemma="ἐγκαταλείπω"|Lang="G"|StrongNumber="G14590"|Morph="V,IAA3,,S,"|Mood="Indicative"|Tense="Aorist"|Voice="Active"|Person="Third"|Number="Singular"|English="has deserted"
550040100051|ἀγαπήσας|550040100041|ADV|Cat="verb"|Id="20"|morphId="550040100051"|Unicode="ἀγαπήσας"|Lemma="ἀγαπάω"|Lang="G"|StrongNumber="G00250"|Morph="V,PAA,NMS,"|Mood="Participle"|Tense="Aorist"|Voice="Active"|Case="Nominative"|Gender="Masculine"|Number="Singular"|English="having loved"
550040100061|τὸν|550040100081|det|Cat="det"|Id="23"|morphId="550040100061"|Unicode="τὸν"|Lemma="ὁ"|Lang="G"|StrongNumber="G35880"|Morph="EA,,,,AMS,"|Type="Article"|Case="Accusative"|Gender="Masculine"|Number="Singular"|English="this"
550040100071|νῦν|550040100081|adjp|Cat="adv"|Id="27"|morphId="550040100071"|Unicode="νῦν"|Lemma="νῦν"|Lang="G"|StrongNumber="G35680"|Morph="D,,,,,,,,,"|English="present"
550040100081|αἰῶνα,|550040100051|O|Cat="noun"|Id="29"|morphId="550040100081"|Unicode="αἰῶνα,"|Lemma="αἰών"|Lang="G"|StrongNumber="G01650"|Morph="N,,,,,AMS,"|Case="Accusative"|Gender="Masculine"|Number="Singular"|English="world"
550040100091|καὶ|550040100041|conj|Cat="conj"|Id="30"|morphId="550040100091"|Unicode="καὶ"|Lemma="καί"|Lang="G"|StrongNumber="G25320"|Morph="CC,,,,,,,,"|Type="Coordinating"|English="and"
550040100101|ἐπορεύθη|550040100041|CL|Cat="verb"|Id="34"|morphId="550040100101"|Unicode="ἐπορεύθη"|Lemma="πορεύω"|Lang="G"|StrongNumber="G41980"|Morph="V,IAP3,,S,"|Mood="Indicative"|Tense="Aorist"|Voice="Passive"|Person="Third"|Number="Singular"|English="gone"
550040100111|εἰς|550040100121|prep|Cat="prep"|Id="37"|morphId="550040100111"|Unicode="εἰς"|Lemma="εἰς"|Lang="G"|StrongNumber="G15190"|Morph="P,,,,,A,,,"|Case="Accusative"|English="to"
550040100121|Θεσσαλονίκην,|550040100101|ADV|Cat="noun"|Id="39"|morphId="550040100121"|Unicode="Θεσσαλονίκην,"|Lemma="Θεσσαλονίκη"|Lang="G"|StrongNumber="G23320"|Morph="N,,,,,AFS,"|Case="Accusative"|Gender="Feminine"|Number="Singular"|English="Thessalonica"
550040100131|Κρήσκης|550040100041|CL|Cat="noun"|Id="43"|morphId="550040100131"|Unicode="Κρήσκης"|Lemma="Κρήσκης"|Lang="G"|StrongNumber="G29130"|Morph="N,,,,,NMS,"|Case="Nominative"|Gender="Masculine"|Number="Singular"|English="Crescens"
550040100141|εἰς|550040100151|prep|Cat="prep"|Id="46"|morphId="550040100141"|Unicode="εἰς"|Lemma="εἰς"|Lang="G"|StrongNumber="G15190"|Morph="P,,,,,A,,,"|Case="Accusative"|English="to"
550040100151|Γαλατίαν,|550040100131|ADV|Cat="noun"|Id="48"|morphId="550040100151"|Unicode="Γαλατίαν,"|Lemma="Γαλατία"|Lang="G"|StrongNumber="G10530"|Morph="N,,,,,AFS,"|Case="Accusative"|Gender="Feminine"|Number="Singular"|English="Galatia"
550040100161|Τίτος|550040100041|CL|Cat="noun"|Id="52"|morphId="550040100161"|Unicode="Τίτος"|Lemma="Τίτος"|Lang="G"|StrongNumber="G51030"|Morph="N,,,,,NMS,"|Case="Nominative"|Gender="Masculine"|Number="Singular"|English="Titus"
550040100171|εἰς|550040100181|prep|Cat="prep"|Id="55"|morphId="550040100171"|Unicode="εἰς"|Lemma="εἰς"|Lang="G"|StrongNumber="G15190"|Morph="P,,,,,A,,,"|Case="Accusative"|English="to"
550040100181|Δαλματίαν;|550040100161|ADV|Cat="noun"|Id="57"|morphId="550040100181"|Unicode="Δαλματίαν;"|Lemma="Δαλματία"|Lang="G"|StrongNumber="G11490"|Morph="N,,,,,AFS,"|Case="Accusative"|Gender="Feminine"|Number="Singular"|English="Dalmatia"
550040110011|Λουκᾶς|550040110051|S|Cat="noun"|Id="5"|morphId="550040110011"|Unicode="Λουκᾶς"|Lemma="Λουκᾶς"|Lang="G"|StrongNumber="G30650"|Morph="N,,,,,NMS,"|Case="Nominative"|Gender="Masculine"|Number="Singular"|English="Luke"
550040110021|ἐστιν|550040110051|VC|Cat="verb"|Id="8"|morphId="550040110021"|Unicode="ἐστιν"|Lemma="εἰμί"|Lang="G"|StrongNumber="G15100"|Morph="V,IPA3,,S,"|Mood="Indicative"|Tense="Present"|Voice="Active"|Person="Third"|Number="Singular"|English="is"
550040110031|μόνος|550040110051|ADV|Cat="pron"|Id="11"|morphId="550040110031"|Unicode="μόνος"|Lemma="μόνος"|Lang="G"|StrongNumber="G34410"|Morph="RI,,,,NMS,"|Type="Indefinite"|Case="Nominative"|Gender="Masculine"|Number="Singular"|English="only"
550040110041|μετ’|550040110051|prep|Cat="prep"|Id="14"|morphId="550040110041"|Unicode="μετ’"|Lemma="μετά"|Lang="G"|StrongNumber="G33260"|Morph="P,,,,,G,,,"|Case="Genitive"|English="with"
550040110051|ἐμοῦ.|None|CL|Cat="pron"|Id="16"|morphId="550040110051"|Unicode="ἐμοῦ."|Lemma="ἐγώ"|Lang="G"|StrongNumber="G14730"|Morph="RP,,,1G,S,"|Type="Personal"|Person="First"|Case="Genitive"|Number="Singular"|English="me"
550040110061|Μᾶρκον|550040110071|O|Cat="noun"|Id="23"|morphId="550040110061"|Unicode="Μᾶρκον"|Lemma="Μᾶρκος"|Lang="G"|StrongNumber="G31380"|Morph="N,,,,,AMS,"|Case="Accusative"|Gender="Masculine"|Number="Singular"|English="Mark"
550040110071|ἀναλαβὼν,|550040110081|ADV|Cat="verb"|Id="26"|morphId="550040110071"|Unicode="ἀναλαβὼν,"|Lemma="ἀναλαμβάνω"|Lang="G"|StrongNumber="G03530"|Morph="V,PAA,NMS,"|Mood="Participle"|Tense="Aorist"|Voice="Active"|Case="Nominative"|Gender="Masculine"|Number="Singular"|English="get"
550040110081|ἄγε|550040110051|CL|Cat="verb"|Id="29"|morphId="550040110081"|Unicode="ἄγε"|Lemma="ἄγω"|Lang="G"|StrongNumber="G00710"|Morph="V,MPA2,,S,"|Mood="Imperative"|Tense="Present"|Voice="Active"|Person="Second"|Number="Singular"|English="bring"
550040110091|μετὰ|550040110101|prep|Cat="prep"|Id="32"|morphId="550040110091"|Unicode="μετὰ"|Lemma="μετά"|Lang="G"|StrongNumber="G33260"|Morph="P,,,,,G,,,"|Case="Genitive"|English="with"
550040110101|σεαυτοῦ,|550040110081|ADV|Cat="pron"|Id="34"|morphId="550040110101"|Unicode="σεαυτοῦ,"|Lemma="σεαυτοῦ"|Lang="G"|StrongNumber="G45720"|Morph="RE,,,2GMS,"|Type="Reflexive"|Person="Second"|Case="Genitive"|Gender="Masculine"|Number="Singular"|English="yourself"
550040110121|γάρ|550040110141|conj|Cat="conj"|Id="36"|morphId="550040110121"|Unicode="γάρ"|Lemma="γάρ"|Lang="G"|StrongNumber="G10630"|Morph="CC,,,,,,,,"|Type="Coordinating"|English="for"
550040110111|ἔστιν|550040110141|VC|Cat="verb"|Id="40"|morphId="550040110111"|Unicode="ἔστιν"|Lemma="εἰμί"|Lang="G"|StrongNumber="G15100"|Morph="V,IPA3,,S,"|Mood="Indicative"|Tense="Present"|Voice="Active"|Person="Third"|Number="Singular"|English="he is"
550040110131|μοι|550040110141|ADV|Cat="pron"|Id="43"|morphId="550040110131"|Unicode="μοι"|Lemma="ἐγώ"|Lang="G"|StrongNumber="G14730"|Morph="RP,,,1D,S,"|Type="Personal"|Person="First"|Case="Dative"|Number="Singular"|English="to me"
550040110141|εὔχρηστος|550040110081|CL|Cat="noun"|Id="46"|morphId="550040110141"|Unicode="εὔχρηστος"|Lemma="εὔχρηστος"|Lang="G"|StrongNumber="G21730"|Morph="NP,,,,NMS,"|Type="Predicate_Adj"|Case="Nominative"|Gender="Masculine"|Number="Singular"|English="useful"
550040110151|εἰς|550040110161|prep|Cat="prep"|Id="49"|morphId="550040110151"|Unicode="εἰς"|Lemma="εἰς"|Lang="G"|StrongNumber="G15190"|Morph="P,,,,,A,,,"|Case="Accusative"|English="for"
550040110161|διακονίαν.|550040110141|ADV|Cat="noun"|Id="51"|morphId="550040110161"|Unicode="διακονίαν."|Lemma="διακονία"|Lang="G"|StrongNumber="G12480"|Morph="N,,,,,AFS,"|Case="Accusative"|Gender="Feminine"|Number="Singular"|English="ministry"
550040120021|δὲ|550040120031|conj|Cat="conj"|Id="3"|morphId="550040120021"|Unicode="δὲ"|Lemma="δέ"|Lang="G"|StrongNumber="G11610"|Morph="CC,,,,,,,,"|Type="Coordinating"|English="but"
550040120011|Τυχικὸν|550040120031|O|Cat="noun"|Id="7"|morphId="550040120011"|Unicode="Τυχικὸν"|Lemma="Τυχικός"|Lang="G"|StrongNumber="G51900"|Morph="N,,,,,AMS,"|Case="Accusative"|Gender="Masculine"|Number="Singular"|English="Tychicus"
550040120031|ἀπέστειλα|None|CL|Cat="verb"|Id="10"|morphId="550040120031"|Unicode="ἀπέστειλα"|Lemma="ἀποστέλλω"|Lang="G"|StrongNumber="G06490"|Morph="V,IAA1,,S,"|Mood="Indicative"|Tense="Aorist"|Voice="Active"|Person="First"|Number="Singular"|English="I have sent"
550040120041|εἰς|550040120051|prep|Cat="prep"|Id="13"|morphId="550040120041"|Unicode="εἰς"|Lemma="εἰς"|Lang="G"|StrongNumber="G15190"|Morph="P,,,,,A,,,"|Case="Accusative"|English="to"
550040120051|Ἔφεσον.|550040120031|ADV|Cat="noun"|Id="15"|morphId="550040120051"|Unicode="Ἔφεσον."|Lemma="Ἔφεσος"|Lang="G"|StrongNumber="G21810"|Morph="N,,,,,AFS,"|Case="Accusative"|Gender="Feminine"|Number="Singular"|English="Ephesus"
550040130011|τὸν|550040130021|det|Cat="det"|Id="6"|morphId="550040130011"|Unicode="τὸν"|Lemma="ὁ"|Lang="G"|StrongNumber="G35880"|Morph="EA,,,,AMS,"|Type="Article"|Case="Accusative"|Gender="Masculine"|Number="Singular"|English="the"
550040130021|φελόνην|550040130101|O|Cat="noun"|Id="9"|morphId="550040130021"|Unicode="φελόνην"|Lemma="φελόνης"|Lang="G"|StrongNumber="G53410"|Morph="N,,,,,AMS,"|Case="Accusative"|Gender="Masculine"|Number="Singular"|English="cloak"
550040130031|ὃν|550040130041|O|Cat="pron"|Id="13"|morphId="550040130031"|Unicode="ὃν"|Lemma="ὅς"|Lang="G"|StrongNumber="G37390"|Morph="RD,,,,AMS,"|Type="Demonstrative"|Case="Accusative"|Gender="Masculine"|Number="Singular"|English="which"
550040130041|ἀπέλιπον|550040130021|CL|Cat="verb"|Id="16"|morphId="550040130041"|Unicode="ἀπέλιπον"|Lemma="ἀπολίπω"|Lang="G"|StrongNumber="G06200"|Morph="V,IAA1,,S,"|Mood="Indicative"|Tense="Aorist"|Voice="Active"|Person="First"|Number="Singular"|English="I left"
550040130051|ἐν|550040130061|prep|Cat="prep"|Id="19"|morphId="550040130051"|Unicode="ἐν"|Lemma="ἐν"|Lang="G"|StrongNumber="G17220"|Morph="P,,,,,D,,,"|Case="Dative"|English="at"
550040130061|Τρῳάδι|550040130041|ADV|Cat="noun"|Id="21"|morphId="550040130061"|Unicode="Τρῳάδι"|Lemma="Τρῳάς"|Lang="G"|StrongNumber="G51740"|Morph="N,,,,,DFS,"|Case="Dative"|Gender="Feminine"|Number="Singular"|English="Troas"
550040130071|παρὰ|550040130081|prep|Cat="prep"|Id="24"|morphId="550040130071"|Unicode="παρὰ"|Lemma="παρά"|Lang="G"|StrongNumber="G38440"|Morph="P,,,,,D,,,"|Case="Dative"|English="with"
550040130081|Κάρπῳ,|550040130041|ADV|Cat="noun"|Id="26"|morphId="550040130081"|Unicode="Κάρπῳ,"|Lemma="Κάρπος"|Lang="G"|StrongNumber="G25910"|Morph="N,,,,,DMS,"|Case="Dative"|Gender="Masculine"|Number="Singular"|English="Carpus"
550040130091|ἐρχόμενος|550040130101|ADV|Cat="verb"|Id="31"|morphId="550040130091"|Unicode="ἐρχόμενος"|Lemma="ἔρχομαι"|Lang="G"|StrongNumber="G20640"|Morph="V,PPM,NMS,"|Mood="Participle"|Tense="Present"|Voice="Middle"|Case="Nominative"|Gender="Masculine"|Number="Singular"|English="when ~ come"
550040130101|φέρε,|None|CL|Cat="verb"|Id="34"|morphId="550040130101"|Unicode="φέρε,"|Lemma="φέρω"|Lang="G"|StrongNumber="G53420"|Morph="V,MPA2,,S,"|Mood="Imperative"|Tense="Present"|Voice="Active"|Person="Second"|Number="Singular"|English="bring"
550040130111|καὶ|550040130101|conj|Cat="conj"|Id="35"|morphId="550040130111"|Unicode="καὶ"|Lemma="καί"|Lang="G"|StrongNumber="G25320"|Morph="CC,,,,,,,,"|Type="Coordinating"|English="and"
550040130121|τὰ|550040130131|det|Cat="det"|Id="40"|morphId="550040130121"|Unicode="τὰ"|Lemma="ὁ"|Lang="G"|StrongNumber="G35880"|Morph="EA,,,,ANP,"|Type="Article"|Case="Accusative"|Gender="Neuter"|Number="Plural"|English="the"
550040130131|βιβλία,|550040130101|CL|Cat="noun"|Id="42"|morphId="550040130131"|Unicode="βιβλία,"|Lemma="βιβλίον"|Lang="G"|StrongNumber="G09750"|Morph="N,,,,,ANP,"|Case="Accusative"|Gender="Neuter"|Number="Plural"|English="books"
550040130141|μάλιστα|550040130161|advp|Cat="adv"|Id="45"|morphId="550040130141"|Unicode="μάλιστα"|Lemma="μάλιστα"|Lang="G"|StrongNumber="G31220"|Morph="D,,,,,,,,S"|English="especially"
550040130151|τὰς|550040130161|det|Cat="det"|Id="47"|morphId="550040130151"|Unicode="τὰς"|Lemma="ὁ"|Lang="G"|StrongNumber="G35880"|Morph="EA,,,,AFP,"|Type="Article"|Case="Accusative"|Gender="Feminine"|Number="Plural"|English="the"
550040130161|μεμβράνας.|550040130131|np|Cat="noun"|Id="49"|morphId="550040130161"|Unicode="μεμβράνας."|Lemma="μεμβράνα"|Lang="G"|StrongNumber="G32000"|Morph="N,,,,,AFP,"|Case="Accusative"|Gender="Feminine"|Number="Plural"|English="parchments"
550040140011|Ἀλέξανδρος|550040140071|S|Cat="noun"|Id="6"|morphId="550040140011"|Unicode="Ἀλέξανδρος"|Lemma="Ἀλέξανδρος"|Lang="G"|StrongNumber="G02230"|Morph="N,,,,,NMS,"|Case="Nominative"|Gender="Masculine"|Number="Singular"|English="Alexander"
550040140021|ὁ|550040140031|det|Cat="det"|Id="8"|morphId="550040140021"|Unicode="ὁ"|Lemma="ὁ"|Lang="G"|StrongNumber="G35880"|Morph="EA,,,,NMS,"|Type="Article"|Case="Nominative"|Gender="Masculine"|Number="Singular"|English="the"
550040140031|χαλκεὺς,|550040140011|np|Cat="noun"|Id="10"|morphId="550040140031"|Unicode="χαλκεὺς,"|Lemma="χαλκεύς"|Lang="G"|StrongNumber="G54710"|Morph="N,,,,,NMS,"|Case="Nominative"|Gender="Masculine"|Number="Singular"|English="coppersmith"
550040140041|πολλά|550040140061|np|Cat="pron"|Id="14"|morphId="550040140041"|Unicode="πολλά"|Lemma="πολλός"|Lang="G"|StrongNumber="G41830"|Morph="RI,,,,ANP,"|Type="Indefinite"|Case="Accusative"|Gender="Neuter"|Number="Plural"|English="great"
550040140061|κακὰ|550040140071|O|Cat="noun"|Id="16"|morphId="550040140061"|Unicode="κακὰ"|Lemma="κακός"|Lang="G"|StrongNumber="G25560"|Morph="NS,,,,ANP,"|Type="Substantive_Adj"|Case="Accusative"|Gender="Neuter"|Number="Plural"|English="harm"
550040140051|μοι|550040140071|IO|Cat="pron"|Id="19"|morphId="550040140051"|Unicode="μοι"|Lemma="ἐγώ"|Lang="G"|StrongNumber="G14730"|Morph="RP,,,1D,S,"|Type="Personal"|Person="First"|Case="Dative"|Number="Singular"|English="to me"
550040140071|ἐνεδείξατο;|None|CL|Cat="verb"|Id="22"|morphId="550040140071"|Unicode="ἐνεδείξατο;"|Lemma="ἐνδείκνυμι"|Lang="G"|StrongNumber="G17310"|Morph="V,IAM3,,S,"|Mood="Indicative"|Tense="Aorist"|Voice="Middle"|Person="Third"|Number="Singular"|English="did"
550040140081|ἀποδώσει|550040140071|CL|Cat="verb"|Id="26"|morphId="550040140081"|Unicode="ἀποδώσει"|Lemma="ἀποδίδωμι"|Lang="G"|StrongNumber="G05910"|Morph="V,IFA3,,S,"|Mood="Indicative"|Tense="Future"|Voice="Active"|Person="Third"|Number="Singular"|English="will repay"
550040140091|αὐτῷ|550040140081|IO|Cat="pron"|Id="29"|morphId="550040140091"|Unicode="αὐτῷ"|Lemma="αὐτός"|Lang="G"|StrongNumber="G08460"|Morph="RP,,,3DMS,"|Type="Personal"|Person="Third"|Case="Dative"|Gender="Masculine"|Number="Singular"|English="him"
550040140101|ὁ|550040140111|det|Cat="det"|Id="32"|morphId="550040140101"|Unicode="ὁ"|Lemma="ὁ"|Lang="G"|StrongNumber="G35880"|Morph="EA,,,,NMS,"|Type="Article"|Case="Nominative"|Gender="Masculine"|Number="Singular"|English="the"
550040140111|Κύριος|550040140081|S|Cat="noun"|Id="34"|morphId="550040140111"|Unicode="Κύριος"|Lemma="κύριος"|Lang="G"|StrongNumber="G29620"|Morph="N,,,,,NMS,"|Case="Nominative"|Gender="Masculine"|Number="Singular"|English="Lord"
550040140121|κατὰ|550040140141|prep|Cat="prep"|Id="37"|morphId="550040140121"|Unicode="κατὰ"|Lemma="κατά"|Lang="G"|StrongNumber="G25960"|Morph="P,,,,,A,,,"|Case="Accusative"|English="according to"
550040140131|τὰ|550040140141|det|Cat="det"|Id="39"|morphId="550040140131"|Unicode="τὰ"|Lemma="ὁ"|Lang="G"|StrongNumber="G35880"|Morph="EA,,,,ANP,"|Type="Article"|Case="Accusative"|Gender="Neuter"|Number="Plural"|English="the"
550040140141|ἔργα|550040140081|ADV|Cat="noun"|Id="42"|morphId="550040140141"|Unicode="ἔργα"|Lemma="ἔργον"|Lang="G"|StrongNumber="G20410"|Morph="N,,,,,ANP,"|Case="Accusative"|Gender="Neuter"|Number="Plural"|English="deeds"
550040140151|αὐτοῦ;|550040140141|np|Cat="pron"|Id="44"|morphId="550040140151"|Unicode="αὐτοῦ;"|Lemma="αὐτός"|Lang="G"|StrongNumber="G08460"|Morph="RP,,,3GMS,"|Type="Personal"|Person="Third"|Case="Genitive"|Gender="Masculine"|Number="Singular"|English="of him"
550040150011|ὃν|550040150041|O|Cat="pron"|Id="5"|morphId="550040150011"|Unicode="ὃν"|Lemma="ὅς"|Lang="G"|StrongNumber="G37390"|Morph="RR,,,,AMS,"|Type="Relative"|Case="Accusative"|Gender="Masculine"|Number="Singular"|English="whom"
550040150021|καὶ|550040150031|advp|Cat="adv"|Id="9"|morphId="550040150021"|Unicode="καὶ"|Lemma="καί"|Lang="G"|StrongNumber="G25320"|Morph="D,,,,,,,,,"|English="also"
550040150031|σὺ|550040150041|S|Cat="pron"|Id="11"|morphId="550040150031"|Unicode="σὺ"|Lemma="σύ"|Lang="G"|StrongNumber="G47710"|Morph="RP,,,2N,S,"|Type="Personal"|Person="Second"|Case="Nominative"|Number="Singular"|English="you"
550040150041|φυλάσσου,|None|CL|Cat="verb"|Id="14"|morphId="550040150041"|Unicode="φυλάσσου,"|Lemma="φυλάσσω"|Lang="G"|StrongNumber="G54420"|Morph="V,MPM2,,S,"|Mood="Imperative"|Tense="Present"|Voice="Middle"|Person="Second"|Number="Singular"|English="must beware"
550040150061|γὰρ|550040150071|conj|Cat="conj"|Id="16"|morphId="550040150061"|Unicode="γὰρ"|Lemma="γάρ"|Lang="G"|StrongNumber="G10630"|Morph="CC,,,,,,,,"|Type="Coordinating"|English="for"
550040150051|λίαν|550040150071|ADV|Cat="adv"|Id="20"|morphId="550040150051"|Unicode="λίαν"|Lemma="λίαν"|Lang="G"|StrongNumber="G30290"|Morph="D,,,,,,,,,"|English="strongly"
550040150071|ἀντέστη|550040150041|CL|Cat="verb"|Id="23"|morphId="550040150071"|Unicode="ἀντέστη"|Lemma="ἀνθίστημι"|Lang="G"|StrongNumber="G04360"|Morph="V,IAA3,,S,"|Mood="Indicative"|Tense="Aorist"|Voice="Active"|Person="Third"|Number="Singular"|English="he ~ opposed"
550040150081|τοῖς|550040150101|det|Cat="det"|Id="26"|morphId="550040150081"|Unicode="τοῖς"|Lemma="ὁ"|Lang="G"|StrongNumber="G35880"|Morph="EA,,,,DMP,"|Type="Article"|Case="Dative"|Gender="Masculine"|Number="Plural"
550040150091|ἡμετέροις|550040150101|adjp|Cat="det"|Id="30"|morphId="550040150091"|Unicode="ἡμετέροις"|Lemma="ἡμέτερος"|Lang="G"|StrongNumber="G22510"|Morph="EP,,,1DMP,"|Type="Possessive"|Person="First"|Case="Dative"|Gender="Masculine"|Number="Plural"|English="our"
550040150101|λόγοις.|550040150071|O|Cat="noun"|Id="32"|morphId="550040150101"|Unicode="λόγοις."|Lemma="λόγος"|Lang="G"|StrongNumber="G30560"|Morph="N,,,,,DMP,"|Case="Dative"|Gender="Masculine"|Number="Plural"|English="words"
550040160011|ἐν|550040160051|prep|Cat="prep"|Id="6"|morphId="550040160011"|Unicode="ἐν"|Lemma="ἐν"|Lang="G"|StrongNumber="G17220"|Morph="P,,,,,D,,,"|Case="Dative"|English="at"
550040160021|τῇ|550040160051|det|Cat="det"|Id="8"|morphId="550040160021"|Unicode="τῇ"|Lemma="ὁ"|Lang="G"|StrongNumber="G35880"|Morph="EA,,,,DFS,"|Type="Article"|Case="Dative"|Gender="Feminine"|Number="Singular"|English="the"
550040160031|πρώτῃ|550040160051|np|Cat="noun"|Id="11"|morphId="550040160031"|Unicode="πρώτῃ"|Lemma="πρῶτος"|Lang="G"|StrongNumber="G44130"|Morph="NS,,,,DFS,"|Type="Substantive_Adj"|Case="Dative"|Gender="Feminine"|Number="Singular"|English="first"
550040160041|μου|550040160051|np|Cat="pron"|Id="14"|morphId="550040160041"|Unicode="μου"|Lemma="ἐγώ"|Lang="G"|StrongNumber="G14730"|Morph="RP,,,1G,S,"|Type="Personal"|Person="First"|Case="Genitive"|Number="Singular"|English="of me"
550040160051|ἀπολογίᾳ,|550040160081|ADV|Cat="noun"|Id="16"|morphId="550040160051"|Unicode="ἀπολογίᾳ,"|Lemma="ἀπολογία"|Lang="G"|StrongNumber="G06270"|Morph="N,,,,,DFS,"|Case="Dative"|Gender="Feminine"|Number="Singular"|English="defense"
550040160061|οὐδείς|550040160081|S|Cat="pron"|Id="19"|morphId="550040160061"|Unicode="οὐδείς"|Lemma="οὐδείς"|Lang="G"|StrongNumber="G37620"|Morph="RI,,,,NMS,"|Type="Indefinite"|Case="Nominative"|Gender="Masculine"|Number="Singular"|English="no one"
550040160071|μοι|550040160081|ADV|Cat="pron"|Id="22"|morphId="550040160071"|Unicode="μοι"|Lemma="ἐγώ"|Lang="G"|StrongNumber="G14730"|Morph="RP,,,1D,S,"|Type="Personal"|Person="First"|Case="Dative"|Number="Singular"|English="with me"
550040160081|παρεγένετο,|None|CL|Cat="verb"|Id="25"|morphId="550040160081"|Unicode="παρεγένετο,"|Lemma="παραγίνομαι"|Lang="G"|StrongNumber="G38540"|Morph="V,IAM3,,S,"|Mood="Indicative"|Tense="Aorist"|Voice="Middle"|Person="Third"|Number="Singular"|English="came"
550040160091|ἀλλὰ|550040160081|conj|Cat="conj"|Id="26"|morphId="550040160091"|Unicode="ἀλλὰ"|Lemma="ἀλλά"|Lang="G"|StrongNumber="G02350"|Morph="CC,,,,,,,,"|Type="Coordinating"|English="but"
550040160101|πάντες|550040160121|S|Cat="pron"|Id="30"|morphId="550040160101"|Unicode="πάντες"|Lemma="πᾶς"|Lang="G"|StrongNumber="G39560"|Morph="RI,,,,NMP,"|Type="Indefinite"|Case="Nominative"|Gender="Masculine"|Number="Plural"|English="all"
550040160111|με|550040160121|O|Cat="pron"|Id="33"|morphId="550040160111"|Unicode="με"|Lemma="ἐγώ"|Lang="G"|StrongNumber="G14730"|Morph="RP,,,1A,S,"|Type="Personal"|Person="First"|Case="Accusative"|Number="Singular"|English="me"
550040160121|ἐνκατέλιπον;|550040160081|CL|Cat="verb"|Id="36"|morphId="550040160121"|Unicode="ἐνκατέλιπον;"|Lemma="ἐνκαταλείπω"|Lang="G"|StrongNumber="G14590"|Morph="V,IAA3,,P,"|Mood="Indicative"|Tense="Aorist"|Voice="Active"|Person="Third"|Number="Plural"|English="deserted"
550040160131|μὴ|550040160151|ADV|Cat="adv"|Id="40"|morphId="550040160131"|Unicode="μὴ"|Lemma="μή"|Lang="G"|StrongNumber="G33610"|Morph="D,,,,,,,,,"|English="not"
550040160141|αὐτοῖς|550040160151|IO|Cat="pron"|Id="43"|morphId="550040160141"|Unicode="αὐτοῖς"|Lemma="αὐτός"|Lang="G"|StrongNumber="G08460"|Morph="RP,,,3DMP,"|Type="Personal"|Person="Third"|Case="Dative"|Gender="Masculine"|Number="Plural"|English="against them"
550040160151|λογισθείη.|550040160081|CL|Cat="verb"|Id="46"|morphId="550040160151"|Unicode="λογισθείη."|Lemma="λογίζομαι"|Lang="G"|StrongNumber="G30490"|Morph="V,OAP3,,S,"|Mood="Optative"|Tense="Aorist"|Voice="Passive"|Person="Third"|Number="Singular"|English="may it ~ be counted"
550040170021|δὲ|550040170051|conj|Cat="conj"|Id="3"|morphId="550040170021"|Unicode="δὲ"|Lemma="δέ"|Lang="G"|StrongNumber="G11610"|Morph="CC,,,,,,,,"|Type="Coordinating"|English="but"
550040170011|ὁ|550040170031|det|Cat="det"|Id="10"|morphId="550040170011"|Unicode="ὁ"|Lemma="ὁ"|Lang="G"|StrongNumber="G35880"|Morph="EA,,,,NMS,"|Type="Article"|Case="Nominative"|Gender="Masculine"|Number="Singular"|English="the"
550040170031|Κύριός|550040170051|S|Cat="noun"|Id="12"|morphId="550040170031"|Unicode="Κύριός"|Lemma="κύριος"|Lang="G"|StrongNumber="G29620"|Morph="N,,,,,NMS,"|Case="Nominative"|Gender="Masculine"|Number="Singular"|English="Lord"
550040170041|μοι|550040170051|ADV|Cat="pron"|Id="15"|morphId="550040170041"|Unicode="μοι"|Lemma="ἐγώ"|Lang="G"|StrongNumber="G14730"|Morph="RP,,,1D,S,"|Type="Personal"|Person="First"|Case="Dative"|Number="Singular"|English="me"
550040170051|παρέστη,|None|CL|Cat="verb"|Id="18"|morphId="550040170051"|Unicode="παρέστη,"|Lemma="παρίστημι"|Lang="G"|StrongNumber="G39360"|Morph="V,IAA3,,S,"|Mood="Indicative"|Tense="Aorist"|Voice="Active"|Person="Third"|Number="Singular"|English="stood with"
550040170061|καὶ|550040170051|conj|Cat="conj"|Id="19"|morphId="550040170061"|Unicode="καὶ"|Lemma="καί"|Lang="G"|StrongNumber="G25320"|Morph="CC,,,,,,,,"|Type="Coordinating"|English="and"
550040170071|ἐνεδυνάμωσέν|550040170051|CL|Cat="verb"|Id="23"|morphId="550040170071"|Unicode="ἐνεδυνάμωσέν"|Lemma="ἐνδυναμόω"|Lang="G"|StrongNumber="G17430"|Morph="V,IAA3,,S,"|Mood="Indicative"|Tense="Aorist"|Voice="Active"|Person="Third"|Number="Singular"|English="strengthened"
550040170081|με,|550040170071|O|Cat="pron"|Id="26"|morphId="550040170081"|Unicode="με,"|Lemma="ἐγώ"|Lang="G"|StrongNumber="G14730"|Morph="RP,,,1A,S,"|Type="Personal"|Person="First"|Case="Accusative"|Number="Singular"|English="me"
550040170091|ἵνα|550040170141|conj|Cat="conj"|Id="28"|morphId="550040170091"|Unicode="ἵνα"|Lemma="ἵνα"|Lang="G"|StrongNumber="G24430"|Morph="CS,,,,,,,,"|Type="Subordinating"|English="so that"
550040170101|δι’|550040170111|prep|Cat="prep"|Id="33"|morphId="550040170101"|Unicode="δι’"|Lemma="διά"|Lang="G"|StrongNumber="G12230"|Morph="P,,,,,G,,,"|Case="Genitive"|English="through"
550040170111|ἐμοῦ|550040170141|ADV|Cat="pron"|Id="35"|morphId="550040170111"|Unicode="ἐμοῦ"|Lemma="ἐγώ"|Lang="G"|StrongNumber="G14730"|Morph="RP,,,1G,S,"|Type="Personal"|Person="First"|Case="Genitive"|Number="Singular"|English="me"
550040170121|τὸ|550040170131|det|Cat="det"|Id="38"|morphId="550040170121"|Unicode="τὸ"|Lemma="ὁ"|Lang="G"|StrongNumber="G35880"|Morph="EA,,,,NNS,"|Type="Article"|Case="Nominative"|Gender="Neuter"|Number="Singular"|English="the"
550040170131|κήρυγμα|550040170141|S|Cat="noun"|Id="40"|morphId="550040170131"|Unicode="κήρυγμα"|Lemma="κήρυγμα"|Lang="G"|StrongNumber="G27820"|Morph="N,,,,,NNS,"|Case="Nominative"|Gender="Neuter"|Number="Singular"|English="message"
550040170141|πληροφορηθῇ,|550040170051|CL|Cat="verb"|Id="43"|morphId="550040170141"|Unicode="πληροφορηθῇ,"|Lemma="πληροφορέω"|Lang="G"|StrongNumber="G41350"|Morph="V,SAP3,,S,"|Mood="Subjunctive"|Tense="Aorist"|Voice="Passive"|Person="Third"|Number="Singular"|English="might be fully proclaimed"
550040170151|καὶ|550040170141|conj|Cat="conj"|Id="44"|morphId="550040170151"|Unicode="καὶ"|Lemma="καί"|Lang="G"|StrongNumber="G25320"|Morph="CC,,,,,,,,"|Type="Coordinating"|English="and"
550040170161|ἀκούσωσιν|550040170141|CL|Cat="verb"|Id="48"|morphId="550040170161"|Unicode="ἀκούσωσιν"|Lemma="ἀκούω"|Lang="G"|StrongNumber="G01910"|Morph="V,SAA3,,P,"|Mood="Subjunctive"|Tense="Aorist"|Voice="Active"|Person="Third"|Number="Plural"|English="might hear"
550040170171|πάντα|550040170191|adjp|Cat="det"|Id="53"|morphId="550040170171"|Unicode="πάντα"|Lemma="πᾶς"|Lang="G"|StrongNumber="G39560"|Morph="EQ,,,,NNP,"|Type="Quantifier"|Case="Nominative"|Gender="Neuter"|Number="Plural"|English="all"
550040170181|τὰ|550040170191|det|Cat="det"|Id="55"|morphId="550040170181"|Unicode="τὰ"|Lemma="ὁ"|Lang="G"|StrongNumber="G35880"|Morph="EA,,,,NNP,"|Type="Article"|Case="Nominative"|Gender="Neuter"|Number="Plural"|English="the"
550040170191|ἔθνη;|550040170161|S|Cat="noun"|Id="57"|morphId="550040170191"|Unicode="ἔθνη;"|Lemma="ἔθνος"|Lang="G"|StrongNumber="G14840"|Morph="N,,,,,NNP,"|Case="Nominative"|Gender="Neuter"|Number="Plural"|English="gentiles"
550040170201|καὶ|550040170051|conj|Cat="conj"|Id="58"|morphId="550040170201"|Unicode="καὶ"|Lemma="καί"|Lang="G"|StrongNumber="G25320"|Morph="CC,,,,,,,,"|Type="Coordinating"|English="and"
550040170211|ἐρύσθην|550040170051|CL|Cat="verb"|Id="62"|morphId="550040170211"|Unicode="ἐρύσθην"|Lemma="ῥύομαι"|Lang="G"|StrongNumber="G45060"|Morph="V,IAP1,,S,"|Mood="Indicative"|Tense="Aorist"|Voice="Passive"|Person="First"|Number="Singular"|English="I was rescued"
550040170221|ἐκ|550040170231|prep|Cat="prep"|Id="65"|morphId="550040170221"|Unicode="ἐκ"|Lemma="ἐκ"|Lang="G"|StrongNumber="G15370"|Morph="P,,,,,G,,,"|Case="Genitive"|English="from"
550040170231|στόματος|550040170211|ADV|Cat="noun"|Id="68"|morphId="550040170231"|Unicode="στόματος"|Lemma="στόμα"|Lang="G"|StrongNumber="G47500"|Morph="N,,,,,GNS,"|Case="Genitive"|Gender="Neuter"|Number="Singular"|English="mouth"
550040170241|λέοντος.|550040170231|np|Cat="noun"|Id="70"|morphId="550040170241"|Unicode="λέοντος."|Lemma="λέων"|Lang="G"|StrongNumber="G30230"|Morph="N,,,,,GMS,"|Case="Genitive"|Gender="Masculine"|Number="Singular"|English="lion’s"
550040180011|ῥύσεταί|None|CL|Cat="verb"|Id="7"|morphId="550040180011"|Unicode="ῥύσεταί"|Lemma="ῥύομαι"|Lang="G"|StrongNumber="G45060"|Morph="V,IFM3,,S,"|Mood="Indicative"|Tense="Future"|Voice="Middle"|Person="Third"|Number="Singular"|English="will rescue"
550040180021|με|550040180011|O|Cat="pron"|Id="10"|morphId="550040180021"|Unicode="με"|Lemma="ἐγώ"|Lang="G"|StrongNumber="G14730"|Morph="RP,,,1A,S,"|Type="Personal"|Person="First"|Case="Accusative"|Number="Singular"|English="me"
550040180031|ὁ|550040180041|det|Cat="det"|Id="13"|morphId="550040180031"|Unicode="ὁ"|Lemma="ὁ"|Lang="G"|StrongNumber="G35880"|Morph="EA,,,,NMS,"|Type="Article"|Case="Nominative"|Gender="Masculine"|Number="Singular"|English="the"
550040180041|Κύριος|550040180011|S|Cat="noun"|Id="15"|morphId="550040180041"|Unicode="Κύριος"|Lemma="κύριος"|Lang="G"|StrongNumber="G29620"|Morph="N,,,,,NMS,"|Case="Nominative"|Gender="Masculine"|Number="Singular"|English="Lord"
550040180051|ἀπὸ|550040180071|prep|Cat="prep"|Id="18"|morphId="550040180051"|Unicode="ἀπὸ"|Lemma="ἀπό"|Lang="G"|StrongNumber="G05750"|Morph="P,,,,,G,,,"|Case="Genitive"|English="from"
550040180061|παντὸς|550040180071|adjp|Cat="det"|Id="22"|morphId="550040180061"|Unicode="παντὸς"|Lemma="πᾶς"|Lang="G"|StrongNumber="G39560"|Morph="EQ,,,,GNS,"|Type="Quantifier"|Case="Genitive"|Gender="Neuter"|Number="Singular"|English="every"
550040180071|ἔργου|550040180011|ADV|Cat="noun"|Id="25"|morphId="550040180071"|Unicode="ἔργου"|Lemma="ἔργον"|Lang="G"|StrongNumber="G20410"|Morph="N,,,,,GNS,"|Case="Genitive"|Gender="Neuter"|Number="Singular"|English="deed"
550040180081|πονηροῦ,|550040180071|adjp|Cat="adj"|Id="27"|morphId="550040180081"|Unicode="πονηροῦ,"|Lemma="πονηρός"|Lang="G"|StrongNumber="G41900"|Morph="AA,,,,GNS,"|Type="Ascriptive"|Case="Genitive"|Gender="Neuter"|Number="Singular"|English="evil"
550040180091|καὶ|550040180011|conj|Cat="conj"|Id="28"|morphId="550040180091"|Unicode="καὶ"|Lemma="καί"|Lang="G"|StrongNumber="G25320"|Morph="CC,,,,,,,,"|Type="Coordinating"|English="and"
550040180101|σώσει|550040180011|CL|Cat="verb"|Id="32"|morphId="550040180101"|Unicode="σώσει"|Lemma="σῴζω"|Lang="G"|StrongNumber="G49820"|Morph="V,IFA3,,S,"|Mood="Indicative"|Tense="Future"|Voice="Active"|Person="Third"|Number="Singular"|English="will bring ~ safely"
550040180111|εἰς|550040180131|prep|Cat="prep"|Id="35"|morphId="550040180111"|Unicode="εἰς"|Lemma="εἰς"|Lang="G"|StrongNumber="G15190"|Morph="P,,,,,A,,,"|Case="Accusative"|English="for"
550040180121|τὴν|550040180131|det|Cat="det"|Id="37"|morphId="550040180121"|Unicode="τὴν"|Lemma="ὁ"|Lang="G"|StrongNumber="G35880"|Morph="EA,,,,AFS,"|Type="Article"|Case="Accusative"|Gender="Feminine"|Number="Singular"|English="the"
550040180131|βασιλείαν|550040180101|ADV|Cat="noun"|Id="41"|morphId="550040180131"|Unicode="βασιλείαν"|Lemma="βασιλεία"|Lang="G"|StrongNumber="G09320"|Morph="N,,,,,AFS,"|Case="Accusative"|Gender="Feminine"|Number="Singular"|English="kingdom"
550040180141|αὐτοῦ|550040180131|np|Cat="pron"|Id="43"|morphId="550040180141"|Unicode="αὐτοῦ"|Lemma="αὐτός"|Lang="G"|StrongNumber="G08460"|Morph="RP,,,3GMS,"|Type="Personal"|Person="Third"|Case="Genitive"|Gender="Masculine"|Number="Singular"|English="of Him"
550040180151|τὴν|550040180161|det|Cat="det"|Id="45"|morphId="550040180151"|Unicode="τὴν"|Lemma="ὁ"|Lang="G"|StrongNumber="G35880"|Morph="EA,,,,AFS,"|Type="Article"|Case="Accusative"|Gender="Feminine"|Number="Singular"
550040180161|ἐπουράνιον;|550040180131|np|Cat="adj"|Id="47"|morphId="550040180161"|Unicode="ἐπουράνιον;"|Lemma="ἐπουράνιος"|Lang="G"|StrongNumber="G20320"|Morph="AR,,,,AFS,"|Type="Restrictive"|Case="Accusative"|Gender="Feminine"|Number="Singular"|English="heavenly"
550040180171|ᾧ|550040180191|IO|Cat="pron"|Id="52"|morphId="550040180171"|Unicode="ᾧ"|Lemma="ὅς"|Lang="G"|StrongNumber="G37390"|Morph="RR,,,,DMS,"|Type="Relative"|Case="Dative"|Gender="Masculine"|Number="Singular"|English="to whom"
550040180181|ἡ|550040180191|det|Cat="det"|Id="55"|morphId="550040180181"|Unicode="ἡ"|Lemma="ὁ"|Lang="G"|StrongNumber="G35880"|Morph="EA,,,,NFS,"|Type="Article"|Case="Nominative"|Gender="Feminine"|Number="Singular"|English="the"
550040180191|δόξα|550040180011|CL|Cat="noun"|Id="57"|morphId="550040180191"|Unicode="δόξα"|Lemma="δόξα"|Lang="G"|StrongNumber="G13910"|Morph="N,,,,,NFS,"|Case="Nominative"|Gender="Feminine"|Number="Singular"|English="glory"
550040180201|εἰς|550040180221|prep|Cat="prep"|Id="60"|morphId="550040180201"|Unicode="εἰς"|Lemma="εἰς"|Lang="G"|StrongNumber="G15190"|Morph="P,,,,,A,,,"|Case="Accusative"|English="into"
550040180211|τοὺς|550040180221|det|Cat="det"|Id="62"|morphId="550040180211"|Unicode="τοὺς"|Lemma="ὁ"|Lang="G"|StrongNumber="G35880"|Morph="EA,,,,AMP,"|Type="Article"|Case="Accusative"|Gender="Masculine"|Number="Plural"|English="the"
550040180221|αἰῶνας|550040180191|ADV|Cat="noun"|Id="65"|morphId="550040180221"|Unicode="αἰῶνας"|Lemma="αἰών"|Lang="G"|StrongNumber="G01650"|Morph="N,,,,,AMP,"|Case="Accusative"|Gender="Masculine"|Number="Plural"|English="ages"
550040180231|τῶν|550040180241|det|Cat="det"|Id="67"|morphId="550040180231"|Unicode="τῶν"|Lemma="ὁ"|Lang="G"|StrongNumber="G35880"|Morph="EA,,,,GMP,"|Type="Article"|Case="Genitive"|Gender="Masculine"|Number="Plural"|English="of the"
550040180241|αἰώνων.|550040180221|np|Cat="noun"|Id="69"|morphId="550040180241"|Unicode="αἰώνων."|Lemma="αἰών"|Lang="G"|StrongNumber="G01650"|Morph="N,,,,,GMP,"|Case="Genitive"|Gender="Masculine"|Number="Plural"|English="ages"
550040180251|ἀμήν!|550040180191|CL|Cat="intj"|Id="71"|morphId="550040180251"|Unicode="ἀμήν!"|Lemma="ἀμήν"|Lang="G"|StrongNumber="G02810"|Morph="IE,,,,,,,,"|Type="Exclamation"|English="amen"
550040190011|ἄσπασαι|None|CL|Cat="verb"|Id="5"|morphId="550040190011"|Unicode="ἄσπασαι"|Lemma="ἀσπάζομαι"|Lang="G"|StrongNumber="G07820"|Morph="V,MAM2,,S,"|Mood="Imperative"|Tense="Aorist"|Voice="Middle"|Person="Second"|Number="Singular"|English="greet"
550040190021|Πρίσκαν|550040190011|O|Cat="noun"|Id="9"|morphId="550040190021"|Unicode="Πρίσκαν"|Lemma="Πρίσκα"|Lang="G"|StrongNumber="G42510"|Morph="N,,,,,AFS,"|Case="Accusative"|Gender="Feminine"|Number="Singular"|English="Prisca"
550040190031|καὶ|550040190021|conj|Cat="conj"|Id="10"|morphId="550040190031"|Unicode="καὶ"|Lemma="καί"|Lang="G"|StrongNumber="G25320"|Morph="CC,,,,,,,,"|Type="Coordinating"|English="and"
550040190041|Ἀκύλαν,|550040190021|np|Cat="noun"|Id="12"|morphId="550040190041"|Unicode="Ἀκύλαν,"|Lemma="Ἀκύλας"|Lang="G"|StrongNumber="G02070"|Morph="N,,,,,AMS,"|Case="Accusative"|Gender="Masculine"|Number="Singular"|English="Aquila"
550040190051|καὶ|550040190021|conj|Cat="conj"|Id="13"|morphId="550040190051"|Unicode="καὶ"|Lemma="καί"|Lang="G"|StrongNumber="G25320"|Morph="CC,,,,,,,,"|Type="Coordinating"|English="and"
550040190061|τὸν|550040190081|det|Cat="det"|Id="15"|morphId="550040190061"|Unicode="τὸν"|Lemma="ὁ"|Lang="G"|StrongNumber="G35880"|Morph="EA,,,,AMS,"|Type="Article"|Case="Accusative"|Gender="Masculine"|Number="Singular"|English="the"
550040190071|Ὀνησιφόρου|550040190081|np|Cat="noun"|Id="18"|morphId="550040190071"|Unicode="Ὀνησιφόρου"|Lemma="Ὀνησίφορος"|Lang="G"|StrongNumber="G36830"|Morph="N,,,,,GMS,"|Case="Genitive"|Gender="Masculine"|Number="Singular"|English="of Onesiphorus"
550040190081|οἶκον.|550040190021|np|Cat="noun"|Id="20"|morphId="550040190081"|Unicode="οἶκον."|Lemma="οἶκος"|Lang="G"|StrongNumber="G36240"|Morph="N,,,,,AMS,"|Case="Accusative"|Gender="Masculine"|Number="Singular"|English="household"
550040200011|Ἔραστος|550040200021|S|Cat="noun"|Id="6"|morphId="550040200011"|Unicode="Ἔραστος"|Lemma="Ἔραστος"|Lang="G"|StrongNumber="G20370"|Morph="N,,,,,NMS,"|Case="Nominative"|Gender="Masculine"|Number="Singular"|English="Erastus"
550040200021|ἔμεινεν|None|CL|Cat="verb"|Id="9"|morphId="550040200021"|Unicode="ἔμεινεν"|Lemma="μένω"|Lang="G"|StrongNumber="G33060"|Morph="V,IAA3,,S,"|Mood="Indicative"|Tense="Aorist"|Voice="Active"|Person="Third"|Number="Singular"|English="remained"
550040200031|ἐν|550040200041|prep|Cat="prep"|Id="12"|morphId="550040200031"|Unicode="ἐν"|Lemma="ἐν"|Lang="G"|StrongNumber="G17220"|Morph="P,,,,,D,,,"|Case="Dative"|English="in"
550040200041|Κορίνθῳ,|550040200021|ADV|Cat="noun"|Id="14"|morphId="550040200041"|Unicode="Κορίνθῳ,"|Lemma="Κόρινθος"|Lang="G"|StrongNumber="G28820"|Morph="N,,,,,DFS,"|Case="Dative"|Gender="Feminine"|Number="Singular"|English="Corinth"
550040200061|δὲ|550040200021|conj|Cat="conj"|Id="15"|morphId="550040200061"|Unicode="δὲ"|Lemma="δέ"|Lang="G"|StrongNumber="G11610"|Morph="CC,,,,,,,,"|Type="Coordinating"|English="but"
550040200051|Τρόφιμον|550040200071|O|Cat="noun"|Id="19"|morphId="550040200051"|Unicode="Τρόφιμον"|Lemma="Τρόφιμος"|Lang="G"|StrongNumber="G51610"|Morph="N,,,,,AMS,"|Case="Accusative"|Gender="Masculine"|Number="Singular"|English="Trophimus"
550040200071|ἀπέλιπον|550040200021|CL|Cat="verb"|Id="22"|morphId="550040200071"|Unicode="ἀπέλιπον"|Lemma="ἀπολίπω"|Lang="G"|StrongNumber="G06200"|Morph="V,IAA1,,S,"|Mood="Indicative"|Tense="Aorist"|Voice="Active"|Person="First"|Number="Singular"|English="I left"
550040200081|ἐν|550040200091|prep|Cat="prep"|Id="25"|morphId="550040200081"|Unicode="ἐν"|Lemma="ἐν"|Lang="G"|StrongNumber="G17220"|Morph="P,,,,,D,,,"|Case="Dative"|English="in"
550040200091|Μιλήτῳ|550040200071|ADV|Cat="noun"|Id="27"|morphId="550040200091"|Unicode="Μιλήτῳ"|Lemma="Μίλητος"|Lang="G"|StrongNumber="G33990"|Morph="N,,,,,DFS,"|Case="Dative"|Gender="Feminine"|Number="Singular"|English="Miletus"
550040200101|ἀσθενοῦντα.|550040200071|ADV|Cat="verb"|Id="32"|morphId="550040200101"|Unicode="ἀσθενοῦντα."|Lemma="ἀσθενέω"|Lang="G"|StrongNumber="G07700"|Morph="V,PPA,AMS,"|Mood="Participle"|Tense="Present"|Voice="Active"|Case="Accusative"|Gender="Masculine"|Number="Singular"|English="sick"
550040210011|σπούδασον|None|CL|Cat="verb"|Id="5"|morphId="550040210011"|Unicode="σπούδασον"|Lemma="σπουδάζω"|Lang="G"|StrongNumber="G47040"|Morph="V,MAA2,,S,"|Mood="Imperative"|Tense="Aorist"|Voice="Active"|Person="Second"|Number="Singular"|English="do your best"
550040210021|πρὸ|550040210031|prep|Cat="prep"|Id="10"|morphId="550040210021"|Unicode="πρὸ"|Lemma="πρό"|Lang="G"|StrongNumber="G42530"|Morph="P,,,,,G,,,"|Case="Genitive"|English="before"
550040210031|χειμῶνος|550040210041|ADV|Cat="noun"|Id="12"|morphId="550040210031"|Unicode="χειμῶνος"|Lemma="χειμών"|Lang="G"|StrongNumber="G54940"|Morph="N,,,,,GMS,"|Case="Genitive"|Gender="Masculine"|Number="Singular"|English="winter"
550040210041|ἐλθεῖν.|550040210011|O|Cat="verb"|Id="15"|morphId="550040210041"|Unicode="ἐλθεῖν."|Lemma="ἔρχομαι"|Lang="G"|StrongNumber="G20640"|Morph="V,NAA,,,,,"|Mood="Infinitive"|Tense="Aorist"|Voice="Active"|English="to come"
550040210051|ἀσπάζεταί|550040210011|CL|Cat="verb"|Id="19"|morphId="550040210051"|Unicode="ἀσπάζεταί"|Lemma="ἀσπάζομαι"|Lang="G"|StrongNumber="G07820"|Morph="V,IPM3,,S,"|Mood="Indicative"|Tense="Present"|Voice="Middle"|Person="Third"|Number="Singular"|English="greets"
550040210061|σε|550040210051|O|Cat="pron"|Id="22"|morphId="550040210061"|Unicode="σε"|Lemma="σύ"|Lang="G"|StrongNumber="G47710"|Morph="RP,,,2A,S,"|Type="Personal"|Person="Second"|Case="Accusative"|Number="Singular"|English="you"
550040210071|Εὔβουλος,|550040210051|S|Cat="noun"|Id="26"|morphId="550040210071"|Unicode="Εὔβουλος,"|Lemma="Εὔβουλος"|Lang="G"|StrongNumber="G21030"|Morph="N,,,,,NMS,"|Case="Nominative"|Gender="Masculine"|Number="Singular"|English="Eubulus"
550040210081|καὶ|550040210071|conj|Cat="conj"|Id="27"|morphId="550040210081"|Unicode="καὶ"|Lemma="καί"|Lang="G"|StrongNumber="G25320"|Morph="CC,,,,,,,,"|Type="Coordinating"|English="and"
550040210091|Πούδης,|550040210071|np|Cat="noun"|Id="29"|morphId="550040210091"|Unicode="Πούδης,"|Lemma="Πούδης"|Lang="G"|StrongNumber="G42270"|Morph="N,,,,,NMS,"|Case="Nominative"|Gender="Masculine"|Number="Singular"|English="Pudens"
550040210101|καὶ|550040210071|conj|Cat="conj"|Id="30"|morphId="550040210101"|Unicode="καὶ"|Lemma="καί"|Lang="G"|StrongNumber="G25320"|Morph="CC,,,,,,,,"|Type="Coordinating"|English="and"
550040210111|Λίνος,|550040210071|np|Cat="noun"|Id="32"|morphId="550040210111"|Unicode="Λίνος,"|Lemma="Λίνος"|Lang="G"|StrongNumber="G30440"|Morph="N,,,,,NMS,"|Case="Nominative"|Gender="Masculine"|Number="Singular"|English="Linus"
550040210121|καὶ|550040210071|conj|Cat="conj"|Id="33"|morphId="550040210121"|Unicode="καὶ"|Lemma="καί"|Lang="G"|StrongNumber="G25320"|Morph="CC,,,,,,,,"|Type="Coordinating"|English="and"
550040210131|Κλαυδία,|550040210071|np|Cat="noun"|Id="35"|morphId="550040210131"|Unicode="Κλαυδία,"|Lemma="Κλαυδία"|Lang="G"|StrongNumber="G28030"|Morph="N,,,,,NFS,"|Case="Nominative"|Gender="Feminine"|Number="Singular"|English="Claudia"
550040210141|καὶ|550040210071|conj|Cat="conj"|Id="36"|morphId="550040210141"|Unicode="καὶ"|Lemma="καί"|Lang="G"|StrongNumber="G25320"|Morph="CC,,,,,,,,"|Type="Coordinating"|English="and"
550040210151|οἱ|550040210161|det|Cat="det"|Id="38"|morphId="550040210151"|Unicode="οἱ"|Lemma="ὁ"|Lang="G"|StrongNumber="G35880"|Morph="EA,,,,NMP,"|Type="Article"|Case="Nominative"|Gender="Masculine"|Number="Plural"|English="the"
550040210161|ἀδελφοὶ.|550040210071|np|Cat="noun"|Id="40"|morphId="550040210161"|Unicode="ἀδελφοὶ."|Lemma="ἀδελφός"|Lang="G"|StrongNumber="G00800"|Morph="N,,,,,NMP,"|Case="Nominative"|Gender="Masculine"|Number="Plural"|English="brothers"
550040220011|ὁ|550040220021|det|Cat="det"|Id="5"|morphId="550040220011"|Unicode="ὁ"|Lemma="ὁ"|Lang="G"|StrongNumber="G35880"|Morph="EA,,,,NMS,"|Type="Article"|Case="Nominative"|Gender="Masculine"|Number="Singular"|English="the"
550040220021|Κύριος|550040220051|S|Cat="noun"|Id="7"|morphId="550040220021"|Unicode="Κύριος"|Lemma="κύριος"|Lang="G"|StrongNumber="G29620"|Morph="N,,,,,NMS,"|Case="Nominative"|Gender="Masculine"|Number="Singular"|English="Lord"
550040220031|μετὰ|550040220051|prep|Cat="prep"|Id="10"|morphId="550040220031"|Unicode="μετὰ"|Lemma="μετά"|Lang="G"|StrongNumber="G33260"|Morph="P,,,,,G,,,"|Case="Genitive"|English="with"
550040220041|τοῦ|550040220051|det|Cat="det"|Id="12"|morphId="550040220041"|Unicode="τοῦ"|Lemma="ὁ"|Lang="G"|StrongNumber="G35880"|Morph="EA,,,,GNS,"|Type="Article"|Case="Genitive"|Gender="Neuter"|Number="Singular"|English="the"
550040220051|πνεύματός|None|CL|Cat="noun"|Id="15"|morphId="550040220051"|Unicode="πνεύματός"|Lemma="πνεῦμα"|Lang="G"|StrongNumber="G41510"|Morph="N,,,,,GNS,"|Case="Genitive"|Gender="Neuter"|Number="Singular"|English="spirit"
550040220061|σου.|550040220051|np|Cat="pron"|Id="17"|morphId="550040220061"|Unicode="σου."|Lemma="σύ"|Lang="G"|StrongNumber="G47710"|Morph="RP,,,2G,S,"|Type="Personal"|Person="Second"|Case="Genitive"|Number="Singular"|English="of you"
550040220071|ἡ|550040220081|det|Cat="det"|Id="21"|morphId="550040220071"|Unicode="ἡ"|Lemma="ὁ"|Lang="G"|StrongNumber="G35880"|Morph="EA,,,,NFS,"|Type="Article"|Case="Nominative"|Gender="Feminine"|Number="Singular"
550040220081|χάρις|550040220101|S|Cat="noun"|Id="23"|morphId="550040220081"|Unicode="χάρις"|Lemma="χάρις"|Lang="G"|StrongNumber="G54850"|Morph="N,,,,,NFS,"|Case="Nominative"|Gender="Feminine"|Number="Singular"|English="grace"
550040220091|μεθ’|550040220101|prep|Cat="prep"|Id="26"|morphId="550040220091"|Unicode="μεθ’"|Lemma="μετά"|Lang="G"|StrongNumber="G33260"|Morph="P,,,,,G,,,"|Case="Genitive"|English="with"
550040220101|ὑμῶν.|550040220051|CL|Cat="pron"|Id="28"|morphId="550040220101"|Unicode="ὑμῶν."|Lemma="σύ"|Lang="G"|StrongNumber="G47710"|Morph="RP,,,2G,P,"|Type="Personal"|Person="Second"|Case="Genitive"|Number="Plural"|English="you"
