440060010021|δὲ|440060010091|conj|Cat="conj"|Id="3"|morphId="440060010021"|Unicode="δὲ"|Lemma="δέ"|Lang="G"|StrongNumber="G11610"|Morph="CC,,,,,,,,"|Type="Coordinating"|English="now"
440060010011|ἐν|440060010041|prep|Cat="prep"|Id="9"|morphId="440060010011"|Unicode="ἐν"|Lemma="ἐν"|Lang="G"|StrongNumber="G17220"|Morph="P,,,,,D,,,"|Case="Dative"|English="in"
440060010031|ταῖς|440060010041|det|Cat="det"|Id="12"|morphId="440060010031"|Unicode="ταῖς"|Lemma="ὁ"|Lang="G"|StrongNumber="G35880"|Morph="EA,,,,DFP,"|Type="Article"|Case="Dative"|Gender="Feminine"|Number="Plural"
440060010041|ἡμέραις|440060010061|ADV|Cat="noun"|Id="14"|morphId="440060010041"|Unicode="ἡμέραις"|Lemma="ἡμέρα"|Lang="G"|StrongNumber="G22500"|Morph="N,,,,,DFP,"|Case="Dative"|Gender="Feminine"|Number="Plural"|English="days"
440060010051|ταύταις|440060010041|np|Cat="det"|Id="16"|morphId="440060010051"|Unicode="ταύταις"|Lemma="οὗτος"|Lang="G"|StrongNumber="G37780"|Morph="ED,,,,DFP,"|Type="Demonstrative"|Case="Dative"|Gender="Feminine"|Number="Plural"
440060010061|πληθυνόντων|440060010091|CL|Cat="verb"|Id="19"|morphId="440060010061"|Unicode="πληθυνόντων"|Lemma="πληθύνω"|Lang="G"|StrongNumber="G41290"|Morph="V,PPA,GMP,"|Mood="Participle"|Tense="Present"|Voice="Active"|Case="Genitive"|Gender="Masculine"|Number="Plural"|English="when ~ were increasing in number"
440060010071|τῶν|440060010081|det|Cat="det"|Id="22"|morphId="440060010071"|Unicode="τῶν"|Lemma="ὁ"|Lang="G"|StrongNumber="G35880"|Morph="EA,,,,GMP,"|Type="Article"|Case="Genitive"|Gender="Masculine"|Number="Plural"|English="the"
440060010081|μαθητῶν,|440060010061|S|Cat="noun"|Id="24"|morphId="440060010081"|Unicode="μαθητῶν,"|Lemma="μαθητής"|Lang="G"|StrongNumber="G31010"|Morph="N,,,,,GMP,"|Case="Genitive"|Gender="Masculine"|Number="Plural"|English="disciples"
440060010091|ἐγένετο|None|CL|Cat="verb"|Id="28"|morphId="440060010091"|Unicode="ἐγένετο"|Lemma="γίνομαι"|Lang="G"|StrongNumber="G10960"|Morph="V,IAM3,,S,"|Mood="Indicative"|Tense="Aorist"|Voice="Middle"|Person="Third"|Number="Singular"|English="arose"
440060010101|γογγυσμὸς|440060010091|S|Cat="noun"|Id="32"|morphId="440060010101"|Unicode="γογγυσμὸς"|Lemma="γογγυσμός"|Lang="G"|StrongNumber="G11120"|Morph="N,,,,,NMS,"|Case="Nominative"|Gender="Masculine"|Number="Singular"|English="a complaint"
440060010111|τῶν|440060010121|det|Cat="det"|Id="34"|morphId="440060010111"|Unicode="τῶν"|Lemma="ὁ"|Lang="G"|StrongNumber="G35880"|Morph="EA,,,,GMP,"|Type="Article"|Case="Genitive"|Gender="Masculine"|Number="Plural"|English="the"
440060010121|Ἑλληνιστῶν|440060010101|np|Cat="noun"|Id="36"|morphId="440060010121"|Unicode="Ἑλληνιστῶν"|Lemma="Ἑλληνιστής"|Lang="G"|StrongNumber="G16750"|Morph="N,,,,,GMP,"|Case="Genitive"|Gender="Masculine"|Number="Plural"|English="by ~ Hellenists"
440060010131|πρὸς|440060010151|prep|Cat="prep"|Id="39"|morphId="440060010131"|Unicode="πρὸς"|Lemma="πρός"|Lang="G"|StrongNumber="G43140"|Morph="P,,,,,A,,,"|Case="Accusative"|English="against"
440060010141|τοὺς|440060010151|det|Cat="det"|Id="41"|morphId="440060010141"|Unicode="τοὺς"|Lemma="ὁ"|Lang="G"|StrongNumber="G35880"|Morph="EA,,,,AMP,"|Type="Article"|Case="Accusative"|Gender="Masculine"|Number="Plural"|English="the"
440060010151|Ἑβραίους,|440060010091|ADV|Cat="noun"|Id="43"|morphId="440060010151"|Unicode="Ἑβραίους,"|Lemma="Ἑβραῖος"|Lang="G"|StrongNumber="G14450"|Morph="N,,,,,AMP,"|Case="Accusative"|Gender="Masculine"|Number="Plural"|English="hebrews"
440060010161|ὅτι|440060010171|conj|Cat="conj"|Id="45"|morphId="440060010161"|Unicode="ὅτι"|Lemma="ὅτι"|Lang="G"|StrongNumber="G37540"|Morph="CS,,,,,,,,"|Type="Subordinating"|English="because"
440060010171|παρεθεωροῦντο|440060010091|CL|Cat="verb"|Id="49"|morphId="440060010171"|Unicode="παρεθεωροῦντο"|Lemma="παραθεωρέω"|Lang="G"|StrongNumber="G38650"|Morph="V,IIP3,,P,"|Mood="Indicative"|Tense="Imperfect"|Voice="Passive"|Person="Third"|Number="Plural"|English="were being overlooked"
440060010181|ἐν|440060010201|prep|Cat="prep"|Id="52"|morphId="440060010181"|Unicode="ἐν"|Lemma="ἐν"|Lang="G"|StrongNumber="G17220"|Morph="P,,,,,D,,,"|Case="Dative"|English="in"
440060010191|τῇ|440060010201|det|Cat="det"|Id="54"|morphId="440060010191"|Unicode="τῇ"|Lemma="ὁ"|Lang="G"|StrongNumber="G35880"|Morph="EA,,,,DFS,"|Type="Article"|Case="Dative"|Gender="Feminine"|Number="Singular"|English="the"
440060010201|διακονίᾳ|440060010171|ADV|Cat="noun"|Id="57"|morphId="440060010201"|Unicode="διακονίᾳ"|Lemma="διακονία"|Lang="G"|StrongNumber="G12480"|Morph="N,,,,,DFS,"|Case="Dative"|Gender="Feminine"|Number="Singular"|English="distribution"
440060010211|τῇ|440060010221|det|Cat="det"|Id="59"|morphId="440060010211"|Unicode="τῇ"|Lemma="ὁ"|Lang="G"|StrongNumber="G35880"|Morph="EA,,,,DFS,"|Type="Article"|Case="Dative"|Gender="Feminine"|Number="Singular"|English="the"
440060010221|καθημερινῇ|440060010201|np|Cat="adj"|Id="61"|morphId="440060010221"|Unicode="καθημερινῇ"|Lemma="καθημερινός"|Lang="G"|StrongNumber="G25220"|Morph="AR,,,,DFS,"|Type="Restrictive"|Case="Dative"|Gender="Feminine"|Number="Singular"|English="daily"
440060010231|αἱ|440060010241|det|Cat="det"|Id="64"|morphId="440060010231"|Unicode="αἱ"|Lemma="ὁ"|Lang="G"|StrongNumber="G35880"|Morph="EA,,,,NFP,"|Type="Article"|Case="Nominative"|Gender="Feminine"|Number="Plural"|English="the"
440060010241|χῆραι|440060010171|S|Cat="noun"|Id="67"|morphId="440060010241"|Unicode="χῆραι"|Lemma="χήρα"|Lang="G"|StrongNumber="G55030"|Morph="N,,,,,NFP,"|Case="Nominative"|Gender="Feminine"|Number="Plural"|English="widows"
440060010251|αὐτῶν.|440060010241|np|Cat="pron"|Id="69"|morphId="440060010251"|Unicode="αὐτῶν."|Lemma="αὐτός"|Lang="G"|StrongNumber="G08460"|Morph="RP,,,3GMP,"|Type="Personal"|Person="Third"|Case="Genitive"|Gender="Masculine"|Number="Plural"|English="of them"
440060020021|δὲ|440060020091|conj|Cat="conj"|Id="3"|morphId="440060020021"|Unicode="δὲ"|Lemma="δέ"|Lang="G"|StrongNumber="G11610"|Morph="CC,,,,,,,,"|Type="Coordinating"|English="so"
440060020031|οἱ|440060020041|det|Cat="det"|Id="8"|morphId="440060020031"|Unicode="οἱ"|Lemma="ὁ"|Lang="G"|StrongNumber="G35880"|Morph="EA,,,,NMP,"|Type="Article"|Case="Nominative"|Gender="Masculine"|Number="Plural"|English="the"
440060020041|δώδεκα|440060020091|S|Cat="noun"|Id="11"|morphId="440060020041"|Unicode="δώδεκα"|Lemma="δώδεκα"|Lang="G"|StrongNumber="G14270"|Morph="NS,,,,NMPI"|Type="Substantive_Adj"|Case="Nominative"|Gender="Masculine"|Number="Plural"|English="twelve"
440060020011|προσκαλεσάμενοι|440060020091|ADV|Cat="verb"|Id="16"|morphId="440060020011"|Unicode="προσκαλεσάμενοι"|Lemma="προσκαλέω"|Lang="G"|StrongNumber="G43410"|Morph="V,PAM,NMP,"|Mood="Participle"|Tense="Aorist"|Voice="Middle"|Case="Nominative"|Gender="Masculine"|Number="Plural"|English="summoned"
440060020051|τὸ|440060020061|det|Cat="det"|Id="19"|morphId="440060020051"|Unicode="τὸ"|Lemma="ὁ"|Lang="G"|StrongNumber="G35880"|Morph="EA,,,,ANS,"|Type="Article"|Case="Accusative"|Gender="Neuter"|Number="Singular"|English="the"
440060020061|πλῆθος|440060020011|O|Cat="noun"|Id="22"|morphId="440060020061"|Unicode="πλῆθος"|Lemma="πλῆθος"|Lang="G"|StrongNumber="G41280"|Morph="N,,,,,ANS,"|Case="Accusative"|Gender="Neuter"|Number="Singular"|English="whole community"
440060020071|τῶν|440060020081|det|Cat="det"|Id="24"|morphId="440060020071"|Unicode="τῶν"|Lemma="ὁ"|Lang="G"|StrongNumber="G35880"|Morph="EA,,,,GMP,"|Type="Article"|Case="Genitive"|Gender="Masculine"|Number="Plural"|English="the"
440060020081|μαθητῶν|440060020061|np|Cat="noun"|Id="26"|morphId="440060020081"|Unicode="μαθητῶν"|Lemma="μαθητής"|Lang="G"|StrongNumber="G31010"|Morph="N,,,,,GMP,"|Case="Genitive"|Gender="Masculine"|Number="Plural"|English="of ~ disciples"
440060020091|εἶπαν,|None|CL|Cat="verb"|Id="29"|morphId="440060020091"|Unicode="εἶπαν,"|Lemma="λέγω"|Lang="G"|StrongNumber="G30040"|Morph="V,IAA3,,P,"|Mood="Indicative"|Tense="Aorist"|Voice="Active"|Person="Third"|Number="Plural"|English="said"
440060020101|οὐκ|440060020111|ADV|Cat="adv"|Id="33"|morphId="440060020101"|Unicode="οὐκ"|Lemma="οὐ"|Lang="G"|StrongNumber="G37560"|Morph="D,,,,,,,,,"|English="not"
440060020111|ἀρεστόν|440060020091|CL|Cat="noun"|Id="36"|morphId="440060020111"|Unicode="ἀρεστόν"|Lemma="ἀρεστός"|Lang="G"|StrongNumber="G07010"|Morph="NP,,,,NNS,"|Type="Predicate_Adj"|Case="Nominative"|Gender="Neuter"|Number="Singular"|English="right"
440060020121|ἐστιν|440060020111|VC|Cat="verb"|Id="39"|morphId="440060020121"|Unicode="ἐστιν"|Lemma="εἰμί"|Lang="G"|StrongNumber="G15100"|Morph="V,IPA3,,S,"|Mood="Indicative"|Tense="Present"|Voice="Active"|Person="Third"|Number="Singular"|English="it is"
440060020131|ἡμᾶς,|440060020191|S|Cat="pron"|Id="45"|morphId="440060020131"|Unicode="ἡμᾶς,"|Lemma="ἐγώ"|Lang="G"|StrongNumber="G14730"|Morph="RP,,,1A,P,"|Type="Personal"|Person="First"|Case="Accusative"|Number="Plural"|English="for us"
440060020141|καταλείψαντας|440060020191|ADV|Cat="verb"|Id="50"|morphId="440060020141"|Unicode="καταλείψαντας"|Lemma="καταλείπω"|Lang="G"|StrongNumber="G26410"|Morph="V,PAA,AMP,"|Mood="Participle"|Tense="Aorist"|Voice="Active"|Case="Accusative"|Gender="Masculine"|Number="Plural"|English="neglect"
440060020151|τὸν|440060020161|det|Cat="det"|Id="53"|morphId="440060020151"|Unicode="τὸν"|Lemma="ὁ"|Lang="G"|StrongNumber="G35880"|Morph="EA,,,,AMS,"|Type="Article"|Case="Accusative"|Gender="Masculine"|Number="Singular"|English="the"
440060020161|λόγον|440060020141|O|Cat="noun"|Id="56"|morphId="440060020161"|Unicode="λόγον"|Lemma="λόγος"|Lang="G"|StrongNumber="G30560"|Morph="N,,,,,AMS,"|Case="Accusative"|Gender="Masculine"|Number="Singular"|English="word"
440060020171|τοῦ|440060020181|det|Cat="det"|Id="58"|morphId="440060020171"|Unicode="τοῦ"|Lemma="ὁ"|Lang="G"|StrongNumber="G35880"|Morph="EA,,,,GMS,"|Type="Article"|Case="Genitive"|Gender="Masculine"|Number="Singular"
440060020181|Θεοῦ,|440060020161|np|Cat="noun"|Id="60"|morphId="440060020181"|Unicode="Θεοῦ,"|Lemma="θεός"|Lang="G"|StrongNumber="G23160"|Morph="N,,,,,GMS,"|Case="Genitive"|Gender="Masculine"|Number="Singular"|English="of God"
440060020191|διακονεῖν|440060020111|S|Cat="verb"|Id="63"|morphId="440060020191"|Unicode="διακονεῖν"|Lemma="διακονέω"|Lang="G"|StrongNumber="G12470"|Morph="V,NPA,,,,,"|Mood="Infinitive"|Tense="Present"|Voice="Active"|English="to serve"
440060020201|τραπέζαις.|440060020191|O|Cat="noun"|Id="66"|morphId="440060020201"|Unicode="τραπέζαις."|Lemma="τράπεζα"|Lang="G"|StrongNumber="G51320"|Morph="N,,,,,DFP,"|Case="Dative"|Gender="Feminine"|Number="Plural"|English="tables"
440060030021|δέ,|440060030011|conj|Cat="conj"|Id="3"|morphId="440060030021"|Unicode="δέ,"|Lemma="δέ"|Lang="G"|StrongNumber="G11610"|Morph="CC,,,,,,,,"|Type="Coordinating"|English="therefore"
440060030031|ἀδελφοί,|440060030011|CL|Cat="noun"|Id="7"|morphId="440060030031"|Unicode="ἀδελφοί,"|Lemma="ἀδελφός"|Lang="G"|StrongNumber="G00800"|Morph="N,,,,,VMP,"|Case="Vocative"|Gender="Masculine"|Number="Plural"|English="brothers"
440060030011|ἐπισκέψασθε|None|CL|Cat="verb"|Id="11"|morphId="440060030011"|Unicode="ἐπισκέψασθε"|Lemma="ἐπισκέπτομαι"|Lang="G"|StrongNumber="G19800"|Morph="V,MAM2,,P,"|Mood="Imperative"|Tense="Aorist"|Voice="Middle"|Person="Second"|Number="Plural"|English="select"
440060030041|ἄνδρας|440060030011|O|Cat="noun"|Id="19"|morphId="440060030041"|Unicode="ἄνδρας"|Lemma="ἀνήρ"|Lang="G"|StrongNumber="G04350"|Morph="N,,,,,AMP,"|Case="Accusative"|Gender="Masculine"|Number="Plural"|English="men"
440060030051|ἐξ|440060030061|prep|Cat="prep"|Id="21"|morphId="440060030051"|Unicode="ἐξ"|Lemma="ἐκ"|Lang="G"|StrongNumber="G15370"|Morph="P,,,,,G,,,"|Case="Genitive"|English="from among"
440060030061|ὑμῶν|440060030041|pp|Cat="pron"|Id="23"|morphId="440060030061"|Unicode="ὑμῶν"|Lemma="σύ"|Lang="G"|StrongNumber="G47710"|Morph="RP,,,2G,P,"|Type="Personal"|Person="Second"|Case="Genitive"|Number="Plural"|English="you"
440060030071|μαρτυρουμένους,|440060030041|adjp|Cat="verb"|Id="28"|morphId="440060030071"|Unicode="μαρτυρουμένους,"|Lemma="μαρτυρέω"|Lang="G"|StrongNumber="G31400"|Morph="V,PPP,AMP,"|Mood="Participle"|Tense="Present"|Voice="Passive"|Case="Accusative"|Gender="Masculine"|Number="Plural"|English="of good reputation"
440060030081|ἑπτὰ|440060030041|nump|Cat="det"|Id="31"|morphId="440060030081"|Unicode="ἑπτὰ"|Lemma="ἑπτά"|Lang="G"|StrongNumber="G20330"|Morph="EN,,,,AMPI"|Type="Number"|Case="Accusative"|Gender="Masculine"|Number="Plural"|English="seven"
440060030091|πλήρεις|440060030041|adjp|Cat="noun"|Id="35"|morphId="440060030091"|Unicode="πλήρεις"|Lemma="πλήρης"|Lang="G"|StrongNumber="G41340"|Morph="NS,,,,AMP,"|Type="Substantive_Adj"|Case="Accusative"|Gender="Masculine"|Number="Plural"|English="full"
440060030101|Πνεύματος|440060030091|advp|Cat="noun"|Id="39"|morphId="440060030101"|Unicode="Πνεύματος"|Lemma="πνεῦμα"|Lang="G"|StrongNumber="G41510"|Morph="N,,,,,GNS,"|Case="Genitive"|Gender="Neuter"|Number="Singular"|English="of ~ Spirit"
440060030111|καὶ|440060030101|conj|Cat="conj"|Id="40"|morphId="440060030111"|Unicode="καὶ"|Lemma="καί"|Lang="G"|StrongNumber="G25320"|Morph="CC,,,,,,,,"|Type="Coordinating"|English="and"
440060030121|σοφίας,|440060030101|np|Cat="noun"|Id="42"|morphId="440060030121"|Unicode="σοφίας,"|Lemma="σοφία"|Lang="G"|StrongNumber="G46780"|Morph="N,,,,,GFS,"|Case="Genitive"|Gender="Feminine"|Number="Singular"|English="wisdom"
440060030131|οὓς|440060030141|O|Cat="pron"|Id="46"|morphId="440060030131"|Unicode="οὓς"|Lemma="ὅς"|Lang="G"|StrongNumber="G37390"|Morph="RR,,,,AMP,"|Type="Relative"|Case="Accusative"|Gender="Masculine"|Number="Plural"|English="whom"
440060030141|καταστήσομεν|440060030041|CL|Cat="verb"|Id="49"|morphId="440060030141"|Unicode="καταστήσομεν"|Lemma="καθίστημι"|Lang="G"|StrongNumber="G25250"|Morph="V,IFA1,,P,"|Mood="Indicative"|Tense="Future"|Voice="Active"|Person="First"|Number="Plural"|English="we may appoint"
440060030151|ἐπὶ|440060030171|prep|Cat="prep"|Id="52"|morphId="440060030151"|Unicode="ἐπὶ"|Lemma="ἐπί"|Lang="G"|StrongNumber="G19090"|Morph="P,,,,,G,,,"|Case="Genitive"|English="to"
440060030161|τῆς|440060030171|det|Cat="det"|Id="55"|morphId="440060030161"|Unicode="τῆς"|Lemma="ὁ"|Lang="G"|StrongNumber="G35880"|Morph="EA,,,,GFS,"|Type="Article"|Case="Genitive"|Gender="Feminine"|Number="Singular"
440060030171|χρείας|440060030141|ADV|Cat="noun"|Id="57"|morphId="440060030171"|Unicode="χρείας"|Lemma="χρεία"|Lang="G"|StrongNumber="G55320"|Morph="N,,,,,GFS,"|Case="Genitive"|Gender="Feminine"|Number="Singular"|English="task"
440060030181|ταύτης.|440060030171|np|Cat="det"|Id="59"|morphId="440060030181"|Unicode="ταύτης."|Lemma="οὗτος"|Lang="G"|StrongNumber="G37780"|Morph="ED,,,,GFS,"|Type="Demonstrative"|Case="Genitive"|Gender="Feminine"|Number="Singular"
440060040021|δὲ|440060040101|conj|Cat="conj"|Id="3"|morphId="440060040021"|Unicode="δὲ"|Lemma="δέ"|Lang="G"|StrongNumber="G11610"|Morph="CC,,,,,,,,"|Type="Coordinating"|English="but"
440060040011|ἡμεῖς|440060040101|S|Cat="pron"|Id="7"|morphId="440060040011"|Unicode="ἡμεῖς"|Lemma="ἐγώ"|Lang="G"|StrongNumber="G14730"|Morph="RP,,,1N,P,"|Type="Personal"|Person="First"|Case="Nominative"|Number="Plural"|English="we"
440060040031|τῇ|440060040041|det|Cat="det"|Id="11"|morphId="440060040031"|Unicode="τῇ"|Lemma="ὁ"|Lang="G"|StrongNumber="G35880"|Morph="EA,,,,DFS,"|Type="Article"|Case="Dative"|Gender="Feminine"|Number="Singular"
440060040041|προσευχῇ|440060040101|O|Cat="noun"|Id="13"|morphId="440060040041"|Unicode="προσευχῇ"|Lemma="προσευχή"|Lang="G"|StrongNumber="G43350"|Morph="N,,,,,DFS,"|Case="Dative"|Gender="Feminine"|Number="Singular"|English="to prayer"
440060040051|καὶ|440060040041|conj|Cat="conj"|Id="14"|morphId="440060040051"|Unicode="καὶ"|Lemma="καί"|Lang="G"|StrongNumber="G25320"|Morph="CC,,,,,,,,"|Type="Coordinating"|English="and"
440060040061|τῇ|440060040071|det|Cat="det"|Id="16"|morphId="440060040061"|Unicode="τῇ"|Lemma="ὁ"|Lang="G"|StrongNumber="G35880"|Morph="EA,,,,DFS,"|Type="Article"|Case="Dative"|Gender="Feminine"|Number="Singular"|English="the"
440060040071|διακονίᾳ|440060040041|np|Cat="noun"|Id="19"|morphId="440060040071"|Unicode="διακονίᾳ"|Lemma="διακονία"|Lang="G"|StrongNumber="G12480"|Morph="N,,,,,DFS,"|Case="Dative"|Gender="Feminine"|Number="Singular"|English="to ~ ministry"
440060040081|τοῦ|440060040091|det|Cat="det"|Id="21"|morphId="440060040081"|Unicode="τοῦ"|Lemma="ὁ"|Lang="G"|StrongNumber="G35880"|Morph="EA,,,,GMS,"|Type="Article"|Case="Genitive"|Gender="Masculine"|Number="Singular"|English="the"
440060040091|λόγου|440060040071|np|Cat="noun"|Id="23"|morphId="440060040091"|Unicode="λόγου"|Lemma="λόγος"|Lang="G"|StrongNumber="G30560"|Morph="N,,,,,GMS,"|Case="Genitive"|Gender="Masculine"|Number="Singular"|English="of ~ word"
440060040101|προσκαρτερήσομεν.|None|CL|Cat="verb"|Id="26"|morphId="440060040101"|Unicode="προσκαρτερήσομεν."|Lemma="προσκαρτερέω"|Lang="G"|StrongNumber="G43420"|Morph="V,IFA1,,P,"|Mood="Indicative"|Tense="Future"|Voice="Active"|Person="First"|Number="Plural"|English="will devote ourselves"
440060050011|καὶ|440060050021|conj|Cat="conj"|Id="3"|morphId="440060050011"|Unicode="καὶ"|Lemma="καί"|Lang="G"|StrongNumber="G25320"|Morph="CC,,,,,,,,"|Type="Coordinating"|English="and"
440060050021|ἤρεσεν|None|CL|Cat="verb"|Id="8"|morphId="440060050021"|Unicode="ἤρεσεν"|Lemma="ἀρέσκω"|Lang="G"|StrongNumber="G07000"|Morph="V,IAA3,,S,"|Mood="Indicative"|Tense="Aorist"|Voice="Active"|Person="Third"|Number="Singular"|English="pleased"
440060050031|ὁ|440060050041|det|Cat="det"|Id="11"|morphId="440060050031"|Unicode="ὁ"|Lemma="ὁ"|Lang="G"|StrongNumber="G35880"|Morph="EA,,,,NMS,"|Type="Article"|Case="Nominative"|Gender="Masculine"|Number="Singular"|English="the"
440060050041|λόγος|440060050021|S|Cat="noun"|Id="13"|morphId="440060050041"|Unicode="λόγος"|Lemma="λόγος"|Lang="G"|StrongNumber="G30560"|Morph="N,,,,,NMS,"|Case="Nominative"|Gender="Masculine"|Number="Singular"|English="proposal"
440060050051|ἐνώπιον|440060050081|prep|Cat="prep"|Id="16"|morphId="440060050051"|Unicode="ἐνώπιον"|Lemma="ἐνώπιον"|Lang="G"|StrongNumber="G17990"|Morph="PI,,,,G,,,"|Type="Improper"|Case="Genitive"|English="before"
440060050061|παντὸς|440060050081|adjp|Cat="det"|Id="20"|morphId="440060050061"|Unicode="παντὸς"|Lemma="πᾶς"|Lang="G"|StrongNumber="G39560"|Morph="EQ,,,,GNS,"|Type="Quantifier"|Case="Genitive"|Gender="Neuter"|Number="Singular"|English="whole"
440060050071|τοῦ|440060050081|det|Cat="det"|Id="22"|morphId="440060050071"|Unicode="τοῦ"|Lemma="ὁ"|Lang="G"|StrongNumber="G35880"|Morph="EA,,,,GNS,"|Type="Article"|Case="Genitive"|Gender="Neuter"|Number="Singular"|English="the"
440060050081|πλήθους,|440060050021|ADV|Cat="noun"|Id="24"|morphId="440060050081"|Unicode="πλήθους,"|Lemma="πλῆθος"|Lang="G"|StrongNumber="G41280"|Morph="N,,,,,GNS,"|Case="Genitive"|Gender="Neuter"|Number="Singular"|English="group"
440060050091|καὶ|440060050021|conj|Cat="conj"|Id="25"|morphId="440060050091"|Unicode="καὶ"|Lemma="καί"|Lang="G"|StrongNumber="G25320"|Morph="CC,,,,,,,,"|Type="Coordinating"|English="and"
440060050101|ἐξελέξαντο|440060050021|CL|Cat="verb"|Id="29"|morphId="440060050101"|Unicode="ἐξελέξαντο"|Lemma="ἐκλέγω"|Lang="G"|StrongNumber="G15860"|Morph="V,IAM3,,P,"|Mood="Indicative"|Tense="Aorist"|Voice="Middle"|Person="Third"|Number="Plural"|English="they chose"
440060050111|Στέφανον,|440060050101|O|Cat="noun"|Id="34"|morphId="440060050111"|Unicode="Στέφανον,"|Lemma="Στέφανος"|Lang="G"|StrongNumber="G47360"|Morph="N,,,,,AMS,"|Case="Accusative"|Gender="Masculine"|Number="Singular"|English="stephen"
440060050121|ἄνδρα|440060050111|np|Cat="noun"|Id="37"|morphId="440060050121"|Unicode="ἄνδρα"|Lemma="ἀνήρ"|Lang="G"|StrongNumber="G04350"|Morph="N,,,,,AMS,"|Case="Accusative"|Gender="Masculine"|Number="Singular"|English="a man"
440060050131|πλήρης|440060050121|adjp|Cat="noun"|Id="41"|morphId="440060050131"|Unicode="πλήρης"|Lemma="πλήρης"|Lang="G"|StrongNumber="G41340"|Morph="NS,,,,NMS,"|Type="Substantive_Adj"|Case="Nominative"|Gender="Masculine"|Number="Singular"|English="full"
440060050141|πίστεως|440060050131|advp|Cat="noun"|Id="45"|morphId="440060050141"|Unicode="πίστεως"|Lemma="πίστις"|Lang="G"|StrongNumber="G41020"|Morph="N,,,,,GFS,"|Case="Genitive"|Gender="Feminine"|Number="Singular"|English="of faith"
440060050151|καὶ|440060050141|conj|Cat="conj"|Id="46"|morphId="440060050151"|Unicode="καὶ"|Lemma="καί"|Lang="G"|StrongNumber="G25320"|Morph="CC,,,,,,,,"|Type="Coordinating"|English="and"
440060050161|Πνεύματος|440060050141|np|Cat="noun"|Id="49"|morphId="440060050161"|Unicode="Πνεύματος"|Lemma="πνεῦμα"|Lang="G"|StrongNumber="G41510"|Morph="N,,,,,GNS,"|Case="Genitive"|Gender="Neuter"|Number="Singular"|English="Spirit"
440060050171|Ἁγίου,|440060050161|adjp|Cat="adj"|Id="51"|morphId="440060050171"|Unicode="Ἁγίου,"|Lemma="ἅγιος"|Lang="G"|StrongNumber="G00400"|Morph="AA,,,,GNS,"|Type="Ascriptive"|Case="Genitive"|Gender="Neuter"|Number="Singular"|English="Holy"
440060050181|καὶ|440060050111|conj|Cat="conj"|Id="52"|morphId="440060050181"|Unicode="καὶ"|Lemma="καί"|Lang="G"|StrongNumber="G25320"|Morph="CC,,,,,,,,"|Type="Coordinating"|English="and"
440060050191|Φίλιππον,|440060050111|np|Cat="noun"|Id="54"|morphId="440060050191"|Unicode="Φίλιππον,"|Lemma="Φίλιππος"|Lang="G"|StrongNumber="G53760"|Morph="N,,,,,AMS,"|Case="Accusative"|Gender="Masculine"|Number="Singular"|English="Philip"
440060050201|καὶ|440060050111|conj|Cat="conj"|Id="55"|morphId="440060050201"|Unicode="καὶ"|Lemma="καί"|Lang="G"|StrongNumber="G25320"|Morph="CC,,,,,,,,"|Type="Coordinating"|English="and"
440060050211|Πρόχορον,|440060050111|np|Cat="noun"|Id="57"|morphId="440060050211"|Unicode="Πρόχορον,"|Lemma="Πρόχορος"|Lang="G"|StrongNumber="G44020"|Morph="N,,,,,AMS,"|Case="Accusative"|Gender="Masculine"|Number="Singular"|English="Prochorus"
440060050221|καὶ|440060050111|conj|Cat="conj"|Id="58"|morphId="440060050221"|Unicode="καὶ"|Lemma="καί"|Lang="G"|StrongNumber="G25320"|Morph="CC,,,,,,,,"|Type="Coordinating"|English="and"
440060050231|Νικάνορα,|440060050111|np|Cat="noun"|Id="60"|morphId="440060050231"|Unicode="Νικάνορα,"|Lemma="Νικάνωρ"|Lang="G"|StrongNumber="G35270"|Morph="N,,,,,AMS,"|Case="Accusative"|Gender="Masculine"|Number="Singular"|English="Nicanor"
440060050241|καὶ|440060050111|conj|Cat="conj"|Id="61"|morphId="440060050241"|Unicode="καὶ"|Lemma="καί"|Lang="G"|StrongNumber="G25320"|Morph="CC,,,,,,,,"|Type="Coordinating"|English="and"
440060050251|Τίμωνα,|440060050111|np|Cat="noun"|Id="63"|morphId="440060050251"|Unicode="Τίμωνα,"|Lemma="Τίμων"|Lang="G"|StrongNumber="G50960"|Morph="N,,,,,AMS,"|Case="Accusative"|Gender="Masculine"|Number="Singular"|English="Timon"
440060050261|καὶ|440060050111|conj|Cat="conj"|Id="64"|morphId="440060050261"|Unicode="καὶ"|Lemma="καί"|Lang="G"|StrongNumber="G25320"|Morph="CC,,,,,,,,"|Type="Coordinating"|English="and"
440060050271|Παρμενᾶν,|440060050111|np|Cat="noun"|Id="66"|morphId="440060050271"|Unicode="Παρμενᾶν,"|Lemma="Παρμενᾶς"|Lang="G"|StrongNumber="G39370"|Morph="N,,,,,AMS,"|Case="Accusative"|Gender="Masculine"|Number="Singular"|English="Parmenas"
440060050281|καὶ|440060050111|conj|Cat="conj"|Id="67"|morphId="440060050281"|Unicode="καὶ"|Lemma="καί"|Lang="G"|StrongNumber="G25320"|Morph="CC,,,,,,,,"|Type="Coordinating"|English="and"
440060050291|Νικόλαον|440060050111|np|Cat="noun"|Id="71"|morphId="440060050291"|Unicode="Νικόλαον"|Lemma="Νικόλαος"|Lang="G"|StrongNumber="G35320"|Morph="N,,,,,AMS,"|Case="Accusative"|Gender="Masculine"|Number="Singular"|English="Nicolaus"
440060050301|προσήλυτον|440060050291|np|Cat="noun"|Id="73"|morphId="440060050301"|Unicode="προσήλυτον"|Lemma="προσήλυτος"|Lang="G"|StrongNumber="G43390"|Morph="N,,,,,AMS,"|Case="Accusative"|Gender="Masculine"|Number="Singular"|English="a proselyte"
440060050311|Ἀντιοχέα,|440060050291|np|Cat="noun"|Id="75"|morphId="440060050311"|Unicode="Ἀντιοχέα,"|Lemma="Ἀντιοχεύς"|Lang="G"|StrongNumber="G04910"|Morph="N,,,,,AMS,"|Case="Accusative"|Gender="Masculine"|Number="Singular"|English="from Antioch"
440060060011|οὓς|440060060021|O|Cat="pron"|Id="5"|morphId="440060060011"|Unicode="οὓς"|Lemma="ὅς"|Lang="G"|StrongNumber="G37390"|Morph="RR,,,,AMP,"|Type="Relative"|Case="Accusative"|Gender="Masculine"|Number="Plural"|English="whom"
440060060021|ἔστησαν|None|CL|Cat="verb"|Id="8"|morphId="440060060021"|Unicode="ἔστησαν"|Lemma="ἵστημι"|Lang="G"|StrongNumber="G24760"|Morph="V,IAA3,,P,"|Mood="Indicative"|Tense="Aorist"|Voice="Active"|Person="Third"|Number="Plural"|English="they had ~ stand"
440060060031|ἐνώπιον|440060060051|prep|Cat="prep"|Id="11"|morphId="440060060031"|Unicode="ἐνώπιον"|Lemma="ἐνώπιον"|Lang="G"|StrongNumber="G17990"|Morph="PI,,,,G,,,"|Type="Improper"|Case="Genitive"|English="before"
440060060041|τῶν|440060060051|det|Cat="det"|Id="13"|morphId="440060060041"|Unicode="τῶν"|Lemma="ὁ"|Lang="G"|StrongNumber="G35880"|Morph="EA,,,,GMP,"|Type="Article"|Case="Genitive"|Gender="Masculine"|Number="Plural"|English="the"
440060060051|ἀποστόλων;|440060060021|ADV|Cat="noun"|Id="15"|morphId="440060060051"|Unicode="ἀποστόλων;"|Lemma="ἀπόστολος"|Lang="G"|StrongNumber="G06520"|Morph="N,,,,,GMP,"|Case="Genitive"|Gender="Masculine"|Number="Plural"|English="apostles"
440060060061|καὶ|440060060081|conj|Cat="conj"|Id="17"|morphId="440060060061"|Unicode="καὶ"|Lemma="καί"|Lang="G"|StrongNumber="G25320"|Morph="CC,,,,,,,,"|Type="Coordinating"|English="and"
440060060071|προσευξάμενοι,|440060060081|ADV|Cat="verb"|Id="23"|morphId="440060060071"|Unicode="προσευξάμενοι,"|Lemma="προσεύχομαι"|Lang="G"|StrongNumber="G43360"|Morph="V,PAM,NMP,"|Mood="Participle"|Tense="Aorist"|Voice="Middle"|Case="Nominative"|Gender="Masculine"|Number="Plural"|English="who prayed"
440060060081|ἐπέθηκαν|440060060021|CL|Cat="verb"|Id="26"|morphId="440060060081"|Unicode="ἐπέθηκαν"|Lemma="ἐπιτίθημι"|Lang="G"|StrongNumber="G20070"|Morph="V,IAA3,,P,"|Mood="Indicative"|Tense="Aorist"|Voice="Active"|Person="Third"|Number="Plural"|English="laid ~ on"
440060060091|αὐτοῖς|440060060081|IO|Cat="pron"|Id="29"|morphId="440060060091"|Unicode="αὐτοῖς"|Lemma="αὐτός"|Lang="G"|StrongNumber="G08460"|Morph="RP,,,3DMP,"|Type="Personal"|Person="Third"|Case="Dative"|Gender="Masculine"|Number="Plural"|English="them"
440060060101|τὰς|440060060111|det|Cat="det"|Id="32"|morphId="440060060101"|Unicode="τὰς"|Lemma="ὁ"|Lang="G"|StrongNumber="G35880"|Morph="EP,,,,AFP,"|Type="Possessive"|Case="Accusative"|Gender="Feminine"|Number="Plural"|English="their"
440060060111|χεῖρας.|440060060081|O|Cat="noun"|Id="34"|morphId="440060060111"|Unicode="χεῖρας."|Lemma="χείρ"|Lang="G"|StrongNumber="G54950"|Morph="N,,,,,AFP,"|Case="Accusative"|Gender="Feminine"|Number="Plural"|English="hands"
440060070011|καὶ|440060070061|conj|Cat="conj"|Id="3"|morphId="440060070011"|Unicode="καὶ"|Lemma="καί"|Lang="G"|StrongNumber="G25320"|Morph="CC,,,,,,,,"|Type="Coordinating"|English="and"
440060070021|ὁ|440060070031|det|Cat="det"|Id="8"|morphId="440060070021"|Unicode="ὁ"|Lemma="ὁ"|Lang="G"|StrongNumber="G35880"|Morph="EA,,,,NMS,"|Type="Article"|Case="Nominative"|Gender="Masculine"|Number="Singular"|English="the"
440060070031|λόγος|440060070061|S|Cat="noun"|Id="11"|morphId="440060070031"|Unicode="λόγος"|Lemma="λόγος"|Lang="G"|StrongNumber="G30560"|Morph="N,,,,,NMS,"|Case="Nominative"|Gender="Masculine"|Number="Singular"|English="word"
440060070041|τοῦ|440060070051|det|Cat="det"|Id="13"|morphId="440060070041"|Unicode="τοῦ"|Lemma="ὁ"|Lang="G"|StrongNumber="G35880"|Morph="EA,,,,GMS,"|Type="Article"|Case="Genitive"|Gender="Masculine"|Number="Singular"
440060070051|Θεοῦ|440060070031|np|Cat="noun"|Id="15"|morphId="440060070051"|Unicode="Θεοῦ"|Lemma="θεός"|Lang="G"|StrongNumber="G23160"|Morph="N,,,,,GMS,"|Case="Genitive"|Gender="Masculine"|Number="Singular"|English="of God"
440060070061|ηὔξανεν,|None|CL|Cat="verb"|Id="18"|morphId="440060070061"|Unicode="ηὔξανεν,"|Lemma="αὐξάνω"|Lang="G"|StrongNumber="G08370"|Morph="V,IIA3,,S,"|Mood="Indicative"|Tense="Imperfect"|Voice="Active"|Person="Third"|Number="Singular"|English="spread"
440060070071|καὶ|440060070061|conj|Cat="conj"|Id="19"|morphId="440060070071"|Unicode="καὶ"|Lemma="καί"|Lang="G"|StrongNumber="G25320"|Morph="CC,,,,,,,,"|Type="Coordinating"|English="and"
440060070081|ἐπληθύνετο|440060070061|CL|Cat="verb"|Id="24"|morphId="440060070081"|Unicode="ἐπληθύνετο"|Lemma="πληθύνω"|Lang="G"|StrongNumber="G41290"|Morph="V,IIP3,,S,"|Mood="Indicative"|Tense="Imperfect"|Voice="Passive"|Person="Third"|Number="Singular"|English="increased"
440060070091|ὁ|440060070101|det|Cat="det"|Id="27"|morphId="440060070091"|Unicode="ὁ"|Lemma="ὁ"|Lang="G"|StrongNumber="G35880"|Morph="EA,,,,NMS,"|Type="Article"|Case="Nominative"|Gender="Masculine"|Number="Singular"|English="the"
440060070101|ἀριθμὸς|440060070081|S|Cat="noun"|Id="30"|morphId="440060070101"|Unicode="ἀριθμὸς"|Lemma="ἀριθμός"|Lang="G"|StrongNumber="G07060"|Morph="N,,,,,NMS,"|Case="Nominative"|Gender="Masculine"|Number="Singular"|English="number"
440060070111|τῶν|440060070121|det|Cat="det"|Id="32"|morphId="440060070111"|Unicode="τῶν"|Lemma="ὁ"|Lang="G"|StrongNumber="G35880"|Morph="EA,,,,GMP,"|Type="Article"|Case="Genitive"|Gender="Masculine"|Number="Plural"|English="the"
440060070121|μαθητῶν|440060070101|np|Cat="noun"|Id="34"|morphId="440060070121"|Unicode="μαθητῶν"|Lemma="μαθητής"|Lang="G"|StrongNumber="G31010"|Morph="N,,,,,GMP,"|Case="Genitive"|Gender="Masculine"|Number="Plural"|English="of ~ disciples"
440060070131|ἐν|440060070141|prep|Cat="prep"|Id="37"|morphId="440060070131"|Unicode="ἐν"|Lemma="ἐν"|Lang="G"|StrongNumber="G17220"|Morph="P,,,,,D,,,"|Case="Dative"|English="in"
440060070141|Ἰερουσαλὴμ|440060070081|ADV|Cat="noun"|Id="39"|morphId="440060070141"|Unicode="Ἰερουσαλὴμ"|Lemma="Ἰερουσαλήμ"|Lang="G"|StrongNumber="G24140"|Morph="N,,,,,DFSI"|Case="Dative"|Gender="Feminine"|Number="Singular"|English="Jerusalem"
440060070151|σφόδρα;|440060070081|ADV|Cat="adv"|Id="42"|morphId="440060070151"|Unicode="σφόδρα;"|Lemma="σφόδρα"|Lang="G"|StrongNumber="G49700"|Morph="D,,,,,,,,,"|English="greatly"
440060070171|τε|440060070081|conj|Cat="conj"|Id="43"|morphId="440060070171"|Unicode="τε"|Lemma="τέ"|Lang="G"|StrongNumber="G50370"|Morph="CC,,,,,,,,"|Type="Coordinating"|English="and"
440060070161|πολύς|440060070181|adjp|Cat="det"|Id="49"|morphId="440060070161"|Unicode="πολύς"|Lemma="πολύς"|Lang="G"|StrongNumber="G41830"|Morph="EQ,,,,NMS,"|Type="Quantifier"|Case="Nominative"|Gender="Masculine"|Number="Singular"|English="a great many"
440060070181|ὄχλος|440060070211|S|Cat="noun"|Id="52"|morphId="440060070181"|Unicode="ὄχλος"|Lemma="ὄχλος"|Lang="G"|StrongNumber="G37930"|Morph="N,,,,,NMS,"|Case="Nominative"|Gender="Masculine"|Number="Singular"|English="a ~ number"
440060070191|τῶν|440060070201|det|Cat="det"|Id="54"|morphId="440060070191"|Unicode="τῶν"|Lemma="ὁ"|Lang="G"|StrongNumber="G35880"|Morph="EA,,,,GMP,"|Type="Article"|Case="Genitive"|Gender="Masculine"|Number="Plural"|English="the"
440060070201|ἱερέων|440060070181|np|Cat="noun"|Id="56"|morphId="440060070201"|Unicode="ἱερέων"|Lemma="ἱερεύς"|Lang="G"|StrongNumber="G24090"|Morph="N,,,,,GMP,"|Case="Genitive"|Gender="Masculine"|Number="Plural"|English="of ~ priests"
440060070211|ὑπήκουον|440060070081|CL|Cat="verb"|Id="59"|morphId="440060070211"|Unicode="ὑπήκουον"|Lemma="ὑπακούω"|Lang="G"|StrongNumber="G52190"|Morph="V,IIA3,,P,"|Mood="Indicative"|Tense="Imperfect"|Voice="Active"|Person="Third"|Number="Plural"|English="became obedient"
440060070221|τῇ|440060070231|det|Cat="det"|Id="62"|morphId="440060070221"|Unicode="τῇ"|Lemma="ὁ"|Lang="G"|StrongNumber="G35880"|Morph="EA,,,,DFS,"|Type="Article"|Case="Dative"|Gender="Feminine"|Number="Singular"|English="the"
440060070231|πίστει.|440060070211|O|Cat="noun"|Id="64"|morphId="440060070231"|Unicode="πίστει."|Lemma="πίστις"|Lang="G"|StrongNumber="G41020"|Morph="N,,,,,DFS,"|Case="Dative"|Gender="Feminine"|Number="Singular"|English="to ~ faith"
440060080021|δὲ|440060080071|conj|Cat="conj"|Id="3"|morphId="440060080021"|Unicode="δὲ"|Lemma="δέ"|Lang="G"|StrongNumber="G11610"|Morph="CC,,,,,,,,"|Type="Coordinating"|English="and"
440060080011|Στέφανος|440060080071|S|Cat="noun"|Id="7"|morphId="440060080011"|Unicode="Στέφανος"|Lemma="Στέφανος"|Lang="G"|StrongNumber="G47360"|Morph="N,,,,,NMS,"|Case="Nominative"|Gender="Masculine"|Number="Singular"|English="stephen"
440060080031|πλήρης|440060080071|ADV|Cat="noun"|Id="12"|morphId="440060080031"|Unicode="πλήρης"|Lemma="πλήρης"|Lang="G"|StrongNumber="G41340"|Morph="NS,,,,NMS,"|Type="Substantive_Adj"|Case="Nominative"|Gender="Masculine"|Number="Singular"|English="full"
440060080041|χάριτος|440060080031|advp|Cat="noun"|Id="16"|morphId="440060080041"|Unicode="χάριτος"|Lemma="χάρις"|Lang="G"|StrongNumber="G54850"|Morph="N,,,,,GFS,"|Case="Genitive"|Gender="Feminine"|Number="Singular"|English="of grace"
440060080051|καὶ|440060080041|conj|Cat="conj"|Id="17"|morphId="440060080051"|Unicode="καὶ"|Lemma="καί"|Lang="G"|StrongNumber="G25320"|Morph="CC,,,,,,,,"|Type="Coordinating"|English="and"
440060080061|δυνάμεως,|440060080041|np|Cat="noun"|Id="19"|morphId="440060080061"|Unicode="δυνάμεως,"|Lemma="δύναμις"|Lang="G"|StrongNumber="G14110"|Morph="N,,,,,GFS,"|Case="Genitive"|Gender="Feminine"|Number="Singular"|English="power"
440060080071|ἐποίει|None|CL|Cat="verb"|Id="22"|morphId="440060080071"|Unicode="ἐποίει"|Lemma="ποιέω"|Lang="G"|StrongNumber="G41600"|Morph="V,IIA3,,S,"|Mood="Indicative"|Tense="Imperfect"|Voice="Active"|Person="Third"|Number="Singular"|English="did"
440060080081|τέρατα|440060080071|O|Cat="noun"|Id="27"|morphId="440060080081"|Unicode="τέρατα"|Lemma="τέρας"|Lang="G"|StrongNumber="G50590"|Morph="N,,,,,ANP,"|Case="Accusative"|Gender="Neuter"|Number="Plural"|English="wonders"
440060080091|καὶ|440060080081|conj|Cat="conj"|Id="28"|morphId="440060080091"|Unicode="καὶ"|Lemma="καί"|Lang="G"|StrongNumber="G25320"|Morph="CC,,,,,,,,"|Type="Coordinating"|English="and"
440060080101|σημεῖα|440060080081|np|Cat="noun"|Id="30"|morphId="440060080101"|Unicode="σημεῖα"|Lemma="σημεῖον"|Lang="G"|StrongNumber="G45920"|Morph="N,,,,,ANP,"|Case="Accusative"|Gender="Neuter"|Number="Plural"|English="signs"
440060080111|μεγάλα|440060080081|adjp|Cat="adj"|Id="32"|morphId="440060080111"|Unicode="μεγάλα"|Lemma="μέγας"|Lang="G"|StrongNumber="G31730"|Morph="AA,,,,ANP,"|Type="Ascriptive"|Case="Accusative"|Gender="Neuter"|Number="Plural"|English="great"
440060080121|ἐν|440060080141|prep|Cat="prep"|Id="35"|morphId="440060080121"|Unicode="ἐν"|Lemma="ἐν"|Lang="G"|StrongNumber="G17220"|Morph="P,,,,,D,,,"|Case="Dative"|English="among"
440060080131|τῷ|440060080141|det|Cat="det"|Id="37"|morphId="440060080131"|Unicode="τῷ"|Lemma="ὁ"|Lang="G"|StrongNumber="G35880"|Morph="EA,,,,DMS,"|Type="Article"|Case="Dative"|Gender="Masculine"|Number="Singular"|English="the"
440060080141|λαῷ.|440060080071|ADV|Cat="noun"|Id="39"|morphId="440060080141"|Unicode="λαῷ."|Lemma="λαός"|Lang="G"|StrongNumber="G29920"|Morph="N,,,,,DMS,"|Case="Dative"|Gender="Masculine"|Number="Singular"|English="people"
440060090021|δέ|440060090011|conj|Cat="conj"|Id="3"|morphId="440060090021"|Unicode="δέ"|Lemma="δέ"|Lang="G"|StrongNumber="G11610"|Morph="CC,,,,,,,,"|Type="Coordinating"|English="then"
440060090011|ἀνέστησαν|None|CL|Cat="verb"|Id="7"|morphId="440060090011"|Unicode="ἀνέστησαν"|Lemma="ἀνίστημι"|Lang="G"|StrongNumber="G04500"|Morph="V,IAA3,,P,"|Mood="Indicative"|Tense="Aorist"|Voice="Active"|Person="Third"|Number="Plural"|English="arose"
440060090031|τινες|440060090011|S|Cat="pron"|Id="11"|morphId="440060090031"|Unicode="τινες"|Lemma="τις"|Lang="G"|StrongNumber="G51000"|Morph="RI,,,,NMP,"|Type="Indefinite"|Case="Nominative"|Gender="Masculine"|Number="Plural"|English="some"
440060090041|τῶν|440060090031|np|Cat="det"|Id="15"|morphId="440060090041"|Unicode="τῶν"|Lemma="ὁ"|Lang="G"|StrongNumber="G35880"|Morph="EA,,,,GMP,"|Type="Article"|Case="Genitive"|Gender="Masculine"|Number="Plural"|English="of those"
440060090051|ἐκ|440060090071|prep|Cat="prep"|Id="17"|morphId="440060090051"|Unicode="ἐκ"|Lemma="ἐκ"|Lang="G"|StrongNumber="G15370"|Morph="P,,,,,G,,,"|Case="Genitive"|English="from"
440060090061|τῆς|440060090071|det|Cat="det"|Id="20"|morphId="440060090061"|Unicode="τῆς"|Lemma="ὁ"|Lang="G"|StrongNumber="G35880"|Morph="EA,,,,GFS,"|Type="Article"|Case="Genitive"|Gender="Feminine"|Number="Singular"|English="the"
440060090071|συναγωγῆς,|440060090041|pp|Cat="noun"|Id="22"|morphId="440060090071"|Unicode="συναγωγῆς,"|Lemma="συναγωγή"|Lang="G"|StrongNumber="G48640"|Morph="N,,,,,GFS,"|Case="Genitive"|Gender="Feminine"|Number="Singular"|English="synagogue"
440060090081|τῆς|440060090101|det|Cat="pron"|Id="25"|morphId="440060090081"|Unicode="τῆς"|Lemma="ὁ"|Lang="G"|StrongNumber="G35880"|Morph="RD,,,,GFS,"|Type="Demonstrative"|Case="Genitive"|Gender="Feminine"|Number="Singular"|English="the"
440060090091|λεγομένης|440060090101|VC|Cat="verb"|Id="29"|morphId="440060090091"|Unicode="λεγομένης"|Lemma="λέγω"|Lang="G"|StrongNumber="G30040"|Morph="V,PPP,GFS,"|Mood="Participle"|Tense="Present"|Voice="Passive"|Case="Genitive"|Gender="Feminine"|Number="Singular"|English="as ~ was called"
440060090101|Λιβερτίνων,|440060090071|np|Cat="noun"|Id="32"|morphId="440060090101"|Unicode="Λιβερτίνων,"|Lemma="λιβερτῖνος"|Lang="G"|StrongNumber="G30320"|Morph="N,,,,,GMP,"|Case="Genitive"|Gender="Masculine"|Number="Plural"|English="of ~ Freedmen"
440060090111|καὶ|440060090041|conj|Cat="conj"|Id="33"|morphId="440060090111"|Unicode="καὶ"|Lemma="καί"|Lang="G"|StrongNumber="G25320"|Morph="CC,,,,,,,,"|Type="Coordinating"|English="both"
440060090121|Κυρηναίων,|440060090041|np|Cat="noun"|Id="35"|morphId="440060090121"|Unicode="Κυρηναίων,"|Lemma="Κυρηναῖος"|Lang="G"|StrongNumber="G29560"|Morph="N,,,,,GMP,"|Case="Genitive"|Gender="Masculine"|Number="Plural"|English="Cyrenians"
440060090131|καὶ|440060090041|conj|Cat="conj"|Id="36"|morphId="440060090131"|Unicode="καὶ"|Lemma="καί"|Lang="G"|StrongNumber="G25320"|Morph="CC,,,,,,,,"|Type="Coordinating"|English="and"
440060090141|Ἀλεξανδρέων,|440060090041|np|Cat="noun"|Id="38"|morphId="440060090141"|Unicode="Ἀλεξανδρέων,"|Lemma="Ἀλεξανδρεύς"|Lang="G"|StrongNumber="G02210"|Morph="N,,,,,GMP,"|Case="Genitive"|Gender="Masculine"|Number="Plural"|English="Alexandrians"
440060090151|καὶ|440060090041|conj|Cat="conj"|Id="39"|morphId="440060090151"|Unicode="καὶ"|Lemma="καί"|Lang="G"|StrongNumber="G25320"|Morph="CC,,,,,,,,"|Type="Coordinating"|English="and"
440060090161|τῶν|440060090041|np|Cat="pron"|Id="42"|morphId="440060090161"|Unicode="τῶν"|Lemma="ὁ"|Lang="G"|StrongNumber="G35880"|Morph="RD,,,,GMP,"|Type="Demonstrative"|Case="Genitive"|Gender="Masculine"|Number="Plural"|English="those"
440060090171|ἀπὸ|440060090181|prep|Cat="prep"|Id="44"|morphId="440060090171"|Unicode="ἀπὸ"|Lemma="ἀπό"|Lang="G"|StrongNumber="G05750"|Morph="P,,,,,G,,,"|Case="Genitive"|English="from"
440060090181|Κιλικίας,|440060090161|pp|Cat="noun"|Id="47"|morphId="440060090181"|Unicode="Κιλικίας,"|Lemma="Κιλικία"|Lang="G"|StrongNumber="G27910"|Morph="N,,,,,GFS,"|Case="Genitive"|Gender="Feminine"|Number="Singular"|English="Cilicia"
440060090191|καὶ|440060090181|conj|Cat="conj"|Id="48"|morphId="440060090191"|Unicode="καὶ"|Lemma="καί"|Lang="G"|StrongNumber="G25320"|Morph="CC,,,,,,,,"|Type="Coordinating"|English="and"
440060090201|Ἀσίας,|440060090181|np|Cat="noun"|Id="50"|morphId="440060090201"|Unicode="Ἀσίας,"|Lemma="Ἀσία"|Lang="G"|StrongNumber="G07730"|Morph="N,,,,,GFS,"|Case="Genitive"|Gender="Feminine"|Number="Singular"|English="Asia"
440060090211|συνζητοῦντες|440060090011|ADV|Cat="verb"|Id="55"|morphId="440060090211"|Unicode="συνζητοῦντες"|Lemma="συνζητέω"|Lang="G"|StrongNumber="G48020"|Morph="V,PPA,NMP,"|Mood="Participle"|Tense="Present"|Voice="Active"|Case="Nominative"|Gender="Masculine"|Number="Plural"|English="argued"
440060090221|τῷ|440060090231|det|Cat="det"|Id="58"|morphId="440060090221"|Unicode="τῷ"|Lemma="ὁ"|Lang="G"|StrongNumber="G35880"|Morph="EA,,,,DMS,"|Type="Article"|Case="Dative"|Gender="Masculine"|Number="Singular"
440060090231|Στεφάνῳ.|440060090211|ADV|Cat="noun"|Id="60"|morphId="440060090231"|Unicode="Στεφάνῳ."|Lemma="Στέφανος"|Lang="G"|StrongNumber="G47360"|Morph="N,,,,,DMS,"|Case="Dative"|Gender="Masculine"|Number="Singular"|English="with stephen"
440060100011|καὶ|440060100031|conj|Cat="conj"|Id="3"|morphId="440060100011"|Unicode="καὶ"|Lemma="καί"|Lang="G"|StrongNumber="G25320"|Morph="CC,,,,,,,,"|Type="Coordinating"|English="but"
440060100021|οὐκ|440060100031|ADV|Cat="adv"|Id="7"|morphId="440060100021"|Unicode="οὐκ"|Lemma="οὐ"|Lang="G"|StrongNumber="G37560"|Morph="D,,,,,,,,,"|English="not"
440060100031|ἴσχυον|None|CL|Cat="verb"|Id="10"|morphId="440060100031"|Unicode="ἴσχυον"|Lemma="ἰσχύω"|Lang="G"|StrongNumber="G24800"|Morph="V,IIA3,,P,"|Mood="Indicative"|Tense="Imperfect"|Voice="Active"|Person="Third"|Number="Plural"|English="they could"
440060100041|ἀντιστῆναι|440060100031|O|Cat="verb"|Id="15"|morphId="440060100041"|Unicode="ἀντιστῆναι"|Lemma="ἀνθίστημι"|Lang="G"|StrongNumber="G04360"|Morph="V,NAA,,,,,"|Mood="Infinitive"|Tense="Aorist"|Voice="Active"|English="to resist"
440060100051|τῇ|440060100061|det|Cat="det"|Id="19"|morphId="440060100051"|Unicode="τῇ"|Lemma="ὁ"|Lang="G"|StrongNumber="G35880"|Morph="EA,,,,DFS,"|Type="Article"|Case="Dative"|Gender="Feminine"|Number="Singular"|English="the"
440060100061|σοφίᾳ|440060100041|O|Cat="noun"|Id="21"|morphId="440060100061"|Unicode="σοφίᾳ"|Lemma="σοφία"|Lang="G"|StrongNumber="G46780"|Morph="N,,,,,DFS,"|Case="Dative"|Gender="Feminine"|Number="Singular"|English="wisdom"
440060100071|καὶ|440060100061|conj|Cat="conj"|Id="22"|morphId="440060100071"|Unicode="καὶ"|Lemma="καί"|Lang="G"|StrongNumber="G25320"|Morph="CC,,,,,,,,"|Type="Coordinating"|English="and"
440060100081|τῷ|440060100091|det|Cat="det"|Id="24"|morphId="440060100081"|Unicode="τῷ"|Lemma="ὁ"|Lang="G"|StrongNumber="G35880"|Morph="EA,,,,DNS,"|Type="Article"|Case="Dative"|Gender="Neuter"|Number="Singular"|English="the"
440060100091|Πνεύματι,|440060100061|np|Cat="noun"|Id="27"|morphId="440060100091"|Unicode="Πνεύματι,"|Lemma="πνεῦμα"|Lang="G"|StrongNumber="G41510"|Morph="N,,,,,DNS,"|Case="Dative"|Gender="Neuter"|Number="Singular"|English="Spirit"
440060100101|ᾧ|440060100111|ADV|Cat="pron"|Id="31"|morphId="440060100101"|Unicode="ᾧ"|Lemma="ὅς"|Lang="G"|StrongNumber="G37390"|Morph="RR,,,,DNS,"|Type="Relative"|Case="Dative"|Gender="Neuter"|Number="Singular"|English="with which"
440060100111|ἐλάλει.|440060100091|CL|Cat="verb"|Id="34"|morphId="440060100111"|Unicode="ἐλάλει."|Lemma="λαλέω"|Lang="G"|StrongNumber="G29800"|Morph="V,IIA3,,S,"|Mood="Indicative"|Tense="Imperfect"|Voice="Active"|Person="Third"|Number="Singular"|English="he was speaking"
440060110011|τότε|440060110021|ADV|Cat="adv"|Id="5"|morphId="440060110011"|Unicode="τότε"|Lemma="τότε"|Lang="G"|StrongNumber="G51190"|Morph="D,,,,,,,,,"|English="then"
440060110021|ὑπέβαλον|None|CL|Cat="verb"|Id="8"|morphId="440060110021"|Unicode="ὑπέβαλον"|Lemma="ὑποβάλλω"|Lang="G"|StrongNumber="G52600"|Morph="V,IAA3,,P,"|Mood="Indicative"|Tense="Aorist"|Voice="Active"|Person="Third"|Number="Plural"|English="they secretly instigated"
440060110031|ἄνδρας|440060110021|O|Cat="noun"|Id="12"|morphId="440060110031"|Unicode="ἄνδρας"|Lemma="ἀνήρ"|Lang="G"|StrongNumber="G04350"|Morph="N,,,,,AMP,"|Case="Accusative"|Gender="Masculine"|Number="Plural"|English="men"
440060110041|λέγοντας,|440060110031|adjp|Cat="verb"|Id="18"|morphId="440060110041"|Unicode="λέγοντας,"|Lemma="λέγω"|Lang="G"|StrongNumber="G30040"|Morph="V,PPA,AMP,"|Mood="Participle"|Tense="Present"|Voice="Active"|Case="Accusative"|Gender="Masculine"|Number="Plural"|English="to say"
440060110051|ὅτι|440060110061|conj|Cat="conj"|Id="20"|morphId="440060110051"|Unicode="ὅτι"|Lemma="ὅτι"|Lang="G"|StrongNumber="G37540"|Morph="CS,,,,,,,,"|Type="Subordinating"
440060110061|ἀκηκόαμεν|440060110041|CL|Cat="verb"|Id="24"|morphId="440060110061"|Unicode="ἀκηκόαμεν"|Lemma="ἀκούω"|Lang="G"|StrongNumber="G01910"|Morph="V,IEA1,,P,"|Mood="Indicative"|Tense="Perfect"|Voice="Active"|Person="First"|Number="Plural"|English="we have heard"
440060110071|αὐτοῦ|440060110081|S|Cat="pron"|Id="29"|morphId="440060110071"|Unicode="αὐτοῦ"|Lemma="αὐτός"|Lang="G"|StrongNumber="G08460"|Morph="RP,,,3GMS,"|Type="Personal"|Person="Third"|Case="Genitive"|Gender="Masculine"|Number="Singular"|English="him"
440060110081|λαλοῦντος|440060110061|O|Cat="verb"|Id="32"|morphId="440060110081"|Unicode="λαλοῦντος"|Lemma="λαλέω"|Lang="G"|StrongNumber="G29800"|Morph="V,PPA,GMS,"|Mood="Participle"|Tense="Present"|Voice="Active"|Case="Genitive"|Gender="Masculine"|Number="Singular"|English="speak"
440060110091|ῥήματα|440060110081|O|Cat="noun"|Id="36"|morphId="440060110091"|Unicode="ῥήματα"|Lemma="ῥῆμα"|Lang="G"|StrongNumber="G44870"|Morph="N,,,,,ANP,"|Case="Accusative"|Gender="Neuter"|Number="Plural"|English="words"
440060110101|βλάσφημα|440060110091|adjp|Cat="adj"|Id="38"|morphId="440060110101"|Unicode="βλάσφημα"|Lemma="βλάσφημος"|Lang="G"|StrongNumber="G09890"|Morph="AA,,,,ANP,"|Type="Ascriptive"|Case="Accusative"|Gender="Neuter"|Number="Plural"|English="blasphemous"
440060110111|εἰς|440060110121|prep|Cat="prep"|Id="41"|morphId="440060110111"|Unicode="εἰς"|Lemma="εἰς"|Lang="G"|StrongNumber="G15190"|Morph="P,,,,,A,,,"|Case="Accusative"|English="against"
440060110121|Μωϋσῆν|440060110081|ADV|Cat="noun"|Id="44"|morphId="440060110121"|Unicode="Μωϋσῆν"|Lemma="Μωϋσῆς"|Lang="G"|StrongNumber="G34750"|Morph="N,,,,,AMS,"|Case="Accusative"|Gender="Masculine"|Number="Singular"|English="Moses"
440060110131|καὶ|440060110121|conj|Cat="conj"|Id="45"|morphId="440060110131"|Unicode="καὶ"|Lemma="καί"|Lang="G"|StrongNumber="G25320"|Morph="CC,,,,,,,,"|Type="Coordinating"|English="and"
440060110141|τὸν|440060110151|det|Cat="det"|Id="47"|morphId="440060110141"|Unicode="τὸν"|Lemma="ὁ"|Lang="G"|StrongNumber="G35880"|Morph="EA,,,,AMS,"|Type="Article"|Case="Accusative"|Gender="Masculine"|Number="Singular"
440060110151|Θεόν.|440060110121|np|Cat="noun"|Id="49"|morphId="440060110151"|Unicode="Θεόν."|Lemma="θεός"|Lang="G"|StrongNumber="G23160"|Morph="N,,,,,AMS,"|Case="Accusative"|Gender="Masculine"|Number="Singular"|English="God"
440060120021|τε|440060120011|conj|Cat="conj"|Id="3"|morphId="440060120021"|Unicode="τε"|Lemma="τέ"|Lang="G"|StrongNumber="G50370"|Morph="CC,,,,,,,,"|Type="Coordinating"|English="and"
440060120011|συνεκίνησάν|None|CL|Cat="verb"|Id="8"|morphId="440060120011"|Unicode="συνεκίνησάν"|Lemma="συγκινέω"|Lang="G"|StrongNumber="G47870"|Morph="V,IAA3,,P,"|Mood="Indicative"|Tense="Aorist"|Voice="Active"|Person="Third"|Number="Plural"|English="they stirred up"
440060120031|τὸν|440060120041|det|Cat="det"|Id="12"|morphId="440060120031"|Unicode="τὸν"|Lemma="ὁ"|Lang="G"|StrongNumber="G35880"|Morph="EA,,,,AMS,"|Type="Article"|Case="Accusative"|Gender="Masculine"|Number="Singular"|English="the"
440060120041|λαὸν,|440060120011|O|Cat="noun"|Id="14"|morphId="440060120041"|Unicode="λαὸν,"|Lemma="λαός"|Lang="G"|StrongNumber="G29920"|Morph="N,,,,,AMS,"|Case="Accusative"|Gender="Masculine"|Number="Singular"|English="people"
440060120051|καὶ|440060120041|conj|Cat="conj"|Id="15"|morphId="440060120051"|Unicode="καὶ"|Lemma="καί"|Lang="G"|StrongNumber="G25320"|Morph="CC,,,,,,,,"|Type="Coordinating"|English="and"
440060120061|τοὺς|440060120071|det|Cat="det"|Id="17"|morphId="440060120061"|Unicode="τοὺς"|Lemma="ὁ"|Lang="G"|StrongNumber="G35880"|Morph="EA,,,,AMP,"|Type="Article"|Case="Accusative"|Gender="Masculine"|Number="Plural"|English="the"
440060120071|πρεσβυτέρους,|440060120041|np|Cat="noun"|Id="19"|morphId="440060120071"|Unicode="πρεσβυτέρους,"|Lemma="πρεσβύτερος"|Lang="G"|StrongNumber="G42450"|Morph="NS,,,,AMPC"|Type="Substantive_Adj"|Case="Accusative"|Gender="Masculine"|Number="Plural"|English="elders"
440060120081|καὶ|440060120041|conj|Cat="conj"|Id="20"|morphId="440060120081"|Unicode="καὶ"|Lemma="καί"|Lang="G"|StrongNumber="G25320"|Morph="CC,,,,,,,,"|Type="Coordinating"|English="and"
440060120091|τοὺς|440060120101|det|Cat="det"|Id="22"|morphId="440060120091"|Unicode="τοὺς"|Lemma="ὁ"|Lang="G"|StrongNumber="G35880"|Morph="EA,,,,AMP,"|Type="Article"|Case="Accusative"|Gender="Masculine"|Number="Plural"|English="the"
440060120101|γραμματεῖς,|440060120041|np|Cat="noun"|Id="24"|morphId="440060120101"|Unicode="γραμματεῖς,"|Lemma="γραμματεύς"|Lang="G"|StrongNumber="G11220"|Morph="N,,,,,AMP,"|Case="Accusative"|Gender="Masculine"|Number="Plural"|English="scribes"
440060120111|καὶ|440060120011|conj|Cat="conj"|Id="25"|morphId="440060120111"|Unicode="καὶ"|Lemma="καί"|Lang="G"|StrongNumber="G25320"|Morph="CC,,,,,,,,"|Type="Coordinating"|English="and"
440060120121|ἐπιστάντες,|440060120131|ADV|Cat="verb"|Id="32"|morphId="440060120121"|Unicode="ἐπιστάντες,"|Lemma="ἐφίστημι"|Lang="G"|StrongNumber="G21860"|Morph="V,PAA,NMP,"|Mood="Participle"|Tense="Aorist"|Voice="Active"|Case="Nominative"|Gender="Masculine"|Number="Plural"|English="came up"
440060120131|συνήρπασαν|440060120011|CL|Cat="verb"|Id="35"|morphId="440060120131"|Unicode="συνήρπασαν"|Lemma="συναρπάζω"|Lang="G"|StrongNumber="G48840"|Morph="V,IAA3,,P,"|Mood="Indicative"|Tense="Aorist"|Voice="Active"|Person="Third"|Number="Plural"|English="they ~ seized"
440060120141|αὐτὸν|440060120131|O|Cat="pron"|Id="38"|morphId="440060120141"|Unicode="αὐτὸν"|Lemma="αὐτός"|Lang="G"|StrongNumber="G08460"|Morph="RP,,,3AMS,"|Type="Personal"|Person="Third"|Case="Accusative"|Gender="Masculine"|Number="Singular"|English="him"
440060120151|καὶ|440060120131|conj|Cat="conj"|Id="39"|morphId="440060120151"|Unicode="καὶ"|Lemma="καί"|Lang="G"|StrongNumber="G25320"|Morph="CC,,,,,,,,"|Type="Coordinating"|English="and"
440060120161|ἤγαγον|440060120131|CL|Cat="verb"|Id="43"|morphId="440060120161"|Unicode="ἤγαγον"|Lemma="ἄγω"|Lang="G"|StrongNumber="G00710"|Morph="V,IAA3,,P,"|Mood="Indicative"|Tense="Aorist"|Voice="Active"|Person="Third"|Number="Plural"|English="brought"
440060120171|εἰς|440060120191|prep|Cat="prep"|Id="46"|morphId="440060120171"|Unicode="εἰς"|Lemma="εἰς"|Lang="G"|StrongNumber="G15190"|Morph="P,,,,,A,,,"|Case="Accusative"|English="before"
440060120181|τὸ|440060120191|det|Cat="det"|Id="48"|morphId="440060120181"|Unicode="τὸ"|Lemma="ὁ"|Lang="G"|StrongNumber="G35880"|Morph="EA,,,,ANS,"|Type="Article"|Case="Accusative"|Gender="Neuter"|Number="Singular"|English="the"
440060120191|Συνέδριον,|440060120161|ADV|Cat="noun"|Id="50"|morphId="440060120191"|Unicode="Συνέδριον,"|Lemma="συνέδριον"|Lang="G"|StrongNumber="G48920"|Morph="N,,,,,ANS,"|Case="Accusative"|Gender="Neuter"|Number="Singular"|English="council"
440060130021|τε|440060130011|conj|Cat="conj"|Id="3"|morphId="440060130021"|Unicode="τε"|Lemma="τέ"|Lang="G"|StrongNumber="G50370"|Morph="CC,,,,,,,,"|Type="Coordinating"|English="also"
440060130011|ἔστησάν|None|CL|Cat="verb"|Id="7"|morphId="440060130011"|Unicode="ἔστησάν"|Lemma="ἵστημι"|Lang="G"|StrongNumber="G24760"|Morph="V,IAA3,,P,"|Mood="Indicative"|Tense="Aorist"|Voice="Active"|Person="Third"|Number="Plural"|English="they put forward"
440060130031|μάρτυρας|440060130011|O|Cat="noun"|Id="12"|morphId="440060130031"|Unicode="μάρτυρας"|Lemma="μάρτυρος"|Lang="G"|StrongNumber="G31440"|Morph="N,,,,,AMP,"|Case="Accusative"|Gender="Masculine"|Number="Plural"|English="witnesses"
440060130041|ψευδεῖς|440060130031|adjp|Cat="adj"|Id="14"|morphId="440060130041"|Unicode="ψευδεῖς"|Lemma="ψευδής"|Lang="G"|StrongNumber="G55710"|Morph="AA,,,,AMP,"|Type="Ascriptive"|Case="Accusative"|Gender="Masculine"|Number="Plural"|English="false"
440060130051|λέγοντας,|440060130031|adjp|Cat="verb"|Id="20"|morphId="440060130051"|Unicode="λέγοντας,"|Lemma="λέγω"|Lang="G"|StrongNumber="G30040"|Morph="V,PPA,AMP,"|Mood="Participle"|Tense="Present"|Voice="Active"|Case="Accusative"|Gender="Masculine"|Number="Plural"|English="who said"
440060130061|ὁ|440060130071|det|Cat="det"|Id="25"|morphId="440060130061"|Unicode="ὁ"|Lemma="ὁ"|Lang="G"|StrongNumber="G35880"|Morph="EA,,,,NMS,"|Type="Article"|Case="Nominative"|Gender="Masculine"|Number="Singular"
440060130071|ἄνθρωπος|440060130101|S|Cat="noun"|Id="27"|morphId="440060130071"|Unicode="ἄνθρωπος"|Lemma="ἄνθρωπος"|Lang="G"|StrongNumber="G04440"|Morph="N,,,,,NMS,"|Case="Nominative"|Gender="Masculine"|Number="Singular"|English="man"
440060130081|οὗτος|440060130071|np|Cat="det"|Id="29"|morphId="440060130081"|Unicode="οὗτος"|Lemma="οὗτος"|Lang="G"|StrongNumber="G37780"|Morph="ED,,,,NMS,"|Type="Demonstrative"|Case="Nominative"|Gender="Masculine"|Number="Singular"
440060130091|οὐ|440060130101|ADV|Cat="adv"|Id="32"|morphId="440060130091"|Unicode="οὐ"|Lemma="οὐ"|Lang="G"|StrongNumber="G37560"|Morph="D,,,,,,,,,"|English="never"
440060130101|παύεται|440060130051|CL|Cat="verb"|Id="35"|morphId="440060130101"|Unicode="παύεται"|Lemma="παύω"|Lang="G"|StrongNumber="G39730"|Morph="V,IPM3,,S,"|Mood="Indicative"|Tense="Present"|Voice="Middle"|Person="Third"|Number="Singular"|English="stops"
440060130111|λαλῶν|440060130101|O|Cat="verb"|Id="40"|morphId="440060130111"|Unicode="λαλῶν"|Lemma="λαλέω"|Lang="G"|StrongNumber="G29800"|Morph="V,PPA,NMS,"|Mood="Participle"|Tense="Present"|Voice="Active"|Case="Nominative"|Gender="Masculine"|Number="Singular"|English="speaking"
440060130121|ῥήματα|440060130111|O|Cat="noun"|Id="43"|morphId="440060130121"|Unicode="ῥήματα"|Lemma="ῥῆμα"|Lang="G"|StrongNumber="G44870"|Morph="N,,,,,ANP,"|Case="Accusative"|Gender="Neuter"|Number="Plural"|English="words"
440060130131|κατὰ|440060130151|prep|Cat="prep"|Id="46"|morphId="440060130131"|Unicode="κατὰ"|Lemma="κατά"|Lang="G"|StrongNumber="G25960"|Morph="P,,,,,G,,,"|Case="Genitive"|English="against"
440060130141|τοῦ|440060130151|det|Cat="det"|Id="49"|morphId="440060130141"|Unicode="τοῦ"|Lemma="ὁ"|Lang="G"|StrongNumber="G35880"|Morph="EA,,,,GMS,"|Type="Article"|Case="Genitive"|Gender="Masculine"|Number="Singular"|English="the"
440060130151|τόπου|440060130111|ADV|Cat="noun"|Id="52"|morphId="440060130151"|Unicode="τόπου"|Lemma="τόπος"|Lang="G"|StrongNumber="G51170"|Morph="N,,,,,GMS,"|Case="Genitive"|Gender="Masculine"|Number="Singular"|English="place"
440060130161|τοῦ|440060130171|det|Cat="det"|Id="54"|morphId="440060130161"|Unicode="τοῦ"|Lemma="ὁ"|Lang="G"|StrongNumber="G35880"|Morph="EA,,,,GMS,"|Type="Article"|Case="Genitive"|Gender="Masculine"|Number="Singular"
440060130171|ἁγίου|440060130151|np|Cat="adj"|Id="56"|morphId="440060130171"|Unicode="ἁγίου"|Lemma="ἅγιος"|Lang="G"|StrongNumber="G00400"|Morph="AR,,,,GMS,"|Type="Restrictive"|Case="Genitive"|Gender="Masculine"|Number="Singular"|English="holy"
440060130181|καὶ|440060130151|conj|Cat="conj"|Id="57"|morphId="440060130181"|Unicode="καὶ"|Lemma="καί"|Lang="G"|StrongNumber="G25320"|Morph="CC,,,,,,,,"|Type="Coordinating"|English="and"
440060130191|τοῦ|440060130201|det|Cat="det"|Id="59"|morphId="440060130191"|Unicode="τοῦ"|Lemma="ὁ"|Lang="G"|StrongNumber="G35880"|Morph="EA,,,,GMS,"|Type="Article"|Case="Genitive"|Gender="Masculine"|Number="Singular"|English="the"
440060130201|νόμου;|440060130151|np|Cat="noun"|Id="61"|morphId="440060130201"|Unicode="νόμου;"|Lemma="νόμος"|Lang="G"|StrongNumber="G35510"|Morph="N,,,,,GMS,"|Case="Genitive"|Gender="Masculine"|Number="Singular"|English="law"
440060140021|γὰρ|440060140011|conj|Cat="conj"|Id="3"|morphId="440060140021"|Unicode="γὰρ"|Lemma="γάρ"|Lang="G"|StrongNumber="G10630"|Morph="CC,,,,,,,,"|Type="Coordinating"|English="for"
440060140011|ἀκηκόαμεν|None|CL|Cat="verb"|Id="7"|morphId="440060140011"|Unicode="ἀκηκόαμεν"|Lemma="ἀκούω"|Lang="G"|StrongNumber="G01910"|Morph="V,IEA1,,P,"|Mood="Indicative"|Tense="Perfect"|Voice="Active"|Person="First"|Number="Plural"|English="we have heard"
440060140031|αὐτοῦ|440060140041|S|Cat="pron"|Id="13"|morphId="440060140031"|Unicode="αὐτοῦ"|Lemma="αὐτός"|Lang="G"|StrongNumber="G08460"|Morph="RP,,,3GMS,"|Type="Personal"|Person="Third"|Case="Genitive"|Gender="Masculine"|Number="Singular"|English="him"
440060140041|λέγοντος,|440060140011|O|Cat="verb"|Id="16"|morphId="440060140041"|Unicode="λέγοντος,"|Lemma="λέγω"|Lang="G"|StrongNumber="G30040"|Morph="V,PPA,GMS,"|Mood="Participle"|Tense="Present"|Voice="Active"|Case="Genitive"|Gender="Masculine"|Number="Singular"|English="say"
440060140051|ὅτι|440060140101|conj|Cat="conj"|Id="18"|morphId="440060140051"|Unicode="ὅτι"|Lemma="ὅτι"|Lang="G"|StrongNumber="G37540"|Morph="CS,,,,,,,,"|Type="Subordinating"|English="that"
440060140061|Ἰησοῦς|440060140101|S|Cat="noun"|Id="25"|morphId="440060140061"|Unicode="Ἰησοῦς"|Lemma="Ἰησοῦς"|Lang="G"|StrongNumber="G24240"|Morph="N,,,,,NMS,"|Case="Nominative"|Gender="Masculine"|Number="Singular"|English="Jesus"
440060140071|ὁ|440060140081|det|Cat="det"|Id="27"|morphId="440060140071"|Unicode="ὁ"|Lemma="ὁ"|Lang="G"|StrongNumber="G35880"|Morph="EA,,,,NMS,"|Type="Article"|Case="Nominative"|Gender="Masculine"|Number="Singular"|English="the"
440060140081|Ναζωραῖος|440060140061|np|Cat="noun"|Id="29"|morphId="440060140081"|Unicode="Ναζωραῖος"|Lemma="Ναζωραῖος"|Lang="G"|StrongNumber="G34800"|Morph="N,,,,,NMS,"|Case="Nominative"|Gender="Masculine"|Number="Singular"|English="of Nazareth"
440060140091|οὗτος|440060140061|np|Cat="det"|Id="31"|morphId="440060140091"|Unicode="οὗτος"|Lemma="οὗτος"|Lang="G"|StrongNumber="G37780"|Morph="ED,,,,NMS,"|Type="Demonstrative"|Case="Nominative"|Gender="Masculine"|Number="Singular"|English="this"
440060140101|καταλύσει|440060140041|CL|Cat="verb"|Id="34"|morphId="440060140101"|Unicode="καταλύσει"|Lemma="καταλύω"|Lang="G"|StrongNumber="G26470"|Morph="V,IFA3,,S,"|Mood="Indicative"|Tense="Future"|Voice="Active"|Person="Third"|Number="Singular"|English="will destroy"
440060140111|τὸν|440060140121|det|Cat="det"|Id="38"|morphId="440060140111"|Unicode="τὸν"|Lemma="ὁ"|Lang="G"|StrongNumber="G35880"|Morph="EA,,,,AMS,"|Type="Article"|Case="Accusative"|Gender="Masculine"|Number="Singular"
440060140121|τόπον|440060140101|O|Cat="noun"|Id="40"|morphId="440060140121"|Unicode="τόπον"|Lemma="τόπος"|Lang="G"|StrongNumber="G51170"|Morph="N,,,,,AMS,"|Case="Accusative"|Gender="Masculine"|Number="Singular"|English="place"
440060140131|τοῦτον,|440060140121|np|Cat="det"|Id="42"|morphId="440060140131"|Unicode="τοῦτον,"|Lemma="οὗτος"|Lang="G"|StrongNumber="G37780"|Morph="ED,,,,AMS,"|Type="Demonstrative"|Case="Accusative"|Gender="Masculine"|Number="Singular"|English="this"
440060140141|καὶ|440060140101|conj|Cat="conj"|Id="43"|morphId="440060140141"|Unicode="καὶ"|Lemma="καί"|Lang="G"|StrongNumber="G25320"|Morph="CC,,,,,,,,"|Type="Coordinating"|English="and"
440060140151|ἀλλάξει|440060140101|CL|Cat="verb"|Id="47"|morphId="440060140151"|Unicode="ἀλλάξει"|Lemma="ἀλλάσσω"|Lang="G"|StrongNumber="G02360"|Morph="V,IFA3,,S,"|Mood="Indicative"|Tense="Future"|Voice="Active"|Person="Third"|Number="Singular"|English="change"
440060140161|τὰ|440060140171|det|Cat="det"|Id="50"|morphId="440060140161"|Unicode="τὰ"|Lemma="ὁ"|Lang="G"|StrongNumber="G35880"|Morph="EA,,,,ANP,"|Type="Article"|Case="Accusative"|Gender="Neuter"|Number="Plural"|English="the"
440060140171|ἔθη|440060140151|O|Cat="noun"|Id="53"|morphId="440060140171"|Unicode="ἔθη"|Lemma="ἔθος"|Lang="G"|StrongNumber="G14850"|Morph="N,,,,,ANP,"|Case="Accusative"|Gender="Neuter"|Number="Plural"|English="customs"
440060140181|ἃ|440060140191|O|Cat="pron"|Id="57"|morphId="440060140181"|Unicode="ἃ"|Lemma="ὅς"|Lang="G"|StrongNumber="G37390"|Morph="RD,,,,ANP,"|Type="Demonstrative"|Case="Accusative"|Gender="Neuter"|Number="Plural"|English="which"
440060140191|παρέδωκεν|440060140171|CL|Cat="verb"|Id="60"|morphId="440060140191"|Unicode="παρέδωκεν"|Lemma="παραδίδωμι"|Lang="G"|StrongNumber="G38600"|Morph="V,IAA3,,S,"|Mood="Indicative"|Tense="Aorist"|Voice="Active"|Person="Third"|Number="Singular"|English="handed down"
440060140201|ἡμῖν|440060140191|IO|Cat="pron"|Id="63"|morphId="440060140201"|Unicode="ἡμῖν"|Lemma="ἐγώ"|Lang="G"|StrongNumber="G14730"|Morph="RP,,,1D,P,"|Type="Personal"|Person="First"|Case="Dative"|Number="Plural"|English="to us"
440060140211|Μωϋσῆς.|440060140191|S|Cat="noun"|Id="66"|morphId="440060140211"|Unicode="Μωϋσῆς."|Lemma="Μωϋσῆς"|Lang="G"|StrongNumber="G34750"|Morph="N,,,,,NMS,"|Case="Nominative"|Gender="Masculine"|Number="Singular"|English="Moses"
440060150011|καὶ|440060150111|conj|Cat="conj"|Id="3"|morphId="440060150011"|Unicode="καὶ"|Lemma="καί"|Lang="G"|StrongNumber="G25320"|Morph="CC,,,,,,,,"|Type="Coordinating"|English="and"
440060150021|ἀτενίσαντες|440060150111|ADV|Cat="verb"|Id="10"|morphId="440060150021"|Unicode="ἀτενίσαντες"|Lemma="ἀτενίζω"|Lang="G"|StrongNumber="G08160"|Morph="V,PAA,NMP,"|Mood="Participle"|Tense="Aorist"|Voice="Active"|Case="Nominative"|Gender="Masculine"|Number="Plural"|English="looked intently"
440060150031|εἰς|440060150041|prep|Cat="prep"|Id="13"|morphId="440060150031"|Unicode="εἰς"|Lemma="εἰς"|Lang="G"|StrongNumber="G15190"|Morph="P,,,,,A,,,"|Case="Accusative"|English="at"
440060150041|αὐτὸν,|440060150021|ADV|Cat="pron"|Id="15"|morphId="440060150041"|Unicode="αὐτὸν,"|Lemma="αὐτός"|Lang="G"|StrongNumber="G08460"|Morph="RP,,,3AMS,"|Type="Personal"|Person="Third"|Case="Accusative"|Gender="Masculine"|Number="Singular"|English="him"
440060150051|πάντες|440060150071|np|Cat="pron"|Id="19"|morphId="440060150051"|Unicode="πάντες"|Lemma="πᾶς"|Lang="G"|StrongNumber="G39560"|Morph="RI,,,,NMP,"|Type="Indefinite"|Case="Nominative"|Gender="Masculine"|Number="Plural"|English="all"
440060150061|οἱ|440060150071|det|Cat="pron"|Id="22"|morphId="440060150061"|Unicode="οἱ"|Lemma="ὁ"|Lang="G"|StrongNumber="G35880"|Morph="RD,,,,NMP,"|Type="Demonstrative"|Case="Nominative"|Gender="Masculine"|Number="Plural"|English="those"
440060150071|καθεζόμενοι|440060150111|S|Cat="verb"|Id="26"|morphId="440060150071"|Unicode="καθεζόμενοι"|Lemma="καθέζομαι"|Lang="G"|StrongNumber="G25160"|Morph="V,PPM,NMP,"|Mood="Participle"|Tense="Present"|Voice="Middle"|Case="Nominative"|Gender="Masculine"|Number="Plural"|English="who were sitting"
440060150081|ἐν|440060150101|prep|Cat="prep"|Id="29"|morphId="440060150081"|Unicode="ἐν"|Lemma="ἐν"|Lang="G"|StrongNumber="G17220"|Morph="P,,,,,D,,,"|Case="Dative"|English="in"
440060150091|τῷ|440060150101|det|Cat="det"|Id="31"|morphId="440060150091"|Unicode="τῷ"|Lemma="ὁ"|Lang="G"|StrongNumber="G35880"|Morph="EA,,,,DNS,"|Type="Article"|Case="Dative"|Gender="Neuter"|Number="Singular"|English="the"
440060150101|Συνεδρίῳ|440060150071|ADV|Cat="noun"|Id="33"|morphId="440060150101"|Unicode="Συνεδρίῳ"|Lemma="συνέδριον"|Lang="G"|StrongNumber="G48920"|Morph="N,,,,,DNS,"|Case="Dative"|Gender="Neuter"|Number="Singular"|English="council"
440060150111|εἶδον|None|CL|Cat="verb"|Id="36"|morphId="440060150111"|Unicode="εἶδον"|Lemma="ὁράω"|Lang="G"|StrongNumber="G37080"|Morph="V,IAA3,,P,"|Mood="Indicative"|Tense="Aorist"|Voice="Active"|Person="Third"|Number="Plural"|English="saw"
440060150121|τὸ|440060150131|det|Cat="det"|Id="39"|morphId="440060150121"|Unicode="τὸ"|Lemma="ὁ"|Lang="G"|StrongNumber="G35880"|Morph="EA,,,,ANS,"|Type="Article"|Case="Accusative"|Gender="Neuter"|Number="Singular"|English="the"
440060150131|πρόσωπον|440060150111|O|Cat="noun"|Id="42"|morphId="440060150131"|Unicode="πρόσωπον"|Lemma="πρόσωπον"|Lang="G"|StrongNumber="G43830"|Morph="N,,,,,ANS,"|Case="Accusative"|Gender="Neuter"|Number="Singular"|English="face"
440060150141|αὐτοῦ,|440060150131|np|Cat="pron"|Id="44"|morphId="440060150141"|Unicode="αὐτοῦ,"|Lemma="αὐτός"|Lang="G"|StrongNumber="G08460"|Morph="RP,,,3GMS,"|Type="Personal"|Person="Third"|Case="Genitive"|Gender="Masculine"|Number="Singular"|English="of him"
440060150151|ὡσεὶ|440060150161|conj|Cat="conj"|Id="46"|morphId="440060150151"|Unicode="ὡσεὶ"|Lemma="ὡσεί"|Lang="G"|StrongNumber="G56160"|Morph="CS,,,,,,,,"|Type="Subordinating"|English="like"
440060150161|πρόσωπον|440060150111|CL|Cat="noun"|Id="51"|morphId="440060150161"|Unicode="πρόσωπον"|Lemma="πρόσωπον"|Lang="G"|StrongNumber="G43830"|Morph="N,,,,,ANS,"|Case="Accusative"|Gender="Neuter"|Number="Singular"|English="face"
440060150171|ἀγγέλου.|440060150161|np|Cat="noun"|Id="53"|morphId="440060150171"|Unicode="ἀγγέλου."|Lemma="ἄγγελος"|Lang="G"|StrongNumber="G00320"|Morph="N,,,,,GMS,"|Case="Genitive"|Gender="Masculine"|Number="Singular"|English="of an angel"
