510040010011|οἱ|510040010021|det|Cat="det"|Id="5"|morphId="510040010011"|Unicode="οἱ"|Lemma="ὁ"|Lang="G"|StrongNumber="G35880"|Morph="EA,,,,VMP,"|Type="Article"|Case="Vocative"|Gender="Masculine"|Number="Plural"|English="The"
510040010021|κύριοι,|510040010101|CL|Cat="noun"|Id="7"|morphId="510040010021"|Unicode="κύριοι,"|Lemma="κύριος"|Lang="G"|StrongNumber="G29620"|Morph="N,,,,,VMP,"|Case="Vocative"|Gender="Masculine"|Number="Plural"|English="Masters"
510040010031|τὸ|510040010041|pron|Cat="pron"|Id="12"|morphId="510040010031"|Unicode="τὸ"|Lemma="ὁ"|Lang="G"|StrongNumber="G35880"|Morph="RR,,,,ANS,"|Type="Relative"|Case="Accusative"|Gender="Neuter"|Number="Singular"|English="what"
510040010041|δίκαιον|510040010101|O|Cat="noun"|Id="14"|morphId="510040010041"|Unicode="δίκαιον"|Lemma="δίκαιος"|Lang="G"|StrongNumber="G13420"|Morph="NS,,,,ANS,"|Type="Substantive_Adj"|Case="Accusative"|Gender="Neuter"|Number="Singular"|English="justly"
510040010051|καὶ|510040010041|conj|Cat="conj"|Id="15"|morphId="510040010051"|Unicode="καὶ"|Lemma="καί"|Lang="G"|StrongNumber="G25320"|Morph="CC,,,,,,,,"|Type="Coordinating"|English="and"
510040010061|τὴν|510040010071|det|Cat="det"|Id="17"|morphId="510040010061"|Unicode="τὴν"|Lemma="ὁ"|Lang="G"|StrongNumber="G35880"|Morph="EA,,,,AFS,"|Type="Article"|Case="Accusative"|Gender="Feminine"|Number="Singular"
510040010071|ἰσότητα|510040010041|np|Cat="noun"|Id="19"|morphId="510040010071"|Unicode="ἰσότητα"|Lemma="ἰσότης"|Lang="G"|StrongNumber="G24710"|Morph="N,,,,,AFS,"|Case="Accusative"|Gender="Feminine"|Number="Singular"|English="fairly"
510040010081|τοῖς|510040010091|det|Cat="det"|Id="22"|morphId="510040010081"|Unicode="τοῖς"|Lemma="ὁ"|Lang="G"|StrongNumber="G35880"|Morph="EP,,,,DMP,"|Type="Possessive"|Case="Dative"|Gender="Masculine"|Number="Plural"|English="to theyour"
510040010091|δούλοις|510040010101|IO|Cat="noun"|Id="24"|morphId="510040010091"|Unicode="δούλοις"|Lemma="δοῦλος"|Lang="G"|StrongNumber="G14010"|Morph="N,,,,,DMP,"|Case="Dative"|Gender="Masculine"|Number="Plural"|English="slaves"
510040010101|παρέχεσθε,|None|CL|Cat="verb"|Id="27"|morphId="510040010101"|Unicode="παρέχεσθε,"|Lemma="παρέχω"|Lang="G"|StrongNumber="G39300"|Morph="V,MPM2,,P,"|Mood="Imperative"|Tense="Present"|Voice="Middle"|Person="Second"|Number="Plural"|English="grant"
510040010111|εἰδότες|510040010101|ADV|Cat="verb"|Id="33"|morphId="510040010111"|Unicode="εἰδότες"|Lemma="εἴδω"|Lang="G"|StrongNumber="G14920"|Morph="V,PEA,NMP,"|Mood="Participle"|Tense="Perfect"|Voice="Active"|Case="Nominative"|Gender="Masculine"|Number="Plural"|English="knowing"
510040010121|ὅτι|510040010151|conj|Cat="conj"|Id="35"|morphId="510040010121"|Unicode="ὅτι"|Lemma="ὅτι"|Lang="G"|StrongNumber="G37540"|Morph="CS,,,,,,,,"|Type="Subordinating"|English="that"
510040010131|καὶ|510040010141|advp|Cat="adv"|Id="40"|morphId="510040010131"|Unicode="καὶ"|Lemma="καί"|Lang="G"|StrongNumber="G25320"|Morph="D,,,,,,,,,"|English="also"
510040010141|ὑμεῖς|510040010151|S|Cat="pron"|Id="42"|morphId="510040010141"|Unicode="ὑμεῖς"|Lemma="σύ"|Lang="G"|StrongNumber="G47710"|Morph="RP,,,2N,P,"|Type="Personal"|Person="Second"|Case="Nominative"|Number="Plural"|English="you"
510040010151|ἔχετε|510040010111|CL|Cat="verb"|Id="45"|morphId="510040010151"|Unicode="ἔχετε"|Lemma="ἔχω"|Lang="G"|StrongNumber="G21920"|Morph="V,IPA2,,P,"|Mood="Indicative"|Tense="Present"|Voice="Active"|Person="Second"|Number="Plural"|English="have"
510040010161|Κύριον|510040010151|O|Cat="noun"|Id="48"|morphId="510040010161"|Unicode="Κύριον"|Lemma="κύριος"|Lang="G"|StrongNumber="G29620"|Morph="N,,,,,AMS,"|Case="Accusative"|Gender="Masculine"|Number="Singular"|English="a Master"
510040010171|ἐν|510040010181|prep|Cat="prep"|Id="51"|morphId="510040010171"|Unicode="ἐν"|Lemma="ἐν"|Lang="G"|StrongNumber="G17220"|Morph="P,,,,,D,,,"|Case="Dative"|English="in"
510040010181|οὐρανῷ.|510040010151|ADV|Cat="noun"|Id="53"|morphId="510040010181"|Unicode="οὐρανῷ."|Lemma="οὐρανός"|Lang="G"|StrongNumber="G37720"|Morph="N,,,,,DMS,"|Case="Dative"|Gender="Masculine"|Number="Singular"|English="heaven"
510040020011|τῇ|510040020021|det|Cat="det"|Id="5"|morphId="510040020011"|Unicode="τῇ"|Lemma="ὁ"|Lang="G"|StrongNumber="G35880"|Morph="EA,,,,DFS,"|Type="Article"|Case="Dative"|Gender="Feminine"|Number="Singular"
510040020021|προσευχῇ|510040020031|O|Cat="noun"|Id="7"|morphId="510040020021"|Unicode="προσευχῇ"|Lemma="προσευχή"|Lang="G"|StrongNumber="G43350"|Morph="N,,,,,DFS,"|Case="Dative"|Gender="Feminine"|Number="Singular"|English="to prayer"
510040020031|προσκαρτερεῖτε,|None|CL|Cat="verb"|Id="10"|morphId="510040020031"|Unicode="προσκαρτερεῖτε,"|Lemma="προσκαρτερέω"|Lang="G"|StrongNumber="G43420"|Morph="V,MPA2,,P,"|Mood="Imperative"|Tense="Present"|Voice="Active"|Person="Second"|Number="Plural"|English="devote yourselves"
510040020041|γρηγοροῦντες|510040020031|ADV|Cat="verb"|Id="15"|morphId="510040020041"|Unicode="γρηγοροῦντες"|Lemma="γρηγορέω"|Lang="G"|StrongNumber="G11270"|Morph="V,PPA,NMP,"|Mood="Participle"|Tense="Present"|Voice="Active"|Case="Nominative"|Gender="Masculine"|Number="Plural"|English="keeping alert"
510040020051|ἐν|510040020061|prep|Cat="prep"|Id="18"|morphId="510040020051"|Unicode="ἐν"|Lemma="ἐν"|Lang="G"|StrongNumber="G17220"|Morph="P,,,,,D,,,"|Case="Dative"|English="in"
510040020061|αὐτῇ|510040020041|ADV|Cat="pron"|Id="20"|morphId="510040020061"|Unicode="αὐτῇ"|Lemma="αὐτός"|Lang="G"|StrongNumber="G08460"|Morph="RP,,,,DFS,"|Type="Personal"|Case="Dative"|Gender="Feminine"|Number="Singular"|English="it"
510040020071|ἐν|510040020081|prep|Cat="prep"|Id="23"|morphId="510040020071"|Unicode="ἐν"|Lemma="ἐν"|Lang="G"|StrongNumber="G17220"|Morph="P,,,,,D,,,"|Case="Dative"|English="with"
510040020081|εὐχαριστίᾳ;|510040020041|ADV|Cat="noun"|Id="25"|morphId="510040020081"|Unicode="εὐχαριστίᾳ;"|Lemma="εὐχαριστία"|Lang="G"|StrongNumber="G21690"|Morph="N,,,,,DFS,"|Case="Dative"|Gender="Feminine"|Number="Singular"|English="thanksgiving"
510040030011|προσευχόμενοι|None|CL|Cat="verb"|Id="6"|morphId="510040030011"|Unicode="προσευχόμενοι"|Lemma="προσεύχομαι"|Lang="G"|StrongNumber="G43360"|Morph="V,PPM,NMP,"|Mood="Participle"|Tense="Present"|Voice="Middle"|Case="Nominative"|Gender="Masculine"|Number="Plural"|English="pray"
510040030021|ἅμα|510040030011|ADV|Cat="adv"|Id="9"|morphId="510040030021"|Unicode="ἅμα"|Lemma="ἅμα"|Lang="G"|StrongNumber="G02600"|Morph="D,,,,,,,,,"|English="at the same time"
510040030031|καὶ|510040030051|advp|Cat="adv"|Id="13"|morphId="510040030031"|Unicode="καὶ"|Lemma="καί"|Lang="G"|StrongNumber="G25320"|Morph="D,,,,,,,,,"|English="also"
510040030041|περὶ|510040030051|prep|Cat="prep"|Id="15"|morphId="510040030041"|Unicode="περὶ"|Lemma="περί"|Lang="G"|StrongNumber="G40120"|Morph="P,,,,,G,,,"|Case="Genitive"|English="for"
510040030051|ἡμῶν,|510040030011|ADV|Cat="pron"|Id="17"|morphId="510040030051"|Unicode="ἡμῶν,"|Lemma="ἐγώ"|Lang="G"|StrongNumber="G14730"|Morph="RP,,,1G,P,"|Type="Personal"|Person="First"|Case="Genitive"|Number="Plural"|English="us"
510040030061|ἵνα|510040030091|conj|Cat="conj"|Id="19"|morphId="510040030061"|Unicode="ἵνα"|Lemma="ἵνα"|Lang="G"|StrongNumber="G24430"|Morph="CS,,,,,,,,"|Type="Subordinating"|English="that"
510040030071|ὁ|510040030081|det|Cat="det"|Id="23"|morphId="510040030071"|Unicode="ὁ"|Lemma="ὁ"|Lang="G"|StrongNumber="G35880"|Morph="EA,,,,NMS,"|Type="Article"|Case="Nominative"|Gender="Masculine"|Number="Singular"
510040030081|Θεὸς|510040030091|S|Cat="noun"|Id="25"|morphId="510040030081"|Unicode="Θεὸς"|Lemma="θεός"|Lang="G"|StrongNumber="G23160"|Morph="N,,,,,NMS,"|Case="Nominative"|Gender="Masculine"|Number="Singular"|English="God"
510040030091|ἀνοίξῃ|510040030011|CL|Cat="verb"|Id="28"|morphId="510040030091"|Unicode="ἀνοίξῃ"|Lemma="ἀνοίγω"|Lang="G"|StrongNumber="G04550"|Morph="V,SAA3,,S,"|Mood="Subjunctive"|Tense="Aorist"|Voice="Active"|Person="Third"|Number="Singular"|English="may open"
510040030101|ἡμῖν|510040030091|ADV|Cat="pron"|Id="31"|morphId="510040030101"|Unicode="ἡμῖν"|Lemma="ἐγώ"|Lang="G"|StrongNumber="G14730"|Morph="RP,,,1D,P,"|Type="Personal"|Person="First"|Case="Dative"|Number="Plural"|English="for us"
510040030111|θύραν|510040030091|O|Cat="noun"|Id="35"|morphId="510040030111"|Unicode="θύραν"|Lemma="θύρα"|Lang="G"|StrongNumber="G23740"|Morph="N,,,,,AFS,"|Case="Accusative"|Gender="Feminine"|Number="Singular"|English="a door"
510040030121|τοῦ|510040030131|det|Cat="det"|Id="37"|morphId="510040030121"|Unicode="τοῦ"|Lemma="ὁ"|Lang="G"|StrongNumber="G35880"|Morph="EA,,,,GMS,"|Type="Article"|Case="Genitive"|Gender="Masculine"|Number="Singular"|English="the"
510040030131|λόγου,|510040030111|np|Cat="noun"|Id="39"|morphId="510040030131"|Unicode="λόγου,"|Lemma="λόγος"|Lang="G"|StrongNumber="G30560"|Morph="N,,,,,GMS,"|Case="Genitive"|Gender="Masculine"|Number="Singular"|English="for ~ word"
510040030141|λαλῆσαι|510040030091|ADV|Cat="verb"|Id="44"|morphId="510040030141"|Unicode="λαλῆσαι"|Lemma="λαλέω"|Lang="G"|StrongNumber="G29800"|Morph="V,NAA,,,,,"|Mood="Infinitive"|Tense="Aorist"|Voice="Active"|English="to speak"
510040030151|τὸ|510040030161|det|Cat="det"|Id="48"|morphId="510040030151"|Unicode="τὸ"|Lemma="ὁ"|Lang="G"|StrongNumber="G35880"|Morph="EA,,,,ANS,"|Type="Article"|Case="Accusative"|Gender="Neuter"|Number="Singular"|English="the"
510040030161|μυστήριον|510040030141|O|Cat="noun"|Id="51"|morphId="510040030161"|Unicode="μυστήριον"|Lemma="μυστήριον"|Lang="G"|StrongNumber="G34660"|Morph="N,,,,,ANS,"|Case="Accusative"|Gender="Neuter"|Number="Singular"|English="mystery"
510040030171|τοῦ|510040030181|det|Cat="det"|Id="53"|morphId="510040030171"|Unicode="τοῦ"|Lemma="ὁ"|Lang="G"|StrongNumber="G35880"|Morph="EA,,,,GMS,"|Type="Article"|Case="Genitive"|Gender="Masculine"|Number="Singular"
510040030181|Χριστοῦ,|510040030161|np|Cat="noun"|Id="55"|morphId="510040030181"|Unicode="Χριστοῦ,"|Lemma="χριστός"|Lang="G"|StrongNumber="G55470"|Morph="N,,,,,GMS,"|Case="Genitive"|Gender="Masculine"|Number="Singular"|English="of Christ"
510040030191|δι’|510040030201|prep|Cat="prep"|Id="59"|morphId="510040030191"|Unicode="δι’"|Lemma="διά"|Lang="G"|StrongNumber="G12230"|Morph="P,,,,,A,,,"|Case="Accusative"|English="for"
510040030201|ὃ|510040030221|ADV|Cat="pron"|Id="61"|morphId="510040030201"|Unicode="ὃ"|Lemma="ὅς"|Lang="G"|StrongNumber="G37390"|Morph="RR,,,,ANS,"|Type="Relative"|Case="Accusative"|Gender="Neuter"|Number="Singular"|English="which"
510040030211|καὶ|510040030221|ADV|Cat="adv"|Id="64"|morphId="510040030211"|Unicode="καὶ"|Lemma="καί"|Lang="G"|StrongNumber="G25320"|Morph="D,,,,,,,,,"|English="also"
510040030221|δέδεμαι,|510040030161|CL|Cat="verb"|Id="67"|morphId="510040030221"|Unicode="δέδεμαι,"|Lemma="δέω"|Lang="G"|StrongNumber="G12100"|Morph="V,IEP1,,S,"|Mood="Indicative"|Tense="Perfect"|Voice="Passive"|Person="First"|Number="Singular"|English="I am in chains"
510040040011|ἵνα|510040040021|conj|Cat="conj"|Id="3"|morphId="510040040011"|Unicode="ἵνα"|Lemma="ἵνα"|Lang="G"|StrongNumber="G24430"|Morph="CS,,,,,,,,"|Type="Subordinating"|English="that"
510040040021|φανερώσω|None|CL|Cat="verb"|Id="8"|morphId="510040040021"|Unicode="φανερώσω"|Lemma="φανερόω"|Lang="G"|StrongNumber="G53190"|Morph="V,SAA1,,S,"|Mood="Subjunctive"|Tense="Aorist"|Voice="Active"|Person="First"|Number="Singular"|English="I may make ~ clear"
510040040031|αὐτὸ,|510040040021|O|Cat="pron"|Id="11"|morphId="510040040031"|Unicode="αὐτὸ,"|Lemma="αὐτός"|Lang="G"|StrongNumber="G08460"|Morph="RP,,,3ANS,"|Type="Personal"|Person="Third"|Case="Accusative"|Gender="Neuter"|Number="Singular"|English="it"
510040040041|ὡς|510040040051|conj|Cat="conj"|Id="13"|morphId="510040040041"|Unicode="ὡς"|Lemma="ὡς"|Lang="G"|StrongNumber="G56130"|Morph="CS,,,,,,,,"|Type="Subordinating"|English="as"
510040040051|δεῖ|510040040021|CL|Cat="verb"|Id="17"|morphId="510040040051"|Unicode="δεῖ"|Lemma="δέω"|Lang="G"|StrongNumber="G12100"|Morph="V,IPA3,,S,"|Mood="Indicative"|Tense="Present"|Voice="Active"|Person="Third"|Number="Singular"|English="ought"
510040040061|με|510040040071|S|Cat="pron"|Id="23"|morphId="510040040061"|Unicode="με"|Lemma="ἐγώ"|Lang="G"|StrongNumber="G14730"|Morph="RP,,,1A,S,"|Type="Personal"|Person="First"|Case="Accusative"|Number="Singular"|English="for me"
510040040071|λαλῆσαι.|510040040051|S|Cat="verb"|Id="26"|morphId="510040040071"|Unicode="λαλῆσαι."|Lemma="λαλέω"|Lang="G"|StrongNumber="G29800"|Morph="V,NAA,,,,,"|Mood="Infinitive"|Tense="Aorist"|Voice="Active"|English="to speak"
510040050011|ἐν|510040050021|prep|Cat="prep"|Id="5"|morphId="510040050011"|Unicode="ἐν"|Lemma="ἐν"|Lang="G"|StrongNumber="G17220"|Morph="P,,,,,D,,,"|Case="Dative"|English="with"
510040050021|σοφίᾳ|510040050031|ADV|Cat="noun"|Id="7"|morphId="510040050021"|Unicode="σοφίᾳ"|Lemma="σοφία"|Lang="G"|StrongNumber="G46780"|Morph="N,,,,,DFS,"|Case="Dative"|Gender="Feminine"|Number="Singular"|English="wisdom"
510040050031|περιπατεῖτε|None|CL|Cat="verb"|Id="10"|morphId="510040050031"|Unicode="περιπατεῖτε"|Lemma="περιπατέω"|Lang="G"|StrongNumber="G40430"|Morph="V,MPA2,,P,"|Mood="Imperative"|Tense="Present"|Voice="Active"|Person="Second"|Number="Plural"|English="conduct yourselves"
510040050041|πρὸς|510040050061|prep|Cat="prep"|Id="13"|morphId="510040050041"|Unicode="πρὸς"|Lemma="πρός"|Lang="G"|StrongNumber="G43140"|Morph="P,,,,,A,,,"|Case="Accusative"|English="toward"
510040050051|τοὺς|510040050061|pron|Cat="pron"|Id="15"|morphId="510040050051"|Unicode="τοὺς"|Lemma="ὁ"|Lang="G"|StrongNumber="G35880"|Morph="RD,,,,AMP,"|Type="Demonstrative"|Case="Accusative"|Gender="Masculine"|Number="Plural"|English="those"
510040050061|ἔξω,|510040050031|ADV|Cat="adv"|Id="18"|morphId="510040050061"|Unicode="ἔξω,"|Lemma="ἔξω"|Lang="G"|StrongNumber="G18540"|Morph="D,,,,,,,,,"|English="outsiders"
510040050071|τὸν|510040050081|det|Cat="det"|Id="23"|morphId="510040050071"|Unicode="τὸν"|Lemma="ὁ"|Lang="G"|StrongNumber="G35880"|Morph="EA,,,,AMS,"|Type="Article"|Case="Accusative"|Gender="Masculine"|Number="Singular"|English="the"
510040050081|καιρὸν|510040050091|O|Cat="noun"|Id="25"|morphId="510040050081"|Unicode="καιρὸν"|Lemma="καιρός"|Lang="G"|StrongNumber="G25400"|Morph="N,,,,,AMS,"|Case="Accusative"|Gender="Masculine"|Number="Singular"|English="time"
510040050091|ἐξαγοραζόμενοι.|510040050031|ADV|Cat="verb"|Id="28"|morphId="510040050091"|Unicode="ἐξαγοραζόμενοι."|Lemma="ἐξαγοράζω"|Lang="G"|StrongNumber="G18050"|Morph="V,PPM,NMP,"|Mood="Participle"|Tense="Present"|Voice="Middle"|Case="Nominative"|Gender="Masculine"|Number="Plural"|English="making the most of"
510040060011|ὁ|510040060021|det|Cat="det"|Id="5"|morphId="510040060011"|Unicode="ὁ"|Lemma="ὁ"|Lang="G"|StrongNumber="G35880"|Morph="EA,,,,NMS,"|Type="Article"|Case="Nominative"|Gender="Masculine"|Number="Singular"|English="The"
510040060021|λόγος|510040060061|S|Cat="noun"|Id="8"|morphId="510040060021"|Unicode="λόγος"|Lemma="λόγος"|Lang="G"|StrongNumber="G30560"|Morph="N,,,,,NMS,"|Case="Nominative"|Gender="Masculine"|Number="Singular"|English="speech"
510040060031|ὑμῶν|510040060021|np|Cat="pron"|Id="10"|morphId="510040060031"|Unicode="ὑμῶν"|Lemma="σύ"|Lang="G"|StrongNumber="G47710"|Morph="RP,,,2G,P,"|Type="Personal"|Person="Second"|Case="Genitive"|Number="Plural"|English="of you"
510040060041|πάντοτε|510040060061|ADV|Cat="adv"|Id="13"|morphId="510040060041"|Unicode="πάντοτε"|Lemma="πάντοτε"|Lang="G"|StrongNumber="G38420"|Morph="D,,,,,,,,,"|English="always"
510040060051|ἐν|510040060061|prep|Cat="prep"|Id="16"|morphId="510040060051"|Unicode="ἐν"|Lemma="ἐν"|Lang="G"|StrongNumber="G17220"|Morph="P,,,,,D,,,"|Case="Dative"|English="with"
510040060061|χάριτι,|None|CL|Cat="noun"|Id="18"|morphId="510040060061"|Unicode="χάριτι,"|Lemma="χάρις"|Lang="G"|StrongNumber="G54850"|Morph="N,,,,,DFS,"|Case="Dative"|Gender="Feminine"|Number="Singular"|English="grace"
510040060071|ἅλατι|510040060081|ADV|Cat="noun"|Id="23"|morphId="510040060071"|Unicode="ἅλατι"|Lemma="ἅλας"|Lang="G"|StrongNumber="G02170"|Morph="N,,,,,DNS,"|Case="Dative"|Gender="Neuter"|Number="Singular"|English="with salt"
510040060081|ἠρτυμένος,|510040060061|ADV|Cat="verb"|Id="26"|morphId="510040060081"|Unicode="ἠρτυμένος,"|Lemma="ἀρτύω"|Lang="G"|StrongNumber="G07410"|Morph="V,PEP,NMS,"|Mood="Participle"|Tense="Perfect"|Voice="Passive"|Case="Nominative"|Gender="Masculine"|Number="Singular"|English="seasoned"
510040060091|εἰδέναι|510040060061|ADV|Cat="verb"|Id="31"|morphId="510040060091"|Unicode="εἰδέναι"|Lemma="εἴδω"|Lang="G"|StrongNumber="G14920"|Morph="V,NEA,,,,,"|Mood="Infinitive"|Tense="Perfect"|Voice="Active"|English="may know"
510040060101|πῶς|510040060111|ADV|Cat="adv"|Id="36"|morphId="510040060101"|Unicode="πῶς"|Lemma="πῶς"|Lang="G"|StrongNumber="G44590"|Morph="D,,,,,,,,,"|English="how"
510040060111|δεῖ|510040060091|O|Cat="verb"|Id="39"|morphId="510040060111"|Unicode="δεῖ"|Lemma="δέω"|Lang="G"|StrongNumber="G12100"|Morph="V,IPA3,,S,"|Mood="Indicative"|Tense="Present"|Voice="Active"|Person="Third"|Number="Singular"|English="should"
510040060121|ὑμᾶς|510040060151|S|Cat="pron"|Id="45"|morphId="510040060121"|Unicode="ὑμᾶς"|Lemma="σύ"|Lang="G"|StrongNumber="G47710"|Morph="RP,,,2A,P,"|Type="Personal"|Person="Second"|Case="Accusative"|Number="Plural"|English="for you"
510040060131|ἑνὶ|510040060151|IO|Cat="noun"|Id="49"|morphId="510040060131"|Unicode="ἑνὶ"|Lemma="εἷς"|Lang="G"|StrongNumber="G15200"|Morph="NS,,,,DMS,"|Type="Substantive_Adj"|Case="Dative"|Gender="Masculine"|Number="Singular"|English="person"
510040060141|ἑκάστῳ|510040060131|adjp|Cat="det"|Id="52"|morphId="510040060141"|Unicode="ἑκάστῳ"|Lemma="ἕκαστος"|Lang="G"|StrongNumber="G15380"|Morph="EQ,,,,DMS,"|Type="Quantifier"|Case="Dative"|Gender="Masculine"|Number="Singular"|English="each"
510040060151|ἀποκρίνεσθαι.|510040060111|S|Cat="verb"|Id="55"|morphId="510040060151"|Unicode="ἀποκρίνεσθαι."|Lemma="ἀποκρίνω"|Lang="G"|StrongNumber="G06110"|Morph="V,NPM,,,,,"|Mood="Infinitive"|Tense="Present"|Voice="Middle"|English="to answer"
510040070011|τὰ|510040070041|pron|Cat="pron"|Id="5"|morphId="510040070011"|Unicode="τὰ"|Lemma="ὁ"|Lang="G"|StrongNumber="G35880"|Morph="RD,,,,ANP,"|Type="Demonstrative"|Case="Accusative"|Gender="Neuter"|Number="Plural"|English="the news"
510040070021|κατ’|510040070031|prep|Cat="prep"|Id="8"|morphId="510040070021"|Unicode="κατ’"|Lemma="κατά"|Lang="G"|StrongNumber="G25960"|Morph="P,,,,,A,,,"|Case="Accusative"|English="about"
510040070031|ἐμὲ|510040070041|pp|Cat="pron"|Id="10"|morphId="510040070031"|Unicode="ἐμὲ"|Lemma="ἐγώ"|Lang="G"|StrongNumber="G14730"|Morph="RP,,,1A,S,"|Type="Personal"|Person="First"|Case="Accusative"|Number="Singular"|English="me"
510040070041|πάντα|510040070051|O|Cat="pron"|Id="12"|morphId="510040070041"|Unicode="πάντα"|Lemma="πᾶς"|Lang="G"|StrongNumber="G39560"|Morph="RI,,,,ANP,"|Type="Indefinite"|Case="Accusative"|Gender="Neuter"|Number="Plural"|English="all"
510040070051|γνωρίσει|None|CL|Cat="verb"|Id="15"|morphId="510040070051"|Unicode="γνωρίσει"|Lemma="γνωρίζω"|Lang="G"|StrongNumber="G11070"|Morph="V,IFA3,,S,"|Mood="Indicative"|Tense="Future"|Voice="Active"|Person="Third"|Number="Singular"|English="will tell"
510040070061|ὑμῖν|510040070051|IO|Cat="pron"|Id="18"|morphId="510040070061"|Unicode="ὑμῖν"|Lemma="σύ"|Lang="G"|StrongNumber="G47710"|Morph="RP,,,2D,P,"|Type="Personal"|Person="Second"|Case="Dative"|Number="Plural"|English="to you"
510040070071|Τυχικὸς,|510040070051|S|Cat="noun"|Id="22"|morphId="510040070071"|Unicode="Τυχικὸς,"|Lemma="Τυχικός"|Lang="G"|StrongNumber="G51900"|Morph="N,,,,,NMS,"|Case="Nominative"|Gender="Masculine"|Number="Singular"|English="Tychicus"
510040070081|ὁ|510040070101|det|Cat="det"|Id="24"|morphId="510040070081"|Unicode="ὁ"|Lemma="ὁ"|Lang="G"|StrongNumber="G35880"|Morph="EA,,,,NMS,"|Type="Article"|Case="Nominative"|Gender="Masculine"|Number="Singular"|English="he"
510040070091|ἀγαπητὸς|510040070101|adjp|Cat="adj"|Id="29"|morphId="510040070091"|Unicode="ἀγαπητὸς"|Lemma="ἀγαπητός"|Lang="G"|StrongNumber="G00270"|Morph="AA,,,,NMS,"|Type="Ascriptive"|Case="Nominative"|Gender="Masculine"|Number="Singular"|English="beloved"
510040070101|ἀδελφὸς,|510040070071|np|Cat="noun"|Id="31"|morphId="510040070101"|Unicode="ἀδελφὸς,"|Lemma="ἀδελφός"|Lang="G"|StrongNumber="G00800"|Morph="N,,,,,NMS,"|Case="Nominative"|Gender="Masculine"|Number="Singular"|English="brother"
510040070111|καὶ|510040070101|conj|Cat="conj"|Id="32"|morphId="510040070111"|Unicode="καὶ"|Lemma="καί"|Lang="G"|StrongNumber="G25320"|Morph="CC,,,,,,,,"|Type="Coordinating"|English="and"
510040070121|πιστὸς|510040070131|adjp|Cat="adj"|Id="35"|morphId="510040070121"|Unicode="πιστὸς"|Lemma="πιστός"|Lang="G"|StrongNumber="G41030"|Morph="AA,,,,NMS,"|Type="Ascriptive"|Case="Nominative"|Gender="Masculine"|Number="Singular"|English="faithful"
510040070131|διάκονος,|510040070101|np|Cat="noun"|Id="37"|morphId="510040070131"|Unicode="διάκονος,"|Lemma="διάκονος"|Lang="G"|StrongNumber="G12490"|Morph="N,,,,,NMS,"|Case="Nominative"|Gender="Masculine"|Number="Singular"|English="minister"
510040070141|καὶ|510040070101|conj|Cat="conj"|Id="38"|morphId="510040070141"|Unicode="καὶ"|Lemma="καί"|Lang="G"|StrongNumber="G25320"|Morph="CC,,,,,,,,"|Type="Coordinating"|English="and"
510040070151|σύνδουλος|510040070101|np|Cat="noun"|Id="40"|morphId="510040070151"|Unicode="σύνδουλος"|Lemma="σύνδουλος"|Lang="G"|StrongNumber="G48890"|Morph="N,,,,,NMS,"|Case="Nominative"|Gender="Masculine"|Number="Singular"|English="fellow servant"
510040070161|ἐν|510040070171|prep|Cat="prep"|Id="42"|morphId="510040070161"|Unicode="ἐν"|Lemma="ἐν"|Lang="G"|StrongNumber="G17220"|Morph="P,,,,,D,,,"|Case="Dative"|English="in"
510040070171|Κυρίῳ;|510040070101|pp|Cat="noun"|Id="44"|morphId="510040070171"|Unicode="Κυρίῳ;"|Lemma="κύριος"|Lang="G"|StrongNumber="G29620"|Morph="N,,,,,DMS,"|Case="Dative"|Gender="Masculine"|Number="Singular"|English="Lord"
510040080011|ὃν|510040080021|O|Cat="pron"|Id="5"|morphId="510040080011"|Unicode="ὃν"|Lemma="ὅς"|Lang="G"|StrongNumber="G37390"|Morph="RR,,,,AMS,"|Type="Relative"|Case="Accusative"|Gender="Masculine"|Number="Singular"|English="whom"
510040080021|ἔπεμψα|None|CL|Cat="verb"|Id="8"|morphId="510040080021"|Unicode="ἔπεμψα"|Lemma="πέμπω"|Lang="G"|StrongNumber="G39920"|Morph="V,IAA1,,S,"|Mood="Indicative"|Tense="Aorist"|Voice="Active"|Person="First"|Number="Singular"|English="I have sent"
510040080031|πρὸς|510040080041|prep|Cat="prep"|Id="11"|morphId="510040080031"|Unicode="πρὸς"|Lemma="πρός"|Lang="G"|StrongNumber="G43140"|Morph="P,,,,,A,,,"|Case="Accusative"|English="to"
510040080041|ὑμᾶς|510040080021|ADV|Cat="pron"|Id="13"|morphId="510040080041"|Unicode="ὑμᾶς"|Lemma="σύ"|Lang="G"|StrongNumber="G47710"|Morph="RP,,,2A,P,"|Type="Personal"|Person="Second"|Case="Accusative"|Number="Plural"|English="you"
510040080051|εἰς|510040080071|prep|Cat="prep"|Id="16"|morphId="510040080051"|Unicode="εἰς"|Lemma="εἰς"|Lang="G"|StrongNumber="G15190"|Morph="P,,,,,A,,,"|Case="Accusative"|English="for"
510040080061|αὐτὸ|510040080071|pron|Cat="pron"|Id="18"|morphId="510040080061"|Unicode="αὐτὸ"|Lemma="αὐτός"|Lang="G"|StrongNumber="G08460"|Morph="RD,,,,ANS,"|Type="Demonstrative"|Case="Accusative"|Gender="Neuter"|Number="Singular"|English="very"
510040080071|τοῦτο,|510040080021|ADV|Cat="det"|Id="20"|morphId="510040080071"|Unicode="τοῦτο,"|Lemma="οὗτος"|Lang="G"|StrongNumber="G37780"|Morph="ED,,,,ANS,"|Type="Demonstrative"|Case="Accusative"|Gender="Neuter"|Number="Singular"|English="this thing"
510040080081|ἵνα|510040080091|conj|Cat="conj"|Id="23"|morphId="510040080081"|Unicode="ἵνα"|Lemma="ἵνα"|Lang="G"|StrongNumber="G24430"|Morph="CS,,,,,,,,"|Type="Subordinating"|English="that"
510040080091|γνῶτε|510040080021|ADV|Cat="verb"|Id="28"|morphId="510040080091"|Unicode="γνῶτε"|Lemma="γινώσκω"|Lang="G"|StrongNumber="G10970"|Morph="V,SAA2,,P,"|Mood="Subjunctive"|Tense="Aorist"|Voice="Active"|Person="Second"|Number="Plural"|English="you may know"
510040080101|τὰ|510040080091|O|Cat="pron"|Id="32"|morphId="510040080101"|Unicode="τὰ"|Lemma="ὁ"|Lang="G"|StrongNumber="G35880"|Morph="RD,,,,ANP,"|Type="Demonstrative"|Case="Accusative"|Gender="Neuter"|Number="Plural"|English="circumstances"
510040080111|περὶ|510040080121|prep|Cat="prep"|Id="34"|morphId="510040080111"|Unicode="περὶ"|Lemma="περί"|Lang="G"|StrongNumber="G40120"|Morph="P,,,,,G,,,"|Case="Genitive"|English="about"
510040080121|ἡμῶν,|510040080101|pp|Cat="pron"|Id="36"|morphId="510040080121"|Unicode="ἡμῶν,"|Lemma="ἐγώ"|Lang="G"|StrongNumber="G14730"|Morph="RP,,,1G,P,"|Type="Personal"|Person="First"|Case="Genitive"|Number="Plural"|English="us"
510040080131|καὶ|510040080091|conj|Cat="conj"|Id="37"|morphId="510040080131"|Unicode="καὶ"|Lemma="καί"|Lang="G"|StrongNumber="G25320"|Morph="CC,,,,,,,,"|Type="Coordinating"|English="and"
510040080141|παρακαλέσῃ|510040080091|CL|Cat="verb"|Id="41"|morphId="510040080141"|Unicode="παρακαλέσῃ"|Lemma="παρακαλέω"|Lang="G"|StrongNumber="G38700"|Morph="V,SAA3,,S,"|Mood="Subjunctive"|Tense="Aorist"|Voice="Active"|Person="Third"|Number="Singular"|English="he may encourage"
510040080151|τὰς|510040080161|det|Cat="det"|Id="44"|morphId="510040080151"|Unicode="τὰς"|Lemma="ὁ"|Lang="G"|StrongNumber="G35880"|Morph="EA,,,,AFP,"|Type="Article"|Case="Accusative"|Gender="Feminine"|Number="Plural"|English="the"
510040080161|καρδίας|510040080141|O|Cat="noun"|Id="47"|morphId="510040080161"|Unicode="καρδίας"|Lemma="καρδία"|Lang="G"|StrongNumber="G25880"|Morph="N,,,,,AFP,"|Case="Accusative"|Gender="Feminine"|Number="Plural"|English="hearts"
510040080171|ὑμῶν,|510040080161|np|Cat="pron"|Id="49"|morphId="510040080171"|Unicode="ὑμῶν,"|Lemma="σύ"|Lang="G"|StrongNumber="G47710"|Morph="RP,,,2G,P,"|Type="Personal"|Person="Second"|Case="Genitive"|Number="Plural"|English="of you"
510040090011|σὺν|510040090021|prep|Cat="prep"|Id="4"|morphId="510040090011"|Unicode="σὺν"|Lemma="σύν"|Lang="G"|StrongNumber="G48620"|Morph="P,,,,,D,,,"|Case="Dative"|English="with"
510040090021|Ὀνησίμῳ,|None|ADV|Cat="noun"|Id="8"|morphId="510040090021"|Unicode="Ὀνησίμῳ,"|Lemma="Ὀνήσιμος"|Lang="G"|StrongNumber="G36820"|Morph="N,,,,,DMS,"|Case="Dative"|Gender="Masculine"|Number="Singular"|English="Onesimus"
510040090031|τῷ|510040090071|det|Cat="det"|Id="10"|morphId="510040090031"|Unicode="τῷ"|Lemma="ὁ"|Lang="G"|StrongNumber="G35880"|Morph="EA,,,,DMS,"|Type="Article"|Case="Dative"|Gender="Masculine"|Number="Singular"|English="the"
510040090041|πιστῷ|510040090071|adjp|Cat="adj"|Id="14"|morphId="510040090041"|Unicode="πιστῷ"|Lemma="πιστός"|Lang="G"|StrongNumber="G41030"|Morph="AR,,,,DMS,"|Type="Restrictive"|Case="Dative"|Gender="Masculine"|Number="Singular"|English="faithful"
510040090051|καὶ|510040090041|conj|Cat="conj"|Id="15"|morphId="510040090051"|Unicode="καὶ"|Lemma="καί"|Lang="G"|StrongNumber="G25320"|Morph="CC,,,,,,,,"|Type="Coordinating"|English="and"
510040090061|ἀγαπητῷ|510040090041|adjp|Cat="adj"|Id="17"|morphId="510040090061"|Unicode="ἀγαπητῷ"|Lemma="ἀγαπητός"|Lang="G"|StrongNumber="G00270"|Morph="AA,,,,DMS,"|Type="Ascriptive"|Case="Dative"|Gender="Masculine"|Number="Singular"|English="beloved"
510040090071|ἀδελφῷ,|510040090021|np|Cat="noun"|Id="19"|morphId="510040090071"|Unicode="ἀδελφῷ,"|Lemma="ἀδελφός"|Lang="G"|StrongNumber="G00800"|Morph="N,,,,,DMS,"|Case="Dative"|Gender="Masculine"|Number="Singular"|English="brother"
510040090081|ὅς|510040090111|S|Cat="pron"|Id="23"|morphId="510040090081"|Unicode="ὅς"|Lemma="ὅς"|Lang="G"|StrongNumber="G37390"|Morph="RR,,,,NMS,"|Type="Relative"|Case="Nominative"|Gender="Masculine"|Number="Singular"|English="who"
510040090091|ἐστιν|510040090111|VC|Cat="verb"|Id="26"|morphId="510040090091"|Unicode="ἐστιν"|Lemma="εἰμί"|Lang="G"|StrongNumber="G15100"|Morph="V,IPA3,,S,"|Mood="Indicative"|Tense="Present"|Voice="Active"|Person="Third"|Number="Singular"|English="is"
510040090101|ἐξ|510040090111|prep|Cat="prep"|Id="29"|morphId="510040090101"|Unicode="ἐξ"|Lemma="ἐκ"|Lang="G"|StrongNumber="G15370"|Morph="P,,,,,G,,,"|Case="Genitive"|English="one of"
510040090111|ὑμῶν.|510040090021|CL|Cat="pron"|Id="31"|morphId="510040090111"|Unicode="ὑμῶν."|Lemma="σύ"|Lang="G"|StrongNumber="G47710"|Morph="RP,,,2G,P,"|Type="Personal"|Person="Second"|Case="Genitive"|Number="Plural"|English="you"
510040090131|ὑμῖν|510040090141|IO|Cat="pron"|Id="35"|morphId="510040090131"|Unicode="ὑμῖν"|Lemma="σύ"|Lang="G"|StrongNumber="G47710"|Morph="RP,,,2D,P,"|Type="Personal"|Person="Second"|Case="Dative"|Number="Plural"|English="to you"
510040090141|γνωρίσουσιν|510040090021|CL|Cat="verb"|Id="38"|morphId="510040090141"|Unicode="γνωρίσουσιν"|Lemma="γνωρίζω"|Lang="G"|StrongNumber="G11070"|Morph="V,IFA3,,P,"|Mood="Indicative"|Tense="Future"|Voice="Active"|Person="Third"|Number="Plural"|English="they will tell"
510040090121|πάντα|510040090161|np|Cat="pron"|Id="42"|morphId="510040090121"|Unicode="πάντα"|Lemma="πᾶς"|Lang="G"|StrongNumber="G39560"|Morph="RI,,,,ANP,"|Type="Indefinite"|Case="Accusative"|Gender="Neuter"|Number="Plural"|English="everything"
510040090151|τὰ|510040090161|pron|Cat="pron"|Id="44"|morphId="510040090151"|Unicode="τὰ"|Lemma="ὁ"|Lang="G"|StrongNumber="G35880"|Morph="RD,,,,ANP,"|Type="Demonstrative"|Case="Accusative"|Gender="Neuter"|Number="Plural"|English="that"
510040090161|ὧδε.|510040090141|O|Cat="adv"|Id="47"|morphId="510040090161"|Unicode="ὧδε."|Lemma="ὧδε"|Lang="G"|StrongNumber="G56020"|Morph="D,,,,,,,,,"|English="here"
510040100011|ἀσπάζεται|None|CL|Cat="verb"|Id="5"|morphId="510040100011"|Unicode="ἀσπάζεται"|Lemma="ἀσπάζομαι"|Lang="G"|StrongNumber="G07820"|Morph="V,IPM3,,S,"|Mood="Indicative"|Tense="Present"|Voice="Middle"|Person="Third"|Number="Singular"|English="greets"
510040100021|ὑμᾶς|510040100011|O|Cat="pron"|Id="8"|morphId="510040100021"|Unicode="ὑμᾶς"|Lemma="σύ"|Lang="G"|StrongNumber="G47710"|Morph="RP,,,2A,P,"|Type="Personal"|Person="Second"|Case="Accusative"|Number="Plural"|English="you"
510040100031|Ἀρίσταρχος,|510040100011|S|Cat="noun"|Id="13"|morphId="510040100031"|Unicode="Ἀρίσταρχος,"|Lemma="Ἀρίσταρχος"|Lang="G"|StrongNumber="G07080"|Morph="N,,,,,NMS,"|Case="Nominative"|Gender="Masculine"|Number="Singular"|English="Aristarchus"
510040100041|ὁ|510040100051|det|Cat="det"|Id="15"|morphId="510040100041"|Unicode="ὁ"|Lemma="ὁ"|Lang="G"|StrongNumber="G35880"|Morph="EA,,,,NMS,"|Type="Article"|Case="Nominative"|Gender="Masculine"|Number="Singular"|English="the"
510040100051|συναιχμάλωτός|510040100031|np|Cat="noun"|Id="18"|morphId="510040100051"|Unicode="συναιχμάλωτός"|Lemma="συναιχμάλωτος"|Lang="G"|StrongNumber="G48690"|Morph="N,,,,,NMS,"|Case="Nominative"|Gender="Masculine"|Number="Singular"|English="fellow prisoner"
510040100061|μου,|510040100051|np|Cat="pron"|Id="20"|morphId="510040100061"|Unicode="μου,"|Lemma="ἐγώ"|Lang="G"|StrongNumber="G14730"|Morph="RP,,,1G,S,"|Type="Personal"|Person="First"|Case="Genitive"|Number="Singular"|English="of me"
510040100071|καὶ|510040100031|conj|Cat="conj"|Id="21"|morphId="510040100071"|Unicode="καὶ"|Lemma="καί"|Lang="G"|StrongNumber="G25320"|Morph="CC,,,,,,,,"|Type="Coordinating"|English="and"
510040100081|Μᾶρκος,|510040100031|np|Cat="noun"|Id="25"|morphId="510040100081"|Unicode="Μᾶρκος,"|Lemma="Μᾶρκος"|Lang="G"|StrongNumber="G31380"|Morph="N,,,,,NMS,"|Case="Nominative"|Gender="Masculine"|Number="Singular"|English="Mark"
510040100091|ὁ|510040100101|det|Cat="det"|Id="27"|morphId="510040100091"|Unicode="ὁ"|Lemma="ὁ"|Lang="G"|StrongNumber="G35880"|Morph="EA,,,,NMS,"|Type="Article"|Case="Nominative"|Gender="Masculine"|Number="Singular"|English="the"
510040100101|ἀνεψιὸς|510040100081|np|Cat="noun"|Id="30"|morphId="510040100101"|Unicode="ἀνεψιὸς"|Lemma="ἀνεψιός"|Lang="G"|StrongNumber="G04310"|Morph="N,,,,,NMS,"|Case="Nominative"|Gender="Masculine"|Number="Singular"|English="cousin"
510040100111|Βαρναβᾶ|510040100101|np|Cat="noun"|Id="32"|morphId="510040100111"|Unicode="Βαρναβᾶ"|Lemma="Βαρναβᾶς"|Lang="G"|StrongNumber="G09210"|Morph="N,,,,,GMS,"|Case="Genitive"|Gender="Masculine"|Number="Singular"|English="of Barnabas"
510040100121|(περὶ|510040100131|prep|Cat="prep"|Id="37"|morphId="510040100121"|Unicode="(περὶ"|Lemma="περί"|Lang="G"|StrongNumber="G40120"|Morph="P,,,,,G,,,"|Case="Genitive"|English="concerning"
510040100131|οὗ|510040100141|ADV|Cat="pron"|Id="39"|morphId="510040100131"|Unicode="οὗ"|Lemma="ὅς"|Lang="G"|StrongNumber="G37390"|Morph="RR,,,,GMS,"|Type="Relative"|Case="Genitive"|Gender="Masculine"|Number="Singular"|English="who"
510040100141|ἐλάβετε|510040100201|CL|Cat="verb"|Id="42"|morphId="510040100141"|Unicode="ἐλάβετε"|Lemma="λαμβάνω"|Lang="G"|StrongNumber="G29830"|Morph="V,IAA2,,P,"|Mood="Indicative"|Tense="Aorist"|Voice="Active"|Person="Second"|Number="Plural"|English="you have received"
510040100151|ἐντολάς;|510040100141|O|Cat="noun"|Id="45"|morphId="510040100151"|Unicode="ἐντολάς;"|Lemma="ἐντολή"|Lang="G"|StrongNumber="G17850"|Morph="N,,,,,AFP,"|Case="Accusative"|Gender="Feminine"|Number="Plural"|English="instructions"
510040100161|ἐὰν|510040100171|conj|Cat="conj"|Id="48"|morphId="510040100161"|Unicode="ἐὰν"|Lemma="ἐάν"|Lang="G"|StrongNumber="G14370"|Morph="CS,,,,,,,,"|Type="Subordinating"|English="if"
510040100171|ἔλθῃ|510040100201|CL|Cat="verb"|Id="52"|morphId="510040100171"|Unicode="ἔλθῃ"|Lemma="ἔρχομαι"|Lang="G"|StrongNumber="G20640"|Morph="V,SAA3,,S,"|Mood="Subjunctive"|Tense="Aorist"|Voice="Active"|Person="Third"|Number="Singular"|English="he comes"
510040100181|πρὸς|510040100191|prep|Cat="prep"|Id="55"|morphId="510040100181"|Unicode="πρὸς"|Lemma="πρός"|Lang="G"|StrongNumber="G43140"|Morph="P,,,,,A,,,"|Case="Accusative"|English="to"
510040100191|ὑμᾶς,|510040100171|ADV|Cat="pron"|Id="57"|morphId="510040100191"|Unicode="ὑμᾶς,"|Lemma="σύ"|Lang="G"|StrongNumber="G47710"|Morph="RP,,,2A,P,"|Type="Personal"|Person="Second"|Case="Accusative"|Number="Plural"|English="you"
510040100201|δέξασθε|510040100081|CL|Cat="verb"|Id="61"|morphId="510040100201"|Unicode="δέξασθε"|Lemma="δέχομαι"|Lang="G"|StrongNumber="G12090"|Morph="V,MAM2,,P,"|Mood="Imperative"|Tense="Aorist"|Voice="Middle"|Person="Second"|Number="Plural"|English="welcome"
510040100211|αὐτόν),|510040100201|O|Cat="pron"|Id="64"|morphId="510040100211"|Unicode="αὐτόν),"|Lemma="αὐτός"|Lang="G"|StrongNumber="G08460"|Morph="RP,,,3AMS,"|Type="Personal"|Person="Third"|Case="Accusative"|Gender="Masculine"|Number="Singular"|English="him"
510040110011|καὶ|510040110021|conj|Cat="conj"|Id="4"|morphId="510040110011"|Unicode="καὶ"|Lemma="καί"|Lang="G"|StrongNumber="G25320"|Morph="CC,,,,,,,,"|Type="Coordinating"|English="and"
510040110021|Ἰησοῦς,|None|np|Cat="noun"|Id="7"|morphId="510040110021"|Unicode="Ἰησοῦς,"|Lemma="Ἰησοῦς"|Lang="G"|StrongNumber="G24240"|Morph="N,,,,,NMS,"|Case="Nominative"|Gender="Masculine"|Number="Singular"|English="Jesus"
510040110031|ὁ|510040110051|det|Cat="pron"|Id="10"|morphId="510040110031"|Unicode="ὁ"|Lemma="ὁ"|Lang="G"|StrongNumber="G35880"|Morph="RD,,,,NMS,"|Type="Demonstrative"|Case="Nominative"|Gender="Masculine"|Number="Singular"|English="the one"
510040110041|λεγόμενος|510040110051|VC|Cat="verb"|Id="14"|morphId="510040110041"|Unicode="λεγόμενος"|Lemma="λέγω"|Lang="G"|StrongNumber="G30040"|Morph="V,PPP,NMS,"|Mood="Participle"|Tense="Present"|Voice="Passive"|Case="Nominative"|Gender="Masculine"|Number="Singular"|English="who is called"
510040110051|Ἰοῦστος;|510040110021|np|Cat="noun"|Id="17"|morphId="510040110051"|Unicode="Ἰοῦστος;"|Lemma="Ἰοῦστος"|Lang="G"|StrongNumber="G24590"|Morph="N,,,,,NMS,"|Case="Nominative"|Gender="Masculine"|Number="Singular"|English="Justus"
510040110061|οἱ|510040110091|det|Cat="pron"|Id="20"|morphId="510040110061"|Unicode="οἱ"|Lemma="ὁ"|Lang="G"|StrongNumber="G35880"|Morph="RD,,,,NMP,"|Type="Demonstrative"|Case="Nominative"|Gender="Masculine"|Number="Plural"|English="the"
510040110071|ὄντες|510040110091|VC|Cat="verb"|Id="24"|morphId="510040110071"|Unicode="ὄντες"|Lemma="εἰμί"|Lang="G"|StrongNumber="G15100"|Morph="V,PPA,NMP,"|Mood="Participle"|Tense="Present"|Voice="Active"|Case="Nominative"|Gender="Masculine"|Number="Plural"|English="who are"
510040110081|ἐκ|510040110091|prep|Cat="prep"|Id="27"|morphId="510040110081"|Unicode="ἐκ"|Lemma="ἐκ"|Lang="G"|StrongNumber="G15370"|Morph="P,,,,,G,,,"|Case="Genitive"|English="of"
510040110091|περιτομῆς|510040110021|np|Cat="noun"|Id="29"|morphId="510040110091"|Unicode="περιτομῆς"|Lemma="περιτομή"|Lang="G"|StrongNumber="G40610"|Morph="N,,,,,GFS,"|Case="Genitive"|Gender="Feminine"|Number="Singular"|English="circumcision"
510040110101|οὗτοι,|510040110121|S|Cat="det"|Id="34"|morphId="510040110101"|Unicode="οὗτοι,"|Lemma="οὗτος"|Lang="G"|StrongNumber="G37780"|Morph="ED,,,,NMP,"|Type="Demonstrative"|Case="Nominative"|Gender="Masculine"|Number="Plural"|English="these"
510040110111|μόνοι|510040110121|adjp|Cat="det"|Id="39"|morphId="510040110111"|Unicode="μόνοι"|Lemma="μόνος"|Lang="G"|StrongNumber="G34410"|Morph="EF,,,,NMP,"|Type="Differential"|Case="Nominative"|Gender="Masculine"|Number="Plural"|English="only"
510040110121|συνεργοὶ|510040110021|CL|Cat="noun"|Id="41"|morphId="510040110121"|Unicode="συνεργοὶ"|Lemma="συνεργός"|Lang="G"|StrongNumber="G49040"|Morph="NS,,,,NMP,"|Type="Substantive_Adj"|Case="Nominative"|Gender="Masculine"|Number="Plural"|English="fellow workers"
510040110131|εἰς|510040110151|prep|Cat="prep"|Id="44"|morphId="510040110131"|Unicode="εἰς"|Lemma="εἰς"|Lang="G"|StrongNumber="G15190"|Morph="P,,,,,A,,,"|Case="Accusative"|English="for"
510040110141|τὴν|510040110151|det|Cat="det"|Id="46"|morphId="510040110141"|Unicode="τὴν"|Lemma="ὁ"|Lang="G"|StrongNumber="G35880"|Morph="EA,,,,AFS,"|Type="Article"|Case="Accusative"|Gender="Feminine"|Number="Singular"|English="the"
510040110151|Βασιλείαν|510040110121|ADV|Cat="noun"|Id="49"|morphId="510040110151"|Unicode="Βασιλείαν"|Lemma="βασιλεία"|Lang="G"|StrongNumber="G09320"|Morph="N,,,,,AFS,"|Case="Accusative"|Gender="Feminine"|Number="Singular"|English="kingdom"
510040110161|τοῦ|510040110171|det|Cat="det"|Id="51"|morphId="510040110161"|Unicode="τοῦ"|Lemma="ὁ"|Lang="G"|StrongNumber="G35880"|Morph="EA,,,,GMS,"|Type="Article"|Case="Genitive"|Gender="Masculine"|Number="Singular"
510040110171|Θεοῦ,|510040110151|np|Cat="noun"|Id="53"|morphId="510040110171"|Unicode="Θεοῦ,"|Lemma="θεός"|Lang="G"|StrongNumber="G23160"|Morph="N,,,,,GMS,"|Case="Genitive"|Gender="Masculine"|Number="Singular"|English="of God"
510040110181|οἵτινες|510040110211|S|Cat="pron"|Id="57"|morphId="510040110181"|Unicode="οἵτινες"|Lemma="ὅστις"|Lang="G"|StrongNumber="G37480"|Morph="RR,,,,NMP,"|Type="Relative"|Case="Nominative"|Gender="Masculine"|Number="Plural"|English="who"
510040110191|ἐγενήθησάν|510040110211|VC|Cat="verb"|Id="60"|morphId="510040110191"|Unicode="ἐγενήθησάν"|Lemma="γίνομαι"|Lang="G"|StrongNumber="G10960"|Morph="V,IAP3,,P,"|Mood="Indicative"|Tense="Aorist"|Voice="Passive"|Person="Third"|Number="Plural"|English="have been"
510040110201|μοι|510040110211|ADV|Cat="pron"|Id="63"|morphId="510040110201"|Unicode="μοι"|Lemma="ἐγώ"|Lang="G"|StrongNumber="G14730"|Morph="RP,,,1D,S,"|Type="Personal"|Person="First"|Case="Dative"|Number="Singular"|English="to me"
510040110211|παρηγορία.|510040110121|CL|Cat="noun"|Id="66"|morphId="510040110211"|Unicode="παρηγορία."|Lemma="παρηγορία"|Lang="G"|StrongNumber="G39310"|Morph="N,,,,,NFS,"|Case="Nominative"|Gender="Feminine"|Number="Singular"|English="a comfort"
510040120011|ἀσπάζεται|None|CL|Cat="verb"|Id="5"|morphId="510040120011"|Unicode="ἀσπάζεται"|Lemma="ἀσπάζομαι"|Lang="G"|StrongNumber="G07820"|Morph="V,IPM3,,S,"|Mood="Indicative"|Tense="Present"|Voice="Middle"|Person="Third"|Number="Singular"|English="greets"
510040120021|ὑμᾶς|510040120011|O|Cat="pron"|Id="8"|morphId="510040120021"|Unicode="ὑμᾶς"|Lemma="σύ"|Lang="G"|StrongNumber="G47710"|Morph="RP,,,2A,P,"|Type="Personal"|Person="Second"|Case="Accusative"|Number="Plural"|English="you"
510040120031|Ἐπαφρᾶς,|510040120011|S|Cat="noun"|Id="13"|morphId="510040120031"|Unicode="Ἐπαφρᾶς,"|Lemma="Ἐπαφρᾶς"|Lang="G"|StrongNumber="G18890"|Morph="N,,,,,NMS,"|Case="Nominative"|Gender="Masculine"|Number="Singular"|English="Epaphras"
510040120041|ὁ|510040120031|np|Cat="pron"|Id="16"|morphId="510040120041"|Unicode="ὁ"|Lemma="ὁ"|Lang="G"|StrongNumber="G35880"|Morph="RR,,,,NMS,"|Type="Relative"|Case="Nominative"|Gender="Masculine"|Number="Singular"|English="who"
510040120051|ἐξ|510040120061|prep|Cat="prep"|Id="18"|morphId="510040120051"|Unicode="ἐξ"|Lemma="ἐκ"|Lang="G"|StrongNumber="G15370"|Morph="P,,,,,G,,,"|Case="Genitive"|English="one of"
510040120061|ὑμῶν,|510040120041|pp|Cat="pron"|Id="20"|morphId="510040120061"|Unicode="ὑμῶν,"|Lemma="σύ"|Lang="G"|StrongNumber="G47710"|Morph="RP,,,2G,P,"|Type="Personal"|Person="Second"|Case="Genitive"|Number="Plural"|English="you"
510040120071|δοῦλος|510040120031|np|Cat="noun"|Id="23"|morphId="510040120071"|Unicode="δοῦλος"|Lemma="δοῦλος"|Lang="G"|StrongNumber="G14010"|Morph="N,,,,,NMS,"|Case="Nominative"|Gender="Masculine"|Number="Singular"|English="a servant"
510040120081|Χριστοῦ|510040120071|np|Cat="noun"|Id="26"|morphId="510040120081"|Unicode="Χριστοῦ"|Lemma="χριστός"|Lang="G"|StrongNumber="G55470"|Morph="N,,,,,GMS,"|Case="Genitive"|Gender="Masculine"|Number="Singular"|English="of Christ"
510040120091|Ἰησοῦ,|510040120081|np|Cat="noun"|Id="28"|morphId="510040120091"|Unicode="Ἰησοῦ,"|Lemma="Ἰησοῦς"|Lang="G"|StrongNumber="G24240"|Morph="N,,,,,GMS,"|Case="Genitive"|Gender="Masculine"|Number="Singular"|English="Jesus"
510040120101|πάντοτε|510040120111|ADV|Cat="adv"|Id="34"|morphId="510040120101"|Unicode="πάντοτε"|Lemma="πάντοτε"|Lang="G"|StrongNumber="G38420"|Morph="D,,,,,,,,,"|English="always"
510040120111|ἀγωνιζόμενος|510040120011|ADV|Cat="verb"|Id="37"|morphId="510040120111"|Unicode="ἀγωνιζόμενος"|Lemma="ἀγωνίζομαι"|Lang="G"|StrongNumber="G00750"|Morph="V,PPM,NMS,"|Mood="Participle"|Tense="Present"|Voice="Middle"|Case="Nominative"|Gender="Masculine"|Number="Singular"|English="is ~ wrestling"
510040120121|ὑπὲρ|510040120131|prep|Cat="prep"|Id="40"|morphId="510040120121"|Unicode="ὑπὲρ"|Lemma="ὑπέρ"|Lang="G"|StrongNumber="G52280"|Morph="P,,,,,G,,,"|Case="Genitive"|English="for"
510040120131|ὑμῶν|510040120111|ADV|Cat="pron"|Id="42"|morphId="510040120131"|Unicode="ὑμῶν"|Lemma="σύ"|Lang="G"|StrongNumber="G47710"|Morph="RP,,,2G,P,"|Type="Personal"|Person="Second"|Case="Genitive"|Number="Plural"|English="you"
510040120141|ἐν|510040120161|prep|Cat="prep"|Id="45"|morphId="510040120141"|Unicode="ἐν"|Lemma="ἐν"|Lang="G"|StrongNumber="G17220"|Morph="P,,,,,D,,,"|Case="Dative"|English="in"
510040120151|ταῖς|510040120161|det|Cat="det"|Id="47"|morphId="510040120151"|Unicode="ταῖς"|Lemma="ὁ"|Lang="G"|StrongNumber="G35880"|Morph="EA,,,,DFP,"|Type="Article"|Case="Dative"|Gender="Feminine"|Number="Plural"|English="thehis"
510040120161|προσευχαῖς,|510040120111|ADV|Cat="noun"|Id="49"|morphId="510040120161"|Unicode="προσευχαῖς,"|Lemma="προσευχή"|Lang="G"|StrongNumber="G43350"|Morph="N,,,,,DFP,"|Case="Dative"|Gender="Feminine"|Number="Plural"|English="prayers"
510040120171|ἵνα|510040120181|conj|Cat="adv"|Id="52"|morphId="510040120171"|Unicode="ἵνα"|Lemma="ἵνα"|Lang="G"|StrongNumber="G24430"|Morph="D,,,,,,,,,"|English="that"
510040120181|σταθῆτε|510040120111|CL|Cat="verb"|Id="57"|morphId="510040120181"|Unicode="σταθῆτε"|Lemma="ἵστημι"|Lang="G"|StrongNumber="G24760"|Morph="V,SAP2,,P,"|Mood="Subjunctive"|Tense="Aorist"|Voice="Passive"|Person="Second"|Number="Plural"|English="you may stand"
510040120191|τέλειοι|510040120181|ADV|Cat="noun"|Id="61"|morphId="510040120191"|Unicode="τέλειοι"|Lemma="τέλειος"|Lang="G"|StrongNumber="G50460"|Morph="NS,,,,NMP,"|Type="Substantive_Adj"|Case="Nominative"|Gender="Masculine"|Number="Plural"|English="mature"
510040120201|καὶ|510040120181|conj|Cat="conj"|Id="62"|morphId="510040120201"|Unicode="καὶ"|Lemma="καί"|Lang="G"|StrongNumber="G25320"|Morph="CC,,,,,,,,"|Type="Coordinating"|English="and"
510040120211|πεπληροφορημένοι|510040120181|CL|Cat="verb"|Id="66"|morphId="510040120211"|Unicode="πεπληροφορημένοι"|Lemma="πληροφορέω"|Lang="G"|StrongNumber="G41350"|Morph="V,PEP,NMP,"|Mood="Participle"|Tense="Perfect"|Voice="Passive"|Case="Nominative"|Gender="Masculine"|Number="Plural"|English="fully assured"
510040120221|ἐν|510040120241|prep|Cat="prep"|Id="69"|morphId="510040120221"|Unicode="ἐν"|Lemma="ἐν"|Lang="G"|StrongNumber="G17220"|Morph="P,,,,,D,,,"|Case="Dative"|English="in"
510040120231|παντὶ|510040120241|adjp|Cat="det"|Id="73"|morphId="510040120231"|Unicode="παντὶ"|Lemma="πᾶς"|Lang="G"|StrongNumber="G39560"|Morph="EQ,,,,DNS,"|Type="Quantifier"|Case="Dative"|Gender="Neuter"|Number="Singular"|English="all"
510040120241|θελήματι|510040120211|ADV|Cat="noun"|Id="76"|morphId="510040120241"|Unicode="θελήματι"|Lemma="θέλημα"|Lang="G"|StrongNumber="G23070"|Morph="N,,,,,DNS,"|Case="Dative"|Gender="Neuter"|Number="Singular"|English="will"
510040120251|τοῦ|510040120261|det|Cat="det"|Id="78"|morphId="510040120251"|Unicode="τοῦ"|Lemma="ὁ"|Lang="G"|StrongNumber="G35880"|Morph="EA,,,,GMS,"|Type="Article"|Case="Genitive"|Gender="Masculine"|Number="Singular"|English="that"
510040120261|Θεοῦ.|510040120241|np|Cat="noun"|Id="80"|morphId="510040120261"|Unicode="Θεοῦ."|Lemma="θεός"|Lang="G"|StrongNumber="G23160"|Morph="N,,,,,GMS,"|Case="Genitive"|Gender="Masculine"|Number="Singular"|English="of God"
510040130021|γὰρ|510040130011|conj|Cat="conj"|Id="3"|morphId="510040130021"|Unicode="γὰρ"|Lemma="γάρ"|Lang="G"|StrongNumber="G10630"|Morph="CC,,,,,,,,"|Type="Coordinating"|English="for"
510040130011|μαρτυρῶ|None|CL|Cat="verb"|Id="8"|morphId="510040130011"|Unicode="μαρτυρῶ"|Lemma="μαρτυρέω"|Lang="G"|StrongNumber="G31400"|Morph="V,IPA1,,S,"|Mood="Indicative"|Tense="Present"|Voice="Active"|Person="First"|Number="Singular"|English="I testify"
510040130031|αὐτῷ,|510040130011|IO|Cat="pron"|Id="11"|morphId="510040130031"|Unicode="αὐτῷ,"|Lemma="αὐτός"|Lang="G"|StrongNumber="G08460"|Morph="RP,,,3DMS,"|Type="Personal"|Person="Third"|Case="Dative"|Gender="Masculine"|Number="Singular"|English="for him"
510040130041|ὅτι|510040130051|conj|Cat="conj"|Id="13"|morphId="510040130041"|Unicode="ὅτι"|Lemma="ὅτι"|Lang="G"|StrongNumber="G37540"|Morph="CS,,,,,,,,"|Type="Subordinating"|English="that"
510040130051|ἔχει|510040130011|CL|Cat="verb"|Id="17"|morphId="510040130051"|Unicode="ἔχει"|Lemma="ἔχω"|Lang="G"|StrongNumber="G21920"|Morph="V,IPA3,,S,"|Mood="Indicative"|Tense="Present"|Voice="Active"|Person="Third"|Number="Singular"|English="he has"
510040130061|πολὺν|510040130071|adjp|Cat="det"|Id="22"|morphId="510040130061"|Unicode="πολὺν"|Lemma="πολύς"|Lang="G"|StrongNumber="G41830"|Morph="EQ,,,,AMS,"|Type="Quantifier"|Case="Accusative"|Gender="Masculine"|Number="Singular"|English="great"
510040130071|πόνον|510040130051|O|Cat="noun"|Id="24"|morphId="510040130071"|Unicode="πόνον"|Lemma="πόνος"|Lang="G"|StrongNumber="G41920"|Morph="N,,,,,AMS,"|Case="Accusative"|Gender="Masculine"|Number="Singular"|English="a ~ zeal"
510040130081|ὑπὲρ|510040130091|prep|Cat="prep"|Id="27"|morphId="510040130081"|Unicode="ὑπὲρ"|Lemma="ὑπέρ"|Lang="G"|StrongNumber="G52280"|Morph="P,,,,,G,,,"|Case="Genitive"|English="for"
510040130091|ὑμῶν,|510040130051|ADV|Cat="pron"|Id="30"|morphId="510040130091"|Unicode="ὑμῶν,"|Lemma="σύ"|Lang="G"|StrongNumber="G47710"|Morph="RP,,,2G,P,"|Type="Personal"|Person="Second"|Case="Genitive"|Number="Plural"|English="you"
510040130101|καὶ|510040130091|conj|Cat="conj"|Id="31"|morphId="510040130101"|Unicode="καὶ"|Lemma="καί"|Lang="G"|StrongNumber="G25320"|Morph="CC,,,,,,,,"|Type="Coordinating"|English="and"
510040130111|τῶν|510040130091|np|Cat="pron"|Id="34"|morphId="510040130111"|Unicode="τῶν"|Lemma="ὁ"|Lang="G"|StrongNumber="G35880"|Morph="RD,,,,GMP,"|Type="Demonstrative"|Case="Genitive"|Gender="Masculine"|Number="Plural"|English="for those"
510040130121|ἐν|510040130131|prep|Cat="prep"|Id="36"|morphId="510040130121"|Unicode="ἐν"|Lemma="ἐν"|Lang="G"|StrongNumber="G17220"|Morph="P,,,,,D,,,"|Case="Dative"|English="in"
510040130131|Λαοδικίᾳ,|510040130111|pp|Cat="noun"|Id="38"|morphId="510040130131"|Unicode="Λαοδικίᾳ,"|Lemma="Λαοδίκια"|Lang="G"|StrongNumber="G29930"|Morph="N,,,,,DFS,"|Case="Dative"|Gender="Feminine"|Number="Singular"|English="Laodicea"
510040130141|καὶ|510040130091|conj|Cat="conj"|Id="39"|morphId="510040130141"|Unicode="καὶ"|Lemma="καί"|Lang="G"|StrongNumber="G25320"|Morph="CC,,,,,,,,"|Type="Coordinating"|English="and"
510040130151|τῶν|510040130091|np|Cat="pron"|Id="42"|morphId="510040130151"|Unicode="τῶν"|Lemma="ὁ"|Lang="G"|StrongNumber="G35880"|Morph="RD,,,,GMP,"|Type="Demonstrative"|Case="Genitive"|Gender="Masculine"|Number="Plural"|English="those"
510040130161|ἐν|510040130171|prep|Cat="prep"|Id="44"|morphId="510040130161"|Unicode="ἐν"|Lemma="ἐν"|Lang="G"|StrongNumber="G17220"|Morph="P,,,,,D,,,"|Case="Dative"|English="in"
510040130171|Ἱεραπόλει.|510040130151|pp|Cat="noun"|Id="46"|morphId="510040130171"|Unicode="Ἱεραπόλει."|Lemma="Ἱεράπολις"|Lang="G"|StrongNumber="G24040"|Morph="N,,,,,DFS,"|Case="Dative"|Gender="Feminine"|Number="Singular"|English="Hierapolis"
510040140011|ἀσπάζεται|None|CL|Cat="verb"|Id="5"|morphId="510040140011"|Unicode="ἀσπάζεται"|Lemma="ἀσπάζομαι"|Lang="G"|StrongNumber="G07820"|Morph="V,IPM3,,S,"|Mood="Indicative"|Tense="Present"|Voice="Middle"|Person="Third"|Number="Singular"|English="greet"
510040140021|ὑμᾶς|510040140011|O|Cat="pron"|Id="8"|morphId="510040140021"|Unicode="ὑμᾶς"|Lemma="σύ"|Lang="G"|StrongNumber="G47710"|Morph="RP,,,2A,P,"|Type="Personal"|Person="Second"|Case="Accusative"|Number="Plural"|English="you"
510040140031|Λουκᾶς,|510040140011|S|Cat="noun"|Id="13"|morphId="510040140031"|Unicode="Λουκᾶς,"|Lemma="Λουκᾶς"|Lang="G"|StrongNumber="G30650"|Morph="N,,,,,NMS,"|Case="Nominative"|Gender="Masculine"|Number="Singular"|English="Luke"
510040140041|ὁ|510040140051|det|Cat="det"|Id="15"|morphId="510040140041"|Unicode="ὁ"|Lemma="ὁ"|Lang="G"|StrongNumber="G35880"|Morph="EA,,,,NMS,"|Type="Article"|Case="Nominative"|Gender="Masculine"|Number="Singular"|English="the"
510040140051|ἰατρὸς|510040140031|np|Cat="noun"|Id="18"|morphId="510040140051"|Unicode="ἰατρὸς"|Lemma="ἰατρός"|Lang="G"|StrongNumber="G23950"|Morph="N,,,,,NMS,"|Case="Nominative"|Gender="Masculine"|Number="Singular"|English="physician"
510040140061|ὁ|510040140071|det|Cat="det"|Id="20"|morphId="510040140061"|Unicode="ὁ"|Lemma="ὁ"|Lang="G"|StrongNumber="G35880"|Morph="EA,,,,NMS,"|Type="Article"|Case="Nominative"|Gender="Masculine"|Number="Singular"|English="the"
510040140071|ἀγαπητὸς,|510040140051|np|Cat="adj"|Id="22"|morphId="510040140071"|Unicode="ἀγαπητὸς,"|Lemma="ἀγαπητός"|Lang="G"|StrongNumber="G00270"|Morph="AR,,,,NMS,"|Type="Restrictive"|Case="Nominative"|Gender="Masculine"|Number="Singular"|English="beloved"
510040140081|καὶ|510040140031|conj|Cat="conj"|Id="23"|morphId="510040140081"|Unicode="καὶ"|Lemma="καί"|Lang="G"|StrongNumber="G25320"|Morph="CC,,,,,,,,"|Type="Coordinating"|English="and"
510040140091|Δημᾶς.|510040140031|np|Cat="noun"|Id="25"|morphId="510040140091"|Unicode="Δημᾶς."|Lemma="Δημᾶς"|Lang="G"|StrongNumber="G12140"|Morph="N,,,,,NMS,"|Case="Nominative"|Gender="Masculine"|Number="Singular"|English="Demas"
510040150011|ἀσπάσασθε|None|CL|Cat="verb"|Id="5"|morphId="510040150011"|Unicode="ἀσπάσασθε"|Lemma="ἀσπάζομαι"|Lang="G"|StrongNumber="G07820"|Morph="V,MAM2,,P,"|Mood="Imperative"|Tense="Aorist"|Voice="Middle"|Person="Second"|Number="Plural"|English="give ~ greetings"
510040150021|τοὺς|510040150051|det|Cat="det"|Id="9"|morphId="510040150021"|Unicode="τοὺς"|Lemma="ὁ"|Lang="G"|StrongNumber="G35880"|Morph="EA,,,,AMP,"|Type="Article"|Case="Accusative"|Gender="Masculine"|Number="Plural"|English="the"
510040150031|ἐν|510040150041|prep|Cat="prep"|Id="12"|morphId="510040150031"|Unicode="ἐν"|Lemma="ἐν"|Lang="G"|StrongNumber="G17220"|Morph="P,,,,,D,,,"|Case="Dative"|English="in"
510040150041|Λαοδικίᾳ|510040150051|pp|Cat="noun"|Id="14"|morphId="510040150041"|Unicode="Λαοδικίᾳ"|Lemma="Λαοδίκια"|Lang="G"|StrongNumber="G29930"|Morph="N,,,,,DFS,"|Case="Dative"|Gender="Feminine"|Number="Singular"|English="Laodicea"
510040150051|ἀδελφοὺς,|510040150011|O|Cat="noun"|Id="16"|morphId="510040150051"|Unicode="ἀδελφοὺς,"|Lemma="ἀδελφός"|Lang="G"|StrongNumber="G00800"|Morph="N,,,,,AMP,"|Case="Accusative"|Gender="Masculine"|Number="Plural"|English="brethren"
510040150061|καὶ|510040150051|conj|Cat="conj"|Id="17"|morphId="510040150061"|Unicode="καὶ"|Lemma="καί"|Lang="G"|StrongNumber="G25320"|Morph="CC,,,,,,,,"|Type="Coordinating"|English="and"
510040150071|Νύμφαν,|510040150051|np|Cat="noun"|Id="19"|morphId="510040150071"|Unicode="Νύμφαν,"|Lemma="Νύμφας"|Lang="G"|StrongNumber="G35640"|Morph="N,,,,,AFS,"|Case="Accusative"|Gender="Feminine"|Number="Singular"|English="to Nympha"
510040150081|καὶ|510040150051|conj|Cat="conj"|Id="20"|morphId="510040150081"|Unicode="καὶ"|Lemma="καί"|Lang="G"|StrongNumber="G25320"|Morph="CC,,,,,,,,"|Type="Coordinating"|English="and"
510040150091|τὴν|510040150131|det|Cat="det"|Id="22"|morphId="510040150091"|Unicode="τὴν"|Lemma="ὁ"|Lang="G"|StrongNumber="G35880"|Morph="EA,,,,AFS,"|Type="Article"|Case="Accusative"|Gender="Feminine"|Number="Singular"|English="the"
510040150101|κατ’|510040150111|prep|Cat="prep"|Id="25"|morphId="510040150101"|Unicode="κατ’"|Lemma="κατά"|Lang="G"|StrongNumber="G25960"|Morph="P,,,,,A,,,"|Case="Accusative"|English="in"
510040150111|οἶκον|510040150131|pp|Cat="noun"|Id="28"|morphId="510040150111"|Unicode="οἶκον"|Lemma="οἶκος"|Lang="G"|StrongNumber="G36240"|Morph="N,,,,,AMS,"|Case="Accusative"|Gender="Masculine"|Number="Singular"|English="house"
510040150121|αὐτῆς|510040150111|np|Cat="pron"|Id="30"|morphId="510040150121"|Unicode="αὐτῆς"|Lemma="αὐτός"|Lang="G"|StrongNumber="G08460"|Morph="RP,,,3GFS,"|Type="Personal"|Person="Third"|Case="Genitive"|Gender="Feminine"|Number="Singular"|English="her"
510040150131|ἐκκλησίαν.|510040150051|np|Cat="noun"|Id="32"|morphId="510040150131"|Unicode="ἐκκλησίαν."|Lemma="ἐκκλησία"|Lang="G"|StrongNumber="G15770"|Morph="N,,,,,AFS,"|Case="Accusative"|Gender="Feminine"|Number="Singular"|English="church"
510040160011|καὶ|510040160081|conj|Cat="conj"|Id="3"|morphId="510040160011"|Unicode="καὶ"|Lemma="καί"|Lang="G"|StrongNumber="G25320"|Morph="CC,,,,,,,,"|Type="Coordinating"|English="and"
510040160021|ὅταν|510040160031|conj|Cat="conj"|Id="6"|morphId="510040160021"|Unicode="ὅταν"|Lemma="ὅταν"|Lang="G"|StrongNumber="G37520"|Morph="CS,,,,,,,,"|Type="Subordinating"|English="when"
510040160031|ἀναγνωσθῇ|510040160081|CL|Cat="verb"|Id="10"|morphId="510040160031"|Unicode="ἀναγνωσθῇ"|Lemma="ἀναγινώσκω"|Lang="G"|StrongNumber="G03140"|Morph="V,SAP3,,S,"|Mood="Subjunctive"|Tense="Aorist"|Voice="Passive"|Person="Third"|Number="Singular"|English="has been read"
510040160041|παρ’|510040160051|prep|Cat="prep"|Id="13"|morphId="510040160041"|Unicode="παρ’"|Lemma="παρά"|Lang="G"|StrongNumber="G38440"|Morph="P,,,,,D,,,"|Case="Dative"|English="among"
510040160051|ὑμῖν|510040160031|ADV|Cat="pron"|Id="15"|morphId="510040160051"|Unicode="ὑμῖν"|Lemma="σύ"|Lang="G"|StrongNumber="G47710"|Morph="RP,,,2D,P,"|Type="Personal"|Person="Second"|Case="Dative"|Number="Plural"|English="you"
510040160061|ἡ|510040160071|det|Cat="det"|Id="18"|morphId="510040160061"|Unicode="ἡ"|Lemma="ὁ"|Lang="G"|StrongNumber="G35880"|Morph="EP,,,,NFS,"|Type="Possessive"|Case="Nominative"|Gender="Feminine"|Number="Singular"|English="this"
510040160071|ἐπιστολή,|510040160031|S|Cat="noun"|Id="20"|morphId="510040160071"|Unicode="ἐπιστολή,"|Lemma="ἐπιστολή"|Lang="G"|StrongNumber="G19920"|Morph="N,,,,,NFS,"|Case="Nominative"|Gender="Feminine"|Number="Singular"|English="letter"
510040160081|ποιήσατε|None|CL|Cat="verb"|Id="25"|morphId="510040160081"|Unicode="ποιήσατε"|Lemma="ποιέω"|Lang="G"|StrongNumber="G41600"|Morph="V,MAA2,,P,"|Mood="Imperative"|Tense="Aorist"|Voice="Active"|Person="Second"|Number="Plural"|English="have"
510040160091|ἵνα|510040160151|conj|Cat="conj"|Id="28"|morphId="510040160091"|Unicode="ἵνα"|Lemma="ἵνα"|Lang="G"|StrongNumber="G24430"|Morph="CS,,,,,,,,"|Type="Subordinating"|English="that"
510040160101|καὶ|510040160141|advp|Cat="adv"|Id="33"|morphId="510040160101"|Unicode="καὶ"|Lemma="καί"|Lang="G"|StrongNumber="G25320"|Morph="D,,,,,,,,,"|English="also"
510040160111|ἐν|510040160141|prep|Cat="prep"|Id="35"|morphId="510040160111"|Unicode="ἐν"|Lemma="ἐν"|Lang="G"|StrongNumber="G17220"|Morph="P,,,,,D,,,"|Case="Dative"|English="in"
510040160121|τῇ|510040160141|det|Cat="det"|Id="37"|morphId="510040160121"|Unicode="τῇ"|Lemma="ὁ"|Lang="G"|StrongNumber="G35880"|Morph="EA,,,,DFS,"|Type="Article"|Case="Dative"|Gender="Feminine"|Number="Singular"|English="the"
510040160131|Λαοδικαίων|510040160141|np|Cat="noun"|Id="40"|morphId="510040160131"|Unicode="Λαοδικαίων"|Lemma="Λαοδικαιύς"|Lang="G"|StrongNumber="G29940"|Morph="N,,,,,GMP,"|Case="Genitive"|Gender="Masculine"|Number="Plural"|English="of ~ Laodiceans"
510040160141|ἐκκλησίᾳ|510040160151|ADV|Cat="noun"|Id="42"|morphId="510040160141"|Unicode="ἐκκλησίᾳ"|Lemma="ἐκκλησία"|Lang="G"|StrongNumber="G15770"|Morph="N,,,,,DFS,"|Case="Dative"|Gender="Feminine"|Number="Singular"|English="church"
510040160151|ἀναγνωσθῇ,|510040160081|CL|Cat="verb"|Id="45"|morphId="510040160151"|Unicode="ἀναγνωσθῇ,"|Lemma="ἀναγινώσκω"|Lang="G"|StrongNumber="G03140"|Morph="V,SAP3,,S,"|Mood="Subjunctive"|Tense="Aorist"|Voice="Passive"|Person="Third"|Number="Singular"|English="it read"
510040160161|καὶ|510040160151|conj|Cat="conj"|Id="46"|morphId="510040160161"|Unicode="καὶ"|Lemma="καί"|Lang="G"|StrongNumber="G25320"|Morph="CC,,,,,,,,"|Type="Coordinating"|English="and"
510040160201|ἵνα|510040160231|conj|Cat="conj"|Id="48"|morphId="510040160201"|Unicode="ἵνα"|Lemma="ἵνα"|Lang="G"|StrongNumber="G24430"|Morph="CS,,,,,,,,"|Type="Subordinating"|English="that"
510040160171|τὴν|510040160231|O|Cat="pron"|Id="53"|morphId="510040160171"|Unicode="τὴν"|Lemma="ὁ"|Lang="G"|StrongNumber="G35880"|Morph="RD,,,,AFS,"|Type="Demonstrative"|Case="Accusative"|Gender="Feminine"|Number="Singular"|English="the"
510040160181|ἐκ|510040160191|prep|Cat="prep"|Id="55"|morphId="510040160181"|Unicode="ἐκ"|Lemma="ἐκ"|Lang="G"|StrongNumber="G15370"|Morph="P,,,,,G,,,"|Case="Genitive"|English="from"
510040160191|Λαοδικίας|510040160171|pp|Cat="noun"|Id="57"|morphId="510040160191"|Unicode="Λαοδικίας"|Lemma="Λαοδίκια"|Lang="G"|StrongNumber="G29930"|Morph="N,,,,,GFS,"|Case="Genitive"|Gender="Feminine"|Number="Singular"|English="Laodicea"
510040160211|καὶ|510040160221|advp|Cat="adv"|Id="61"|morphId="510040160211"|Unicode="καὶ"|Lemma="καί"|Lang="G"|StrongNumber="G25320"|Morph="D,,,,,,,,,"|English="also"
510040160221|ὑμεῖς|510040160231|S|Cat="pron"|Id="63"|morphId="510040160221"|Unicode="ὑμεῖς"|Lemma="σύ"|Lang="G"|StrongNumber="G47710"|Morph="RP,,,2N,P,"|Type="Personal"|Person="Second"|Case="Nominative"|Number="Plural"|English="you"
510040160231|ἀναγνῶτε.|510040160151|CL|Cat="verb"|Id="66"|morphId="510040160231"|Unicode="ἀναγνῶτε."|Lemma="ἀναγινώσκω"|Lang="G"|StrongNumber="G03140"|Morph="V,SAA2,,P,"|Mood="Subjunctive"|Tense="Aorist"|Voice="Active"|Person="Second"|Number="Plural"|English="read"
510040170011|καὶ|510040170021|conj|Cat="conj"|Id="3"|morphId="510040170011"|Unicode="καὶ"|Lemma="καί"|Lang="G"|StrongNumber="G25320"|Morph="CC,,,,,,,,"|Type="Coordinating"|English="and"
510040170021|εἴπατε|None|CL|Cat="verb"|Id="8"|morphId="510040170021"|Unicode="εἴπατε"|Lemma="λέγω"|Lang="G"|StrongNumber="G30040"|Morph="V,MAA2,,P,"|Mood="Imperative"|Tense="Aorist"|Voice="Active"|Person="Second"|Number="Plural"|English="say"
510040170031|Ἀρχίππῳ,|510040170021|IO|Cat="noun"|Id="11"|morphId="510040170031"|Unicode="Ἀρχίππῳ,"|Lemma="Ἄρχιππος"|Lang="G"|StrongNumber="G07510"|Morph="N,,,,,DMS,"|Case="Dative"|Gender="Masculine"|Number="Singular"|English="to Archippus"
510040170041|βλέπε|510040170021|CL|Cat="verb"|Id="16"|morphId="510040170041"|Unicode="βλέπε"|Lemma="βλέπω"|Lang="G"|StrongNumber="G09910"|Morph="V,MPA2,,S,"|Mood="Imperative"|Tense="Present"|Voice="Active"|Person="Second"|Number="Singular"|English="see"
510040170051|τὴν|510040170061|det|Cat="det"|Id="19"|morphId="510040170051"|Unicode="τὴν"|Lemma="ὁ"|Lang="G"|StrongNumber="G35880"|Morph="EA,,,,AFS,"|Type="Article"|Case="Accusative"|Gender="Feminine"|Number="Singular"|English="the"
510040170061|διακονίαν|510040170041|O|Cat="noun"|Id="22"|morphId="510040170061"|Unicode="διακονίαν"|Lemma="διακονία"|Lang="G"|StrongNumber="G12480"|Morph="N,,,,,AFS,"|Case="Accusative"|Gender="Feminine"|Number="Singular"|English="to ~ ministry"
510040170071|ἣν|510040170081|O|Cat="pron"|Id="26"|morphId="510040170071"|Unicode="ἣν"|Lemma="ὅς"|Lang="G"|StrongNumber="G37390"|Morph="RD,,,,AFS,"|Type="Demonstrative"|Case="Accusative"|Gender="Feminine"|Number="Singular"|English="which"
510040170081|παρέλαβες|510040170061|CL|Cat="verb"|Id="29"|morphId="510040170081"|Unicode="παρέλαβες"|Lemma="παραλαμβάνω"|Lang="G"|StrongNumber="G38800"|Morph="V,IAA2,,S,"|Mood="Indicative"|Tense="Aorist"|Voice="Active"|Person="Second"|Number="Singular"|English="you have received"
510040170091|ἐν|510040170101|prep|Cat="prep"|Id="32"|morphId="510040170091"|Unicode="ἐν"|Lemma="ἐν"|Lang="G"|StrongNumber="G17220"|Morph="P,,,,,D,,,"|Case="Dative"|English="in"
510040170101|Κυρίῳ,|510040170081|ADV|Cat="noun"|Id="34"|morphId="510040170101"|Unicode="Κυρίῳ,"|Lemma="κύριος"|Lang="G"|StrongNumber="G29620"|Morph="N,,,,,DMS,"|Case="Dative"|Gender="Masculine"|Number="Singular"|English="Lord"
510040170111|ἵνα|510040170131|conj|Cat="conj"|Id="36"|morphId="510040170111"|Unicode="ἵνα"|Lemma="ἵνα"|Lang="G"|StrongNumber="G24430"|Morph="CS,,,,,,,,"|Type="Subordinating"|English="that"
510040170121|αὐτὴν|510040170131|O|Cat="pron"|Id="40"|morphId="510040170121"|Unicode="αὐτὴν"|Lemma="αὐτός"|Lang="G"|StrongNumber="G08460"|Morph="RP,,,,AFS,"|Type="Personal"|Case="Accusative"|Gender="Feminine"|Number="Singular"|English="it"
510040170131|πληροῖς.|510040170041|CL|Cat="verb"|Id="43"|morphId="510040170131"|Unicode="πληροῖς."|Lemma="πληρόω"|Lang="G"|StrongNumber="G41370"|Morph="V,SPA2,,S,"|Mood="Subjunctive"|Tense="Present"|Voice="Active"|Person="Second"|Number="Singular"|English="you complete"
510040180011|ὁ|510040180021|det|Cat="det"|Id="5"|morphId="510040180011"|Unicode="ὁ"|Lemma="ὁ"|Lang="G"|StrongNumber="G35880"|Morph="EA,,,,NMS,"|Type="Article"|Case="Nominative"|Gender="Masculine"|Number="Singular"|English="this"
510040180021|ἀσπασμὸς|None|CL|Cat="noun"|Id="7"|morphId="510040180021"|Unicode="ἀσπασμὸς"|Lemma="ἀσπασμός"|Lang="G"|StrongNumber="G07830"|Morph="N,,,,,NMS,"|Case="Nominative"|Gender="Masculine"|Number="Singular"|English="greeting"
510040180031|τῇ|510040180051|pron|Cat="pron"|Id="10"|morphId="510040180031"|Unicode="τῇ"|Lemma="ὁ"|Lang="G"|StrongNumber="G35880"|Morph="RD,,,,DFS,"|Type="Demonstrative"|Case="Dative"|Gender="Feminine"|Number="Singular"
510040180041|ἐμῇ|510040180051|adjp|Cat="det"|Id="14"|morphId="510040180041"|Unicode="ἐμῇ"|Lemma="ἐμός"|Lang="G"|StrongNumber="G16990"|Morph="EP,,,1DFS,"|Type="Possessive"|Person="First"|Case="Dative"|Gender="Feminine"|Number="Singular"|English="my own"
510040180051|χειρὶ,|510040180021|ADV|Cat="noun"|Id="17"|morphId="510040180051"|Unicode="χειρὶ,"|Lemma="χείρ"|Lang="G"|StrongNumber="G54950"|Morph="N,,,,,DFS,"|Case="Dative"|Gender="Feminine"|Number="Singular"|English="with ~ hand"
510040180061|Παύλου.|510040180051|np|Cat="noun"|Id="19"|morphId="510040180061"|Unicode="Παύλου."|Lemma="Παῦλος"|Lang="G"|StrongNumber="G39720"|Morph="N,,,,,GMS,"|Case="Genitive"|Gender="Masculine"|Number="Singular"|English="Paul"
510040180071|μνημονεύετέ|510040180021|CL|Cat="verb"|Id="23"|morphId="510040180071"|Unicode="μνημονεύετέ"|Lemma="μνημονεύω"|Lang="G"|StrongNumber="G34210"|Morph="V,MPA2,,P,"|Mood="Imperative"|Tense="Present"|Voice="Active"|Person="Second"|Number="Plural"|English="remember"
510040180081|μου|510040180101|np|Cat="pron"|Id="27"|morphId="510040180081"|Unicode="μου"|Lemma="ἐγώ"|Lang="G"|StrongNumber="G14730"|Morph="RP,,,1G,S,"|Type="Personal"|Person="First"|Case="Genitive"|Number="Singular"|English="of me"
510040180091|τῶν|510040180101|det|Cat="det"|Id="29"|morphId="510040180091"|Unicode="τῶν"|Lemma="ὁ"|Lang="G"|StrongNumber="G35880"|Morph="EA,,,,GMP,"|Type="Article"|Case="Genitive"|Gender="Masculine"|Number="Plural"|English="the"
510040180101|δεσμῶν.|510040180071|O|Cat="noun"|Id="31"|morphId="510040180101"|Unicode="δεσμῶν."|Lemma="δεσμός"|Lang="G"|StrongNumber="G11990"|Morph="N,,,,,GMP,"|Case="Genitive"|Gender="Masculine"|Number="Plural"|English="chains"
510040180111|ἡ|510040180121|det|Cat="det"|Id="35"|morphId="510040180111"|Unicode="ἡ"|Lemma="ὁ"|Lang="G"|StrongNumber="G35880"|Morph="EA,,,,NFS,"|Type="Article"|Case="Nominative"|Gender="Feminine"|Number="Singular"
510040180121|χάρις|510040180141|S|Cat="noun"|Id="37"|morphId="510040180121"|Unicode="χάρις"|Lemma="χάρις"|Lang="G"|StrongNumber="G54850"|Morph="N,,,,,NFS,"|Case="Nominative"|Gender="Feminine"|Number="Singular"|English="grace"
510040180131|μεθ’|510040180141|prep|Cat="prep"|Id="40"|morphId="510040180131"|Unicode="μεθ’"|Lemma="μετά"|Lang="G"|StrongNumber="G33260"|Morph="P,,,,,G,,,"|Case="Genitive"|English="with"
510040180141|ὑμῶν.|510040180021|CL|Cat="pron"|Id="42"|morphId="510040180141"|Unicode="ὑμῶν."|Lemma="σύ"|Lang="G"|StrongNumber="G47710"|Morph="RP,,,2G,P,"|Type="Personal"|Person="Second"|Case="Genitive"|Number="Plural"|English="you"
