490030010011|τούτου|490030010061|ADV|Cat="pron"|Id="6"|morphId="490030010011"|Unicode="τούτου"|Lemma="οὗτος"|Lang="G"|StrongNumber="G37780"|Morph="RD,,,,GNS,"|Type="Demonstrative"|Case="Genitive"|Gender="Neuter"|Number="Singular"|English="this"
490030010021|χάριν,|490030010011|prep|Cat="prep"|Id="7"|morphId="490030010021"|Unicode="χάριν,"|Lemma="χάριν"|Lang="G"|StrongNumber="G54840"|Morph="PI,,,,G,,,"|Type="Improper"|Case="Genitive"|English="on account of"
490030010031|ἐγὼ|490030010061|S|Cat="pron"|Id="11"|morphId="490030010031"|Unicode="ἐγὼ"|Lemma="ἐγώ"|Lang="G"|StrongNumber="G14730"|Morph="RP,,,1N,S,"|Type="Personal"|Person="First"|Case="Nominative"|Number="Singular"|English="I"
490030010041|Παῦλος,|490030010031|np|Cat="noun"|Id="13"|morphId="490030010041"|Unicode="Παῦλος,"|Lemma="Παῦλος"|Lang="G"|StrongNumber="G39720"|Morph="N,,,,,NMS,"|Case="Nominative"|Gender="Masculine"|Number="Singular"|English="Paul"
490030010051|ὁ|490030010061|det|Cat="det"|Id="16"|morphId="490030010051"|Unicode="ὁ"|Lemma="ὁ"|Lang="G"|StrongNumber="G35880"|Morph="EA,,,,NMS,"|Type="Article"|Case="Nominative"|Gender="Masculine"|Number="Singular"|English="the"
490030010061|δέσμιος|None|CL|Cat="noun"|Id="20"|morphId="490030010061"|Unicode="δέσμιος"|Lemma="δέσμιος"|Lang="G"|StrongNumber="G11980"|Morph="N,,,,,NMS,"|Case="Nominative"|Gender="Masculine"|Number="Singular"|English="prisoner"
490030010071|τοῦ|490030010081|det|Cat="det"|Id="22"|morphId="490030010071"|Unicode="τοῦ"|Lemma="ὁ"|Lang="G"|StrongNumber="G35880"|Morph="EA,,,,GMS,"|Type="Article"|Case="Genitive"|Gender="Masculine"|Number="Singular"
490030010081|Χριστοῦ|490030010061|np|Cat="noun"|Id="25"|morphId="490030010081"|Unicode="Χριστοῦ"|Lemma="χριστός"|Lang="G"|StrongNumber="G55470"|Morph="N,,,,,GMS,"|Case="Genitive"|Gender="Masculine"|Number="Singular"|English="of Christ"
490030010091|Ἰησοῦ|490030010081|np|Cat="noun"|Id="27"|morphId="490030010091"|Unicode="Ἰησοῦ"|Lemma="Ἰησοῦς"|Lang="G"|StrongNumber="G24240"|Morph="N,,,,,GMS,"|Case="Genitive"|Gender="Masculine"|Number="Singular"|English="Jesus"
490030010101|ὑπὲρ|490030010111|prep|Cat="prep"|Id="29"|morphId="490030010101"|Unicode="ὑπὲρ"|Lemma="ὑπέρ"|Lang="G"|StrongNumber="G52280"|Morph="P,,,,,G,,,"|Case="Genitive"|English="for the sake of"
490030010111|ὑμῶν|490030010061|pp|Cat="pron"|Id="32"|morphId="490030010111"|Unicode="ὑμῶν"|Lemma="σύ"|Lang="G"|StrongNumber="G47710"|Morph="RP,,,2G,P,"|Type="Personal"|Person="Second"|Case="Genitive"|Number="Plural"|English="you"
490030010121|τῶν|490030010131|det|Cat="det"|Id="34"|morphId="490030010121"|Unicode="τῶν"|Lemma="ὁ"|Lang="G"|StrongNumber="G35880"|Morph="EA,,,,GNP,"|Type="Article"|Case="Genitive"|Gender="Neuter"|Number="Plural"
490030010131|ἐθνῶν—|490030010111|np|Cat="noun"|Id="36"|morphId="490030010131"|Unicode="ἐθνῶν—"|Lemma="ἔθνος"|Lang="G"|StrongNumber="G14840"|Morph="N,,,,,GNP,"|Case="Genitive"|Gender="Neuter"|Number="Plural"|English="gentiles"
490030020011|εἴ|490030020031|conj|Cat="conj"|Id="3"|morphId="490030020011"|Unicode="εἴ"|Lemma="εἰ"|Lang="G"|StrongNumber="G14870"|Morph="CS,,,,,,,,"|Type="Subordinating"|English="if"
490030020021|γε|490030020031|ptcl|Cat="ptcl"|Id="5"|morphId="490030020021"|Unicode="γε"|Lemma="γέ"|Lang="G"|StrongNumber="G10650"|Morph="T,,,,,,,,,"|English="indeed"
490030020031|ἠκούσατε|None|CL|Cat="verb"|Id="9"|morphId="490030020031"|Unicode="ἠκούσατε"|Lemma="ἀκούω"|Lang="G"|StrongNumber="G01910"|Morph="V,IAA2,,P,"|Mood="Indicative"|Tense="Aorist"|Voice="Active"|Person="Second"|Number="Plural"|English="you have heard"
490030020041|τὴν|490030020051|det|Cat="det"|Id="12"|morphId="490030020041"|Unicode="τὴν"|Lemma="ὁ"|Lang="G"|StrongNumber="G35880"|Morph="EA,,,,AFS,"|Type="Article"|Case="Accusative"|Gender="Feminine"|Number="Singular"|English="the"
490030020051|οἰκονομίαν|490030020031|O|Cat="noun"|Id="15"|morphId="490030020051"|Unicode="οἰκονομίαν"|Lemma="οἰκονομία"|Lang="G"|StrongNumber="G36220"|Morph="N,,,,,AFS,"|Case="Accusative"|Gender="Feminine"|Number="Singular"|English="of ~ stewardship"
490030020061|τῆς|490030020071|det|Cat="det"|Id="18"|morphId="490030020061"|Unicode="τῆς"|Lemma="ὁ"|Lang="G"|StrongNumber="G35880"|Morph="EA,,,,GFS,"|Type="Article"|Case="Genitive"|Gender="Feminine"|Number="Singular"|English="the"
490030020071|χάριτος|490030020051|np|Cat="noun"|Id="21"|morphId="490030020071"|Unicode="χάριτος"|Lemma="χάρις"|Lang="G"|StrongNumber="G54850"|Morph="N,,,,,GFS,"|Case="Genitive"|Gender="Feminine"|Number="Singular"|English="of ~ grace"
490030020081|τοῦ|490030020091|det|Cat="det"|Id="23"|morphId="490030020081"|Unicode="τοῦ"|Lemma="ὁ"|Lang="G"|StrongNumber="G35880"|Morph="EA,,,,GMS,"|Type="Article"|Case="Genitive"|Gender="Masculine"|Number="Singular"
490030020091|Θεοῦ,|490030020071|np|Cat="noun"|Id="25"|morphId="490030020091"|Unicode="Θεοῦ,"|Lemma="θεός"|Lang="G"|StrongNumber="G23160"|Morph="N,,,,,GMS,"|Case="Genitive"|Gender="Masculine"|Number="Singular"|English="God’s"
490030020101|τῆς|490030020111|det|Cat="pron"|Id="28"|morphId="490030020101"|Unicode="τῆς"|Lemma="ὁ"|Lang="G"|StrongNumber="G35880"|Morph="RD,,,,GFS,"|Type="Demonstrative"|Case="Genitive"|Gender="Feminine"|Number="Singular"
490030020111|δοθείσης|490030020071|np|Cat="verb"|Id="32"|morphId="490030020111"|Unicode="δοθείσης"|Lemma="δίδωμι"|Lang="G"|StrongNumber="G13250"|Morph="V,PAP,GFS,"|Mood="Participle"|Tense="Aorist"|Voice="Passive"|Case="Genitive"|Gender="Feminine"|Number="Singular"|English="that was given"
490030020121|μοι|490030020111|IO|Cat="pron"|Id="35"|morphId="490030020121"|Unicode="μοι"|Lemma="ἐγώ"|Lang="G"|StrongNumber="G14730"|Morph="RP,,,1D,S,"|Type="Personal"|Person="First"|Case="Dative"|Number="Singular"|English="to me"
490030020131|εἰς|490030020141|prep|Cat="prep"|Id="38"|morphId="490030020131"|Unicode="εἰς"|Lemma="εἰς"|Lang="G"|StrongNumber="G15190"|Morph="P,,,,,A,,,"|Case="Accusative"|English="for"
490030020141|ὑμᾶς;|490030020111|ADV|Cat="pron"|Id="40"|morphId="490030020141"|Unicode="ὑμᾶς;"|Lemma="σύ"|Lang="G"|StrongNumber="G47710"|Morph="RP,,,2A,P,"|Type="Personal"|Person="Second"|Case="Accusative"|Number="Plural"|English="you"
490030030011|κατὰ|490030030021|prep|Cat="prep"|Id="6"|morphId="490030030011"|Unicode="κατὰ"|Lemma="κατά"|Lang="G"|StrongNumber="G25960"|Morph="P,,,,,A,,,"|Case="Accusative"|English="by"
490030030021|ἀποκάλυψιν|490030030031|ADV|Cat="noun"|Id="8"|morphId="490030030021"|Unicode="ἀποκάλυψιν"|Lemma="ἀποκάλυψις"|Lang="G"|StrongNumber="G06020"|Morph="N,,,,,AFS,"|Case="Accusative"|Gender="Feminine"|Number="Singular"|English="revelation"
490030030031|ἐγνωρίσθη|None|CL|Cat="verb"|Id="11"|morphId="490030030031"|Unicode="ἐγνωρίσθη"|Lemma="γνωρίζω"|Lang="G"|StrongNumber="G11070"|Morph="V,IAP3,,S,"|Mood="Indicative"|Tense="Aorist"|Voice="Passive"|Person="Third"|Number="Singular"|English="was made known"
490030030041|μοι|490030030031|IO|Cat="pron"|Id="14"|morphId="490030030041"|Unicode="μοι"|Lemma="ἐγώ"|Lang="G"|StrongNumber="G14730"|Morph="RP,,,1D,S,"|Type="Personal"|Person="First"|Case="Dative"|Number="Singular"|English="to me"
490030030051|τὸ|490030030061|det|Cat="det"|Id="17"|morphId="490030030051"|Unicode="τὸ"|Lemma="ὁ"|Lang="G"|StrongNumber="G35880"|Morph="EA,,,,NNS,"|Type="Article"|Case="Nominative"|Gender="Neuter"|Number="Singular"|English="the"
490030030061|μυστήριον,|490030030031|S|Cat="noun"|Id="19"|morphId="490030030061"|Unicode="μυστήριον,"|Lemma="μυστήριον"|Lang="G"|StrongNumber="G34660"|Morph="N,,,,,NNS,"|Case="Nominative"|Gender="Neuter"|Number="Singular"|English="mystery"
490030030071|καθὼς|490030030081|conj|Cat="adv"|Id="22"|morphId="490030030071"|Unicode="καθὼς"|Lemma="καθώς"|Lang="G"|StrongNumber="G25310"|Morph="D,,,,,,,,,"|English="as"
490030030081|προέγραψα|490030030031|CL|Cat="verb"|Id="26"|morphId="490030030081"|Unicode="προέγραψα"|Lemma="προγράφω"|Lang="G"|StrongNumber="G42700"|Morph="V,IAA1,,S,"|Mood="Indicative"|Tense="Aorist"|Voice="Active"|Person="First"|Number="Singular"|English="I wrote above"
490030030091|ἐν|490030030101|prep|Cat="prep"|Id="29"|morphId="490030030091"|Unicode="ἐν"|Lemma="ἐν"|Lang="G"|StrongNumber="G17220"|Morph="P,,,,,D,,,"|Case="Dative"|English="in"
490030030101|ὀλίγῳ;|490030030081|ADV|Cat="pron"|Id="31"|morphId="490030030101"|Unicode="ὀλίγῳ;"|Lemma="ὀλίγος"|Lang="G"|StrongNumber="G36410"|Morph="RI,,,,DNS,"|Type="Indefinite"|Case="Dative"|Gender="Neuter"|Number="Singular"|English="brief"
490030040011|πρὸς|490030040021|prep|Cat="prep"|Id="5"|morphId="490030040011"|Unicode="πρὸς"|Lemma="πρός"|Lang="G"|StrongNumber="G43140"|Morph="P,,,,,A,,,"|Case="Accusative"|English="by"
490030040021|ὃ|490030040031|ADV|Cat="pron"|Id="7"|morphId="490030040021"|Unicode="ὃ"|Lemma="ὅς"|Lang="G"|StrongNumber="G37390"|Morph="RR,,,,ANS,"|Type="Relative"|Case="Accusative"|Gender="Neuter"|Number="Singular"|English="which"
490030040031|δύνασθε|None|CL|Cat="verb"|Id="10"|morphId="490030040031"|Unicode="δύνασθε"|Lemma="δύναμαι"|Lang="G"|StrongNumber="G14100"|Morph="V,IPM2,,P,"|Mood="Indicative"|Tense="Present"|Voice="Middle"|Person="Second"|Number="Plural"|English="you can"
490030040041|ἀναγινώσκοντες|490030040031|ADV|Cat="verb"|Id="15"|morphId="490030040041"|Unicode="ἀναγινώσκοντες"|Lemma="ἀναγινώσκω"|Lang="G"|StrongNumber="G03140"|Morph="V,PPA,NMP,"|Mood="Participle"|Tense="Present"|Voice="Active"|Case="Nominative"|Gender="Masculine"|Number="Plural"|English="when ~ read"
490030040051|νοῆσαι|490030040031|O|Cat="verb"|Id="20"|morphId="490030040051"|Unicode="νοῆσαι"|Lemma="νοέω"|Lang="G"|StrongNumber="G35390"|Morph="V,NAA,,,,,"|Mood="Infinitive"|Tense="Aorist"|Voice="Active"|English="to understand"
490030040061|τὴν|490030040071|det|Cat="det"|Id="23"|morphId="490030040061"|Unicode="τὴν"|Lemma="ὁ"|Lang="G"|StrongNumber="G35880"|Morph="EA,,,,AFS,"|Type="Article"|Case="Accusative"|Gender="Feminine"|Number="Singular"|English="the"
490030040071|σύνεσίν|490030040051|O|Cat="noun"|Id="27"|morphId="490030040071"|Unicode="σύνεσίν"|Lemma="σύνεσις"|Lang="G"|StrongNumber="G49070"|Morph="N,,,,,AFS,"|Case="Accusative"|Gender="Feminine"|Number="Singular"|English="insight"
490030040081|μου|490030040071|np|Cat="pron"|Id="29"|morphId="490030040081"|Unicode="μου"|Lemma="ἐγώ"|Lang="G"|StrongNumber="G14730"|Morph="RP,,,1G,S,"|Type="Personal"|Person="First"|Case="Genitive"|Number="Singular"|English="of me"
490030040091|ἐν|490030040111|prep|Cat="prep"|Id="31"|morphId="490030040091"|Unicode="ἐν"|Lemma="ἐν"|Lang="G"|StrongNumber="G17220"|Morph="P,,,,,D,,,"|Case="Dative"|English="into"
490030040101|τῷ|490030040111|det|Cat="det"|Id="33"|morphId="490030040101"|Unicode="τῷ"|Lemma="ὁ"|Lang="G"|StrongNumber="G35880"|Morph="EA,,,,DNS,"|Type="Article"|Case="Dative"|Gender="Neuter"|Number="Singular"|English="the"
490030040111|μυστηρίῳ|490030040071|pp|Cat="noun"|Id="36"|morphId="490030040111"|Unicode="μυστηρίῳ"|Lemma="μυστήριον"|Lang="G"|StrongNumber="G34660"|Morph="N,,,,,DNS,"|Case="Dative"|Gender="Neuter"|Number="Singular"|English="mystery"
490030040121|τοῦ|490030040131|det|Cat="det"|Id="38"|morphId="490030040121"|Unicode="τοῦ"|Lemma="ὁ"|Lang="G"|StrongNumber="G35880"|Morph="EA,,,,GMS,"|Type="Article"|Case="Genitive"|Gender="Masculine"|Number="Singular"
490030040131|Χριστοῦ,|490030040111|np|Cat="noun"|Id="40"|morphId="490030040131"|Unicode="Χριστοῦ,"|Lemma="χριστός"|Lang="G"|StrongNumber="G55470"|Morph="N,,,,,GMS,"|Case="Genitive"|Gender="Masculine"|Number="Singular"|English="of Christ"
490030050011|ὃ|490030050051|S|Cat="pron"|Id="6"|morphId="490030050011"|Unicode="ὃ"|Lemma="ὅς"|Lang="G"|StrongNumber="G37390"|Morph="RR,,,,NNS,"|Type="Relative"|Case="Nominative"|Gender="Neuter"|Number="Singular"|English="which"
490030050021|ἑτέραις|490030050031|adjp|Cat="det"|Id="11"|morphId="490030050021"|Unicode="ἑτέραις"|Lemma="ἕτερος"|Lang="G"|StrongNumber="G20870"|Morph="EF,,,,DFP,"|Type="Differential"|Case="Dative"|Gender="Feminine"|Number="Plural"|English="other"
490030050031|γενεαῖς|490030050051|ADV|Cat="noun"|Id="13"|morphId="490030050031"|Unicode="γενεαῖς"|Lemma="γενεά"|Lang="G"|StrongNumber="G10740"|Morph="N,,,,,DFP,"|Case="Dative"|Gender="Feminine"|Number="Plural"|English="in ~ generations"
490030050041|οὐκ|490030050051|ADV|Cat="adv"|Id="16"|morphId="490030050041"|Unicode="οὐκ"|Lemma="οὐ"|Lang="G"|StrongNumber="G37560"|Morph="D,,,,,,,,,"|English="not"
490030050051|ἐγνωρίσθη|None|CL|Cat="verb"|Id="19"|morphId="490030050051"|Unicode="ἐγνωρίσθη"|Lemma="γνωρίζω"|Lang="G"|StrongNumber="G11070"|Morph="V,IAP3,,S,"|Mood="Indicative"|Tense="Aorist"|Voice="Passive"|Person="Third"|Number="Singular"|English="was ~ made known"
490030050061|τοῖς|490030050071|det|Cat="det"|Id="22"|morphId="490030050061"|Unicode="τοῖς"|Lemma="ὁ"|Lang="G"|StrongNumber="G35880"|Morph="EA,,,,DMP,"|Type="Article"|Case="Dative"|Gender="Masculine"|Number="Plural"|English="the"
490030050071|υἱοῖς|490030050051|IO|Cat="noun"|Id="25"|morphId="490030050071"|Unicode="υἱοῖς"|Lemma="υἱός"|Lang="G"|StrongNumber="G52070"|Morph="N,,,,,DMP,"|Case="Dative"|Gender="Masculine"|Number="Plural"|English="to ~ sons"
490030050081|τῶν|490030050091|det|Cat="det"|Id="27"|morphId="490030050081"|Unicode="τῶν"|Lemma="ὁ"|Lang="G"|StrongNumber="G35880"|Morph="EA,,,,GMP,"|Type="Article"|Case="Genitive"|Gender="Masculine"|Number="Plural"
490030050091|ἀνθρώπων,|490030050071|np|Cat="noun"|Id="29"|morphId="490030050091"|Unicode="ἀνθρώπων,"|Lemma="ἄνθρωπος"|Lang="G"|StrongNumber="G04440"|Morph="N,,,,,GMP,"|Case="Genitive"|Gender="Masculine"|Number="Plural"|English="of men"
490030050101|ὡς|490030050121|conj|Cat="conj"|Id="31"|morphId="490030050101"|Unicode="ὡς"|Lemma="ὡς"|Lang="G"|StrongNumber="G56130"|Morph="CS,,,,,,,,"|Type="Subordinating"|English="as"
490030050111|νῦν|490030050121|ADV|Cat="adv"|Id="35"|morphId="490030050111"|Unicode="νῦν"|Lemma="νῦν"|Lang="G"|StrongNumber="G35680"|Morph="D,,,,,,,,,"|English="now"
490030050121|ἀπεκαλύφθη|490030050051|CL|Cat="verb"|Id="38"|morphId="490030050121"|Unicode="ἀπεκαλύφθη"|Lemma="ἀποκαλύπτω"|Lang="G"|StrongNumber="G06010"|Morph="V,IAP3,,S,"|Mood="Indicative"|Tense="Aorist"|Voice="Passive"|Person="Third"|Number="Singular"|English="it has ~ been revealed"
490030050131|τοῖς|490030050151|det|Cat="det"|Id="41"|morphId="490030050131"|Unicode="τοῖς"|Lemma="ὁ"|Lang="G"|StrongNumber="G35880"|Morph="EA,,,,DMP,"|Type="Article"|Case="Dative"|Gender="Masculine"|Number="Plural"|English="to the"
490030050141|ἁγίοις|490030050151|adjp|Cat="adj"|Id="46"|morphId="490030050141"|Unicode="ἁγίοις"|Lemma="ἅγιος"|Lang="G"|StrongNumber="G00400"|Morph="AA,,,,DMP,"|Type="Ascriptive"|Case="Dative"|Gender="Masculine"|Number="Plural"|English="holy"
490030050151|ἀποστόλοις|490030050121|IO|Cat="noun"|Id="48"|morphId="490030050151"|Unicode="ἀποστόλοις"|Lemma="ἀπόστολος"|Lang="G"|StrongNumber="G06520"|Morph="N,,,,,DMP,"|Case="Dative"|Gender="Masculine"|Number="Plural"|English="to ~ apostles"
490030050161|αὐτοῦ|490030050151|np|Cat="pron"|Id="50"|morphId="490030050161"|Unicode="αὐτοῦ"|Lemma="αὐτός"|Lang="G"|StrongNumber="G08460"|Morph="RP,,,3GMS,"|Type="Personal"|Person="Third"|Case="Genitive"|Gender="Masculine"|Number="Singular"|English="of Him"
490030050171|καὶ|490030050151|conj|Cat="conj"|Id="51"|morphId="490030050171"|Unicode="καὶ"|Lemma="καί"|Lang="G"|StrongNumber="G25320"|Morph="CC,,,,,,,,"|Type="Coordinating"|English="and"
490030050181|προφήταις|490030050151|np|Cat="noun"|Id="53"|morphId="490030050181"|Unicode="προφήταις"|Lemma="προφήτης"|Lang="G"|StrongNumber="G43960"|Morph="N,,,,,DMP,"|Case="Dative"|Gender="Masculine"|Number="Plural"|English="prophets"
490030050191|ἐν|490030050201|prep|Cat="prep"|Id="56"|morphId="490030050191"|Unicode="ἐν"|Lemma="ἐν"|Lang="G"|StrongNumber="G17220"|Morph="P,,,,,D,,,"|Case="Dative"|English="by"
490030050201|Πνεύματι;|490030050121|ADV|Cat="noun"|Id="58"|morphId="490030050201"|Unicode="Πνεύματι;"|Lemma="πνεῦμα"|Lang="G"|StrongNumber="G41510"|Morph="N,,,,,DNS,"|Case="Dative"|Gender="Neuter"|Number="Singular"|English="Spirit"
490030060011|εἶναι|490030060041|VC|Cat="verb"|Id="5"|morphId="490030060011"|Unicode="εἶναι"|Lemma="εἰμί"|Lang="G"|StrongNumber="G15100"|Morph="V,NPA,,,,,"|Mood="Infinitive"|Tense="Present"|Voice="Active"|English="are"
490030060021|τὰ|490030060031|det|Cat="det"|Id="8"|morphId="490030060021"|Unicode="τὰ"|Lemma="ὁ"|Lang="G"|StrongNumber="G35880"|Morph="EA,,,,ANP,"|Type="Article"|Case="Accusative"|Gender="Neuter"|Number="Plural"|English="the"
490030060031|ἔθνη,|490030060041|S|Cat="noun"|Id="10"|morphId="490030060031"|Unicode="ἔθνη,"|Lemma="ἔθνος"|Lang="G"|StrongNumber="G14840"|Morph="N,,,,,ANP,"|Case="Accusative"|Gender="Neuter"|Number="Plural"|English="gentiles"
490030060041|συνκληρονόμα,|None|CL|Cat="noun"|Id="14"|morphId="490030060041"|Unicode="συνκληρονόμα,"|Lemma="συνκληρονόμος"|Lang="G"|StrongNumber="G47890"|Morph="NS,,,,ANP,"|Type="Substantive_Adj"|Case="Accusative"|Gender="Neuter"|Number="Plural"|English="fellow heirs"
490030060051|καὶ|490030060041|conj|Cat="conj"|Id="15"|morphId="490030060051"|Unicode="καὶ"|Lemma="καί"|Lang="G"|StrongNumber="G25320"|Morph="CC,,,,,,,,"|Type="Coordinating"|English="and"
490030060061|σύνσωμα,|490030060041|np|Cat="noun"|Id="17"|morphId="490030060061"|Unicode="σύνσωμα,"|Lemma="σύνσωμος"|Lang="G"|StrongNumber="G49540"|Morph="NS,,,,ANP,"|Type="Substantive_Adj"|Case="Accusative"|Gender="Neuter"|Number="Plural"|English="of the same body"
490030060071|καὶ|490030060041|conj|Cat="conj"|Id="18"|morphId="490030060071"|Unicode="καὶ"|Lemma="καί"|Lang="G"|StrongNumber="G25320"|Morph="CC,,,,,,,,"|Type="Coordinating"|English="and"
490030060081|συνμέτοχα,|490030060041|np|Cat="noun"|Id="21"|morphId="490030060081"|Unicode="συνμέτοχα,"|Lemma="συνμέτοχος"|Lang="G"|StrongNumber="G48300"|Morph="NS,,,,ANP,"|Type="Substantive_Adj"|Case="Accusative"|Gender="Neuter"|Number="Plural"|English="sharers"
490030060091|τῆς|490030060101|det|Cat="det"|Id="23"|morphId="490030060091"|Unicode="τῆς"|Lemma="ὁ"|Lang="G"|StrongNumber="G35880"|Morph="EA,,,,GFS,"|Type="Article"|Case="Genitive"|Gender="Feminine"|Number="Singular"|English="the"
490030060101|ἐπαγγελίας|490030060081|np|Cat="noun"|Id="25"|morphId="490030060101"|Unicode="ἐπαγγελίας"|Lemma="ἐπαγγελία"|Lang="G"|StrongNumber="G18600"|Morph="N,,,,,GFS,"|Case="Genitive"|Gender="Feminine"|Number="Singular"|English="of ~ promise"
490030060111|ἐν|490030060121|prep|Cat="prep"|Id="28"|morphId="490030060111"|Unicode="ἐν"|Lemma="ἐν"|Lang="G"|StrongNumber="G17220"|Morph="P,,,,,D,,,"|Case="Dative"|English="in"
490030060121|Χριστῷ|490030060041|ADV|Cat="noun"|Id="31"|morphId="490030060121"|Unicode="Χριστῷ"|Lemma="χριστός"|Lang="G"|StrongNumber="G55470"|Morph="N,,,,,DMS,"|Case="Dative"|Gender="Masculine"|Number="Singular"|English="Christ"
490030060131|Ἰησοῦ,|490030060121|np|Cat="noun"|Id="33"|morphId="490030060131"|Unicode="Ἰησοῦ,"|Lemma="Ἰησοῦς"|Lang="G"|StrongNumber="G24240"|Morph="N,,,,,DMS,"|Case="Dative"|Gender="Masculine"|Number="Singular"|English="Jesus"
490030060141|διὰ|490030060161|prep|Cat="prep"|Id="36"|morphId="490030060141"|Unicode="διὰ"|Lemma="διά"|Lang="G"|StrongNumber="G12230"|Morph="P,,,,,G,,,"|Case="Genitive"|English="through"
490030060151|τοῦ|490030060161|det|Cat="det"|Id="38"|morphId="490030060151"|Unicode="τοῦ"|Lemma="ὁ"|Lang="G"|StrongNumber="G35880"|Morph="EA,,,,GNS,"|Type="Article"|Case="Genitive"|Gender="Neuter"|Number="Singular"|English="the"
490030060161|εὐαγγελίου;|490030060041|ADV|Cat="noun"|Id="40"|morphId="490030060161"|Unicode="εὐαγγελίου;"|Lemma="εὐαγγέλιον"|Lang="G"|StrongNumber="G20980"|Morph="N,,,,,GNS,"|Case="Genitive"|Gender="Neuter"|Number="Singular"|English="gospel"
490030070011|οὗ|490030070031|np|Cat="pron"|Id="6"|morphId="490030070011"|Unicode="οὗ"|Lemma="ὅς"|Lang="G"|StrongNumber="G37390"|Morph="RR,,,,GNS,"|Type="Relative"|Case="Genitive"|Gender="Neuter"|Number="Singular"|English="of which"
490030070031|διάκονος|None|CL|Cat="noun"|Id="8"|morphId="490030070031"|Unicode="διάκονος"|Lemma="διάκονος"|Lang="G"|StrongNumber="G12490"|Morph="N,,,,,NMS,"|Case="Nominative"|Gender="Masculine"|Number="Singular"|English="a servant"
490030070021|ἐγενήθην|490030070031|VC|Cat="verb"|Id="11"|morphId="490030070021"|Unicode="ἐγενήθην"|Lemma="γίνομαι"|Lang="G"|StrongNumber="G10960"|Morph="V,IAP1,,S,"|Mood="Indicative"|Tense="Aorist"|Voice="Passive"|Person="First"|Number="Singular"|English="I was made"
490030070041|κατὰ|490030070061|prep|Cat="prep"|Id="14"|morphId="490030070041"|Unicode="κατὰ"|Lemma="κατά"|Lang="G"|StrongNumber="G25960"|Morph="P,,,,,A,,,"|Case="Accusative"|English="according to"
490030070051|τὴν|490030070061|det|Cat="det"|Id="16"|morphId="490030070051"|Unicode="τὴν"|Lemma="ὁ"|Lang="G"|StrongNumber="G35880"|Morph="EA,,,,AFS,"|Type="Article"|Case="Accusative"|Gender="Feminine"|Number="Singular"|English="the"
490030070061|δωρεὰν|490030070031|ADV|Cat="noun"|Id="19"|morphId="490030070061"|Unicode="δωρεὰν"|Lemma="δωρεά"|Lang="G"|StrongNumber="G14310"|Morph="N,,,,,AFS,"|Case="Accusative"|Gender="Feminine"|Number="Singular"|English="gift"
490030070071|τῆς|490030070081|det|Cat="det"|Id="22"|morphId="490030070071"|Unicode="τῆς"|Lemma="ὁ"|Lang="G"|StrongNumber="G35880"|Morph="EA,,,,GFS,"|Type="Article"|Case="Genitive"|Gender="Feminine"|Number="Singular"|English="the"
490030070081|χάριτος|490030070061|np|Cat="noun"|Id="25"|morphId="490030070081"|Unicode="χάριτος"|Lemma="χάρις"|Lang="G"|StrongNumber="G54850"|Morph="N,,,,,GFS,"|Case="Genitive"|Gender="Feminine"|Number="Singular"|English="of ~ grace"
490030070091|τοῦ|490030070101|det|Cat="det"|Id="27"|morphId="490030070091"|Unicode="τοῦ"|Lemma="ὁ"|Lang="G"|StrongNumber="G35880"|Morph="EA,,,,GMS,"|Type="Article"|Case="Genitive"|Gender="Masculine"|Number="Singular"
490030070101|Θεοῦ|490030070081|np|Cat="noun"|Id="29"|morphId="490030070101"|Unicode="Θεοῦ"|Lemma="θεός"|Lang="G"|StrongNumber="G23160"|Morph="N,,,,,GMS,"|Case="Genitive"|Gender="Masculine"|Number="Singular"|English="God’s"
490030070111|τῆς|490030070121|det|Cat="pron"|Id="32"|morphId="490030070111"|Unicode="τῆς"|Lemma="ὁ"|Lang="G"|StrongNumber="G35880"|Morph="RD,,,,GFS,"|Type="Demonstrative"|Case="Genitive"|Gender="Feminine"|Number="Singular"
490030070121|δοθείσης|490030070081|np|Cat="verb"|Id="36"|morphId="490030070121"|Unicode="δοθείσης"|Lemma="δίδωμι"|Lang="G"|StrongNumber="G13250"|Morph="V,PAP,GFS,"|Mood="Participle"|Tense="Aorist"|Voice="Passive"|Case="Genitive"|Gender="Feminine"|Number="Singular"|English="given"
490030070131|μοι,|490030070121|IO|Cat="pron"|Id="39"|morphId="490030070131"|Unicode="μοι,"|Lemma="ἐγώ"|Lang="G"|StrongNumber="G14730"|Morph="RP,,,1D,S,"|Type="Personal"|Person="First"|Case="Dative"|Number="Singular"|English="to me"
490030070141|κατὰ|490030070161|prep|Cat="prep"|Id="42"|morphId="490030070141"|Unicode="κατὰ"|Lemma="κατά"|Lang="G"|StrongNumber="G25960"|Morph="P,,,,,A,,,"|Case="Accusative"|English="by"
490030070151|τὴν|490030070161|det|Cat="det"|Id="44"|morphId="490030070151"|Unicode="τὴν"|Lemma="ὁ"|Lang="G"|StrongNumber="G35880"|Morph="EA,,,,AFS,"|Type="Article"|Case="Accusative"|Gender="Feminine"|Number="Singular"|English="the"
490030070161|ἐνέργειαν|490030070121|ADV|Cat="noun"|Id="47"|morphId="490030070161"|Unicode="ἐνέργειαν"|Lemma="ἐνέργεια"|Lang="G"|StrongNumber="G17530"|Morph="N,,,,,AFS,"|Case="Accusative"|Gender="Feminine"|Number="Singular"|English="working"
490030070171|τῆς|490030070181|det|Cat="det"|Id="49"|morphId="490030070171"|Unicode="τῆς"|Lemma="ὁ"|Lang="G"|StrongNumber="G35880"|Morph="EA,,,,GFS,"|Type="Article"|Case="Genitive"|Gender="Feminine"|Number="Singular"|English="of the"
490030070181|δυνάμεως|490030070161|np|Cat="noun"|Id="52"|morphId="490030070181"|Unicode="δυνάμεως"|Lemma="δύναμις"|Lang="G"|StrongNumber="G14110"|Morph="N,,,,,GFS,"|Case="Genitive"|Gender="Feminine"|Number="Singular"|English="of ~ power"
490030070191|αὐτοῦ.|490030070181|np|Cat="pron"|Id="54"|morphId="490030070191"|Unicode="αὐτοῦ."|Lemma="αὐτός"|Lang="G"|StrongNumber="G08460"|Morph="RP,,,3GMS,"|Type="Personal"|Person="Third"|Case="Genitive"|Gender="Masculine"|Number="Singular"|English="of him"
490030080011|ἐμοὶ|490030080061|IO|Cat="pron"|Id="6"|morphId="490030080011"|Unicode="ἐμοὶ"|Lemma="ἐγώ"|Lang="G"|StrongNumber="G14730"|Morph="RP,,,1D,S,"|Type="Personal"|Person="First"|Case="Dative"|Number="Singular"|English="To me"
490030080021|τῷ,|490030080031|det|Cat="det"|Id="8"|morphId="490030080021"|Unicode="τῷ,"|Lemma="ὁ"|Lang="G"|StrongNumber="G35880"|Morph="EA,,,,DMS,"|Type="Article"|Case="Dative"|Gender="Masculine"|Number="Singular"|English="the"
490030080031|ἐλαχιστοτέρῳ|490030080011|np|Cat="adj"|Id="11"|morphId="490030080031"|Unicode="ἐλαχιστοτέρῳ"|Lemma="ἐλαχιστότερος"|Lang="G"|StrongNumber="G16470"|Morph="AA,,,,DMSC"|Type="Ascriptive"|Case="Dative"|Gender="Masculine"|Number="Singular"|English="very least"
490030080041|πάντων|490030080051|adjp|Cat="det"|Id="15"|morphId="490030080041"|Unicode="πάντων"|Lemma="πᾶς"|Lang="G"|StrongNumber="G39560"|Morph="EQ,,,,GMP,"|Type="Quantifier"|Case="Genitive"|Gender="Masculine"|Number="Plural"|English="all"
490030080051|ἁγίων,|490030080031|np|Cat="noun"|Id="17"|morphId="490030080051"|Unicode="ἁγίων,"|Lemma="ἅγιος"|Lang="G"|StrongNumber="G00400"|Morph="NS,,,,GMP,"|Type="Substantive_Adj"|Case="Genitive"|Gender="Masculine"|Number="Plural"|English="of ~ saints"
490030080061|ἐδόθη|None|CL|Cat="verb"|Id="20"|morphId="490030080061"|Unicode="ἐδόθη"|Lemma="δίδωμι"|Lang="G"|StrongNumber="G13250"|Morph="V,IAP3,,S,"|Mood="Indicative"|Tense="Aorist"|Voice="Passive"|Person="Third"|Number="Singular"|English="was given"
490030080071|ἡ|490030080081|det|Cat="det"|Id="24"|morphId="490030080071"|Unicode="ἡ"|Lemma="ὁ"|Lang="G"|StrongNumber="G35880"|Morph="EA,,,,NFS,"|Type="Article"|Case="Nominative"|Gender="Feminine"|Number="Singular"
490030080081|χάρις|490030080061|S|Cat="noun"|Id="26"|morphId="490030080081"|Unicode="χάρις"|Lemma="χάρις"|Lang="G"|StrongNumber="G54850"|Morph="N,,,,,NFS,"|Case="Nominative"|Gender="Feminine"|Number="Singular"|English="grace"
490030080091|αὕτη,|490030080081|np|Cat="det"|Id="28"|morphId="490030080091"|Unicode="αὕτη,"|Lemma="οὗτος"|Lang="G"|StrongNumber="G37780"|Morph="ED,,,,NFS,"|Type="Demonstrative"|Case="Nominative"|Gender="Feminine"|Number="Singular"|English="this"
490030080101|τοῖς|490030080111|det|Cat="det"|Id="33"|morphId="490030080101"|Unicode="τοῖς"|Lemma="ὁ"|Lang="G"|StrongNumber="G35880"|Morph="EA,,,,DNP,"|Type="Article"|Case="Dative"|Gender="Neuter"|Number="Plural"|English="the"
490030080111|ἔθνεσιν|490030080121|IO|Cat="noun"|Id="35"|morphId="490030080111"|Unicode="ἔθνεσιν"|Lemma="ἔθνος"|Lang="G"|StrongNumber="G14840"|Morph="N,,,,,DNP,"|Case="Dative"|Gender="Neuter"|Number="Plural"|English="to ~ gentiles"
490030080121|εὐαγγελίσασθαι,|490030080061|ADV|Cat="verb"|Id="38"|morphId="490030080121"|Unicode="εὐαγγελίσασθαι,"|Lemma="εὐαγγελίζω"|Lang="G"|StrongNumber="G20970"|Morph="V,NAM,,,,,"|Mood="Infinitive"|Tense="Aorist"|Voice="Middle"|English="to preach"
490030080131|τὸ|490030080151|det|Cat="det"|Id="41"|morphId="490030080131"|Unicode="τὸ"|Lemma="ὁ"|Lang="G"|StrongNumber="G35880"|Morph="EA,,,,ANS,"|Type="Article"|Case="Accusative"|Gender="Neuter"|Number="Singular"|English="the"
490030080141|ἀνεξιχνίαστον|490030080151|adjp|Cat="adj"|Id="45"|morphId="490030080141"|Unicode="ἀνεξιχνίαστον"|Lemma="ἀνεξιχνίαστος"|Lang="G"|StrongNumber="G04210"|Morph="AA,,,,ANS,"|Type="Ascriptive"|Case="Accusative"|Gender="Neuter"|Number="Singular"|English="unsearchable"
490030080151|πλοῦτος|490030080121|O|Cat="noun"|Id="47"|morphId="490030080151"|Unicode="πλοῦτος"|Lemma="πλοῦτος"|Lang="G"|StrongNumber="G41490"|Morph="N,,,,,ANS,"|Case="Accusative"|Gender="Neuter"|Number="Singular"|English="riches"
490030080161|τοῦ|490030080171|det|Cat="det"|Id="49"|morphId="490030080161"|Unicode="τοῦ"|Lemma="ὁ"|Lang="G"|StrongNumber="G35880"|Morph="EA,,,,GMS,"|Type="Article"|Case="Genitive"|Gender="Masculine"|Number="Singular"
490030080171|Χριστοῦ;|490030080151|np|Cat="noun"|Id="51"|morphId="490030080171"|Unicode="Χριστοῦ;"|Lemma="χριστός"|Lang="G"|StrongNumber="G55470"|Morph="N,,,,,GMS,"|Case="Genitive"|Gender="Masculine"|Number="Singular"|English="of Christ"
490030090011|καὶ|490030090021|conj|Cat="conj"|Id="4"|morphId="490030090011"|Unicode="καὶ"|Lemma="καί"|Lang="G"|StrongNumber="G25320"|Morph="CC,,,,,,,,"|Type="Coordinating"|English="and"
490030090021|φωτίσαι|None|ADV|Cat="verb"|Id="8"|morphId="490030090021"|Unicode="φωτίσαι"|Lemma="φωτίζω"|Lang="G"|StrongNumber="G54610"|Morph="V,NAA,,,,,"|Mood="Infinitive"|Tense="Aorist"|Voice="Active"|English="to bring to light"
490030090031|πάντας,|490030090021|O|Cat="pron"|Id="11"|morphId="490030090031"|Unicode="πάντας,"|Lemma="πᾶς"|Lang="G"|StrongNumber="G39560"|Morph="RI,,,,AMP,"|Type="Indefinite"|Case="Accusative"|Gender="Masculine"|Number="Plural"|English="everyone"
490030090041|τίς|490030090021|O2|Cat="pron"|Id="16"|morphId="490030090041"|Unicode="τίς"|Lemma="τίς"|Lang="G"|StrongNumber="G51010"|Morph="RT,,,,NFS,"|Type="Interrogative"|Case="Nominative"|Gender="Feminine"|Number="Singular"|English="as to what is"
490030090051|ἡ|490030090061|det|Cat="det"|Id="19"|morphId="490030090051"|Unicode="ἡ"|Lemma="ὁ"|Lang="G"|StrongNumber="G35880"|Morph="EA,,,,NFS,"|Type="Article"|Case="Nominative"|Gender="Feminine"|Number="Singular"|English="the"
490030090061|οἰκονομία|490030090041|S|Cat="noun"|Id="22"|morphId="490030090061"|Unicode="οἰκονομία"|Lemma="οἰκονομία"|Lang="G"|StrongNumber="G36220"|Morph="N,,,,,NFS,"|Case="Nominative"|Gender="Feminine"|Number="Singular"|English="administration"
490030090071|τοῦ|490030090081|det|Cat="det"|Id="25"|morphId="490030090071"|Unicode="τοῦ"|Lemma="ὁ"|Lang="G"|StrongNumber="G35880"|Morph="EA,,,,GNS,"|Type="Article"|Case="Genitive"|Gender="Neuter"|Number="Singular"|English="the"
490030090081|μυστηρίου,|490030090061|np|Cat="noun"|Id="27"|morphId="490030090081"|Unicode="μυστηρίου,"|Lemma="μυστήριον"|Lang="G"|StrongNumber="G34660"|Morph="N,,,,,GNS,"|Case="Genitive"|Gender="Neuter"|Number="Singular"|English="of ~ mystery"
490030090091|τοῦ|490030090101|det|Cat="pron"|Id="30"|morphId="490030090091"|Unicode="τοῦ"|Lemma="ὁ"|Lang="G"|StrongNumber="G35880"|Morph="RD,,,,GNS,"|Type="Demonstrative"|Case="Genitive"|Gender="Neuter"|Number="Singular"
490030090101|ἀποκεκρυμμένου|490030090081|np|Cat="verb"|Id="34"|morphId="490030090101"|Unicode="ἀποκεκρυμμένου"|Lemma="ἀποκρύπτω"|Lang="G"|StrongNumber="G06130"|Morph="V,PEP,GNS,"|Mood="Participle"|Tense="Perfect"|Voice="Passive"|Case="Genitive"|Gender="Neuter"|Number="Singular"|English="hidden"
490030090111|ἀπὸ|490030090131|prep|Cat="prep"|Id="37"|morphId="490030090111"|Unicode="ἀπὸ"|Lemma="ἀπό"|Lang="G"|StrongNumber="G05750"|Morph="P,,,,,G,,,"|Case="Genitive"|English="for"
490030090121|τῶν|490030090131|det|Cat="det"|Id="39"|morphId="490030090121"|Unicode="τῶν"|Lemma="ὁ"|Lang="G"|StrongNumber="G35880"|Morph="EA,,,,GMP,"|Type="Article"|Case="Genitive"|Gender="Masculine"|Number="Plural"|English="the"
490030090131|αἰώνων|490030090101|ADV|Cat="noun"|Id="41"|morphId="490030090131"|Unicode="αἰώνων"|Lemma="αἰών"|Lang="G"|StrongNumber="G01650"|Morph="N,,,,,GMP,"|Case="Genitive"|Gender="Masculine"|Number="Plural"|English="ages"
490030090141|ἐν|490030090161|prep|Cat="prep"|Id="44"|morphId="490030090141"|Unicode="ἐν"|Lemma="ἐν"|Lang="G"|StrongNumber="G17220"|Morph="P,,,,,D,,,"|Case="Dative"|English="in"
490030090151|τῷ|490030090161|det|Cat="det"|Id="47"|morphId="490030090151"|Unicode="τῷ"|Lemma="ὁ"|Lang="G"|StrongNumber="G35880"|Morph="EA,,,,DMS,"|Type="Article"|Case="Dative"|Gender="Masculine"|Number="Singular"
490030090161|Θεῷ,|490030090101|ADV|Cat="noun"|Id="49"|morphId="490030090161"|Unicode="Θεῷ,"|Lemma="θεός"|Lang="G"|StrongNumber="G23160"|Morph="N,,,,,DMS,"|Case="Dative"|Gender="Masculine"|Number="Singular"|English="God"
490030090171|τῷ|490030090201|det|Cat="pron"|Id="52"|morphId="490030090171"|Unicode="τῷ"|Lemma="ὁ"|Lang="G"|StrongNumber="G35880"|Morph="RD,,,,DMS,"|Type="Demonstrative"|Case="Dative"|Gender="Masculine"|Number="Singular"|English="the one"
490030090181|τὰ|490030090191|det|Cat="pron"|Id="57"|morphId="490030090181"|Unicode="τὰ"|Lemma="ὁ"|Lang="G"|StrongNumber="G35880"|Morph="RD,,,,ANP,"|Type="Demonstrative"|Case="Accusative"|Gender="Neuter"|Number="Plural"
490030090191|πάντα|490030090201|O|Cat="det"|Id="60"|morphId="490030090191"|Unicode="πάντα"|Lemma="πᾶς"|Lang="G"|StrongNumber="G39560"|Morph="EQ,,,,ANP,"|Type="Quantifier"|Case="Accusative"|Gender="Neuter"|Number="Plural"|English="all things"
490030090201|κτίσαντι,|490030090161|np|Cat="verb"|Id="63"|morphId="490030090201"|Unicode="κτίσαντι,"|Lemma="κτίζω"|Lang="G"|StrongNumber="G29360"|Morph="V,PAA,DMS,"|Mood="Participle"|Tense="Aorist"|Voice="Active"|Case="Dative"|Gender="Masculine"|Number="Singular"|English="who created"
490030100011|ἵνα|490030100021|conj|Cat="conj"|Id="3"|morphId="490030100011"|Unicode="ἵνα"|Lemma="ἵνα"|Lang="G"|StrongNumber="G24430"|Morph="CS,,,,,,,,"|Type="Subordinating"|English="so that"
490030100021|γνωρισθῇ|None|CL|Cat="verb"|Id="7"|morphId="490030100021"|Unicode="γνωρισθῇ"|Lemma="γνωρίζω"|Lang="G"|StrongNumber="G11070"|Morph="V,SAP3,,S,"|Mood="Subjunctive"|Tense="Aorist"|Voice="Passive"|Person="Third"|Number="Singular"|English="might ~ be made known"
490030100031|νῦν|490030100021|ADV|Cat="adv"|Id="10"|morphId="490030100031"|Unicode="νῦν"|Lemma="νῦν"|Lang="G"|StrongNumber="G35680"|Morph="D,,,,,,,,,"|English="now"
490030100041|ταῖς|490030100051|det|Cat="det"|Id="15"|morphId="490030100041"|Unicode="ταῖς"|Lemma="ὁ"|Lang="G"|StrongNumber="G35880"|Morph="EA,,,,DFP,"|Type="Article"|Case="Dative"|Gender="Feminine"|Number="Plural"|English="the"
490030100051|ἀρχαῖς|490030100021|IO|Cat="noun"|Id="17"|morphId="490030100051"|Unicode="ἀρχαῖς"|Lemma="ἀρχή"|Lang="G"|StrongNumber="G07460"|Morph="N,,,,,DFP,"|Case="Dative"|Gender="Feminine"|Number="Plural"|English="to ~ rulers"
490030100061|καὶ|490030100051|conj|Cat="conj"|Id="18"|morphId="490030100061"|Unicode="καὶ"|Lemma="καί"|Lang="G"|StrongNumber="G25320"|Morph="CC,,,,,,,,"|Type="Coordinating"|English="and"
490030100071|ταῖς|490030100081|det|Cat="det"|Id="20"|morphId="490030100071"|Unicode="ταῖς"|Lemma="ὁ"|Lang="G"|StrongNumber="G35880"|Morph="EA,,,,DFP,"|Type="Article"|Case="Dative"|Gender="Feminine"|Number="Plural"|English="the"
490030100081|ἐξουσίαις|490030100051|np|Cat="noun"|Id="22"|morphId="490030100081"|Unicode="ἐξουσίαις"|Lemma="ἐξουσία"|Lang="G"|StrongNumber="G18490"|Morph="N,,,,,DFP,"|Case="Dative"|Gender="Feminine"|Number="Plural"|English="authorities"
490030100091|ἐν|490030100111|prep|Cat="prep"|Id="24"|morphId="490030100091"|Unicode="ἐν"|Lemma="ἐν"|Lang="G"|StrongNumber="G17220"|Morph="P,,,,,D,,,"|Case="Dative"|English="in"
490030100101|τοῖς|490030100111|det|Cat="det"|Id="26"|morphId="490030100101"|Unicode="τοῖς"|Lemma="ὁ"|Lang="G"|StrongNumber="G35880"|Morph="EA,,,,DNP,"|Type="Article"|Case="Dative"|Gender="Neuter"|Number="Plural"|English="the"
490030100111|ἐπουρανίοις|490030100051|pp|Cat="noun"|Id="28"|morphId="490030100111"|Unicode="ἐπουρανίοις"|Lemma="ἐπουράνιος"|Lang="G"|StrongNumber="G20320"|Morph="NS,,,,DNP,"|Type="Substantive_Adj"|Case="Dative"|Gender="Neuter"|Number="Plural"|English="heavenly"
490030100121|διὰ|490030100141|prep|Cat="prep"|Id="31"|morphId="490030100121"|Unicode="διὰ"|Lemma="διά"|Lang="G"|StrongNumber="G12230"|Morph="P,,,,,G,,,"|Case="Genitive"|English="through"
490030100131|τῆς|490030100141|det|Cat="det"|Id="33"|morphId="490030100131"|Unicode="τῆς"|Lemma="ὁ"|Lang="G"|StrongNumber="G35880"|Morph="EA,,,,GFS,"|Type="Article"|Case="Genitive"|Gender="Feminine"|Number="Singular"|English="the"
490030100141|ἐκκλησίας|490030100021|ADV|Cat="noun"|Id="35"|morphId="490030100141"|Unicode="ἐκκλησίας"|Lemma="ἐκκλησία"|Lang="G"|StrongNumber="G15770"|Morph="N,,,,,GFS,"|Case="Genitive"|Gender="Feminine"|Number="Singular"|English="church"
490030100151|ἡ|490030100171|det|Cat="det"|Id="38"|morphId="490030100151"|Unicode="ἡ"|Lemma="ὁ"|Lang="G"|StrongNumber="G35880"|Morph="EA,,,,NFS,"|Type="Article"|Case="Nominative"|Gender="Feminine"|Number="Singular"|English="the"
490030100161|πολυποίκιλος|490030100171|adjp|Cat="adj"|Id="42"|morphId="490030100161"|Unicode="πολυποίκιλος"|Lemma="πολυποίκιλος"|Lang="G"|StrongNumber="G41820"|Morph="AA,,,,NFS,"|Type="Ascriptive"|Case="Nominative"|Gender="Feminine"|Number="Singular"|English="manifold"
490030100171|σοφία|490030100021|S|Cat="noun"|Id="44"|morphId="490030100171"|Unicode="σοφία"|Lemma="σοφία"|Lang="G"|StrongNumber="G46780"|Morph="N,,,,,NFS,"|Case="Nominative"|Gender="Feminine"|Number="Singular"|English="wisdom"
490030100181|τοῦ|490030100191|det|Cat="det"|Id="46"|morphId="490030100181"|Unicode="τοῦ"|Lemma="ὁ"|Lang="G"|StrongNumber="G35880"|Morph="EA,,,,GMS,"|Type="Article"|Case="Genitive"|Gender="Masculine"|Number="Singular"
490030100191|Θεοῦ;|490030100171|np|Cat="noun"|Id="48"|morphId="490030100191"|Unicode="Θεοῦ;"|Lemma="θεός"|Lang="G"|StrongNumber="G23160"|Morph="N,,,,,GMS,"|Case="Genitive"|Gender="Masculine"|Number="Singular"|English="of God"
490030110011|κατὰ|490030110021|prep|Cat="prep"|Id="4"|morphId="490030110011"|Unicode="κατὰ"|Lemma="κατά"|Lang="G"|StrongNumber="G25960"|Morph="P,,,,,A,,,"|Case="Accusative"|English="according to"
490030110021|πρόθεσιν|None|ADV|Cat="noun"|Id="8"|morphId="490030110021"|Unicode="πρόθεσιν"|Lemma="πρόθεσις"|Lang="G"|StrongNumber="G42860"|Morph="N,,,,,AFS,"|Case="Accusative"|Gender="Feminine"|Number="Singular"|English="purpose"
490030110031|τῶν|490030110041|det|Cat="det"|Id="10"|morphId="490030110031"|Unicode="τῶν"|Lemma="ὁ"|Lang="G"|StrongNumber="G35880"|Morph="EA,,,,GMP,"|Type="Article"|Case="Genitive"|Gender="Masculine"|Number="Plural"|English="the"
490030110041|αἰώνων,|490030110021|np|Cat="noun"|Id="12"|morphId="490030110041"|Unicode="αἰώνων,"|Lemma="αἰών"|Lang="G"|StrongNumber="G01650"|Morph="N,,,,,GMP,"|Case="Genitive"|Gender="Masculine"|Number="Plural"|English="eternal"
490030110051|ἣν|490030110061|O|Cat="pron"|Id="16"|morphId="490030110051"|Unicode="ἣν"|Lemma="ὅς"|Lang="G"|StrongNumber="G37390"|Morph="RR,,,,AFS,"|Type="Relative"|Case="Accusative"|Gender="Feminine"|Number="Singular"|English="which"
490030110061|ἐποίησεν|490030110021|CL|Cat="verb"|Id="19"|morphId="490030110061"|Unicode="ἐποίησεν"|Lemma="ποιέω"|Lang="G"|StrongNumber="G41600"|Morph="V,IAA3,,S,"|Mood="Indicative"|Tense="Aorist"|Voice="Active"|Person="Third"|Number="Singular"|English="he accomplished"
490030110071|ἐν|490030110091|prep|Cat="prep"|Id="22"|morphId="490030110071"|Unicode="ἐν"|Lemma="ἐν"|Lang="G"|StrongNumber="G17220"|Morph="P,,,,,D,,,"|Case="Dative"|English="in"
490030110081|τῷ|490030110091|det|Cat="det"|Id="25"|morphId="490030110081"|Unicode="τῷ"|Lemma="ὁ"|Lang="G"|StrongNumber="G35880"|Morph="EA,,,,DMS,"|Type="Article"|Case="Dative"|Gender="Masculine"|Number="Singular"
490030110091|Χριστῷ|490030110061|ADV|Cat="noun"|Id="28"|morphId="490030110091"|Unicode="Χριστῷ"|Lemma="χριστός"|Lang="G"|StrongNumber="G55470"|Morph="N,,,,,DMS,"|Case="Dative"|Gender="Masculine"|Number="Singular"|English="Christ"
490030110101|Ἰησοῦ,|490030110091|np|Cat="noun"|Id="30"|morphId="490030110101"|Unicode="Ἰησοῦ,"|Lemma="Ἰησοῦς"|Lang="G"|StrongNumber="G24240"|Morph="N,,,,,DMS,"|Case="Dative"|Gender="Masculine"|Number="Singular"|English="Jesus"
490030110111|τῷ|490030110121|det|Cat="det"|Id="32"|morphId="490030110111"|Unicode="τῷ"|Lemma="ὁ"|Lang="G"|StrongNumber="G35880"|Morph="EA,,,,DMS,"|Type="Article"|Case="Dative"|Gender="Masculine"|Number="Singular"|English="the"
490030110121|Κυρίῳ|490030110091|np|Cat="noun"|Id="35"|morphId="490030110121"|Unicode="Κυρίῳ"|Lemma="κύριος"|Lang="G"|StrongNumber="G29620"|Morph="N,,,,,DMS,"|Case="Dative"|Gender="Masculine"|Number="Singular"|English="Lord"
490030110131|ἡμῶν,|490030110121|np|Cat="pron"|Id="37"|morphId="490030110131"|Unicode="ἡμῶν,"|Lemma="ἐγώ"|Lang="G"|StrongNumber="G14730"|Morph="RP,,,1G,P,"|Type="Personal"|Person="First"|Case="Genitive"|Number="Plural"|English="of us"
490030120011|ἐν|490030120021|prep|Cat="prep"|Id="5"|morphId="490030120011"|Unicode="ἐν"|Lemma="ἐν"|Lang="G"|StrongNumber="G17220"|Morph="P,,,,,D,,,"|Case="Dative"|English="in"
490030120021|ᾧ|490030120031|ADV|Cat="pron"|Id="7"|morphId="490030120021"|Unicode="ᾧ"|Lemma="ὅς"|Lang="G"|StrongNumber="G37390"|Morph="RR,,,,DMS,"|Type="Relative"|Case="Dative"|Gender="Masculine"|Number="Singular"|English="whom"
490030120031|ἔχομεν|None|CL|Cat="verb"|Id="10"|morphId="490030120031"|Unicode="ἔχομεν"|Lemma="ἔχω"|Lang="G"|StrongNumber="G21920"|Morph="V,IPA1,,P,"|Mood="Indicative"|Tense="Present"|Voice="Active"|Person="First"|Number="Plural"|English="we have"
490030120041|τὴν|490030120051|det|Cat="det"|Id="13"|morphId="490030120041"|Unicode="τὴν"|Lemma="ὁ"|Lang="G"|StrongNumber="G35880"|Morph="EA,,,,AFS,"|Type="Article"|Case="Accusative"|Gender="Feminine"|Number="Singular"
490030120051|παρρησίαν|490030120031|O|Cat="noun"|Id="16"|morphId="490030120051"|Unicode="παρρησίαν"|Lemma="παρρησία"|Lang="G"|StrongNumber="G39540"|Morph="N,,,,,AFS,"|Case="Accusative"|Gender="Feminine"|Number="Singular"|English="boldness"
490030120061|καὶ|490030120051|conj|Cat="conj"|Id="17"|morphId="490030120061"|Unicode="καὶ"|Lemma="καί"|Lang="G"|StrongNumber="G25320"|Morph="CC,,,,,,,,"|Type="Coordinating"|English="and"
490030120071|προσαγωγὴν|490030120051|np|Cat="noun"|Id="19"|morphId="490030120071"|Unicode="προσαγωγὴν"|Lemma="προσαγωγή"|Lang="G"|StrongNumber="G43180"|Morph="N,,,,,AFS,"|Case="Accusative"|Gender="Feminine"|Number="Singular"|English="access"
490030120081|ἐν|490030120091|prep|Cat="prep"|Id="22"|morphId="490030120081"|Unicode="ἐν"|Lemma="ἐν"|Lang="G"|StrongNumber="G17220"|Morph="P,,,,,D,,,"|Case="Dative"|English="with"
490030120091|πεποιθήσει|490030120031|ADV|Cat="noun"|Id="24"|morphId="490030120091"|Unicode="πεποιθήσει"|Lemma="πεποίθησις"|Lang="G"|StrongNumber="G40060"|Morph="N,,,,,DFS,"|Case="Dative"|Gender="Feminine"|Number="Singular"|English="confidence"
490030120101|διὰ|490030120121|prep|Cat="prep"|Id="27"|morphId="490030120101"|Unicode="διὰ"|Lemma="διά"|Lang="G"|StrongNumber="G12230"|Morph="P,,,,,G,,,"|Case="Genitive"|English="through"
490030120111|τῆς|490030120121|det|Cat="det"|Id="29"|morphId="490030120111"|Unicode="τῆς"|Lemma="ὁ"|Lang="G"|StrongNumber="G35880"|Morph="EA,,,,GFS,"|Type="Article"|Case="Genitive"|Gender="Feminine"|Number="Singular"|English="the"
490030120121|πίστεως|490030120031|ADV|Cat="noun"|Id="32"|morphId="490030120121"|Unicode="πίστεως"|Lemma="πίστις"|Lang="G"|StrongNumber="G41020"|Morph="N,,,,,GFS,"|Case="Genitive"|Gender="Feminine"|Number="Singular"|English="faith"
490030120131|αὐτοῦ.|490030120121|np|Cat="pron"|Id="34"|morphId="490030120131"|Unicode="αὐτοῦ."|Lemma="αὐτός"|Lang="G"|StrongNumber="G08460"|Morph="RP,,,3GMS,"|Type="Personal"|Person="Third"|Case="Genitive"|Gender="Masculine"|Number="Singular"|English="ofin him"
490030130011|διὸ|490030130021|conj|Cat="conj"|Id="3"|morphId="490030130011"|Unicode="διὸ"|Lemma="διό"|Lang="G"|StrongNumber="G13520"|Morph="CC,,,,,,,,"|Type="Coordinating"|English="therefore"
490030130021|αἰτοῦμαι|None|CL|Cat="verb"|Id="7"|morphId="490030130021"|Unicode="αἰτοῦμαι"|Lemma="αἰτέω"|Lang="G"|StrongNumber="G01540"|Morph="V,IPM1,,S,"|Mood="Indicative"|Tense="Present"|Voice="Middle"|Person="First"|Number="Singular"|English="I ask"
490030130031|μὴ|490030130041|ADV|Cat="adv"|Id="12"|morphId="490030130031"|Unicode="μὴ"|Lemma="μή"|Lang="G"|StrongNumber="G33610"|Morph="D,,,,,,,,,"|English="not"
490030130041|ἐνκακεῖν|490030130021|O|Cat="verb"|Id="15"|morphId="490030130041"|Unicode="ἐνκακεῖν"|Lemma="ἐνκακέω"|Lang="G"|StrongNumber="G14555"|Morph="V,NPA,,,,,"|Mood="Infinitive"|Tense="Present"|Voice="Active"|English="to be discouraged"
490030130051|ἐν|490030130071|prep|Cat="prep"|Id="18"|morphId="490030130051"|Unicode="ἐν"|Lemma="ἐν"|Lang="G"|StrongNumber="G17220"|Morph="P,,,,,D,,,"|Case="Dative"|English="at"
490030130061|ταῖς|490030130071|det|Cat="det"|Id="21"|morphId="490030130061"|Unicode="ταῖς"|Lemma="ὁ"|Lang="G"|StrongNumber="G35880"|Morph="EA,,,,DFP,"|Type="Article"|Case="Dative"|Gender="Feminine"|Number="Plural"|English="the"
490030130071|θλίψεσίν|490030130041|ADV|Cat="noun"|Id="25"|morphId="490030130071"|Unicode="θλίψεσίν"|Lemma="θλῖψις"|Lang="G"|StrongNumber="G23470"|Morph="N,,,,,DFP,"|Case="Dative"|Gender="Feminine"|Number="Plural"|English="afflictions"
490030130081|μου|490030130071|np|Cat="pron"|Id="27"|morphId="490030130081"|Unicode="μου"|Lemma="ἐγώ"|Lang="G"|StrongNumber="G14730"|Morph="RP,,,1G,S,"|Type="Personal"|Person="First"|Case="Genitive"|Number="Singular"|English="of me"
490030130091|ὑπὲρ|490030130101|prep|Cat="prep"|Id="29"|morphId="490030130091"|Unicode="ὑπὲρ"|Lemma="ὑπέρ"|Lang="G"|StrongNumber="G52280"|Morph="P,,,,,G,,,"|Case="Genitive"|English="for"
490030130101|ὑμῶν,|490030130071|pp|Cat="pron"|Id="31"|morphId="490030130101"|Unicode="ὑμῶν,"|Lemma="σύ"|Lang="G"|StrongNumber="G47710"|Morph="RP,,,2G,P,"|Type="Personal"|Person="Second"|Case="Genitive"|Number="Plural"|English="you"
490030130111|ἥτις|490030130131|S|Cat="pron"|Id="35"|morphId="490030130111"|Unicode="ἥτις"|Lemma="ὅστις"|Lang="G"|StrongNumber="G37480"|Morph="RR,,,,NFS,"|Type="Relative"|Case="Nominative"|Gender="Feminine"|Number="Singular"|English="which"
490030130121|ἐστὶν|490030130131|VC|Cat="verb"|Id="38"|morphId="490030130121"|Unicode="ἐστὶν"|Lemma="εἰμί"|Lang="G"|StrongNumber="G15100"|Morph="V,IPA3,,S,"|Mood="Indicative"|Tense="Present"|Voice="Active"|Person="Third"|Number="Singular"|English="are"
490030130131|δόξα|490030130071|CL|Cat="noun"|Id="42"|morphId="490030130131"|Unicode="δόξα"|Lemma="δόξα"|Lang="G"|StrongNumber="G13910"|Morph="N,,,,,NFS,"|Case="Nominative"|Gender="Feminine"|Number="Singular"|English="glory"
490030130141|ὑμῶν.|490030130131|np|Cat="pron"|Id="44"|morphId="490030130141"|Unicode="ὑμῶν."|Lemma="σύ"|Lang="G"|StrongNumber="G47710"|Morph="RP,,,2G,P,"|Type="Personal"|Person="Second"|Case="Genitive"|Number="Plural"|English="of you"
490030140011|τούτου|490030140031|ADV|Cat="pron"|Id="6"|morphId="490030140011"|Unicode="τούτου"|Lemma="οὗτος"|Lang="G"|StrongNumber="G37780"|Morph="RD,,,,GNS,"|Type="Demonstrative"|Case="Genitive"|Gender="Neuter"|Number="Singular"|English="this"
490030140021|χάριν,|490030140011|prep|Cat="prep"|Id="7"|morphId="490030140021"|Unicode="χάριν,"|Lemma="χάριν"|Lang="G"|StrongNumber="G54840"|Morph="PI,,,,G,,,"|Type="Improper"|Case="Genitive"|English="on account of"
490030140031|κάμπτω|None|CL|Cat="verb"|Id="10"|morphId="490030140031"|Unicode="κάμπτω"|Lemma="κάμπτω"|Lang="G"|StrongNumber="G25780"|Morph="V,IPA1,,S,"|Mood="Indicative"|Tense="Present"|Voice="Active"|Person="First"|Number="Singular"|English="I bow"
490030140041|τὰ|490030140051|det|Cat="det"|Id="13"|morphId="490030140041"|Unicode="τὰ"|Lemma="ὁ"|Lang="G"|StrongNumber="G35880"|Morph="EA,,,,ANP,"|Type="Article"|Case="Accusative"|Gender="Neuter"|Number="Plural"|English="the"
490030140051|γόνατά|490030140031|O|Cat="noun"|Id="16"|morphId="490030140051"|Unicode="γόνατά"|Lemma="γόνυ"|Lang="G"|StrongNumber="G11190"|Morph="N,,,,,ANP,"|Case="Accusative"|Gender="Neuter"|Number="Plural"|English="knees"
490030140061|μου|490030140051|np|Cat="pron"|Id="18"|morphId="490030140061"|Unicode="μου"|Lemma="ἐγώ"|Lang="G"|StrongNumber="G14730"|Morph="RP,,,1G,S,"|Type="Personal"|Person="First"|Case="Genitive"|Number="Singular"|English="of me"
490030140071|πρὸς|490030140091|prep|Cat="prep"|Id="21"|morphId="490030140071"|Unicode="πρὸς"|Lemma="πρός"|Lang="G"|StrongNumber="G43140"|Morph="P,,,,,A,,,"|Case="Accusative"|English="before"
490030140081|τὸν|490030140091|det|Cat="det"|Id="23"|morphId="490030140081"|Unicode="τὸν"|Lemma="ὁ"|Lang="G"|StrongNumber="G35880"|Morph="EA,,,,AMS,"|Type="Article"|Case="Accusative"|Gender="Masculine"|Number="Singular"|English="the"
490030140091|Πατέρα,|490030140031|ADV|Cat="noun"|Id="25"|morphId="490030140091"|Unicode="Πατέρα,"|Lemma="πατήρ"|Lang="G"|StrongNumber="G39620"|Morph="N,,,,,AMS,"|Case="Accusative"|Gender="Masculine"|Number="Singular"|English="father"
490030150011|ἐξ|490030150021|prep|Cat="prep"|Id="5"|morphId="490030150011"|Unicode="ἐξ"|Lemma="ἐκ"|Lang="G"|StrongNumber="G15370"|Morph="P,,,,,G,,,"|Case="Genitive"|English="from"
490030150021|οὗ|490030150101|ADV|Cat="pron"|Id="7"|morphId="490030150021"|Unicode="οὗ"|Lemma="ὅς"|Lang="G"|StrongNumber="G37390"|Morph="RR,,,,GMS,"|Type="Relative"|Case="Genitive"|Gender="Masculine"|Number="Singular"|English="whom"
490030150031|πᾶσα|490030150041|adjp|Cat="det"|Id="13"|morphId="490030150031"|Unicode="πᾶσα"|Lemma="πᾶς"|Lang="G"|StrongNumber="G39560"|Morph="EQ,,,,NFS,"|Type="Quantifier"|Case="Nominative"|Gender="Feminine"|Number="Singular"|English="every"
490030150041|πατριὰ|490030150101|S|Cat="noun"|Id="15"|morphId="490030150041"|Unicode="πατριὰ"|Lemma="πατριά"|Lang="G"|StrongNumber="G39650"|Morph="N,,,,,NFS,"|Case="Nominative"|Gender="Feminine"|Number="Singular"|English="family"
490030150051|ἐν|490030150061|prep|Cat="prep"|Id="18"|morphId="490030150051"|Unicode="ἐν"|Lemma="ἐν"|Lang="G"|StrongNumber="G17220"|Morph="P,,,,,D,,,"|Case="Dative"|English="in"
490030150061|οὐρανοῖς|490030150041|pp|Cat="noun"|Id="20"|morphId="490030150061"|Unicode="οὐρανοῖς"|Lemma="οὐρανός"|Lang="G"|StrongNumber="G37720"|Morph="N,,,,,DMP,"|Case="Dative"|Gender="Masculine"|Number="Plural"|English="heaven"
490030150071|καὶ|490030150061|conj|Cat="conj"|Id="21"|morphId="490030150071"|Unicode="καὶ"|Lemma="καί"|Lang="G"|StrongNumber="G25320"|Morph="CC,,,,,,,,"|Type="Coordinating"|English="and"
490030150081|ἐπὶ|490030150091|prep|Cat="prep"|Id="23"|morphId="490030150081"|Unicode="ἐπὶ"|Lemma="ἐπί"|Lang="G"|StrongNumber="G19090"|Morph="P,,,,,G,,,"|Case="Genitive"|English="on"
490030150091|γῆς|490030150061|pp|Cat="noun"|Id="25"|morphId="490030150091"|Unicode="γῆς"|Lemma="γῆ"|Lang="G"|StrongNumber="G10930"|Morph="N,,,,,GFS,"|Case="Genitive"|Gender="Feminine"|Number="Singular"|English="earth"
490030150101|ὀνομάζεται,|None|CL|Cat="verb"|Id="28"|morphId="490030150101"|Unicode="ὀνομάζεται,"|Lemma="ὀνομάζω"|Lang="G"|StrongNumber="G36870"|Morph="V,IPP3,,S,"|Mood="Indicative"|Tense="Present"|Voice="Passive"|Person="Third"|Number="Singular"|English="is named"
490030160011|ἵνα|490030160021|conj|Cat="conj"|Id="3"|morphId="490030160011"|Unicode="ἵνα"|Lemma="ἵνα"|Lang="G"|StrongNumber="G24430"|Morph="CS,,,,,,,,"|Type="Subordinating"|English="that"
490030160021|δῷ|None|CL|Cat="verb"|Id="7"|morphId="490030160021"|Unicode="δῷ"|Lemma="δίδωμι"|Lang="G"|StrongNumber="G13250"|Morph="V,SAA3,,S,"|Mood="Subjunctive"|Tense="Aorist"|Voice="Active"|Person="Third"|Number="Singular"|English="he may grant"
490030160031|ὑμῖν|490030160021|IO|Cat="pron"|Id="10"|morphId="490030160031"|Unicode="ὑμῖν"|Lemma="σύ"|Lang="G"|StrongNumber="G47710"|Morph="RP,,,2D,P,"|Type="Personal"|Person="Second"|Case="Dative"|Number="Plural"|English="you"
490030160041|κατὰ|490030160061|prep|Cat="prep"|Id="13"|morphId="490030160041"|Unicode="κατὰ"|Lemma="κατά"|Lang="G"|StrongNumber="G25960"|Morph="P,,,,,A,,,"|Case="Accusative"|English="according to"
490030160051|τὸ|490030160061|det|Cat="det"|Id="15"|morphId="490030160051"|Unicode="τὸ"|Lemma="ὁ"|Lang="G"|StrongNumber="G35880"|Morph="EA,,,,ANS,"|Type="Article"|Case="Accusative"|Gender="Neuter"|Number="Singular"|English="the"
490030160061|πλοῦτος|490030160021|ADV|Cat="noun"|Id="18"|morphId="490030160061"|Unicode="πλοῦτος"|Lemma="πλοῦτος"|Lang="G"|StrongNumber="G41490"|Morph="N,,,,,ANS,"|Case="Accusative"|Gender="Neuter"|Number="Singular"|English="riches"
490030160071|τῆς|490030160081|det|Cat="det"|Id="20"|morphId="490030160071"|Unicode="τῆς"|Lemma="ὁ"|Lang="G"|StrongNumber="G35880"|Morph="EA,,,,GFS,"|Type="Article"|Case="Genitive"|Gender="Feminine"|Number="Singular"|English="of the"
490030160081|δόξης|490030160061|np|Cat="noun"|Id="23"|morphId="490030160081"|Unicode="δόξης"|Lemma="δόξα"|Lang="G"|StrongNumber="G13910"|Morph="N,,,,,GFS,"|Case="Genitive"|Gender="Feminine"|Number="Singular"|English="of ~ glory"
490030160091|αὐτοῦ,|490030160081|np|Cat="pron"|Id="25"|morphId="490030160091"|Unicode="αὐτοῦ,"|Lemma="αὐτός"|Lang="G"|StrongNumber="G08460"|Morph="RP,,,3GMS,"|Type="Personal"|Person="Third"|Case="Genitive"|Gender="Masculine"|Number="Singular"|English="of him"
490030160101|δυνάμει|490030160111|ADV|Cat="noun"|Id="30"|morphId="490030160101"|Unicode="δυνάμει"|Lemma="δύναμις"|Lang="G"|StrongNumber="G14110"|Morph="N,,,,,DFS,"|Case="Dative"|Gender="Feminine"|Number="Singular"|English="with power"
490030160111|κραταιωθῆναι|490030160021|O|Cat="verb"|Id="33"|morphId="490030160111"|Unicode="κραταιωθῆναι"|Lemma="κραταιόω"|Lang="G"|StrongNumber="G29010"|Morph="V,NAP,,,,,"|Mood="Infinitive"|Tense="Aorist"|Voice="Passive"|English="to be strengthened"
490030160121|διὰ|490030160141|prep|Cat="prep"|Id="36"|morphId="490030160121"|Unicode="διὰ"|Lemma="διά"|Lang="G"|StrongNumber="G12230"|Morph="P,,,,,G,,,"|Case="Genitive"|English="through"
490030160131|τοῦ|490030160141|det|Cat="det"|Id="38"|morphId="490030160131"|Unicode="τοῦ"|Lemma="ὁ"|Lang="G"|StrongNumber="G35880"|Morph="EA,,,,GNS,"|Type="Article"|Case="Genitive"|Gender="Neuter"|Number="Singular"|English="the"
490030160141|Πνεύματος|490030160111|ADV|Cat="noun"|Id="41"|morphId="490030160141"|Unicode="Πνεύματος"|Lemma="πνεῦμα"|Lang="G"|StrongNumber="G41510"|Morph="N,,,,,GNS,"|Case="Genitive"|Gender="Neuter"|Number="Singular"|English="Spirit"
490030160151|αὐτοῦ|490030160141|np|Cat="pron"|Id="43"|morphId="490030160151"|Unicode="αὐτοῦ"|Lemma="αὐτός"|Lang="G"|StrongNumber="G08460"|Morph="RP,,,3GMS,"|Type="Personal"|Person="Third"|Case="Genitive"|Gender="Masculine"|Number="Singular"|English="of Him"
490030160161|εἰς|490030160191|prep|Cat="prep"|Id="46"|morphId="490030160161"|Unicode="εἰς"|Lemma="εἰς"|Lang="G"|StrongNumber="G15190"|Morph="P,,,,,A,,,"|Case="Accusative"|English="in"
490030160171|τὸν|490030160191|det|Cat="det"|Id="48"|morphId="490030160171"|Unicode="τὸν"|Lemma="ὁ"|Lang="G"|StrongNumber="G35880"|Morph="EA,,,,AMS,"|Type="Article"|Case="Accusative"|Gender="Masculine"|Number="Singular"|English="the"
490030160181|ἔσω|490030160191|advp|Cat="adv"|Id="51"|morphId="490030160181"|Unicode="ἔσω"|Lemma="ἔσω"|Lang="G"|StrongNumber="G20800"|Morph="D,,,,,,,,,"|English="inner"
490030160191|ἄνθρωπον;|490030160111|ADV|Cat="noun"|Id="53"|morphId="490030160191"|Unicode="ἄνθρωπον;"|Lemma="ἄνθρωπος"|Lang="G"|StrongNumber="G04440"|Morph="N,,,,,AMS,"|Case="Accusative"|Gender="Masculine"|Number="Singular"|English="being"
490030170011|κατοικῆσαι|490030170131|ADV|Cat="verb"|Id="7"|morphId="490030170011"|Unicode="κατοικῆσαι"|Lemma="κατοικέω"|Lang="G"|StrongNumber="G27300"|Morph="V,NAA,,,,,"|Mood="Infinitive"|Tense="Aorist"|Voice="Active"|English="may dwell"
490030170021|τὸν|490030170031|det|Cat="det"|Id="10"|morphId="490030170021"|Unicode="τὸν"|Lemma="ὁ"|Lang="G"|StrongNumber="G35880"|Morph="EA,,,,AMS,"|Type="Article"|Case="Accusative"|Gender="Masculine"|Number="Singular"|English="that"
490030170031|Χριστὸν|490030170011|S|Cat="noun"|Id="12"|morphId="490030170031"|Unicode="Χριστὸν"|Lemma="χριστός"|Lang="G"|StrongNumber="G55470"|Morph="N,,,,,AMS,"|Case="Accusative"|Gender="Masculine"|Number="Singular"|English="Christ"
490030170041|διὰ|490030170061|prep|Cat="prep"|Id="15"|morphId="490030170041"|Unicode="διὰ"|Lemma="διά"|Lang="G"|StrongNumber="G12230"|Morph="P,,,,,G,,,"|Case="Genitive"|English="through"
490030170051|τῆς|490030170061|det|Cat="det"|Id="17"|morphId="490030170051"|Unicode="τῆς"|Lemma="ὁ"|Lang="G"|StrongNumber="G35880"|Morph="EA,,,,GFS,"|Type="Article"|Case="Genitive"|Gender="Feminine"|Number="Singular"
490030170061|πίστεως|490030170011|ADV|Cat="noun"|Id="19"|morphId="490030170061"|Unicode="πίστεως"|Lemma="πίστις"|Lang="G"|StrongNumber="G41020"|Morph="N,,,,,GFS,"|Case="Genitive"|Gender="Feminine"|Number="Singular"|English="faith"
490030170071|ἐν|490030170091|prep|Cat="prep"|Id="22"|morphId="490030170071"|Unicode="ἐν"|Lemma="ἐν"|Lang="G"|StrongNumber="G17220"|Morph="P,,,,,D,,,"|Case="Dative"|English="in"
490030170081|ταῖς|490030170091|det|Cat="det"|Id="24"|morphId="490030170081"|Unicode="ταῖς"|Lemma="ὁ"|Lang="G"|StrongNumber="G35880"|Morph="EA,,,,DFP,"|Type="Article"|Case="Dative"|Gender="Feminine"|Number="Plural"|English="the"
490030170091|καρδίαις|490030170011|ADV|Cat="noun"|Id="27"|morphId="490030170091"|Unicode="καρδίαις"|Lemma="καρδία"|Lang="G"|StrongNumber="G25880"|Morph="N,,,,,DFP,"|Case="Dative"|Gender="Feminine"|Number="Plural"|English="hearts"
490030170101|ὑμῶν|490030170091|np|Cat="pron"|Id="29"|morphId="490030170101"|Unicode="ὑμῶν"|Lemma="σύ"|Lang="G"|StrongNumber="G47710"|Morph="RP,,,2G,P,"|Type="Personal"|Person="Second"|Case="Genitive"|Number="Plural"|English="of you"
490030170111|ἐν|490030170121|prep|Cat="prep"|Id="34"|morphId="490030170111"|Unicode="ἐν"|Lemma="ἐν"|Lang="G"|StrongNumber="G17220"|Morph="P,,,,,D,,,"|Case="Dative"|English="in"
490030170121|ἀγάπῃ,|490030170131|ADV|Cat="noun"|Id="36"|morphId="490030170121"|Unicode="ἀγάπῃ,"|Lemma="ἀγάπη"|Lang="G"|StrongNumber="G00260"|Morph="N,,,,,DFS,"|Case="Dative"|Gender="Feminine"|Number="Singular"|English="love"
490030170131|ἐρριζωμένοι|None|CL|Cat="verb"|Id="40"|morphId="490030170131"|Unicode="ἐρριζωμένοι"|Lemma="ῥιζόω"|Lang="G"|StrongNumber="G44920"|Morph="V,PEP,NMP,"|Mood="Participle"|Tense="Perfect"|Voice="Passive"|Case="Nominative"|Gender="Masculine"|Number="Plural"|English="being rooted"
490030170141|καὶ|490030170131|conj|Cat="conj"|Id="41"|morphId="490030170141"|Unicode="καὶ"|Lemma="καί"|Lang="G"|StrongNumber="G25320"|Morph="CC,,,,,,,,"|Type="Coordinating"|English="and"
490030170151|τεθεμελιωμένοι;|490030170131|vp|Cat="verb"|Id="43"|morphId="490030170151"|Unicode="τεθεμελιωμένοι;"|Lemma="θεμελιόω"|Lang="G"|StrongNumber="G23110"|Morph="V,PEP,NMP,"|Mood="Participle"|Tense="Perfect"|Voice="Passive"|Case="Nominative"|Gender="Masculine"|Number="Plural"|English="grounded"
490030180011|ἵνα|490030180021|conj|Cat="conj"|Id="3"|morphId="490030180011"|Unicode="ἵνα"|Lemma="ἵνα"|Lang="G"|StrongNumber="G24430"|Morph="CS,,,,,,,,"|Type="Subordinating"|English="that"
490030180021|ἐξισχύσητε|None|CL|Cat="verb"|Id="7"|morphId="490030180021"|Unicode="ἐξισχύσητε"|Lemma="ἐξισχύω"|Lang="G"|StrongNumber="G18400"|Morph="V,SAA2,,P,"|Mood="Subjunctive"|Tense="Aorist"|Voice="Active"|Person="Second"|Number="Plural"|English="may be able"
490030180031|καταλαβέσθαι|490030180021|O|Cat="verb"|Id="12"|morphId="490030180031"|Unicode="καταλαβέσθαι"|Lemma="καταλαμβάνω"|Lang="G"|StrongNumber="G26380"|Morph="V,NAM,,,,,"|Mood="Infinitive"|Tense="Aorist"|Voice="Middle"|English="to comprehend"
490030180041|σὺν|490030180071|prep|Cat="prep"|Id="15"|morphId="490030180041"|Unicode="σὺν"|Lemma="σύν"|Lang="G"|StrongNumber="G48620"|Morph="P,,,,,D,,,"|Case="Dative"|English="with"
490030180051|πᾶσιν|490030180071|adjp|Cat="det"|Id="19"|morphId="490030180051"|Unicode="πᾶσιν"|Lemma="πᾶς"|Lang="G"|StrongNumber="G39560"|Morph="EQ,,,,DMP,"|Type="Quantifier"|Case="Dative"|Gender="Masculine"|Number="Plural"|English="all"
490030180061|τοῖς|490030180071|det|Cat="det"|Id="21"|morphId="490030180061"|Unicode="τοῖς"|Lemma="ὁ"|Lang="G"|StrongNumber="G35880"|Morph="EA,,,,DMP,"|Type="Article"|Case="Dative"|Gender="Masculine"|Number="Plural"|English="the"
490030180071|ἁγίοις,|490030180031|ADV|Cat="noun"|Id="23"|morphId="490030180071"|Unicode="ἁγίοις,"|Lemma="ἅγιος"|Lang="G"|StrongNumber="G00400"|Morph="NS,,,,DMP,"|Type="Substantive_Adj"|Case="Dative"|Gender="Masculine"|Number="Plural"|English="saints"
490030180081|τί|490030180031|O|Cat="pron"|Id="28"|morphId="490030180081"|Unicode="τί"|Lemma="τίς"|Lang="G"|StrongNumber="G51010"|Morph="RT,,,,NNS,"|Type="Interrogative"|Case="Nominative"|Gender="Neuter"|Number="Singular"|English="what"
490030180091|τὸ|490030180101|det|Cat="det"|Id="31"|morphId="490030180091"|Unicode="τὸ"|Lemma="ὁ"|Lang="G"|StrongNumber="G35880"|Morph="EA,,,,NNS,"|Type="Article"|Case="Nominative"|Gender="Neuter"|Number="Singular"|English="the"
490030180101|πλάτος,|490030180081|S|Cat="noun"|Id="34"|morphId="490030180101"|Unicode="πλάτος,"|Lemma="πλάτος"|Lang="G"|StrongNumber="G41140"|Morph="N,,,,,NNS,"|Case="Nominative"|Gender="Neuter"|Number="Singular"|English="breadth"
490030180111|καὶ|490030180101|conj|Cat="conj"|Id="35"|morphId="490030180111"|Unicode="καὶ"|Lemma="καί"|Lang="G"|StrongNumber="G25320"|Morph="CC,,,,,,,,"|Type="Coordinating"|English="and"
490030180121|μῆκος,|490030180101|np|Cat="noun"|Id="37"|morphId="490030180121"|Unicode="μῆκος,"|Lemma="μῆκος"|Lang="G"|StrongNumber="G33720"|Morph="N,,,,,NNS,"|Case="Nominative"|Gender="Neuter"|Number="Singular"|English="length"
490030180131|καὶ|490030180101|conj|Cat="conj"|Id="38"|morphId="490030180131"|Unicode="καὶ"|Lemma="καί"|Lang="G"|StrongNumber="G25320"|Morph="CC,,,,,,,,"|Type="Coordinating"|English="and"
490030180141|ὕψος,|490030180101|np|Cat="noun"|Id="40"|morphId="490030180141"|Unicode="ὕψος,"|Lemma="ὕψος"|Lang="G"|StrongNumber="G53110"|Morph="N,,,,,NNS,"|Case="Nominative"|Gender="Neuter"|Number="Singular"|English="height"
490030180151|καὶ|490030180101|conj|Cat="conj"|Id="41"|morphId="490030180151"|Unicode="καὶ"|Lemma="καί"|Lang="G"|StrongNumber="G25320"|Morph="CC,,,,,,,,"|Type="Coordinating"|English="and"
490030180161|βάθος,|490030180101|np|Cat="noun"|Id="43"|morphId="490030180161"|Unicode="βάθος,"|Lemma="βάθος"|Lang="G"|StrongNumber="G08990"|Morph="N,,,,,NNS,"|Case="Nominative"|Gender="Neuter"|Number="Singular"|English="depth"
490030190021|τε|490030190011|conj|Cat="conj"|Id="4"|morphId="490030190021"|Unicode="τε"|Lemma="τέ"|Lang="G"|StrongNumber="G50370"|Morph="CC,,,,,,,,"|Type="Coordinating"|English="and"
490030190011|γνῶναί|None|O|Cat="verb"|Id="8"|morphId="490030190011"|Unicode="γνῶναί"|Lemma="γινώσκω"|Lang="G"|StrongNumber="G10970"|Morph="V,NAA,,,,,"|Mood="Infinitive"|Tense="Aorist"|Voice="Active"|English="to know"
490030190031|τὴν|490030190071|det|Cat="det"|Id="11"|morphId="490030190031"|Unicode="τὴν"|Lemma="ὁ"|Lang="G"|StrongNumber="G35880"|Morph="EA,,,,AFS,"|Type="Article"|Case="Accusative"|Gender="Feminine"|Number="Singular"|English="the"
490030190041|ὑπερβάλλουσαν|490030190071|adjp|Cat="verb"|Id="17"|morphId="490030190041"|Unicode="ὑπερβάλλουσαν"|Lemma="ὑπερβάλλω"|Lang="G"|StrongNumber="G52350"|Morph="V,PPA,AFS,"|Mood="Participle"|Tense="Present"|Voice="Active"|Case="Accusative"|Gender="Feminine"|Number="Singular"|English="that surpasses"
490030190051|τῆς|490030190061|det|Cat="det"|Id="20"|morphId="490030190051"|Unicode="τῆς"|Lemma="ὁ"|Lang="G"|StrongNumber="G35880"|Morph="EA,,,,GFS,"|Type="Article"|Case="Genitive"|Gender="Feminine"|Number="Singular"
490030190061|γνώσεως|490030190041|ADV|Cat="noun"|Id="22"|morphId="490030190061"|Unicode="γνώσεως"|Lemma="γνῶσις"|Lang="G"|StrongNumber="G11080"|Morph="N,,,,,GFS,"|Case="Genitive"|Gender="Feminine"|Number="Singular"|English="knowledge"
490030190071|ἀγάπην|490030190011|O|Cat="noun"|Id="25"|morphId="490030190071"|Unicode="ἀγάπην"|Lemma="ἀγάπη"|Lang="G"|StrongNumber="G00260"|Morph="N,,,,,AFS,"|Case="Accusative"|Gender="Feminine"|Number="Singular"|English="love"
490030190081|τοῦ|490030190091|det|Cat="det"|Id="27"|morphId="490030190081"|Unicode="τοῦ"|Lemma="ὁ"|Lang="G"|StrongNumber="G35880"|Morph="EA,,,,GMS,"|Type="Article"|Case="Genitive"|Gender="Masculine"|Number="Singular"
490030190091|Χριστοῦ,|490030190071|np|Cat="noun"|Id="29"|morphId="490030190091"|Unicode="Χριστοῦ,"|Lemma="χριστός"|Lang="G"|StrongNumber="G55470"|Morph="N,,,,,GMS,"|Case="Genitive"|Gender="Masculine"|Number="Singular"|English="of Christ"
490030190101|ἵνα|490030190111|conj|Cat="conj"|Id="31"|morphId="490030190101"|Unicode="ἵνα"|Lemma="ἵνα"|Lang="G"|StrongNumber="G24430"|Morph="CS,,,,,,,,"|Type="Subordinating"|English="that"
490030190111|πληρωθῆτε|490030190011|CL|Cat="verb"|Id="35"|morphId="490030190111"|Unicode="πληρωθῆτε"|Lemma="πληρόω"|Lang="G"|StrongNumber="G41370"|Morph="V,SAP2,,P,"|Mood="Subjunctive"|Tense="Aorist"|Voice="Passive"|Person="Second"|Number="Plural"|English="you may be filled"
490030190121|εἰς|490030190151|prep|Cat="prep"|Id="38"|morphId="490030190121"|Unicode="εἰς"|Lemma="εἰς"|Lang="G"|StrongNumber="G15190"|Morph="P,,,,,A,,,"|Case="Accusative"|English="with"
490030190131|πᾶν|490030190151|adjp|Cat="det"|Id="42"|morphId="490030190131"|Unicode="πᾶν"|Lemma="πᾶς"|Lang="G"|StrongNumber="G39560"|Morph="EQ,,,,ANS,"|Type="Quantifier"|Case="Accusative"|Gender="Neuter"|Number="Singular"|English="all"
490030190141|τὸ|490030190151|det|Cat="det"|Id="44"|morphId="490030190141"|Unicode="τὸ"|Lemma="ὁ"|Lang="G"|StrongNumber="G35880"|Morph="EA,,,,ANS,"|Type="Article"|Case="Accusative"|Gender="Neuter"|Number="Singular"|English="the"
490030190151|πλήρωμα|490030190111|ADV|Cat="noun"|Id="47"|morphId="490030190151"|Unicode="πλήρωμα"|Lemma="πλήρωμα"|Lang="G"|StrongNumber="G41380"|Morph="N,,,,,ANS,"|Case="Accusative"|Gender="Neuter"|Number="Singular"|English="fullness"
490030190161|τοῦ|490030190171|det|Cat="det"|Id="49"|morphId="490030190161"|Unicode="τοῦ"|Lemma="ὁ"|Lang="G"|StrongNumber="G35880"|Morph="EA,,,,GMS,"|Type="Article"|Case="Genitive"|Gender="Masculine"|Number="Singular"
490030190171|Θεοῦ.|490030190151|np|Cat="noun"|Id="51"|morphId="490030190171"|Unicode="Θεοῦ."|Lemma="θεός"|Lang="G"|StrongNumber="G23160"|Morph="N,,,,,GMS,"|Case="Genitive"|Gender="Masculine"|Number="Singular"|English="of God"
490030200021|δὲ|490030200031|conj|Cat="conj"|Id="3"|morphId="490030200021"|Unicode="δὲ"|Lemma="δέ"|Lang="G"|StrongNumber="G11610"|Morph="CC,,,,,,,,"|Type="Coordinating"|English="now"
490030200011|τῷ|490030200031|det|Cat="pron"|Id="7"|morphId="490030200011"|Unicode="τῷ"|Lemma="ὁ"|Lang="G"|StrongNumber="G35880"|Morph="RD,,,,DMS,"|Type="Demonstrative"|Case="Dative"|Gender="Masculine"|Number="Singular"|English="to him"
490030200031|δυναμένῳ|None|CL|Cat="verb"|Id="11"|morphId="490030200031"|Unicode="δυναμένῳ"|Lemma="δύναμαι"|Lang="G"|StrongNumber="G14100"|Morph="V,PPM,DMS,"|Mood="Participle"|Tense="Present"|Voice="Middle"|Case="Dative"|Gender="Masculine"|Number="Singular"|English="who is able"
490030200061|ποιῆσαι|490030200031|O|Cat="verb"|Id="16"|morphId="490030200061"|Unicode="ποιῆσαι"|Lemma="ποιέω"|Lang="G"|StrongNumber="G41600"|Morph="V,NAA,,,,,"|Mood="Infinitive"|Tense="Aorist"|Voice="Active"|English="to do"
490030200071|ὑπέρἐκπερισσοῦ|490030200061|ADV|Cat="adv"|Id="19"|morphId="490030200071"|Unicode="ὑπέρἐκπερισσοῦ"|Lemma="ὑπέρἐκπερισσόῦ"|Lang="G"|StrongNumber="G52380"|Morph="D,,,,,,,,,"|English="far more abundantly"
490030200041|ὑπὲρ|490030200091|prep|Cat="prep"|Id="22"|morphId="490030200041"|Unicode="ὑπὲρ"|Lemma="ὑπέρ"|Lang="G"|StrongNumber="G52280"|Morph="P,,,,,A,,,"|Case="Accusative"|English="more than"
490030200051|πάντα,|490030200091|np|Cat="pron"|Id="25"|morphId="490030200051"|Unicode="πάντα,"|Lemma="πᾶς"|Lang="G"|StrongNumber="G39560"|Morph="RI,,,,ANP,"|Type="Indefinite"|Case="Accusative"|Gender="Neuter"|Number="Plural"|English="all"
490030200081|ὧν|490030200091|O|Cat="pron"|Id="30"|morphId="490030200081"|Unicode="ὧν"|Lemma="ὅς"|Lang="G"|StrongNumber="G37390"|Morph="RD,,,,GNP,"|Type="Demonstrative"|Case="Genitive"|Gender="Neuter"|Number="Plural"|English="the things which"
490030200091|αἰτούμεθα|490030200061|ADV|Cat="verb"|Id="34"|morphId="490030200091"|Unicode="αἰτούμεθα"|Lemma="αἰτέω"|Lang="G"|StrongNumber="G01540"|Morph="V,IPM1,,P,"|Mood="Indicative"|Tense="Present"|Voice="Middle"|Person="First"|Number="Plural"|English="we ask"
490030200101|ἢ|490030200091|conj|Cat="conj"|Id="35"|morphId="490030200101"|Unicode="ἢ"|Lemma="ἤ"|Lang="G"|StrongNumber="G22280"|Morph="CC,,,,,,,,"|Type="Coordinating"|English="or"
490030200111|νοοῦμεν,|490030200091|vp|Cat="verb"|Id="37"|morphId="490030200111"|Unicode="νοοῦμεν,"|Lemma="νοέω"|Lang="G"|StrongNumber="G35390"|Morph="V,IPA1,,P,"|Mood="Indicative"|Tense="Present"|Voice="Active"|Person="First"|Number="Plural"|English="think"
490030200121|κατὰ|490030200141|prep|Cat="prep"|Id="40"|morphId="490030200121"|Unicode="κατὰ"|Lemma="κατά"|Lang="G"|StrongNumber="G25960"|Morph="P,,,,,A,,,"|Case="Accusative"|English="according to"
490030200131|τὴν|490030200141|det|Cat="det"|Id="43"|morphId="490030200131"|Unicode="τὴν"|Lemma="ὁ"|Lang="G"|StrongNumber="G35880"|Morph="EA,,,,AFS,"|Type="Article"|Case="Accusative"|Gender="Feminine"|Number="Singular"|English="the"
490030200141|δύναμιν|490030200061|ADV|Cat="noun"|Id="45"|morphId="490030200141"|Unicode="δύναμιν"|Lemma="δύναμις"|Lang="G"|StrongNumber="G14110"|Morph="N,,,,,AFS,"|Case="Accusative"|Gender="Feminine"|Number="Singular"|English="power"
490030200151|τὴν|490030200161|det|Cat="pron"|Id="48"|morphId="490030200151"|Unicode="τὴν"|Lemma="ὁ"|Lang="G"|StrongNumber="G35880"|Morph="RD,,,,AFS,"|Type="Demonstrative"|Case="Accusative"|Gender="Feminine"|Number="Singular"|English="that"
490030200161|ἐνεργουμένην|490030200141|np|Cat="verb"|Id="52"|morphId="490030200161"|Unicode="ἐνεργουμένην"|Lemma="ἐνεργέω"|Lang="G"|StrongNumber="G17540"|Morph="V,PPM,AFS,"|Mood="Participle"|Tense="Present"|Voice="Middle"|Case="Accusative"|Gender="Feminine"|Number="Singular"|English="that is at work"
490030200171|ἐν|490030200181|prep|Cat="prep"|Id="55"|morphId="490030200171"|Unicode="ἐν"|Lemma="ἐν"|Lang="G"|StrongNumber="G17220"|Morph="P,,,,,D,,,"|Case="Dative"|English="within"
490030200181|ἡμῖν;|490030200161|ADV|Cat="pron"|Id="57"|morphId="490030200181"|Unicode="ἡμῖν;"|Lemma="ἐγώ"|Lang="G"|StrongNumber="G14730"|Morph="RP,,,1D,P,"|Type="Personal"|Person="First"|Case="Dative"|Number="Plural"|English="us"
490030210011|αὐτῷ|490030210031|IO|Cat="pron"|Id="6"|morphId="490030210011"|Unicode="αὐτῷ"|Lemma="αὐτός"|Lang="G"|StrongNumber="G08460"|Morph="RP,,,3DMS,"|Type="Personal"|Person="Third"|Case="Dative"|Gender="Masculine"|Number="Singular"|English="to him"
490030210021|ἡ|490030210031|det|Cat="det"|Id="9"|morphId="490030210021"|Unicode="ἡ"|Lemma="ὁ"|Lang="G"|StrongNumber="G35880"|Morph="EA,,,,NFS,"|Type="Article"|Case="Nominative"|Gender="Feminine"|Number="Singular"|English="the"
490030210031|δόξα|None|CL|Cat="noun"|Id="11"|morphId="490030210031"|Unicode="δόξα"|Lemma="δόξα"|Lang="G"|StrongNumber="G13910"|Morph="N,,,,,NFS,"|Case="Nominative"|Gender="Feminine"|Number="Singular"|English="glory"
490030210041|ἐν|490030210061|prep|Cat="prep"|Id="15"|morphId="490030210041"|Unicode="ἐν"|Lemma="ἐν"|Lang="G"|StrongNumber="G17220"|Morph="P,,,,,D,,,"|Case="Dative"|English="in"
490030210051|τῇ|490030210061|det|Cat="det"|Id="17"|morphId="490030210051"|Unicode="τῇ"|Lemma="ὁ"|Lang="G"|StrongNumber="G35880"|Morph="EA,,,,DFS,"|Type="Article"|Case="Dative"|Gender="Feminine"|Number="Singular"|English="the"
490030210061|ἐκκλησίᾳ|490030210031|ADV|Cat="noun"|Id="19"|morphId="490030210061"|Unicode="ἐκκλησίᾳ"|Lemma="ἐκκλησία"|Lang="G"|StrongNumber="G15770"|Morph="N,,,,,DFS,"|Case="Dative"|Gender="Feminine"|Number="Singular"|English="church"
490030210071|καὶ|490030210061|conj|Cat="conj"|Id="20"|morphId="490030210071"|Unicode="καὶ"|Lemma="καί"|Lang="G"|StrongNumber="G25320"|Morph="CC,,,,,,,,"|Type="Coordinating"|English="and"
490030210081|ἐν|490030210091|prep|Cat="prep"|Id="22"|morphId="490030210081"|Unicode="ἐν"|Lemma="ἐν"|Lang="G"|StrongNumber="G17220"|Morph="P,,,,,D,,,"|Case="Dative"|English="in"
490030210091|Χριστῷ|490030210061|pp|Cat="noun"|Id="25"|morphId="490030210091"|Unicode="Χριστῷ"|Lemma="χριστός"|Lang="G"|StrongNumber="G55470"|Morph="N,,,,,DMS,"|Case="Dative"|Gender="Masculine"|Number="Singular"|English="Christ"
490030210101|Ἰησοῦ,|490030210091|np|Cat="noun"|Id="27"|morphId="490030210101"|Unicode="Ἰησοῦ,"|Lemma="Ἰησοῦς"|Lang="G"|StrongNumber="G24240"|Morph="N,,,,,DMS,"|Case="Dative"|Gender="Masculine"|Number="Singular"|English="Jesus"
490030210111|εἰς|490030210141|prep|Cat="prep"|Id="30"|morphId="490030210111"|Unicode="εἰς"|Lemma="εἰς"|Lang="G"|StrongNumber="G15190"|Morph="P,,,,,A,,,"|Case="Accusative"|English="to"
490030210121|πάσας|490030210141|adjp|Cat="det"|Id="34"|morphId="490030210121"|Unicode="πάσας"|Lemma="πᾶς"|Lang="G"|StrongNumber="G39560"|Morph="EQ,,,,AFP,"|Type="Quantifier"|Case="Accusative"|Gender="Feminine"|Number="Plural"|English="all"
490030210131|τὰς|490030210141|det|Cat="det"|Id="36"|morphId="490030210131"|Unicode="τὰς"|Lemma="ὁ"|Lang="G"|StrongNumber="G35880"|Morph="EA,,,,AFP,"|Type="Article"|Case="Accusative"|Gender="Feminine"|Number="Plural"|English="the"
490030210141|γενεὰς|490030210031|ADV|Cat="noun"|Id="39"|morphId="490030210141"|Unicode="γενεὰς"|Lemma="γενεά"|Lang="G"|StrongNumber="G10740"|Morph="N,,,,,AFP,"|Case="Accusative"|Gender="Feminine"|Number="Plural"|English="generations"
490030210151|τοῦ|490030210161|det|Cat="det"|Id="41"|morphId="490030210151"|Unicode="τοῦ"|Lemma="ὁ"|Lang="G"|StrongNumber="G35880"|Morph="EA,,,,GMS,"|Type="Article"|Case="Genitive"|Gender="Masculine"|Number="Singular"|English="of the"
490030210161|αἰῶνος|490030210141|np|Cat="noun"|Id="44"|morphId="490030210161"|Unicode="αἰῶνος"|Lemma="αἰών"|Lang="G"|StrongNumber="G01650"|Morph="N,,,,,GMS,"|Case="Genitive"|Gender="Masculine"|Number="Singular"|English="age"
490030210171|τῶν|490030210181|det|Cat="det"|Id="46"|morphId="490030210171"|Unicode="τῶν"|Lemma="ὁ"|Lang="G"|StrongNumber="G35880"|Morph="EA,,,,GMP,"|Type="Article"|Case="Genitive"|Gender="Masculine"|Number="Plural"|English="of the"
490030210181|αἰώνων.|490030210161|np|Cat="noun"|Id="48"|morphId="490030210181"|Unicode="αἰώνων."|Lemma="αἰών"|Lang="G"|StrongNumber="G01650"|Morph="N,,,,,GMP,"|Case="Genitive"|Gender="Masculine"|Number="Plural"|English="ages"
490030210191|ἀμήν!|490030210031|CL|Cat="intj"|Id="50"|morphId="490030210191"|Unicode="ἀμήν!"|Lemma="ἀμήν"|Lang="G"|StrongNumber="G02810"|Morph="IE,,,,,,,,"|Type="Exclamation"|English="amen"
