480050010011|τῇ|480050010021|det|Cat="det"|Id="5"|morphId="480050010011"|Unicode="τῇ"|Lemma="ὁ"|Lang="G"|StrongNumber="G35880"|Morph="EA,,,,DFS,"|Type="Article"|Case="Dative"|Gender="Feminine"|Number="Singular"|English="the"
480050010021|ἐλευθερίᾳ,|480050010051|ADV|Cat="noun"|Id="7"|morphId="480050010021"|Unicode="ἐλευθερίᾳ,"|Lemma="ἐλευθερία"|Lang="G"|StrongNumber="G16570"|Morph="N,,,,,DFS,"|Case="Dative"|Gender="Feminine"|Number="Singular"|English="for freedom"
480050010031|ἡμᾶς|480050010051|O|Cat="pron"|Id="10"|morphId="480050010031"|Unicode="ἡμᾶς"|Lemma="ἐγώ"|Lang="G"|StrongNumber="G14730"|Morph="RP,,,1A,P,"|Type="Personal"|Person="First"|Case="Accusative"|Number="Plural"|English="us"
480050010041|Χριστὸς|480050010051|S|Cat="noun"|Id="13"|morphId="480050010041"|Unicode="Χριστὸς"|Lemma="χριστός"|Lang="G"|StrongNumber="G55470"|Morph="N,,,,,NMS,"|Case="Nominative"|Gender="Masculine"|Number="Singular"|English="Christ"
480050010051|ἠλευθέρωσεν;|None|CL|Cat="verb"|Id="16"|morphId="480050010051"|Unicode="ἠλευθέρωσεν;"|Lemma="ἐλευθερόω"|Lang="G"|StrongNumber="G16590"|Morph="V,IAA3,,S,"|Mood="Indicative"|Tense="Aorist"|Voice="Active"|Person="Third"|Number="Singular"|English="has set ~ free"
480050010071|οὖν,|480050010061|conj|Cat="conj"|Id="18"|morphId="480050010071"|Unicode="οὖν,"|Lemma="οὖν"|Lang="G"|StrongNumber="G37670"|Morph="CC,,,,,,,,"|Type="Coordinating"|English="therefore"
480050010061|στήκετε|480050010051|CL|Cat="verb"|Id="23"|morphId="480050010061"|Unicode="στήκετε"|Lemma="στήκω"|Lang="G"|StrongNumber="G47390"|Morph="V,MPA2,,P,"|Mood="Imperative"|Tense="Present"|Voice="Active"|Person="Second"|Number="Plural"|English="stand firm"
480050010081|καὶ|480050010061|conj|Cat="conj"|Id="24"|morphId="480050010081"|Unicode="καὶ"|Lemma="καί"|Lang="G"|StrongNumber="G25320"|Morph="CC,,,,,,,,"|Type="Coordinating"|English="and"
480050010091|μὴ|480050010131|ADV|Cat="adv"|Id="28"|morphId="480050010091"|Unicode="μὴ"|Lemma="μή"|Lang="G"|StrongNumber="G33610"|Morph="D,,,,,,,,,"|English="not"
480050010101|πάλιν|480050010131|ADV|Cat="adv"|Id="31"|morphId="480050010101"|Unicode="πάλιν"|Lemma="πάλιν"|Lang="G"|StrongNumber="G38250"|Morph="D,,,,,,,,,"|English="again"
480050010111|ζυγῷ|480050010131|ADV|Cat="noun"|Id="35"|morphId="480050010111"|Unicode="ζυγῷ"|Lemma="ζυγός"|Lang="G"|StrongNumber="G22180"|Morph="N,,,,,DMS,"|Case="Dative"|Gender="Masculine"|Number="Singular"|English="to a yoke"
480050010121|δουλείας|480050010111|np|Cat="noun"|Id="37"|morphId="480050010121"|Unicode="δουλείας"|Lemma="δουλεία"|Lang="G"|StrongNumber="G13970"|Morph="N,,,,,GFS,"|Case="Genitive"|Gender="Feminine"|Number="Singular"|English="of slavery"
480050010131|ἐνέχεσθε.|480050010061|CL|Cat="verb"|Id="40"|morphId="480050010131"|Unicode="ἐνέχεσθε."|Lemma="ἐνέχω"|Lang="G"|StrongNumber="G17580"|Morph="V,MPP2,,P,"|Mood="Imperative"|Tense="Present"|Voice="Passive"|Person="Second"|Number="Plural"|English="do ~ be subject"
480050020011|ἴδε,|480050020041|CL|Cat="intj"|Id="5"|morphId="480050020011"|Unicode="ἴδε,"|Lemma="ὁράω"|Lang="G"|StrongNumber="G37080"|Morph="IDMAA2,,S,"|Type="Directive"|Mood="Imperative"|Tense="Aorist"|Voice="Active"|Person="Second"|Number="Singular"|English="look"
480050020021|ἐγὼ|480050020041|S|Cat="pron"|Id="11"|morphId="480050020021"|Unicode="ἐγὼ"|Lemma="ἐγώ"|Lang="G"|StrongNumber="G14730"|Morph="RP,,,1N,S,"|Type="Personal"|Person="First"|Case="Nominative"|Number="Singular"|English="I"
480050020031|Παῦλος|480050020021|np|Cat="noun"|Id="13"|morphId="480050020031"|Unicode="Παῦλος"|Lemma="Παῦλος"|Lang="G"|StrongNumber="G39720"|Morph="N,,,,,NMS,"|Case="Nominative"|Gender="Masculine"|Number="Singular"|English="Paul"
480050020041|λέγω|None|CL|Cat="verb"|Id="16"|morphId="480050020041"|Unicode="λέγω"|Lemma="λέγω"|Lang="G"|StrongNumber="G30040"|Morph="V,IPA1,,S,"|Mood="Indicative"|Tense="Present"|Voice="Active"|Person="First"|Number="Singular"|English="say"
480050020051|ὑμῖν,|480050020041|IO|Cat="pron"|Id="19"|morphId="480050020051"|Unicode="ὑμῖν,"|Lemma="σύ"|Lang="G"|StrongNumber="G47710"|Morph="RP,,,2D,P,"|Type="Personal"|Person="Second"|Case="Dative"|Number="Plural"|English="to you"
480050020061|ὅτι|480050020121|conj|Cat="conj"|Id="21"|morphId="480050020061"|Unicode="ὅτι"|Lemma="ὅτι"|Lang="G"|StrongNumber="G37540"|Morph="CS,,,,,,,,"|Type="Subordinating"|English="that"
480050020071|ἐὰν|480050020081|conj|Cat="conj"|Id="24"|morphId="480050020071"|Unicode="ἐὰν"|Lemma="ἐάν"|Lang="G"|StrongNumber="G14370"|Morph="CS,,,,,,,,"|Type="Subordinating"|English="if"
480050020081|περιτέμνησθε,|480050020121|CL|Cat="verb"|Id="28"|morphId="480050020081"|Unicode="περιτέμνησθε,"|Lemma="περιτέμνω"|Lang="G"|StrongNumber="G40590"|Morph="V,SPP2,,P,"|Mood="Subjunctive"|Tense="Present"|Voice="Passive"|Person="Second"|Number="Plural"|English="you become circumcised"
480050020091|Χριστὸς|480050020121|S|Cat="noun"|Id="32"|morphId="480050020091"|Unicode="Χριστὸς"|Lemma="χριστός"|Lang="G"|StrongNumber="G55470"|Morph="N,,,,,NMS,"|Case="Nominative"|Gender="Masculine"|Number="Singular"|English="Christ"
480050020101|ὑμᾶς|480050020121|O|Cat="pron"|Id="35"|morphId="480050020101"|Unicode="ὑμᾶς"|Lemma="σύ"|Lang="G"|StrongNumber="G47710"|Morph="RP,,,2A,P,"|Type="Personal"|Person="Second"|Case="Accusative"|Number="Plural"|English="you"
480050020111|οὐδὲν|480050020121|ADV|Cat="pron"|Id="38"|morphId="480050020111"|Unicode="οὐδὲν"|Lemma="οὐδείς"|Lang="G"|StrongNumber="G37620"|Morph="RI,,,,ANS,"|Type="Indefinite"|Case="Accusative"|Gender="Neuter"|Number="Singular"|English="no"
480050020121|ὠφελήσει.|480050020041|CL|Cat="verb"|Id="41"|morphId="480050020121"|Unicode="ὠφελήσει."|Lemma="ὠφελέω"|Lang="G"|StrongNumber="G56230"|Morph="V,IFA3,,S,"|Mood="Indicative"|Tense="Future"|Voice="Active"|Person="Third"|Number="Singular"|English="will profit"
480050030021|δὲ|480050030011|conj|Cat="conj"|Id="3"|morphId="480050030021"|Unicode="δὲ"|Lemma="δέ"|Lang="G"|StrongNumber="G11610"|Morph="CC,,,,,,,,"|Type="Coordinating"|English="and"
480050030011|μαρτύρομαι|None|CL|Cat="verb"|Id="8"|morphId="480050030011"|Unicode="μαρτύρομαι"|Lemma="μαρτύρομαι"|Lang="G"|StrongNumber="G31430"|Morph="V,IPM1,,S,"|Mood="Indicative"|Tense="Present"|Voice="Middle"|Person="First"|Number="Singular"|English="I testify"
480050030031|πάλιν|480050030011|ADV|Cat="adv"|Id="11"|morphId="480050030031"|Unicode="πάλιν"|Lemma="πάλιν"|Lang="G"|StrongNumber="G38250"|Morph="D,,,,,,,,,"|English="again"
480050030041|παντὶ|480050030051|adjp|Cat="det"|Id="16"|morphId="480050030041"|Unicode="παντὶ"|Lemma="πᾶς"|Lang="G"|StrongNumber="G39560"|Morph="EQ,,,,DMS,"|Type="Quantifier"|Case="Dative"|Gender="Masculine"|Number="Singular"|English="every"
480050030051|ἀνθρώπῳ|480050030011|IO|Cat="noun"|Id="19"|morphId="480050030051"|Unicode="ἀνθρώπῳ"|Lemma="ἄνθρωπος"|Lang="G"|StrongNumber="G04440"|Morph="N,,,,,DMS,"|Case="Dative"|Gender="Masculine"|Number="Singular"|English="to ~ man"
480050030061|περιτεμνομένῳ,|480050030051|adjp|Cat="verb"|Id="24"|morphId="480050030061"|Unicode="περιτεμνομένῳ,"|Lemma="περιτέμνω"|Lang="G"|StrongNumber="G40590"|Morph="V,PPP,DMS,"|Mood="Participle"|Tense="Present"|Voice="Passive"|Case="Dative"|Gender="Masculine"|Number="Singular"|English="who becomes circumcised"
480050030071|ὅτι|480050030081|conj|Cat="conj"|Id="26"|morphId="480050030071"|Unicode="ὅτι"|Lemma="ὅτι"|Lang="G"|StrongNumber="G37540"|Morph="CS,,,,,,,,"|Type="Subordinating"|English="that"
480050030081|ὀφειλέτης|480050030011|CL|Cat="noun"|Id="30"|morphId="480050030081"|Unicode="ὀφειλέτης"|Lemma="ὀφειλέτης"|Lang="G"|StrongNumber="G37810"|Morph="N,,,,,NMS,"|Case="Nominative"|Gender="Masculine"|Number="Singular"|English="under obligation"
480050030091|ἐστὶν,|480050030081|VC|Cat="verb"|Id="33"|morphId="480050030091"|Unicode="ἐστὶν,"|Lemma="εἰμί"|Lang="G"|StrongNumber="G15100"|Morph="V,IPA3,,S,"|Mood="Indicative"|Tense="Present"|Voice="Active"|Person="Third"|Number="Singular"|English="he is"
480050030101|ὅλον|480050030121|adjp|Cat="det"|Id="40"|morphId="480050030101"|Unicode="ὅλον"|Lemma="ὅλος"|Lang="G"|StrongNumber="G36500"|Morph="EQ,,,,AMS,"|Type="Quantifier"|Case="Accusative"|Gender="Masculine"|Number="Singular"|English="whole"
480050030111|τὸν|480050030121|det|Cat="det"|Id="42"|morphId="480050030111"|Unicode="τὸν"|Lemma="ὁ"|Lang="G"|StrongNumber="G35880"|Morph="EA,,,,AMS,"|Type="Article"|Case="Accusative"|Gender="Masculine"|Number="Singular"|English="the"
480050030121|νόμον|480050030131|O|Cat="noun"|Id="44"|morphId="480050030121"|Unicode="νόμον"|Lemma="νόμος"|Lang="G"|StrongNumber="G35510"|Morph="N,,,,,AMS,"|Case="Accusative"|Gender="Masculine"|Number="Singular"|English="law"
480050030131|ποιῆσαι.|480050030081|ADV|Cat="verb"|Id="47"|morphId="480050030131"|Unicode="ποιῆσαι."|Lemma="ποιέω"|Lang="G"|StrongNumber="G41600"|Morph="V,NAA,,,,,"|Mood="Infinitive"|Tense="Aorist"|Voice="Active"|English="to keep"
480050040011|κατηργήθητε|None|CL|Cat="verb"|Id="6"|morphId="480050040011"|Unicode="κατηργήθητε"|Lemma="καταργέω"|Lang="G"|StrongNumber="G26730"|Morph="V,IAP2,,P,"|Mood="Indicative"|Tense="Aorist"|Voice="Passive"|Person="Second"|Number="Plural"|English="have cut yourselves off"
480050040021|ἀπὸ|480050040031|prep|Cat="prep"|Id="9"|morphId="480050040021"|Unicode="ἀπὸ"|Lemma="ἀπό"|Lang="G"|StrongNumber="G05750"|Morph="P,,,,,G,,,"|Case="Genitive"|English="from"
480050040031|Χριστοῦ,|480050040011|ADV|Cat="noun"|Id="11"|morphId="480050040031"|Unicode="Χριστοῦ,"|Lemma="χριστός"|Lang="G"|StrongNumber="G55470"|Morph="N,,,,,GMS,"|Case="Genitive"|Gender="Masculine"|Number="Singular"|English="Christ"
480050040041|οἵτινες|480050040071|S|Cat="pron"|Id="17"|morphId="480050040041"|Unicode="οἵτινες"|Lemma="ὅστις"|Lang="G"|StrongNumber="G37480"|Morph="RR,,,,NMP,"|Type="Relative"|Case="Nominative"|Gender="Masculine"|Number="Plural"|English="whoever"
480050040051|ἐν|480050040061|prep|Cat="prep"|Id="20"|morphId="480050040051"|Unicode="ἐν"|Lemma="ἐν"|Lang="G"|StrongNumber="G17220"|Morph="P,,,,,D,,,"|Case="Dative"|English="by"
480050040061|νόμῳ|480050040071|ADV|Cat="noun"|Id="22"|morphId="480050040061"|Unicode="νόμῳ"|Lemma="νόμος"|Lang="G"|StrongNumber="G35510"|Morph="N,,,,,DMS,"|Case="Dative"|Gender="Masculine"|Number="Singular"|English="law"
480050040071|δικαιοῦσθε,|480050040011|S|Cat="verb"|Id="25"|morphId="480050040071"|Unicode="δικαιοῦσθε,"|Lemma="δικαιόω"|Lang="G"|StrongNumber="G13440"|Morph="V,IPP2,,P,"|Mood="Indicative"|Tense="Present"|Voice="Passive"|Person="Second"|Number="Plural"|English="you ~ are trying to be justified"
480050040081|τῆς|480050040091|det|Cat="det"|Id="29"|morphId="480050040081"|Unicode="τῆς"|Lemma="ὁ"|Lang="G"|StrongNumber="G35880"|Morph="EA,,,,GFS,"|Type="Article"|Case="Genitive"|Gender="Feminine"|Number="Singular"
480050040091|χάριτος|480050040101|ADV|Cat="noun"|Id="31"|morphId="480050040091"|Unicode="χάριτος"|Lemma="χάρις"|Lang="G"|StrongNumber="G54850"|Morph="N,,,,,GFS,"|Case="Genitive"|Gender="Feminine"|Number="Singular"|English="from grace"
480050040101|ἐξεπέσατε.|480050040011|CL|Cat="verb"|Id="34"|morphId="480050040101"|Unicode="ἐξεπέσατε."|Lemma="ἐκπίπτω"|Lang="G"|StrongNumber="G16010"|Morph="V,IAA2,,P,"|Mood="Indicative"|Tense="Aorist"|Voice="Active"|Person="Second"|Number="Plural"|English="you have fallen away"
480050050021|γὰρ|480050050081|conj|Cat="conj"|Id="3"|morphId="480050050021"|Unicode="γὰρ"|Lemma="γάρ"|Lang="G"|StrongNumber="G10630"|Morph="CC,,,,,,,,"|Type="Coordinating"|English="for"
480050050011|ἡμεῖς|480050050081|S|Cat="pron"|Id="7"|morphId="480050050011"|Unicode="ἡμεῖς"|Lemma="ἐγώ"|Lang="G"|StrongNumber="G14730"|Morph="RP,,,1N,P,"|Type="Personal"|Person="First"|Case="Nominative"|Number="Plural"|English="we"
480050050031|Πνεύματι|480050050081|ADV|Cat="noun"|Id="10"|morphId="480050050031"|Unicode="Πνεύματι"|Lemma="πνεῦμα"|Lang="G"|StrongNumber="G41510"|Morph="N,,,,,DNS,"|Case="Dative"|Gender="Neuter"|Number="Singular"|English="through ~ Spirit"
480050050041|ἐκ|480050050051|prep|Cat="prep"|Id="13"|morphId="480050050041"|Unicode="ἐκ"|Lemma="ἐκ"|Lang="G"|StrongNumber="G15370"|Morph="P,,,,,G,,,"|Case="Genitive"|English="by"
480050050051|πίστεως|480050050081|ADV|Cat="noun"|Id="15"|morphId="480050050051"|Unicode="πίστεως"|Lemma="πίστις"|Lang="G"|StrongNumber="G41020"|Morph="N,,,,,GFS,"|Case="Genitive"|Gender="Feminine"|Number="Singular"|English="faith"
480050050061|ἐλπίδα|480050050081|O|Cat="noun"|Id="19"|morphId="480050050061"|Unicode="ἐλπίδα"|Lemma="ἐλπίς"|Lang="G"|StrongNumber="G16800"|Morph="N,,,,,AFS,"|Case="Accusative"|Gender="Feminine"|Number="Singular"|English="for ~ hope"
480050050071|δικαιοσύνης|480050050061|np|Cat="noun"|Id="21"|morphId="480050050071"|Unicode="δικαιοσύνης"|Lemma="δικαιοσύνη"|Lang="G"|StrongNumber="G13430"|Morph="N,,,,,GFS,"|Case="Genitive"|Gender="Feminine"|Number="Singular"|English="of righteousness"
480050050081|ἀπεκδεχόμεθα.|None|CL|Cat="verb"|Id="24"|morphId="480050050081"|Unicode="ἀπεκδεχόμεθα."|Lemma="ἀπεκδέχομαι"|Lang="G"|StrongNumber="G05530"|Morph="V,IPM1,,P,"|Mood="Indicative"|Tense="Present"|Voice="Middle"|Person="First"|Number="Plural"|English="eagerly await"
480050060021|γὰρ|480050060121|conj|Cat="conj"|Id="3"|morphId="480050060021"|Unicode="γὰρ"|Lemma="γάρ"|Lang="G"|StrongNumber="G10630"|Morph="CC,,,,,,,,"|Type="Coordinating"|English="for"
480050060011|ἐν|480050060031|prep|Cat="prep"|Id="7"|morphId="480050060011"|Unicode="ἐν"|Lemma="ἐν"|Lang="G"|StrongNumber="G17220"|Morph="P,,,,,D,,,"|Case="Dative"|English="in"
480050060031|Χριστῷ|480050060121|ADV|Cat="noun"|Id="10"|morphId="480050060031"|Unicode="Χριστῷ"|Lemma="χριστός"|Lang="G"|StrongNumber="G55470"|Morph="N,,,,,DMS,"|Case="Dative"|Gender="Masculine"|Number="Singular"|English="Christ"
480050060041|Ἰησοῦ,|480050060031|np|Cat="noun"|Id="12"|morphId="480050060041"|Unicode="Ἰησοῦ,"|Lemma="Ἰησοῦς"|Lang="G"|StrongNumber="G24240"|Morph="N,,,,,DMS,"|Case="Dative"|Gender="Masculine"|Number="Singular"|English="Jesus"
480050060051|οὔτε|480050060121|advp|Cat="adv"|Id="16"|morphId="480050060051"|Unicode="οὔτε"|Lemma="οὔτε"|Lang="G"|StrongNumber="G37770"|Morph="DO,,,,,,,,"|Type="Correlative"|English="neither"
480050060061|περιτομή|480050060081|S|Cat="noun"|Id="21"|morphId="480050060061"|Unicode="περιτομή"|Lemma="περιτομή"|Lang="G"|StrongNumber="G40610"|Morph="N,,,,,NFS,"|Case="Nominative"|Gender="Feminine"|Number="Singular"|English="circumcision"
480050060091|οὔτε|480050060061|conj|Cat="conj"|Id="22"|morphId="480050060091"|Unicode="οὔτε"|Lemma="οὔτε"|Lang="G"|StrongNumber="G37770"|Morph="CO,,,,,,,,"|Type="Correlative"|English="nor"
480050060101|ἀκροβυστία,|480050060061|np|Cat="noun"|Id="24"|morphId="480050060101"|Unicode="ἀκροβυστία,"|Lemma="ἀκροβυστία"|Lang="G"|StrongNumber="G02030"|Morph="N,,,,,NFS,"|Case="Nominative"|Gender="Feminine"|Number="Singular"|English="uncircumcision"
480050060071|τι|480050060081|O|Cat="pron"|Id="27"|morphId="480050060071"|Unicode="τι"|Lemma="τις"|Lang="G"|StrongNumber="G51000"|Morph="RI,,,,ANS,"|Type="Indefinite"|Case="Accusative"|Gender="Neuter"|Number="Singular"|English="any"
480050060081|ἰσχύει,|480050060121|CL|Cat="verb"|Id="30"|morphId="480050060081"|Unicode="ἰσχύει,"|Lemma="ἰσχύω"|Lang="G"|StrongNumber="G24800"|Morph="V,IPA3,,S,"|Mood="Indicative"|Tense="Present"|Voice="Active"|Person="Third"|Number="Singular"|English="counts"
480050060111|ἀλλὰ|480050060121|conj|Cat="conj"|Id="31"|morphId="480050060111"|Unicode="ἀλλὰ"|Lemma="ἀλλά"|Lang="G"|StrongNumber="G02350"|Morph="CO,,,,,,,,"|Type="Correlative"|English="but"
480050060121|πίστις|None|CL|Cat="noun"|Id="36"|morphId="480050060121"|Unicode="πίστις"|Lemma="πίστις"|Lang="G"|StrongNumber="G41020"|Morph="N,,,,,NFS,"|Case="Nominative"|Gender="Feminine"|Number="Singular"|English="faith"
480050060131|δι’|480050060141|prep|Cat="prep"|Id="41"|morphId="480050060131"|Unicode="δι’"|Lemma="διά"|Lang="G"|StrongNumber="G12230"|Morph="P,,,,,G,,,"|Case="Genitive"|English="through"
480050060141|ἀγάπης|480050060151|ADV|Cat="noun"|Id="43"|morphId="480050060141"|Unicode="ἀγάπης"|Lemma="ἀγάπη"|Lang="G"|StrongNumber="G00260"|Morph="N,,,,,GFS,"|Case="Genitive"|Gender="Feminine"|Number="Singular"|English="love"
480050060151|ἐνεργουμένη.|480050060121|adjp|Cat="verb"|Id="46"|morphId="480050060151"|Unicode="ἐνεργουμένη."|Lemma="ἐνεργέω"|Lang="G"|StrongNumber="G17540"|Morph="V,PPM,NFS,"|Mood="Participle"|Tense="Present"|Voice="Middle"|Case="Nominative"|Gender="Feminine"|Number="Singular"|English="working"
480050070011|ἐτρέχετε|None|CL|Cat="verb"|Id="5"|morphId="480050070011"|Unicode="ἐτρέχετε"|Lemma="τρέχω"|Lang="G"|StrongNumber="G51430"|Morph="V,IIA2,,P,"|Mood="Indicative"|Tense="Imperfect"|Voice="Active"|Person="Second"|Number="Plural"|English="you were running"
480050070021|καλῶς;|480050070011|ADV|Cat="adv"|Id="8"|morphId="480050070021"|Unicode="καλῶς;"|Lemma="καλῶς"|Lang="G"|StrongNumber="G25730"|Morph="D,,,,,,,,,"|English="well"
480050070031|τίς|480050070051|S|Cat="pron"|Id="12"|morphId="480050070031"|Unicode="τίς"|Lemma="τίς"|Lang="G"|StrongNumber="G51010"|Morph="RT,,,,NMS,"|Type="Interrogative"|Case="Nominative"|Gender="Masculine"|Number="Singular"|English="who"
480050070051|ἐνέκοψεν,|480050070011|CL|Cat="verb"|Id="15"|morphId="480050070051"|Unicode="ἐνέκοψεν,"|Lemma="ἐνκόπτω"|Lang="G"|StrongNumber="G14650"|Morph="V,IAA3,,S,"|Mood="Indicative"|Tense="Aorist"|Voice="Active"|Person="Third"|Number="Singular"|English="hindered"
480050070041|ὑμᾶς|480050070081|S|Cat="pron"|Id="20"|morphId="480050070041"|Unicode="ὑμᾶς"|Lemma="σύ"|Lang="G"|StrongNumber="G47710"|Morph="RP,,,2A,P,"|Type="Personal"|Person="Second"|Case="Accusative"|Number="Plural"|English="you"
480050070061|ἀληθείᾳ|480050070081|ADV|Cat="noun"|Id="23"|morphId="480050070061"|Unicode="ἀληθείᾳ"|Lemma="ἀλήθεια"|Lang="G"|StrongNumber="G02250"|Morph="N,,,,,DFS,"|Case="Dative"|Gender="Feminine"|Number="Singular"|English="truth"
480050070071|μὴ|480050070081|ADV|Cat="adv"|Id="26"|morphId="480050070071"|Unicode="μὴ"|Lemma="μή"|Lang="G"|StrongNumber="G33610"|Morph="D,,,,,,,,,"|English="from"
480050070081|πείθεσθαι?|480050070051|O|Cat="verb"|Id="29"|morphId="480050070081"|Unicode="πείθεσθαι?"|Lemma="πείθω"|Lang="G"|StrongNumber="G39820"|Morph="V,NPP,,,,,"|Mood="Infinitive"|Tense="Present"|Voice="Passive"|English="obeying"
480050080011|ἡ|480050080021|det|Cat="det"|Id="5"|morphId="480050080011"|Unicode="ἡ"|Lemma="ὁ"|Lang="G"|StrongNumber="G35880"|Morph="EA,,,,NFS,"|Type="Article"|Case="Nominative"|Gender="Feminine"|Number="Singular"|English="this"
480050080021|πεισμονὴ|480050080061|S|Cat="noun"|Id="7"|morphId="480050080021"|Unicode="πεισμονὴ"|Lemma="πεισμονή"|Lang="G"|StrongNumber="G39880"|Morph="N,,,,,NFS,"|Case="Nominative"|Gender="Feminine"|Number="Singular"|English="persuasion"
480050080031|οὐκ|480050080061|ADV|Cat="adv"|Id="10"|morphId="480050080031"|Unicode="οὐκ"|Lemma="οὐ"|Lang="G"|StrongNumber="G37560"|Morph="D,,,,,,,,,"|English="not"
480050080041|ἐκ|480050080061|prep|Cat="prep"|Id="13"|morphId="480050080041"|Unicode="ἐκ"|Lemma="ἐκ"|Lang="G"|StrongNumber="G15370"|Morph="P,,,,,G,,,"|Case="Genitive"|English="from"
480050080051|τοῦ|480050080061|det|Cat="pron"|Id="16"|morphId="480050080051"|Unicode="τοῦ"|Lemma="ὁ"|Lang="G"|StrongNumber="G35880"|Morph="RD,,,,GMS,"|Type="Demonstrative"|Case="Genitive"|Gender="Masculine"|Number="Singular"|English="the one"
480050080061|καλοῦντος|None|CL|Cat="verb"|Id="20"|morphId="480050080061"|Unicode="καλοῦντος"|Lemma="καλέω"|Lang="G"|StrongNumber="G25640"|Morph="V,PPA,GMS,"|Mood="Participle"|Tense="Present"|Voice="Active"|Case="Genitive"|Gender="Masculine"|Number="Singular"|English="who calls"
480050080071|ὑμᾶς.|480050080061|O|Cat="pron"|Id="23"|morphId="480050080071"|Unicode="ὑμᾶς."|Lemma="σύ"|Lang="G"|StrongNumber="G47710"|Morph="RP,,,2A,P,"|Type="Personal"|Person="Second"|Case="Accusative"|Number="Plural"|English="you"
480050090011|μικρὰ|480050090021|adjp|Cat="adj"|Id="6"|morphId="480050090011"|Unicode="μικρὰ"|Lemma="μικρός"|Lang="G"|StrongNumber="G33980"|Morph="AA,,,,NFS,"|Type="Ascriptive"|Case="Nominative"|Gender="Feminine"|Number="Singular"|English="a little"
480050090021|ζύμη|480050090061|S|Cat="noun"|Id="8"|morphId="480050090021"|Unicode="ζύμη"|Lemma="ζύμη"|Lang="G"|StrongNumber="G22190"|Morph="N,,,,,NFS,"|Case="Nominative"|Gender="Feminine"|Number="Singular"|English="leaven"
480050090031|ὅλον|480050090051|adjp|Cat="det"|Id="13"|morphId="480050090031"|Unicode="ὅλον"|Lemma="ὅλος"|Lang="G"|StrongNumber="G36500"|Morph="EQ,,,,ANS,"|Type="Quantifier"|Case="Accusative"|Gender="Neuter"|Number="Singular"|English="whole"
480050090041|τὸ|480050090051|det|Cat="det"|Id="15"|morphId="480050090041"|Unicode="τὸ"|Lemma="ὁ"|Lang="G"|StrongNumber="G35880"|Morph="EA,,,,ANS,"|Type="Article"|Case="Accusative"|Gender="Neuter"|Number="Singular"|English="the"
480050090051|φύραμα|480050090061|O|Cat="noun"|Id="17"|morphId="480050090051"|Unicode="φύραμα"|Lemma="φύραμα"|Lang="G"|StrongNumber="G54450"|Morph="N,,,,,ANS,"|Case="Accusative"|Gender="Neuter"|Number="Singular"|English="batch of dough"
480050090061|ζυμοῖ.|None|CL|Cat="verb"|Id="20"|morphId="480050090061"|Unicode="ζυμοῖ."|Lemma="ζυμόω"|Lang="G"|StrongNumber="G22200"|Morph="V,IPA3,,S,"|Mood="Indicative"|Tense="Present"|Voice="Active"|Person="Third"|Number="Singular"|English="leavens"
480050100011|ἐγὼ|480050100021|S|Cat="pron"|Id="6"|morphId="480050100011"|Unicode="ἐγὼ"|Lemma="ἐγώ"|Lang="G"|StrongNumber="G14730"|Morph="RP,,,1N,S,"|Type="Personal"|Person="First"|Case="Nominative"|Number="Singular"|English="I"
480050100021|πέποιθα|None|CL|Cat="verb"|Id="9"|morphId="480050100021"|Unicode="πέποιθα"|Lemma="πείθω"|Lang="G"|StrongNumber="G39820"|Morph="V,IEA1,,S,"|Mood="Indicative"|Tense="Perfect"|Voice="Active"|Person="First"|Number="Singular"|English="have confidence"
480050100031|εἰς|480050100041|prep|Cat="prep"|Id="12"|morphId="480050100031"|Unicode="εἰς"|Lemma="εἰς"|Lang="G"|StrongNumber="G15190"|Morph="P,,,,,A,,,"|Case="Accusative"|English="in"
480050100041|ὑμᾶς|480050100021|ADV|Cat="pron"|Id="14"|morphId="480050100041"|Unicode="ὑμᾶς"|Lemma="σύ"|Lang="G"|StrongNumber="G47710"|Morph="RP,,,2A,P,"|Type="Personal"|Person="Second"|Case="Accusative"|Number="Plural"|English="you"
480050100051|ἐν|480050100061|prep|Cat="prep"|Id="17"|morphId="480050100051"|Unicode="ἐν"|Lemma="ἐν"|Lang="G"|StrongNumber="G17220"|Morph="P,,,,,D,,,"|Case="Dative"|English="in"
480050100061|Κυρίῳ,|480050100021|ADV|Cat="noun"|Id="19"|morphId="480050100061"|Unicode="Κυρίῳ,"|Lemma="κύριος"|Lang="G"|StrongNumber="G29620"|Morph="N,,,,,DMS,"|Case="Dative"|Gender="Masculine"|Number="Singular"|English="Lord"
480050100071|ὅτι|480050100101|conj|Cat="conj"|Id="21"|morphId="480050100071"|Unicode="ὅτι"|Lemma="ὅτι"|Lang="G"|StrongNumber="G37540"|Morph="CS,,,,,,,,"|Type="Subordinating"|English="that"
480050100081|οὐδὲν|480050100091|adjp|Cat="det"|Id="27"|morphId="480050100081"|Unicode="οὐδὲν"|Lemma="οὐδείς"|Lang="G"|StrongNumber="G37620"|Morph="EQ,,,,ANS,"|Type="Quantifier"|Case="Accusative"|Gender="Neuter"|Number="Singular"|English="no"
480050100091|ἄλλο|480050100101|O|Cat="pron"|Id="29"|morphId="480050100091"|Unicode="ἄλλο"|Lemma="ἄλλος"|Lang="G"|StrongNumber="G02430"|Morph="RI,,,,ANS,"|Type="Indefinite"|Case="Accusative"|Gender="Neuter"|Number="Singular"|English="other"
480050100101|φρονήσετε.|480050100021|CL|Cat="verb"|Id="32"|morphId="480050100101"|Unicode="φρονήσετε."|Lemma="φρονέω"|Lang="G"|StrongNumber="G54260"|Morph="V,IFA2,,P,"|Mood="Indicative"|Tense="Future"|Voice="Active"|Person="Second"|Number="Plural"|English="you will take ~ view"
480050100121|δὲ|480050100151|conj|Cat="conj"|Id="34"|morphId="480050100121"|Unicode="δὲ"|Lemma="δέ"|Lang="G"|StrongNumber="G11610"|Morph="CC,,,,,,,,"|Type="Coordinating"|English="but"
480050100111|ὁ|480050100131|det|Cat="pron"|Id="40"|morphId="480050100111"|Unicode="ὁ"|Lemma="ὁ"|Lang="G"|StrongNumber="G35880"|Morph="RD,,,,NMS,"|Type="Demonstrative"|Case="Nominative"|Gender="Masculine"|Number="Singular"|English="the one"
480050100131|ταράσσων|480050100151|S|Cat="verb"|Id="44"|morphId="480050100131"|Unicode="ταράσσων"|Lemma="ταράσσω"|Lang="G"|StrongNumber="G50150"|Morph="V,PPA,NMS,"|Mood="Participle"|Tense="Present"|Voice="Active"|Case="Nominative"|Gender="Masculine"|Number="Singular"|English="that is confusing"
480050100141|ὑμᾶς,|480050100131|O|Cat="pron"|Id="47"|morphId="480050100141"|Unicode="ὑμᾶς,"|Lemma="σύ"|Lang="G"|StrongNumber="G47710"|Morph="RP,,,2A,P,"|Type="Personal"|Person="Second"|Case="Accusative"|Number="Plural"|English="you"
480050100151|βαστάσει|480050100021|CL|Cat="verb"|Id="50"|morphId="480050100151"|Unicode="βαστάσει"|Lemma="βαστάζω"|Lang="G"|StrongNumber="G09410"|Morph="V,IFA3,,S,"|Mood="Indicative"|Tense="Future"|Voice="Active"|Person="Third"|Number="Singular"|English="will pay"
480050100161|τὸ|480050100171|det|Cat="det"|Id="53"|morphId="480050100161"|Unicode="τὸ"|Lemma="ὁ"|Lang="G"|StrongNumber="G35880"|Morph="EA,,,,ANS,"|Type="Article"|Case="Accusative"|Gender="Neuter"|Number="Singular"|English="the"
480050100171|κρίμα,|480050100151|O|Cat="noun"|Id="55"|morphId="480050100171"|Unicode="κρίμα,"|Lemma="κρίμα"|Lang="G"|StrongNumber="G29170"|Morph="N,,,,,ANS,"|Case="Accusative"|Gender="Neuter"|Number="Singular"|English="penalty"
480050100191|ἐὰν|480050100181|ptcl|Cat="ptcl"|Id="57"|morphId="480050100191"|Unicode="ἐὰν"|Lemma="ἐάν"|Lang="G"|StrongNumber="G14370"|Morph="T,,,,,,,,,"
480050100181|ὅστις|480050100151|CL|Cat="pron"|Id="61"|morphId="480050100181"|Unicode="ὅστις"|Lemma="ὅστις"|Lang="G"|StrongNumber="G37480"|Morph="RR,,,,NMS,"|Type="Relative"|Case="Nominative"|Gender="Masculine"|Number="Singular"|English="whoever"
480050100201|ᾖ.|480050100181|VC|Cat="verb"|Id="64"|morphId="480050100201"|Unicode="ᾖ."|Lemma="εἰμί"|Lang="G"|StrongNumber="G15100"|Morph="V,SPA3,,S,"|Mood="Subjunctive"|Tense="Present"|Voice="Active"|Person="Third"|Number="Singular"|English="he is"
480050110021|δέ,|480050110101|conj|Cat="conj"|Id="3"|morphId="480050110021"|Unicode="δέ,"|Lemma="δέ"|Lang="G"|StrongNumber="G11610"|Morph="CC,,,,,,,,"|Type="Coordinating"|English="but"
480050110031|ἀδελφοί,|480050110101|CL|Cat="noun"|Id="7"|morphId="480050110031"|Unicode="ἀδελφοί,"|Lemma="ἀδελφός"|Lang="G"|StrongNumber="G00800"|Morph="N,,,,,VMP,"|Case="Vocative"|Gender="Masculine"|Number="Plural"|English="brothers"
480050110041|εἰ|480050110071|conj|Cat="conj"|Id="10"|morphId="480050110041"|Unicode="εἰ"|Lemma="εἰ"|Lang="G"|StrongNumber="G14870"|Morph="CS,,,,,,,,"|Type="Subordinating"|English="if"
480050110011|ἐγὼ|480050110071|S|Cat="pron"|Id="14"|morphId="480050110011"|Unicode="ἐγὼ"|Lemma="ἐγώ"|Lang="G"|StrongNumber="G14730"|Morph="RP,,,1N,S,"|Type="Personal"|Person="First"|Case="Nominative"|Number="Singular"|English="I"
480050110051|περιτομὴν|480050110071|O|Cat="noun"|Id="17"|morphId="480050110051"|Unicode="περιτομὴν"|Lemma="περιτομή"|Lang="G"|StrongNumber="G40610"|Morph="N,,,,,AFS,"|Case="Accusative"|Gender="Feminine"|Number="Singular"|English="circumcision"
480050110061|ἔτι|480050110071|ADV|Cat="adv"|Id="20"|morphId="480050110061"|Unicode="ἔτι"|Lemma="ἔτι"|Lang="G"|StrongNumber="G20890"|Morph="D,,,,,,,,,"|English="still"
480050110071|κηρύσσω,|480050110101|CL|Cat="verb"|Id="23"|morphId="480050110071"|Unicode="κηρύσσω,"|Lemma="κηρύσσω"|Lang="G"|StrongNumber="G27840"|Morph="V,IPA1,,S,"|Mood="Indicative"|Tense="Present"|Voice="Active"|Person="First"|Number="Singular"|English="am ~ preaching"
480050110081|τί|480050110101|ADV|Cat="pron"|Id="27"|morphId="480050110081"|Unicode="τί"|Lemma="τίς"|Lang="G"|StrongNumber="G51010"|Morph="RT,,,,ANS,"|Type="Interrogative"|Case="Accusative"|Gender="Neuter"|Number="Singular"|English="why"
480050110091|ἔτι|480050110101|ADV|Cat="adv"|Id="30"|morphId="480050110091"|Unicode="ἔτι"|Lemma="ἔτι"|Lang="G"|StrongNumber="G20890"|Morph="D,,,,,,,,,"|English="still"
480050110101|διώκομαι?|None|CL|Cat="verb"|Id="33"|morphId="480050110101"|Unicode="διώκομαι?"|Lemma="διώκω"|Lang="G"|StrongNumber="G13770"|Morph="V,IPP1,,S,"|Mood="Indicative"|Tense="Present"|Voice="Passive"|Person="First"|Number="Singular"|English="am I ~ being persecuted"
480050110111|ἄρα|480050110121|conj|Cat="adv"|Id="36"|morphId="480050110111"|Unicode="ἄρα"|Lemma="ἄρα"|Lang="G"|StrongNumber="G06860"|Morph="D,,,,,,,,,"|English="in that case"
480050110121|κατήργηται|480050110101|CL|Cat="verb"|Id="40"|morphId="480050110121"|Unicode="κατήργηται"|Lemma="καταργέω"|Lang="G"|StrongNumber="G26730"|Morph="V,IEP3,,S,"|Mood="Indicative"|Tense="Perfect"|Voice="Passive"|Person="Third"|Number="Singular"|English="has been abolished"
480050110131|τὸ|480050110141|det|Cat="det"|Id="43"|morphId="480050110131"|Unicode="τὸ"|Lemma="ὁ"|Lang="G"|StrongNumber="G35880"|Morph="EA,,,,NNS,"|Type="Article"|Case="Nominative"|Gender="Neuter"|Number="Singular"|English="the"
480050110141|σκάνδαλον|480050110121|S|Cat="noun"|Id="46"|morphId="480050110141"|Unicode="σκάνδαλον"|Lemma="σκάνδαλον"|Lang="G"|StrongNumber="G46250"|Morph="N,,,,,NNS,"|Case="Nominative"|Gender="Neuter"|Number="Singular"|English="offense"
480050110151|τοῦ|480050110161|det|Cat="det"|Id="48"|morphId="480050110151"|Unicode="τοῦ"|Lemma="ὁ"|Lang="G"|StrongNumber="G35880"|Morph="EA,,,,GMS,"|Type="Article"|Case="Genitive"|Gender="Masculine"|Number="Singular"|English="the"
480050110161|σταυροῦ.|480050110141|np|Cat="noun"|Id="50"|morphId="480050110161"|Unicode="σταυροῦ."|Lemma="σταυρός"|Lang="G"|StrongNumber="G47160"|Morph="N,,,,,GMS,"|Case="Genitive"|Gender="Masculine"|Number="Singular"|English="of ~ cross"
480050120011|ὄφελον|480050120031|ptcl|Cat="ptcl"|Id="3"|morphId="480050120011"|Unicode="ὄφελον"|Lemma="ὄφελον"|Lang="G"|StrongNumber="G37850"|Morph="T,,,,,,,,,"|English="I wish"
480050120021|καὶ|480050120031|ADV|Cat="adv"|Id="7"|morphId="480050120021"|Unicode="καὶ"|Lemma="καί"|Lang="G"|StrongNumber="G25320"|Morph="D,,,,,,,,,"|English="also"
480050120031|ἀποκόψονται,|None|CL|Cat="verb"|Id="10"|morphId="480050120031"|Unicode="ἀποκόψονται,"|Lemma="ἀποκόπτω"|Lang="G"|StrongNumber="G06090"|Morph="V,IFM3,,P,"|Mood="Indicative"|Tense="Future"|Voice="Middle"|Person="Third"|Number="Plural"|English="would castrate themselves"
480050120041|οἱ|480050120051|det|Cat="pron"|Id="14"|morphId="480050120041"|Unicode="οἱ"|Lemma="ὁ"|Lang="G"|StrongNumber="G35880"|Morph="RD,,,,NMP,"|Type="Demonstrative"|Case="Nominative"|Gender="Masculine"|Number="Plural"|English="those"
480050120051|ἀναστατοῦντες|480050120031|S|Cat="verb"|Id="18"|morphId="480050120051"|Unicode="ἀναστατοῦντες"|Lemma="ἀναστατόω"|Lang="G"|StrongNumber="G03870"|Morph="V,PPA,NMP,"|Mood="Participle"|Tense="Present"|Voice="Active"|Case="Nominative"|Gender="Masculine"|Number="Plural"|English="who are disturbing"
480050120061|ὑμᾶς.|480050120051|O|Cat="pron"|Id="21"|morphId="480050120061"|Unicode="ὑμᾶς."|Lemma="σύ"|Lang="G"|StrongNumber="G47710"|Morph="RP,,,2A,P,"|Type="Personal"|Person="Second"|Case="Accusative"|Number="Plural"|English="you"
480050130021|γὰρ|480050130051|conj|Cat="conj"|Id="3"|morphId="480050130021"|Unicode="γὰρ"|Lemma="γάρ"|Lang="G"|StrongNumber="G10630"|Morph="CC,,,,,,,,"|Type="Coordinating"|English="for"
480050130011|ὑμεῖς|480050130051|S|Cat="pron"|Id="8"|morphId="480050130011"|Unicode="ὑμεῖς"|Lemma="σύ"|Lang="G"|StrongNumber="G47710"|Morph="RP,,,2N,P,"|Type="Personal"|Person="Second"|Case="Nominative"|Number="Plural"|English="you"
480050130031|ἐπ’|480050130041|prep|Cat="prep"|Id="11"|morphId="480050130031"|Unicode="ἐπ’"|Lemma="ἐπί"|Lang="G"|StrongNumber="G19090"|Morph="P,,,,,D,,,"|Case="Dative"|English="to"
480050130041|ἐλευθερίᾳ|480050130051|ADV|Cat="noun"|Id="13"|morphId="480050130041"|Unicode="ἐλευθερίᾳ"|Lemma="ἐλευθερία"|Lang="G"|StrongNumber="G16570"|Morph="N,,,,,DFS,"|Case="Dative"|Gender="Feminine"|Number="Singular"|English="freedom"
480050130051|ἐκλήθητε,|None|CL|Cat="verb"|Id="16"|morphId="480050130051"|Unicode="ἐκλήθητε,"|Lemma="καλέω"|Lang="G"|StrongNumber="G25640"|Morph="V,IAP2,,P,"|Mood="Indicative"|Tense="Aorist"|Voice="Passive"|Person="Second"|Number="Plural"|English="were called"
480050130061|ἀδελφοί;|480050130051|CL|Cat="noun"|Id="19"|morphId="480050130061"|Unicode="ἀδελφοί;"|Lemma="ἀδελφός"|Lang="G"|StrongNumber="G00800"|Morph="N,,,,,VMP,"|Case="Vocative"|Gender="Masculine"|Number="Plural"|English="brothers"
480050130071|μόνον|480050130081|advp|Cat="adv"|Id="23"|morphId="480050130071"|Unicode="μόνον"|Lemma="μόνον"|Lang="G"|StrongNumber="G34400"|Morph="D,,,,,,,,,"|English="only"
480050130081|μὴ|480050130191|advp|Cat="adv"|Id="25"|morphId="480050130081"|Unicode="μὴ"|Lemma="μή"|Lang="G"|StrongNumber="G33610"|Morph="DO,,,,,,,,"|Type="Correlative"|English="not"
480050130091|τὴν|480050130101|det|Cat="det"|Id="29"|morphId="480050130091"|Unicode="τὴν"|Lemma="ὁ"|Lang="G"|StrongNumber="G35880"|Morph="EA,,,,AFS,"|Type="Article"|Case="Accusative"|Gender="Feminine"|Number="Singular"|English="this"
480050130101|ἐλευθερίαν|480050130191|CL|Cat="noun"|Id="31"|morphId="480050130101"|Unicode="ἐλευθερίαν"|Lemma="ἐλευθερία"|Lang="G"|StrongNumber="G16570"|Morph="N,,,,,AFS,"|Case="Accusative"|Gender="Feminine"|Number="Singular"|English="freedom"
480050130111|εἰς|480050130121|prep|Cat="prep"|Id="34"|morphId="480050130111"|Unicode="εἰς"|Lemma="εἰς"|Lang="G"|StrongNumber="G15190"|Morph="P,,,,,A,,,"|Case="Accusative"|English="as"
480050130121|ἀφορμὴν|480050130101|ADV|Cat="noun"|Id="37"|morphId="480050130121"|Unicode="ἀφορμὴν"|Lemma="ἀφορμή"|Lang="G"|StrongNumber="G08740"|Morph="N,,,,,AFS,"|Case="Accusative"|Gender="Feminine"|Number="Singular"|English="an opportunity"
480050130131|τῇ|480050130141|det|Cat="det"|Id="40"|morphId="480050130131"|Unicode="τῇ"|Lemma="ὁ"|Lang="G"|StrongNumber="G35880"|Morph="EA,,,,DFS,"|Type="Article"|Case="Dative"|Gender="Feminine"|Number="Singular"|English="the"
480050130141|σαρκί,|480050130121|advp|Cat="noun"|Id="42"|morphId="480050130141"|Unicode="σαρκί,"|Lemma="σάρξ"|Lang="G"|StrongNumber="G45610"|Morph="N,,,,,DFS,"|Case="Dative"|Gender="Feminine"|Number="Singular"|English="for ~ flesh"
480050130151|ἀλλὰ|480050130191|conj|Cat="conj"|Id="43"|morphId="480050130151"|Unicode="ἀλλὰ"|Lemma="ἀλλά"|Lang="G"|StrongNumber="G02350"|Morph="CO,,,,,,,,"|Type="Correlative"|English="but"
480050130161|διὰ|480050130181|prep|Cat="prep"|Id="47"|morphId="480050130161"|Unicode="διὰ"|Lemma="διά"|Lang="G"|StrongNumber="G12230"|Morph="P,,,,,G,,,"|Case="Genitive"|English="through"
480050130171|τῆς|480050130181|det|Cat="det"|Id="49"|morphId="480050130171"|Unicode="τῆς"|Lemma="ὁ"|Lang="G"|StrongNumber="G35880"|Morph="EA,,,,GFS,"|Type="Article"|Case="Genitive"|Gender="Feminine"|Number="Singular"
480050130181|ἀγάπης|480050130191|ADV|Cat="noun"|Id="51"|morphId="480050130181"|Unicode="ἀγάπης"|Lemma="ἀγάπη"|Lang="G"|StrongNumber="G00260"|Morph="N,,,,,GFS,"|Case="Genitive"|Gender="Feminine"|Number="Singular"|English="love"
480050130191|δουλεύετε|480050130051|CL|Cat="verb"|Id="54"|morphId="480050130191"|Unicode="δουλεύετε"|Lemma="δουλεύω"|Lang="G"|StrongNumber="G13980"|Morph="V,MPA2,,P,"|Mood="Imperative"|Tense="Present"|Voice="Active"|Person="Second"|Number="Plural"|English="serve"
480050130201|ἀλλήλοις.|480050130191|O|Cat="pron"|Id="57"|morphId="480050130201"|Unicode="ἀλλήλοις."|Lemma="ἀλλήλων"|Lang="G"|StrongNumber="G02400"|Morph="RC,,,,DMP,"|Type="Reciprocal"|Case="Dative"|Gender="Masculine"|Number="Plural"|English="one another"
480050140021|γὰρ|480050140081|conj|Cat="conj"|Id="3"|morphId="480050140021"|Unicode="γὰρ"|Lemma="γάρ"|Lang="G"|StrongNumber="G10630"|Morph="CC,,,,,,,,"|Type="Coordinating"|English="for"
480050140011|ὁ|480050140041|det|Cat="det"|Id="7"|morphId="480050140011"|Unicode="ὁ"|Lemma="ὁ"|Lang="G"|StrongNumber="G35880"|Morph="EA,,,,NMS,"|Type="Article"|Case="Nominative"|Gender="Masculine"|Number="Singular"|English="the"
480050140031|πᾶς|480050140041|adjp|Cat="det"|Id="11"|morphId="480050140031"|Unicode="πᾶς"|Lemma="πᾶς"|Lang="G"|StrongNumber="G39560"|Morph="EQ,,,,NMS,"|Type="Quantifier"|Case="Nominative"|Gender="Masculine"|Number="Singular"|English="whole"
480050140041|νόμος|480050140081|S|Cat="noun"|Id="13"|morphId="480050140041"|Unicode="νόμος"|Lemma="νόμος"|Lang="G"|StrongNumber="G35510"|Morph="N,,,,,NMS,"|Case="Nominative"|Gender="Masculine"|Number="Singular"|English="law"
480050140081|πεπλήρωται,|None|CL|Cat="verb"|Id="16"|morphId="480050140081"|Unicode="πεπλήρωται,"|Lemma="πληρόω"|Lang="G"|StrongNumber="G41370"|Morph="V,IEP3,,S,"|Mood="Indicative"|Tense="Perfect"|Voice="Passive"|Person="Third"|Number="Singular"|English="is fulfilled"
480050140051|ἐν|480050140071|prep|Cat="prep"|Id="20"|morphId="480050140051"|Unicode="ἐν"|Lemma="ἐν"|Lang="G"|StrongNumber="G17220"|Morph="P,,,,,D,,,"|Case="Dative"|English="in"
480050140061|ἑνὶ|480050140071|nump|Cat="det"|Id="24"|morphId="480050140061"|Unicode="ἑνὶ"|Lemma="εἷς"|Lang="G"|StrongNumber="G15200"|Morph="EN,,,,DMS,"|Type="Number"|Case="Dative"|Gender="Masculine"|Number="Singular"|English="one"
480050140071|λόγῳ|480050140081|ADV|Cat="noun"|Id="26"|morphId="480050140071"|Unicode="λόγῳ"|Lemma="λόγος"|Lang="G"|StrongNumber="G30560"|Morph="N,,,,,DMS,"|Case="Dative"|Gender="Masculine"|Number="Singular"|English="word"
480050140091|ἐν|480050140101|prep|Cat="prep"|Id="28"|morphId="480050140091"|Unicode="ἐν"|Lemma="ἐν"|Lang="G"|StrongNumber="G17220"|Morph="P,,,,,D,,,"|Case="Dative"|English="in"
480050140101|τῷ,|480050140071|pp|Cat="pron"|Id="31"|morphId="480050140101"|Unicode="τῷ,"|Lemma="ὁ"|Lang="G"|StrongNumber="G35880"|Morph="RD,,,,DMS,"|Type="Demonstrative"|Case="Dative"|Gender="Masculine"|Number="Singular"|English="this"
480050140111|ἀγαπήσεις|480050140101|CL|Cat="verb"|Id="36"|morphId="480050140111"|Unicode="ἀγαπήσεις"|Lemma="ἀγαπάω"|Lang="G"|StrongNumber="G00250"|Morph="V,IFA2,,S,"|Mood="Indicative"|Tense="Future"|Voice="Active"|Person="Second"|Number="Singular"|English="you shall love"
480050140121|τὸν|480050140131|det|Cat="det"|Id="39"|morphId="480050140121"|Unicode="τὸν"|Lemma="ὁ"|Lang="G"|StrongNumber="G35880"|Morph="EA,,,,AMS,"|Type="Article"|Case="Accusative"|Gender="Masculine"|Number="Singular"|English="the"
480050140131|πλησίον|480050140111|O|Cat="noun"|Id="42"|morphId="480050140131"|Unicode="πλησίον"|Lemma="πλησίον"|Lang="G"|StrongNumber="G41390"|Morph="NS,,,,AMS,"|Type="Substantive_Adj"|Case="Accusative"|Gender="Masculine"|Number="Singular"|English="neighbor"
480050140141|σου|480050140131|np|Cat="pron"|Id="44"|morphId="480050140141"|Unicode="σου"|Lemma="σύ"|Lang="G"|StrongNumber="G47710"|Morph="RP,,,2G,S,"|Type="Personal"|Person="Second"|Case="Genitive"|Number="Singular"|English="of you"
480050140151|ὡς|480050140161|conj|Cat="conj"|Id="46"|morphId="480050140151"|Unicode="ὡς"|Lemma="ὡς"|Lang="G"|StrongNumber="G56130"|Morph="CS,,,,,,,,"|Type="Subordinating"|English="as"
480050140161|σεαυτόν.|480050140111|CL|Cat="pron"|Id="50"|morphId="480050140161"|Unicode="σεαυτόν."|Lemma="σεαυτοῦ"|Lang="G"|StrongNumber="G45720"|Morph="RE,,,2AMS,"|Type="Reflexive"|Person="Second"|Case="Accusative"|Gender="Masculine"|Number="Singular"|English="yourself"
480050150021|δὲ|480050150071|conj|Cat="conj"|Id="3"|morphId="480050150021"|Unicode="δὲ"|Lemma="δέ"|Lang="G"|StrongNumber="G11610"|Morph="CC,,,,,,,,"|Type="Coordinating"|English="but"
480050150011|εἰ|480050150041|conj|Cat="conj"|Id="6"|morphId="480050150011"|Unicode="εἰ"|Lemma="εἰ"|Lang="G"|StrongNumber="G14870"|Morph="CS,,,,,,,,"|Type="Subordinating"|English="if"
480050150031|ἀλλήλους|480050150041|O|Cat="pron"|Id="10"|morphId="480050150031"|Unicode="ἀλλήλους"|Lemma="ἀλλήλων"|Lang="G"|StrongNumber="G02400"|Morph="RC,,,,AMP,"|Type="Reciprocal"|Case="Accusative"|Gender="Masculine"|Number="Plural"|English="one another"
480050150041|δάκνετε|480050150071|CL|Cat="verb"|Id="14"|morphId="480050150041"|Unicode="δάκνετε"|Lemma="δάκνω"|Lang="G"|StrongNumber="G11430"|Morph="V,IPA2,,P,"|Mood="Indicative"|Tense="Present"|Voice="Active"|Person="Second"|Number="Plural"|English="you bite"
480050150051|καὶ|480050150041|conj|Cat="conj"|Id="15"|morphId="480050150051"|Unicode="καὶ"|Lemma="καί"|Lang="G"|StrongNumber="G25320"|Morph="CC,,,,,,,,"|Type="Coordinating"|English="and"
480050150061|κατεσθίετε,|480050150041|vp|Cat="verb"|Id="17"|morphId="480050150061"|Unicode="κατεσθίετε,"|Lemma="κατεσθίω"|Lang="G"|StrongNumber="G27190"|Morph="V,IPA2,,P,"|Mood="Indicative"|Tense="Present"|Voice="Active"|Person="Second"|Number="Plural"|English="devour"
480050150071|βλέπετε|None|CL|Cat="verb"|Id="22"|morphId="480050150071"|Unicode="βλέπετε"|Lemma="βλέπω"|Lang="G"|StrongNumber="G09910"|Morph="V,MPA2,,P,"|Mood="Imperative"|Tense="Present"|Voice="Active"|Person="Second"|Number="Plural"|English="watch out"
480050150081|μὴ|480050150111|ptcl|Cat="conj"|Id="25"|morphId="480050150081"|Unicode="μὴ"|Lemma="μή"|Lang="G"|StrongNumber="G33610"|Morph="CS,,,,,,,,"|Type="Subordinating"|English="not"
480050150091|ὑπ’|480050150101|prep|Cat="prep"|Id="29"|morphId="480050150091"|Unicode="ὑπ’"|Lemma="ὑπό"|Lang="G"|StrongNumber="G52590"|Morph="P,,,,,G,,,"|Case="Genitive"|English="by"
480050150101|ἀλλήλων|480050150111|ADV|Cat="pron"|Id="31"|morphId="480050150101"|Unicode="ἀλλήλων"|Lemma="ἀλλήλων"|Lang="G"|StrongNumber="G02400"|Morph="RC,,,,GMP,"|Type="Reciprocal"|Case="Genitive"|Gender="Masculine"|Number="Plural"|English="one another"
480050150111|ἀναλωθῆτε.|480050150071|CL|Cat="verb"|Id="34"|morphId="480050150111"|Unicode="ἀναλωθῆτε."|Lemma="ἀναλόω"|Lang="G"|StrongNumber="G03550"|Morph="V,SAP2,,P,"|Mood="Subjunctive"|Tense="Aorist"|Voice="Passive"|Person="Second"|Number="Plural"|English="you are ~ consumed"
480050160021|δέ,|480050160011|conj|Cat="conj"|Id="3"|morphId="480050160021"|Unicode="δέ,"|Lemma="δέ"|Lang="G"|StrongNumber="G11610"|Morph="CC,,,,,,,,"|Type="Coordinating"|English="but"
480050160011|λέγω|None|CL|Cat="verb"|Id="8"|morphId="480050160011"|Unicode="λέγω"|Lemma="λέγω"|Lang="G"|StrongNumber="G30040"|Morph="V,IPA1,,S,"|Mood="Indicative"|Tense="Present"|Voice="Active"|Person="First"|Number="Singular"|English="I say"
480050160031|Πνεύματι|480050160041|ADV|Cat="noun"|Id="13"|morphId="480050160031"|Unicode="Πνεύματι"|Lemma="πνεῦμα"|Lang="G"|StrongNumber="G41510"|Morph="N,,,,,DNS,"|Case="Dative"|Gender="Neuter"|Number="Singular"|English="by ~ Spirit"
480050160041|περιπατεῖτε,|480050160011|CL|Cat="verb"|Id="16"|morphId="480050160041"|Unicode="περιπατεῖτε,"|Lemma="περιπατέω"|Lang="G"|StrongNumber="G40430"|Morph="V,MPA2,,P,"|Mood="Imperative"|Tense="Present"|Voice="Active"|Person="Second"|Number="Plural"|English="walk"
480050160051|καὶ|480050160041|conj|Cat="conj"|Id="17"|morphId="480050160051"|Unicode="καὶ"|Lemma="καί"|Lang="G"|StrongNumber="G25320"|Morph="CC,,,,,,,,"|Type="Coordinating"|English="and"
480050160061|ἐπιθυμίαν|480050160101|O|Cat="noun"|Id="22"|morphId="480050160061"|Unicode="ἐπιθυμίαν"|Lemma="ἐπιθυμία"|Lang="G"|StrongNumber="G19390"|Morph="N,,,,,AFS,"|Case="Accusative"|Gender="Feminine"|Number="Singular"|English="desires"
480050160071|σαρκὸς|480050160061|np|Cat="noun"|Id="24"|morphId="480050160071"|Unicode="σαρκὸς"|Lemma="σάρξ"|Lang="G"|StrongNumber="G45610"|Morph="N,,,,,GFS,"|Case="Genitive"|Gender="Feminine"|Number="Singular"|English="of ~ flesh"
480050160081|οὐ|480050160101|ADV|Cat="adv"|Id="28"|morphId="480050160081"|Unicode="οὐ"|Lemma="οὐ"|Lang="G"|StrongNumber="G37560"|Morph="D,,,,,,,,,"|English="by no means"
480050160091|μὴ|480050160081|advp|Cat="adv"|Id="30"|morphId="480050160091"|Unicode="μὴ"|Lemma="μή"|Lang="G"|StrongNumber="G33610"|Morph="D,,,,,,,,,"
480050160101|τελέσητε.|480050160041|CL|Cat="verb"|Id="33"|morphId="480050160101"|Unicode="τελέσητε."|Lemma="τελέω"|Lang="G"|StrongNumber="G50550"|Morph="V,SAA2,,P,"|Mood="Subjunctive"|Tense="Aorist"|Voice="Active"|Person="Second"|Number="Plural"|English="you will ~ carry out"
480050170021|γὰρ|480050170041|conj|Cat="conj"|Id="3"|morphId="480050170021"|Unicode="γὰρ"|Lemma="γάρ"|Lang="G"|StrongNumber="G10630"|Morph="CC,,,,,,,,"|Type="Coordinating"|English="for"
480050170011|ἡ|480050170031|det|Cat="det"|Id="8"|morphId="480050170011"|Unicode="ἡ"|Lemma="ὁ"|Lang="G"|StrongNumber="G35880"|Morph="EA,,,,NFS,"|Type="Article"|Case="Nominative"|Gender="Feminine"|Number="Singular"|English="the"
480050170031|σὰρξ|480050170041|S|Cat="noun"|Id="10"|morphId="480050170031"|Unicode="σὰρξ"|Lemma="σάρξ"|Lang="G"|StrongNumber="G45610"|Morph="N,,,,,NFS,"|Case="Nominative"|Gender="Feminine"|Number="Singular"|English="flesh"
480050170041|ἐπιθυμεῖ|None|CL|Cat="verb"|Id="13"|morphId="480050170041"|Unicode="ἐπιθυμεῖ"|Lemma="ἐπιθυμέω"|Lang="G"|StrongNumber="G19370"|Morph="V,IPA3,,S,"|Mood="Indicative"|Tense="Present"|Voice="Active"|Person="Third"|Number="Singular"|English="desires"
480050170051|κατὰ|480050170071|prep|Cat="prep"|Id="16"|morphId="480050170051"|Unicode="κατὰ"|Lemma="κατά"|Lang="G"|StrongNumber="G25960"|Morph="P,,,,,G,,,"|Case="Genitive"|English="against"
480050170061|τοῦ|480050170071|det|Cat="det"|Id="18"|morphId="480050170061"|Unicode="τοῦ"|Lemma="ὁ"|Lang="G"|StrongNumber="G35880"|Morph="EA,,,,GNS,"|Type="Article"|Case="Genitive"|Gender="Neuter"|Number="Singular"|English="the"
480050170071|Πνεύματος,|480050170041|ADV|Cat="noun"|Id="20"|morphId="480050170071"|Unicode="Πνεύματος,"|Lemma="πνεῦμα"|Lang="G"|StrongNumber="G41510"|Morph="N,,,,,GNS,"|Case="Genitive"|Gender="Neuter"|Number="Singular"|English="Spirit"
480050170091|δὲ|480050170041|conj|Cat="conj"|Id="21"|morphId="480050170091"|Unicode="δὲ"|Lemma="δέ"|Lang="G"|StrongNumber="G11610"|Morph="CC,,,,,,,,"|Type="Coordinating"|English="and"
480050170081|τὸ|480050170101|det|Cat="det"|Id="25"|morphId="480050170081"|Unicode="τὸ"|Lemma="ὁ"|Lang="G"|StrongNumber="G35880"|Morph="EA,,,,NNS,"|Type="Article"|Case="Nominative"|Gender="Neuter"|Number="Singular"|English="the"
480050170101|Πνεῦμα|480050170041|CL|Cat="noun"|Id="27"|morphId="480050170101"|Unicode="Πνεῦμα"|Lemma="πνεῦμα"|Lang="G"|StrongNumber="G41510"|Morph="N,,,,,NNS,"|Case="Nominative"|Gender="Neuter"|Number="Singular"|English="Spirit"
480050170111|κατὰ|480050170131|prep|Cat="prep"|Id="30"|morphId="480050170111"|Unicode="κατὰ"|Lemma="κατά"|Lang="G"|StrongNumber="G25960"|Morph="P,,,,,G,,,"|Case="Genitive"|English="against"
480050170121|τῆς|480050170131|det|Cat="det"|Id="32"|morphId="480050170121"|Unicode="τῆς"|Lemma="ὁ"|Lang="G"|StrongNumber="G35880"|Morph="EA,,,,GFS,"|Type="Article"|Case="Genitive"|Gender="Feminine"|Number="Singular"|English="the"
480050170131|σαρκός;|480050170101|ADV|Cat="noun"|Id="34"|morphId="480050170131"|Unicode="σαρκός;"|Lemma="σάρξ"|Lang="G"|StrongNumber="G45610"|Morph="N,,,,,GFS,"|Case="Genitive"|Gender="Feminine"|Number="Singular"|English="flesh"
480050170151|γὰρ|480050170171|conj|Cat="conj"|Id="36"|morphId="480050170151"|Unicode="γὰρ"|Lemma="γάρ"|Lang="G"|StrongNumber="G10630"|Morph="CC,,,,,,,,"|Type="Coordinating"|English="for"
480050170141|ταῦτα|480050170171|S|Cat="pron"|Id="41"|morphId="480050170141"|Unicode="ταῦτα"|Lemma="οὗτος"|Lang="G"|StrongNumber="G37780"|Morph="RD,,,,NNP,"|Type="Demonstrative"|Case="Nominative"|Gender="Neuter"|Number="Plural"|English="these things"
480050170161|ἀλλήλοις|480050170171|O|Cat="pron"|Id="44"|morphId="480050170161"|Unicode="ἀλλήλοις"|Lemma="ἀλλήλων"|Lang="G"|StrongNumber="G02400"|Morph="RC,,,,DNP,"|Type="Reciprocal"|Case="Dative"|Gender="Neuter"|Number="Plural"|English="each other"
480050170171|ἀντίκειται,|480050170041|CL|Cat="verb"|Id="47"|morphId="480050170171"|Unicode="ἀντίκειται,"|Lemma="ἀντίκειμαι"|Lang="G"|StrongNumber="G04800"|Morph="V,IPM3,,S,"|Mood="Indicative"|Tense="Present"|Voice="Middle"|Person="Third"|Number="Singular"|English="are opposed"
480050170181|ἵνα|480050170241|conj|Cat="conj"|Id="49"|morphId="480050170181"|Unicode="ἵνα"|Lemma="ἵνα"|Lang="G"|StrongNumber="G24430"|Morph="CS,,,,,,,,"|Type="Subordinating"|English="so that"
480050170191|μὴ|480050170241|advp|Cat="adv"|Id="52"|morphId="480050170191"|Unicode="μὴ"|Lemma="μή"|Lang="G"|StrongNumber="G33610"|Morph="D,,,,,,,,,"|English="not"
480050170211|ἐὰν|480050170221|ptcl|Cat="ptcl"|Id="55"|morphId="480050170211"|Unicode="ἐὰν"|Lemma="ἐάν"|Lang="G"|StrongNumber="G14370"|Morph="T,,,,,,,,,"
480050170201|ἃ|480050170221|O|Cat="pron"|Id="59"|morphId="480050170201"|Unicode="ἃ"|Lemma="ὅς"|Lang="G"|StrongNumber="G37390"|Morph="RD,,,,ANP,"|Type="Demonstrative"|Case="Accusative"|Gender="Neuter"|Number="Plural"|English="whatever"
480050170221|θέλητε|480050170241|CL|Cat="verb"|Id="62"|morphId="480050170221"|Unicode="θέλητε"|Lemma="θέλω"|Lang="G"|StrongNumber="G23090"|Morph="V,SPA2,,P,"|Mood="Subjunctive"|Tense="Present"|Voice="Active"|Person="Second"|Number="Plural"|English="you want"
480050170231|ταῦτα|480050170241|O|Cat="pron"|Id="66"|morphId="480050170231"|Unicode="ταῦτα"|Lemma="οὗτος"|Lang="G"|StrongNumber="G37780"|Morph="RD,,,,ANP,"|Type="Demonstrative"|Case="Accusative"|Gender="Neuter"|Number="Plural"|English="can these things"
480050170241|ποιῆτε.|480050170171|CL|Cat="verb"|Id="69"|morphId="480050170241"|Unicode="ποιῆτε."|Lemma="ποιέω"|Lang="G"|StrongNumber="G41600"|Morph="V,SPA2,,P,"|Mood="Subjunctive"|Tense="Present"|Voice="Active"|Person="Second"|Number="Plural"|English="you do ~ do"
480050180021|δὲ|480050180081|conj|Cat="conj"|Id="3"|morphId="480050180021"|Unicode="δὲ"|Lemma="δέ"|Lang="G"|StrongNumber="G11610"|Morph="CC,,,,,,,,"|Type="Coordinating"|English="but"
480050180011|εἰ|480050180041|conj|Cat="conj"|Id="6"|morphId="480050180011"|Unicode="εἰ"|Lemma="εἰ"|Lang="G"|StrongNumber="G14870"|Morph="CS,,,,,,,,"|Type="Subordinating"|English="if"
480050180031|Πνεύματι|480050180041|ADV|Cat="noun"|Id="10"|morphId="480050180031"|Unicode="Πνεύματι"|Lemma="πνεῦμα"|Lang="G"|StrongNumber="G41510"|Morph="N,,,,,DNS,"|Case="Dative"|Gender="Neuter"|Number="Singular"|English="by ~ Spirit"
480050180041|ἄγεσθε,|480050180081|CL|Cat="verb"|Id="13"|morphId="480050180041"|Unicode="ἄγεσθε,"|Lemma="ἄγω"|Lang="G"|StrongNumber="G00710"|Morph="V,IPP2,,P,"|Mood="Indicative"|Tense="Present"|Voice="Passive"|Person="Second"|Number="Plural"|English="you are led"
480050180051|οὐκ|480050180081|ADV|Cat="adv"|Id="17"|morphId="480050180051"|Unicode="οὐκ"|Lemma="οὐ"|Lang="G"|StrongNumber="G37560"|Morph="D,,,,,,,,,"|English="not"
480050180061|ἐστὲ|480050180081|VC|Cat="verb"|Id="20"|morphId="480050180061"|Unicode="ἐστὲ"|Lemma="εἰμί"|Lang="G"|StrongNumber="G15100"|Morph="V,IPA2,,P,"|Mood="Indicative"|Tense="Present"|Voice="Active"|Person="Second"|Number="Plural"|English="you are"
480050180071|ὑπὸ|480050180081|prep|Cat="prep"|Id="23"|morphId="480050180071"|Unicode="ὑπὸ"|Lemma="ὑπό"|Lang="G"|StrongNumber="G52590"|Morph="P,,,,,A,,,"|Case="Accusative"|English="under"
480050180081|νόμον.|None|CL|Cat="noun"|Id="25"|morphId="480050180081"|Unicode="νόμον."|Lemma="νόμος"|Lang="G"|StrongNumber="G35510"|Morph="N,,,,,AMS,"|Case="Accusative"|Gender="Masculine"|Number="Singular"|English="law"
480050190021|δέ|480050190011|conj|Cat="conj"|Id="3"|morphId="480050190021"|Unicode="δέ"|Lemma="δέ"|Lang="G"|StrongNumber="G11610"|Morph="CC,,,,,,,,"|Type="Coordinating"|English="now"
480050190011|φανερὰ|None|CL|Cat="noun"|Id="7"|morphId="480050190011"|Unicode="φανερὰ"|Lemma="φανερός"|Lang="G"|StrongNumber="G53180"|Morph="NP,,,,NNP,"|Type="Predicate_Adj"|Case="Nominative"|Gender="Neuter"|Number="Plural"|English="evident"
480050190031|ἐστιν|480050190011|VC|Cat="verb"|Id="10"|morphId="480050190031"|Unicode="ἐστιν"|Lemma="εἰμί"|Lang="G"|StrongNumber="G15100"|Morph="V,IPA3,,S,"|Mood="Indicative"|Tense="Present"|Voice="Active"|Person="Third"|Number="Singular"|English="are"
480050190041|τὰ|480050190051|det|Cat="det"|Id="14"|morphId="480050190041"|Unicode="τὰ"|Lemma="ὁ"|Lang="G"|StrongNumber="G35880"|Morph="EA,,,,NNP,"|Type="Article"|Case="Nominative"|Gender="Neuter"|Number="Plural"|English="the"
480050190051|ἔργα|480050190011|S|Cat="noun"|Id="17"|morphId="480050190051"|Unicode="ἔργα"|Lemma="ἔργον"|Lang="G"|StrongNumber="G20410"|Morph="N,,,,,NNP,"|Case="Nominative"|Gender="Neuter"|Number="Plural"|English="works"
480050190061|τῆς|480050190071|det|Cat="det"|Id="19"|morphId="480050190061"|Unicode="τῆς"|Lemma="ὁ"|Lang="G"|StrongNumber="G35880"|Morph="EA,,,,GFS,"|Type="Article"|Case="Genitive"|Gender="Feminine"|Number="Singular"|English="the"
480050190071|σαρκός,|480050190051|np|Cat="noun"|Id="21"|morphId="480050190071"|Unicode="σαρκός,"|Lemma="σάρξ"|Lang="G"|StrongNumber="G45610"|Morph="N,,,,,GFS,"|Case="Genitive"|Gender="Feminine"|Number="Singular"|English="of ~ flesh"
480050190081|ἅτινά|480050190101|S|Cat="pron"|Id="25"|morphId="480050190081"|Unicode="ἅτινά"|Lemma="ὅστις"|Lang="G"|StrongNumber="G37480"|Morph="RR,,,,NNP,"|Type="Relative"|Case="Nominative"|Gender="Neuter"|Number="Plural"|English="which"
480050190091|ἐστιν|480050190101|VC|Cat="verb"|Id="28"|morphId="480050190091"|Unicode="ἐστιν"|Lemma="εἰμί"|Lang="G"|StrongNumber="G15100"|Morph="V,IPA3,,S,"|Mood="Indicative"|Tense="Present"|Voice="Active"|Person="Third"|Number="Singular"|English="are"
480050190101|πορνεία,|480050190051|CL|Cat="noun"|Id="32"|morphId="480050190101"|Unicode="πορνεία,"|Lemma="πορνεία"|Lang="G"|StrongNumber="G42020"|Morph="N,,,,,NFS,"|Case="Nominative"|Gender="Feminine"|Number="Singular"|English="sexual immorality"
480050190111|ἀκαθαρσία,|480050190101|np|Cat="noun"|Id="34"|morphId="480050190111"|Unicode="ἀκαθαρσία,"|Lemma="ἀκαθαρσία"|Lang="G"|StrongNumber="G01670"|Morph="N,,,,,NFS,"|Case="Nominative"|Gender="Feminine"|Number="Singular"|English="impurity"
480050190121|ἀσέλγεια,|480050190101|np|Cat="noun"|Id="36"|morphId="480050190121"|Unicode="ἀσέλγεια,"|Lemma="ἀσέλγεια"|Lang="G"|StrongNumber="G07660"|Morph="N,,,,,NFS,"|Case="Nominative"|Gender="Feminine"|Number="Singular"|English="licentiousness"
480050200011|εἰδωλολατρία,|None|np|Cat="noun"|Id="4"|morphId="480050200011"|Unicode="εἰδωλολατρία,"|Lemma="εἰδωλολατρία"|Lang="G"|StrongNumber="G14950"|Morph="N,,,,,NFS,"|Case="Nominative"|Gender="Feminine"|Number="Singular"|English="idolatry"
480050200021|φαρμακεία,|480050200011|np|Cat="noun"|Id="6"|morphId="480050200021"|Unicode="φαρμακεία,"|Lemma="φαρμακεία"|Lang="G"|StrongNumber="G53310"|Morph="N,,,,,NFS,"|Case="Nominative"|Gender="Feminine"|Number="Singular"|English="sorcery"
480050200031|ἔχθραι,|480050200011|np|Cat="noun"|Id="8"|morphId="480050200031"|Unicode="ἔχθραι,"|Lemma="ἔχθρα"|Lang="G"|StrongNumber="G21890"|Morph="N,,,,,NFP,"|Case="Nominative"|Gender="Feminine"|Number="Plural"|English="hatred"
480050200041|ἔρις,|480050200011|np|Cat="noun"|Id="10"|morphId="480050200041"|Unicode="ἔρις,"|Lemma="ἔρις"|Lang="G"|StrongNumber="G20540"|Morph="N,,,,,NFS,"|Case="Nominative"|Gender="Feminine"|Number="Singular"|English="strife"
480050200051|ζῆλοι,|480050200011|np|Cat="noun"|Id="12"|morphId="480050200051"|Unicode="ζῆλοι,"|Lemma="ζῆλος"|Lang="G"|StrongNumber="G22050"|Morph="N,,,,,NMP,"|Case="Nominative"|Gender="Masculine"|Number="Plural"|English="jealousy"
480050200061|θυμοί,|480050200011|np|Cat="noun"|Id="14"|morphId="480050200061"|Unicode="θυμοί,"|Lemma="θυμός"|Lang="G"|StrongNumber="G23720"|Morph="N,,,,,NMP,"|Case="Nominative"|Gender="Masculine"|Number="Plural"|English="anger"
480050200071|ἐριθεῖαι,|480050200011|np|Cat="noun"|Id="16"|morphId="480050200071"|Unicode="ἐριθεῖαι,"|Lemma="ἐριθεία"|Lang="G"|StrongNumber="G20520"|Morph="N,,,,,NFP,"|Case="Nominative"|Gender="Feminine"|Number="Plural"|English="selfish ambitions"
480050200081|διχοστασίαι,|480050200011|np|Cat="noun"|Id="18"|morphId="480050200081"|Unicode="διχοστασίαι,"|Lemma="διχοστασία"|Lang="G"|StrongNumber="G13700"|Morph="N,,,,,NFP,"|Case="Nominative"|Gender="Feminine"|Number="Plural"|English="dissensions"
480050200091|αἱρέσεις,|480050200011|np|Cat="noun"|Id="20"|morphId="480050200091"|Unicode="αἱρέσεις,"|Lemma="αἵρεσις"|Lang="G"|StrongNumber="G01390"|Morph="N,,,,,NFP,"|Case="Nominative"|Gender="Feminine"|Number="Plural"|English="factions"
480050210011|φθόνοι,|None|np|Cat="noun"|Id="5"|morphId="480050210011"|Unicode="φθόνοι,"|Lemma="φθόνος"|Lang="G"|StrongNumber="G53550"|Morph="N,,,,,NMP,"|Case="Nominative"|Gender="Masculine"|Number="Plural"|English="envy"
480050210021|μέθαι,|480050210011|np|Cat="noun"|Id="7"|morphId="480050210021"|Unicode="μέθαι,"|Lemma="μέθη"|Lang="G"|StrongNumber="G31780"|Morph="N,,,,,NFP,"|Case="Nominative"|Gender="Feminine"|Number="Plural"|English="drunkenness"
480050210031|κῶμοι,|480050210011|np|Cat="noun"|Id="9"|morphId="480050210031"|Unicode="κῶμοι,"|Lemma="κῶμος"|Lang="G"|StrongNumber="G29700"|Morph="N,,,,,NMP,"|Case="Nominative"|Gender="Masculine"|Number="Plural"|English="carousing"
480050210041|καὶ|480050210011|conj|Cat="conj"|Id="10"|morphId="480050210041"|Unicode="καὶ"|Lemma="καί"|Lang="G"|StrongNumber="G25320"|Morph="CC,,,,,,,,"|Type="Coordinating"|English="and"
480050210051|τὰ|480050210061|det|Cat="det"|Id="12"|morphId="480050210051"|Unicode="τὰ"|Lemma="ὁ"|Lang="G"|StrongNumber="G35880"|Morph="EA,,,,NNP,"|Type="Article"|Case="Nominative"|Gender="Neuter"|Number="Plural"|English="things"
480050210061|ὅμοια|480050210011|np|Cat="noun"|Id="16"|morphId="480050210061"|Unicode="ὅμοια"|Lemma="ὅμοιος"|Lang="G"|StrongNumber="G36640"|Morph="NS,,,,NNP,"|Type="Substantive_Adj"|Case="Nominative"|Gender="Neuter"|Number="Plural"|English="like"
480050210071|τούτοις;|480050210061|np|Cat="pron"|Id="18"|morphId="480050210071"|Unicode="τούτοις;"|Lemma="οὗτος"|Lang="G"|StrongNumber="G37780"|Morph="RD,,,,DNP,"|Type="Demonstrative"|Case="Dative"|Gender="Neuter"|Number="Plural"|English="these"
480050210081|ἃ|480050210091|O|Cat="pron"|Id="23"|morphId="480050210081"|Unicode="ἃ"|Lemma="ὅς"|Lang="G"|StrongNumber="G37390"|Morph="RR,,,,ANP,"|Type="Relative"|Case="Accusative"|Gender="Neuter"|Number="Plural"|English="of which"
480050210091|προλέγω|480050210011|CL|Cat="verb"|Id="26"|morphId="480050210091"|Unicode="προλέγω"|Lemma="προλέγω"|Lang="G"|StrongNumber="G43020"|Morph="V,IPA1,,S,"|Mood="Indicative"|Tense="Present"|Voice="Active"|Person="First"|Number="Singular"|English="I am warning"
480050210101|ὑμῖν,|480050210091|IO|Cat="pron"|Id="29"|morphId="480050210101"|Unicode="ὑμῖν,"|Lemma="σύ"|Lang="G"|StrongNumber="G47710"|Morph="RP,,,2D,P,"|Type="Personal"|Person="Second"|Case="Dative"|Number="Plural"|English="you"
480050210111|καθὼς|480050210121|conj|Cat="adv"|Id="32"|morphId="480050210111"|Unicode="καθὼς"|Lemma="καθώς"|Lang="G"|StrongNumber="G25310"|Morph="D,,,,,,,,,"|English="as"
480050210121|προεῖπον,|480050210091|CL|Cat="verb"|Id="37"|morphId="480050210121"|Unicode="προεῖπον,"|Lemma="προλέγω"|Lang="G"|StrongNumber="G43020"|Morph="V,IAA1,,S,"|Mood="Indicative"|Tense="Aorist"|Voice="Active"|Person="First"|Number="Singular"|English="I warned ~ before"
480050210131|ὅτι|480050210211|conj|Cat="conj"|Id="39"|morphId="480050210131"|Unicode="ὅτι"|Lemma="ὅτι"|Lang="G"|StrongNumber="G37540"|Morph="CS,,,,,,,,"|Type="Subordinating"|English="that"
480050210141|οἱ|480050210171|det|Cat="pron"|Id="44"|morphId="480050210141"|Unicode="οἱ"|Lemma="ὁ"|Lang="G"|StrongNumber="G35880"|Morph="RD,,,,NMP,"|Type="Demonstrative"|Case="Nominative"|Gender="Masculine"|Number="Plural"|English="those"
480050210151|τὰ|480050210161|det|Cat="det"|Id="48"|morphId="480050210151"|Unicode="τὰ"|Lemma="ὁ"|Lang="G"|StrongNumber="G35880"|Morph="EA,,,,ANP,"|Type="Article"|Case="Accusative"|Gender="Neuter"|Number="Plural"
480050210161|τοιαῦτα|480050210171|O|Cat="pron"|Id="50"|morphId="480050210161"|Unicode="τοιαῦτα"|Lemma="τοιοῦτος"|Lang="G"|StrongNumber="G51080"|Morph="RD,,,,ANP,"|Type="Demonstrative"|Case="Accusative"|Gender="Neuter"|Number="Plural"|English="such things"
480050210171|πράσσοντες,|480050210211|S|Cat="verb"|Id="53"|morphId="480050210171"|Unicode="πράσσοντες,"|Lemma="πράσσω"|Lang="G"|StrongNumber="G42380"|Morph="V,PPA,NMP,"|Mood="Participle"|Tense="Present"|Voice="Active"|Case="Nominative"|Gender="Masculine"|Number="Plural"|English="who practice"
480050210181|Βασιλείαν|480050210211|O|Cat="noun"|Id="57"|morphId="480050210181"|Unicode="Βασιλείαν"|Lemma="βασιλεία"|Lang="G"|StrongNumber="G09320"|Morph="N,,,,,AFS,"|Case="Accusative"|Gender="Feminine"|Number="Singular"|English="kingdom"
480050210191|Θεοῦ|480050210181|np|Cat="noun"|Id="59"|morphId="480050210191"|Unicode="Θεοῦ"|Lemma="θεός"|Lang="G"|StrongNumber="G23160"|Morph="N,,,,,GMS,"|Case="Genitive"|Gender="Masculine"|Number="Singular"|English="of God"
480050210201|οὐ|480050210211|ADV|Cat="adv"|Id="62"|morphId="480050210201"|Unicode="οὐ"|Lemma="οὐ"|Lang="G"|StrongNumber="G37560"|Morph="D,,,,,,,,,"|English="not"
480050210211|κληρονομήσουσιν.|480050210121|CL|Cat="verb"|Id="65"|morphId="480050210211"|Unicode="κληρονομήσουσιν."|Lemma="κληρονομέω"|Lang="G"|StrongNumber="G28160"|Morph="V,IFA3,,P,"|Mood="Indicative"|Tense="Future"|Voice="Active"|Person="Third"|Number="Plural"|English="will ~ inherit"
480050220021|δὲ|480050220071|conj|Cat="conj"|Id="3"|morphId="480050220021"|Unicode="δὲ"|Lemma="δέ"|Lang="G"|StrongNumber="G11610"|Morph="CC,,,,,,,,"|Type="Coordinating"|English="but"
480050220011|ὁ|480050220031|det|Cat="det"|Id="7"|morphId="480050220011"|Unicode="ὁ"|Lemma="ὁ"|Lang="G"|StrongNumber="G35880"|Morph="EA,,,,NMS,"|Type="Article"|Case="Nominative"|Gender="Masculine"|Number="Singular"|English="the"
480050220031|καρπὸς|480050220071|S|Cat="noun"|Id="10"|morphId="480050220031"|Unicode="καρπὸς"|Lemma="καρπός"|Lang="G"|StrongNumber="G25900"|Morph="N,,,,,NMS,"|Case="Nominative"|Gender="Masculine"|Number="Singular"|English="fruit"
480050220041|τοῦ|480050220051|det|Cat="det"|Id="12"|morphId="480050220041"|Unicode="τοῦ"|Lemma="ὁ"|Lang="G"|StrongNumber="G35880"|Morph="EA,,,,GNS,"|Type="Article"|Case="Genitive"|Gender="Neuter"|Number="Singular"|English="the"
480050220051|Πνεύματός|480050220031|np|Cat="noun"|Id="14"|morphId="480050220051"|Unicode="Πνεύματός"|Lemma="πνεῦμα"|Lang="G"|StrongNumber="G41510"|Morph="N,,,,,GNS,"|Case="Genitive"|Gender="Neuter"|Number="Singular"|English="of ~ Spirit"
480050220061|ἐστιν|480050220071|VC|Cat="verb"|Id="17"|morphId="480050220061"|Unicode="ἐστιν"|Lemma="εἰμί"|Lang="G"|StrongNumber="G15100"|Morph="V,IPA3,,S,"|Mood="Indicative"|Tense="Present"|Voice="Active"|Person="Third"|Number="Singular"|English="is"
480050220071|ἀγάπη,|None|CL|Cat="noun"|Id="21"|morphId="480050220071"|Unicode="ἀγάπη,"|Lemma="ἀγάπη"|Lang="G"|StrongNumber="G00260"|Morph="N,,,,,NFS,"|Case="Nominative"|Gender="Feminine"|Number="Singular"|English="love"
480050220081|χαρά,|480050220071|np|Cat="noun"|Id="23"|morphId="480050220081"|Unicode="χαρά,"|Lemma="χαρά"|Lang="G"|StrongNumber="G54790"|Morph="N,,,,,NFS,"|Case="Nominative"|Gender="Feminine"|Number="Singular"|English="joy"
480050220091|εἰρήνη,|480050220071|np|Cat="noun"|Id="25"|morphId="480050220091"|Unicode="εἰρήνη,"|Lemma="εἰρήνη"|Lang="G"|StrongNumber="G15150"|Morph="N,,,,,NFS,"|Case="Nominative"|Gender="Feminine"|Number="Singular"|English="peace"
480050220101|μακροθυμία,|480050220071|np|Cat="noun"|Id="27"|morphId="480050220101"|Unicode="μακροθυμία,"|Lemma="μακροθυμία"|Lang="G"|StrongNumber="G31150"|Morph="N,,,,,NFS,"|Case="Nominative"|Gender="Feminine"|Number="Singular"|English="patience"
480050220111|χρηστότης,|480050220071|np|Cat="noun"|Id="29"|morphId="480050220111"|Unicode="χρηστότης,"|Lemma="χρηστότης"|Lang="G"|StrongNumber="G55440"|Morph="N,,,,,NFS,"|Case="Nominative"|Gender="Feminine"|Number="Singular"|English="kindness"
480050220121|ἀγαθωσύνη,|480050220071|np|Cat="noun"|Id="31"|morphId="480050220121"|Unicode="ἀγαθωσύνη,"|Lemma="ἀγαθωσύνη"|Lang="G"|StrongNumber="G00190"|Morph="N,,,,,NFS,"|Case="Nominative"|Gender="Feminine"|Number="Singular"|English="goodness"
480050220131|πίστις,|480050220071|np|Cat="noun"|Id="33"|morphId="480050220131"|Unicode="πίστις,"|Lemma="πίστις"|Lang="G"|StrongNumber="G41020"|Morph="N,,,,,NFS,"|Case="Nominative"|Gender="Feminine"|Number="Singular"|English="faithfulness"
480050230011|πραΰτης,|None|P|Cat="noun"|Id="5"|morphId="480050230011"|Unicode="πραΰτης,"|Lang="G"|StrongNumber="G42400"|Morph="N,,,,,NFS,"|Case="Nominative"|Gender="Feminine"|Number="Singular"|English="gentleness"
480050230021|ἐνκράτεια;|480050230011|np|Cat="noun"|Id="7"|morphId="480050230021"|Unicode="ἐνκράτεια;"|Lang="G"|StrongNumber="G14660"|Morph="N,,,,,NFS,"|Case="Nominative"|Gender="Feminine"|Number="Singular"|English="self-control"
480050230031|κατὰ|480050230051|prep|Cat="prep"|Id="11"|morphId="480050230031"|Unicode="κατὰ"|Lemma="κατά"|Lang="G"|StrongNumber="G25960"|Morph="P,,,,,G,,,"|Case="Genitive"|English="against"
480050230041|τῶν|480050230051|det|Cat="det"|Id="13"|morphId="480050230041"|Unicode="τῶν"|Lemma="ὁ"|Lang="G"|StrongNumber="G35880"|Morph="EA,,,,GNP,"|Type="Article"|Case="Genitive"|Gender="Neuter"|Number="Plural"
480050230051|τοιούτων,|480050230011|CL|Cat="pron"|Id="15"|morphId="480050230051"|Unicode="τοιούτων,"|Lemma="τοιοῦτος"|Lang="G"|StrongNumber="G51080"|Morph="RD,,,,GNP,"|Type="Demonstrative"|Case="Genitive"|Gender="Neuter"|Number="Plural"|English="such things"
480050230061|οὐκ|480050230051|ADV|Cat="adv"|Id="18"|morphId="480050230061"|Unicode="οὐκ"|Lemma="οὐ"|Lang="G"|StrongNumber="G37560"|Morph="D,,,,,,,,,"|English="no"
480050230071|ἔστιν|480050230051|VC|Cat="verb"|Id="21"|morphId="480050230071"|Unicode="ἔστιν"|Lemma="εἰμί"|Lang="G"|StrongNumber="G15100"|Morph="V,IPA3,,S,"|Mood="Indicative"|Tense="Present"|Voice="Active"|Person="Third"|Number="Singular"|English="there is"
480050230081|νόμος.|480050230051|S|Cat="noun"|Id="24"|morphId="480050230081"|Unicode="νόμος."|Lemma="νόμος"|Lang="G"|StrongNumber="G35510"|Morph="N,,,,,NMS,"|Case="Nominative"|Gender="Masculine"|Number="Singular"|English="law"
480050240021|δὲ|480050240081|conj|Cat="conj"|Id="3"|morphId="480050240021"|Unicode="δὲ"|Lemma="δέ"|Lang="G"|StrongNumber="G11610"|Morph="CC,,,,,,,,"|Type="Coordinating"|English="now"
480050240011|οἱ|480050240081|S|Cat="pron"|Id="8"|morphId="480050240011"|Unicode="οἱ"|Lemma="ὁ"|Lang="G"|StrongNumber="G35880"|Morph="RD,,,,NMP,"|Type="Demonstrative"|Case="Nominative"|Gender="Masculine"|Number="Plural"|English="those"
480050240031|τοῦ|480050240041|det|Cat="det"|Id="10"|morphId="480050240031"|Unicode="τοῦ"|Lemma="ὁ"|Lang="G"|StrongNumber="G35880"|Morph="EA,,,,GMS,"|Type="Article"|Case="Genitive"|Gender="Masculine"|Number="Singular"|English="who"
480050240041|Χριστοῦ|480050240011|np|Cat="noun"|Id="13"|morphId="480050240041"|Unicode="Χριστοῦ"|Lemma="χριστός"|Lang="G"|StrongNumber="G55470"|Morph="N,,,,,GMS,"|Case="Genitive"|Gender="Masculine"|Number="Singular"|English="Christ"
480050240051|Ἰησοῦ,|480050240041|np|Cat="noun"|Id="15"|morphId="480050240051"|Unicode="Ἰησοῦ,"|Lemma="Ἰησοῦς"|Lang="G"|StrongNumber="G24240"|Morph="N,,,,,GMS,"|Case="Genitive"|Gender="Masculine"|Number="Singular"|English="Jesus"
480050240061|τὴν|480050240071|det|Cat="det"|Id="18"|morphId="480050240061"|Unicode="τὴν"|Lemma="ὁ"|Lang="G"|StrongNumber="G35880"|Morph="EA,,,,AFS,"|Type="Article"|Case="Accusative"|Gender="Feminine"|Number="Singular"|English="the"
480050240071|σάρκα|480050240081|O|Cat="noun"|Id="20"|morphId="480050240071"|Unicode="σάρκα"|Lemma="σάρξ"|Lang="G"|StrongNumber="G45610"|Morph="N,,,,,AFS,"|Case="Accusative"|Gender="Feminine"|Number="Singular"|English="flesh"
480050240081|ἐσταύρωσαν|None|CL|Cat="verb"|Id="23"|morphId="480050240081"|Unicode="ἐσταύρωσαν"|Lemma="σταυρόω"|Lang="G"|StrongNumber="G47170"|Morph="V,IAA3,,P,"|Mood="Indicative"|Tense="Aorist"|Voice="Active"|Person="Third"|Number="Plural"|English="have crucified"
480050240091|σὺν|480050240111|prep|Cat="prep"|Id="26"|morphId="480050240091"|Unicode="σὺν"|Lemma="σύν"|Lang="G"|StrongNumber="G48620"|Morph="P,,,,,D,,,"|Case="Dative"|English="with"
480050240101|τοῖς|480050240111|det|Cat="det"|Id="29"|morphId="480050240101"|Unicode="τοῖς"|Lemma="ὁ"|Lang="G"|StrongNumber="G35880"|Morph="EP,,,,DNP,"|Type="Possessive"|Case="Dative"|Gender="Neuter"|Number="Plural"|English="theits"
480050240111|παθήμασιν|480050240081|ADV|Cat="noun"|Id="31"|morphId="480050240111"|Unicode="παθήμασιν"|Lemma="πάθημα"|Lang="G"|StrongNumber="G38040"|Morph="N,,,,,DNP,"|Case="Dative"|Gender="Neuter"|Number="Plural"|English="passions"
480050240121|καὶ|480050240111|conj|Cat="conj"|Id="32"|morphId="480050240121"|Unicode="καὶ"|Lemma="καί"|Lang="G"|StrongNumber="G25320"|Morph="CC,,,,,,,,"|Type="Coordinating"|English="and"
480050240131|ταῖς|480050240141|det|Cat="det"|Id="34"|morphId="480050240131"|Unicode="ταῖς"|Lemma="ὁ"|Lang="G"|StrongNumber="G35880"|Morph="EA,,,,DFP,"|Type="Article"|Case="Dative"|Gender="Feminine"|Number="Plural"|English="theits"
480050240141|ἐπιθυμίαις.|480050240111|np|Cat="noun"|Id="36"|morphId="480050240141"|Unicode="ἐπιθυμίαις."|Lemma="ἐπιθυμία"|Lang="G"|StrongNumber="G19390"|Morph="N,,,,,DFP,"|Case="Dative"|Gender="Feminine"|Number="Plural"|English="desires"
480050250011|εἰ|480050250021|conj|Cat="conj"|Id="4"|morphId="480050250011"|Unicode="εἰ"|Lemma="εἰ"|Lang="G"|StrongNumber="G14870"|Morph="CS,,,,,,,,"|Type="Subordinating"|English="if"
480050250021|ζῶμεν|480050250061|CL|Cat="verb"|Id="8"|morphId="480050250021"|Unicode="ζῶμεν"|Lemma="ζάω"|Lang="G"|StrongNumber="G21980"|Morph="V,IPA1,,P,"|Mood="Indicative"|Tense="Present"|Voice="Active"|Person="First"|Number="Plural"|English="we live"
480050250031|Πνεύματι,|480050250021|ADV|Cat="noun"|Id="11"|morphId="480050250031"|Unicode="Πνεύματι,"|Lemma="πνεῦμα"|Lang="G"|StrongNumber="G41510"|Morph="N,,,,,DNS,"|Case="Dative"|Gender="Neuter"|Number="Singular"|English="by ~ Spirit"
480050250041|Πνεύματι|480050250061|ADV|Cat="noun"|Id="15"|morphId="480050250041"|Unicode="Πνεύματι"|Lemma="πνεῦμα"|Lang="G"|StrongNumber="G41510"|Morph="N,,,,,DNS,"|Case="Dative"|Gender="Neuter"|Number="Singular"|English="by ~ Spirit"
480050250051|καὶ|480050250061|ADV|Cat="adv"|Id="18"|morphId="480050250051"|Unicode="καὶ"|Lemma="καί"|Lang="G"|StrongNumber="G25320"|Morph="D,,,,,,,,,"|English="also"
480050250061|στοιχῶμεν.|None|CL|Cat="verb"|Id="21"|morphId="480050250061"|Unicode="στοιχῶμεν."|Lemma="στοιχέω"|Lang="G"|StrongNumber="G47480"|Morph="V,SPA1,,P,"|Mood="Subjunctive"|Tense="Present"|Voice="Active"|Person="First"|Number="Plural"|English="let us ~ walk"
480050260011|μὴ|480050260031|ADV|Cat="adv"|Id="5"|morphId="480050260011"|Unicode="μὴ"|Lemma="μή"|Lang="G"|StrongNumber="G33610"|Morph="D,,,,,,,,,"|English="not"
480050260021|γινώμεθα|480050260031|VC|Cat="verb"|Id="8"|morphId="480050260021"|Unicode="γινώμεθα"|Lemma="γίνομαι"|Lang="G"|StrongNumber="G10960"|Morph="V,SPM1,,P,"|Mood="Subjunctive"|Tense="Present"|Voice="Middle"|Person="First"|Number="Plural"|English="let us ~ become"
480050260031|κενόδοξοι,|None|CL|Cat="noun"|Id="11"|morphId="480050260031"|Unicode="κενόδοξοι,"|Lemma="κενόδοξος"|Lang="G"|StrongNumber="G27550"|Morph="NP,,,,NMP,"|Type="Predicate_Adj"|Case="Nominative"|Gender="Masculine"|Number="Plural"|English="conceited"
480050260041|ἀλλήλους|480050260051|O|Cat="pron"|Id="16"|morphId="480050260041"|Unicode="ἀλλήλους"|Lemma="ἀλλήλων"|Lang="G"|StrongNumber="G02400"|Morph="RC,,,,AMP,"|Type="Reciprocal"|Case="Accusative"|Gender="Masculine"|Number="Plural"|English="one another"
480050260051|προκαλούμενοι,|480050260031|ADV|Cat="verb"|Id="19"|morphId="480050260051"|Unicode="προκαλούμενοι,"|Lemma="προκαλέω"|Lang="G"|StrongNumber="G42920"|Morph="V,PPM,NMP,"|Mood="Participle"|Tense="Present"|Voice="Middle"|Case="Nominative"|Gender="Masculine"|Number="Plural"|English="provoking"
480050260061|ἀλλήλοις|480050260071|O|Cat="pron"|Id="24"|morphId="480050260061"|Unicode="ἀλλήλοις"|Lemma="ἀλλήλων"|Lang="G"|StrongNumber="G02400"|Morph="RC,,,,DMP,"|Type="Reciprocal"|Case="Dative"|Gender="Masculine"|Number="Plural"|English="one another"
480050260071|φθονοῦντες.|480050260031|ADV|Cat="verb"|Id="27"|morphId="480050260071"|Unicode="φθονοῦντες."|Lemma="φθονέω"|Lang="G"|StrongNumber="G53540"|Morph="V,PPA,NMP,"|Mood="Participle"|Tense="Present"|Voice="Active"|Case="Nominative"|Gender="Masculine"|Number="Plural"|English="envying"
