580040010021|οὖν,|580040010011|conj|Cat="conj"|Id="3"|morphId="580040010021"|Unicode="οὖν,"|Lemma="οὖν"|Lang="G"|StrongNumber="G37670"|Morph="CC,,,,,,,,"|Type="Coordinating"|English="therefore"
580040010011|φοβηθῶμεν|None|CL|Cat="verb"|Id="8"|morphId="580040010011"|Unicode="φοβηθῶμεν"|Lemma="φοβέω"|Lang="G"|StrongNumber="G53990"|Morph="V,SAP1,,P,"|Mood="Subjunctive"|Tense="Aorist"|Voice="Passive"|Person="First"|Number="Plural"|English="let us fear"
580040010031|μήποτε|580040010111|conj|Cat="conj"|Id="10"|morphId="580040010031"|Unicode="μήποτε"|Lemma="μήποτε"|Lang="G"|StrongNumber="G33790"|Morph="CS,,,,,,,,"|Type="Subordinating"|English="lest"
580040010041|καταλειπομένης|580040010111|CL|Cat="verb"|Id="15"|morphId="580040010041"|Unicode="καταλειπομένης"|Lemma="καταλείπω"|Lang="G"|StrongNumber="G26410"|Morph="V,PPP,GFS,"|Mood="Participle"|Tense="Present"|Voice="Passive"|Case="Genitive"|Gender="Feminine"|Number="Singular"|English="since ~ remains"
580040010051|ἐπαγγελίας|580040010041|S|Cat="noun"|Id="18"|morphId="580040010051"|Unicode="ἐπαγγελίας"|Lemma="ἐπαγγελία"|Lang="G"|StrongNumber="G18600"|Morph="N,,,,,GFS,"|Case="Genitive"|Gender="Feminine"|Number="Singular"|English="promise"
580040010061|εἰσελθεῖν|580040010041|ADV|Cat="verb"|Id="23"|morphId="580040010061"|Unicode="εἰσελθεῖν"|Lemma="εἰσέρχομαι"|Lang="G"|StrongNumber="G15250"|Morph="V,NAA,,,,,"|Mood="Infinitive"|Tense="Aorist"|Voice="Active"|English="of entering"
580040010071|εἰς|580040010091|prep|Cat="prep"|Id="26"|morphId="580040010071"|Unicode="εἰς"|Lemma="εἰς"|Lang="G"|StrongNumber="G15190"|Morph="P,,,,,A,,,"|Case="Accusative"|English="into"
580040010081|τὴν|580040010091|det|Cat="det"|Id="28"|morphId="580040010081"|Unicode="τὴν"|Lemma="ὁ"|Lang="G"|StrongNumber="G35880"|Morph="EA,,,,AFS,"|Type="Article"|Case="Accusative"|Gender="Feminine"|Number="Singular"|English="the"
580040010091|κατάπαυσιν|580040010061|ADV|Cat="noun"|Id="31"|morphId="580040010091"|Unicode="κατάπαυσιν"|Lemma="κατάπαυσις"|Lang="G"|StrongNumber="G26630"|Morph="N,,,,,AFS,"|Case="Accusative"|Gender="Feminine"|Number="Singular"|English="rest"
580040010101|αὐτοῦ,|580040010091|np|Cat="pron"|Id="33"|morphId="580040010101"|Unicode="αὐτοῦ,"|Lemma="αὐτός"|Lang="G"|StrongNumber="G08460"|Morph="RP,,,3GMS,"|Type="Personal"|Person="Third"|Case="Genitive"|Gender="Masculine"|Number="Singular"|English="of Him"
580040010111|δοκῇ|580040010011|CL|Cat="verb"|Id="37"|morphId="580040010111"|Unicode="δοκῇ"|Lemma="δοκέω"|Lang="G"|StrongNumber="G13800"|Morph="V,SPA3,,S,"|Mood="Subjunctive"|Tense="Present"|Voice="Active"|Person="Third"|Number="Singular"|English="should seem"
580040010121|τις|580040010111|S|Cat="pron"|Id="41"|morphId="580040010121"|Unicode="τις"|Lemma="τις"|Lang="G"|StrongNumber="G51000"|Morph="RI,,,,NMS,"|Type="Indefinite"|Case="Nominative"|Gender="Masculine"|Number="Singular"|English="anyone"
580040010131|ἐξ|580040010141|prep|Cat="prep"|Id="43"|morphId="580040010131"|Unicode="ἐξ"|Lemma="ἐκ"|Lang="G"|StrongNumber="G15370"|Morph="P,,,,,G,,,"|Case="Genitive"|English="of"
580040010141|ὑμῶν|580040010121|pp|Cat="pron"|Id="45"|morphId="580040010141"|Unicode="ὑμῶν"|Lemma="σύ"|Lang="G"|StrongNumber="G47710"|Morph="RP,,,2G,P,"|Type="Personal"|Person="Second"|Case="Genitive"|Number="Plural"|English="you"
580040010151|ὑστερηκέναι.|580040010111|O|Cat="verb"|Id="50"|morphId="580040010151"|Unicode="ὑστερηκέναι."|Lemma="ὑστερέω"|Lang="G"|StrongNumber="G53020"|Morph="V,NEA,,,,,"|Mood="Infinitive"|Tense="Perfect"|Voice="Active"|English="to have fallen short"
580040020021|γάρ|580040020041|conj|Cat="conj"|Id="3"|morphId="580040020021"|Unicode="γάρ"|Lemma="γάρ"|Lang="G"|StrongNumber="G10630"|Morph="CC,,,,,,,,"|Type="Coordinating"|English="for"
580040020011|καὶ|580040020041|ADV|Cat="adv"|Id="9"|morphId="580040020011"|Unicode="καὶ"|Lemma="καί"|Lang="G"|StrongNumber="G25320"|Morph="D,,,,,,,,,"|English="indeed"
580040020031|ἐσμεν|580040020041|verb|Cat="verb"|Id="12"|morphId="580040020031"|Unicode="ἐσμεν"|Lemma="εἰμί"|Lang="G"|StrongNumber="G15100"|Morph="V,IPA1,,P,"|Mood="Indicative"|Tense="Present"|Voice="Active"|Person="First"|Number="Plural"|English="we ~ have had"
580040020041|εὐηγγελισμένοι|None|CL|Cat="verb"|Id="14"|morphId="580040020041"|Unicode="εὐηγγελισμένοι"|Lemma="εὐαγγελίζω"|Lang="G"|StrongNumber="G20970"|Morph="V,PEP,NMP,"|Mood="Participle"|Tense="Perfect"|Voice="Passive"|Case="Nominative"|Gender="Masculine"|Number="Plural"|English="the good news proclaimed"
580040020051|καθάπερ|580040020061|conj|Cat="adv"|Id="17"|morphId="580040020051"|Unicode="καθάπερ"|Lemma="καθάπερ"|Lang="G"|StrongNumber="G25090"|Morph="D,,,,,,,,,"|English="just as"
580040020061|κἀκεῖνοι;|580040020041|CL|Cat="pron"|Id="21"|morphId="580040020061"|Unicode="κἀκεῖνοι;"|Lemma="κἀκεῖνος"|Lang="G"|StrongNumber="G25480"|Morph="RD,,,,NMP,"|Type="Demonstrative"|Case="Nominative"|Gender="Masculine"|Number="Plural"|English="those also"
580040020071|ἀλλ’|580040020041|conj|Cat="conj"|Id="22"|morphId="580040020071"|Unicode="ἀλλ’"|Lemma="ἀλλά"|Lang="G"|StrongNumber="G02350"|Morph="CC,,,,,,,,"|Type="Coordinating"|English="but"
580040020081|οὐκ|580040020091|ADV|Cat="adv"|Id="26"|morphId="580040020081"|Unicode="οὐκ"|Lemma="οὐ"|Lang="G"|StrongNumber="G37560"|Morph="D,,,,,,,,,"|English="not"
580040020091|ὠφέλησεν|580040020041|CL|Cat="verb"|Id="29"|morphId="580040020091"|Unicode="ὠφέλησεν"|Lemma="ὠφελέω"|Lang="G"|StrongNumber="G56230"|Morph="V,IAA3,,S,"|Mood="Indicative"|Tense="Aorist"|Voice="Active"|Person="Third"|Number="Singular"|English="did ~ benefit"
580040020101|ὁ|580040020111|det|Cat="det"|Id="32"|morphId="580040020101"|Unicode="ὁ"|Lemma="ὁ"|Lang="G"|StrongNumber="G35880"|Morph="EA,,,,NMS,"|Type="Article"|Case="Nominative"|Gender="Masculine"|Number="Singular"|English="the"
580040020111|λόγος|580040020091|S|Cat="noun"|Id="35"|morphId="580040020111"|Unicode="λόγος"|Lemma="λόγος"|Lang="G"|StrongNumber="G30560"|Morph="N,,,,,NMS,"|Case="Nominative"|Gender="Masculine"|Number="Singular"|English="message"
580040020121|τῆς|580040020131|det|Cat="det"|Id="37"|morphId="580040020121"|Unicode="τῆς"|Lemma="ὁ"|Lang="G"|StrongNumber="G35880"|Morph="EP,,,,GFS,"|Type="Possessive"|Case="Genitive"|Gender="Feminine"|Number="Singular"|English="which"
580040020131|ἀκοῆς|580040020111|np|Cat="noun"|Id="39"|morphId="580040020131"|Unicode="ἀκοῆς"|Lemma="ἀκοή"|Lang="G"|StrongNumber="G01890"|Morph="N,,,,,GFS,"|Case="Genitive"|Gender="Feminine"|Number="Singular"|English="heard"
580040020141|ἐκείνους,|580040020091|O|Cat="pron"|Id="42"|morphId="580040020141"|Unicode="ἐκείνους,"|Lemma="ἐκεῖνος"|Lang="G"|StrongNumber="G15650"|Morph="RD,,,,AMP,"|Type="Demonstrative"|Case="Accusative"|Gender="Masculine"|Number="Plural"|English="those"
580040020151|μὴ|580040020161|ADV|Cat="adv"|Id="47"|morphId="580040020151"|Unicode="μὴ"|Lemma="μή"|Lang="G"|StrongNumber="G33610"|Morph="D,,,,,,,,,"|English="not"
580040020161|συνκεκερασμένους|580040020091|ADV|Cat="verb"|Id="50"|morphId="580040020161"|Unicode="συνκεκερασμένους"|Lemma="συνκεράννυμι"|Lang="G"|StrongNumber="G47860"|Morph="V,PEP,AMP,"|Mood="Participle"|Tense="Perfect"|Voice="Passive"|Case="Accusative"|Gender="Masculine"|Number="Plural"|English="because ~ were ~ united"
580040020171|τῇ|580040020181|det|Cat="det"|Id="53"|morphId="580040020171"|Unicode="τῇ"|Lemma="ὁ"|Lang="G"|StrongNumber="G35880"|Morph="EA,,,,DFS,"|Type="Article"|Case="Dative"|Gender="Feminine"|Number="Singular"|English="with"
580040020181|πίστει|580040020161|ADV|Cat="noun"|Id="55"|morphId="580040020181"|Unicode="πίστει"|Lemma="πίστις"|Lang="G"|StrongNumber="G41020"|Morph="N,,,,,DFS,"|Case="Dative"|Gender="Feminine"|Number="Singular"|English="by faith"
580040020191|τοῖς|580040020201|det|Cat="pron"|Id="59"|morphId="580040020191"|Unicode="τοῖς"|Lemma="ὁ"|Lang="G"|StrongNumber="G35880"|Morph="RD,,,,DMP,"|Type="Demonstrative"|Case="Dative"|Gender="Masculine"|Number="Plural"|English="with those"
580040020201|ἀκούσασιν.|580040020161|ADV|Cat="verb"|Id="63"|morphId="580040020201"|Unicode="ἀκούσασιν."|Lemma="ἀκούω"|Lang="G"|StrongNumber="G01910"|Morph="V,PAA,DMP,"|Mood="Participle"|Tense="Aorist"|Voice="Active"|Case="Dative"|Gender="Masculine"|Number="Plural"|English="who heard"
580040030021|γὰρ|580040030011|conj|Cat="conj"|Id="3"|morphId="580040030021"|Unicode="γὰρ"|Lemma="γάρ"|Lang="G"|StrongNumber="G10630"|Morph="CC,,,,,,,,"|Type="Coordinating"|English="for"
580040030011|εἰσερχόμεθα|None|CL|Cat="verb"|Id="9"|morphId="580040030011"|Unicode="εἰσερχόμεθα"|Lemma="εἰσέρχομαι"|Lang="G"|StrongNumber="G15250"|Morph="V,IPM1,,P,"|Mood="Indicative"|Tense="Present"|Voice="Middle"|Person="First"|Number="Plural"|English="we ~ enter"
580040030031|εἰς|580040030041|prep|Cat="prep"|Id="12"|morphId="580040030031"|Unicode="εἰς"|Lemma="εἰς"|Lang="G"|StrongNumber="G15190"|Morph="P,,,,,A,,,"|Case="Accusative"|English="into"
580040030041|κατάπαυσιν,|580040030011|ADV|Cat="noun"|Id="14"|morphId="580040030041"|Unicode="κατάπαυσιν,"|Lemma="κατάπαυσις"|Lang="G"|StrongNumber="G26630"|Morph="N,,,,,AFS,"|Case="Accusative"|Gender="Feminine"|Number="Singular"|English="rest"
580040030051|οἱ|580040030061|det|Cat="pron"|Id="18"|morphId="580040030051"|Unicode="οἱ"|Lemma="ὁ"|Lang="G"|StrongNumber="G35880"|Morph="RD,,,,NMP,"|Type="Demonstrative"|Case="Nominative"|Gender="Masculine"|Number="Plural"|English="the ones"
580040030061|πιστεύσαντες,|580040030011|S|Cat="verb"|Id="22"|morphId="580040030061"|Unicode="πιστεύσαντες,"|Lemma="πιστεύω"|Lang="G"|StrongNumber="G41000"|Morph="V,PAA,NMP,"|Mood="Participle"|Tense="Aorist"|Voice="Active"|Case="Nominative"|Gender="Masculine"|Number="Plural"|English="who have believed"
580040030071|καθὼς|580040030081|conj|Cat="adv"|Id="25"|morphId="580040030071"|Unicode="καθὼς"|Lemma="καθώς"|Lang="G"|StrongNumber="G25310"|Morph="D,,,,,,,,,"|English="just as"
580040030081|εἴρηκεν,|580040030011|CL|Cat="verb"|Id="30"|morphId="580040030081"|Unicode="εἴρηκεν,"|Lemma="λέγω"|Lang="G"|StrongNumber="G30040"|Morph="V,IEA3,,S,"|Mood="Indicative"|Tense="Perfect"|Voice="Active"|Person="Third"|Number="Singular"|English="he has said"
580040030091|ὡς|580040030101|conj|Cat="conj"|Id="32"|morphId="580040030091"|Unicode="ὡς"|Lemma="ὡς"|Lang="G"|StrongNumber="G56130"|Morph="CS,,,,,,,,"|Type="Subordinating"|English="so"
580040030101|ὤμοσα|580040030081|CL|Cat="verb"|Id="37"|morphId="580040030101"|Unicode="ὤμοσα"|Lemma="ὀμνύω"|Lang="G"|StrongNumber="G36600"|Morph="V,IAA1,,S,"|Mood="Indicative"|Tense="Aorist"|Voice="Active"|Person="First"|Number="Singular"|English="I swore"
580040030111|ἐν|580040030131|prep|Cat="prep"|Id="40"|morphId="580040030111"|Unicode="ἐν"|Lemma="ἐν"|Lang="G"|StrongNumber="G17220"|Morph="P,,,,,D,,,"|Case="Dative"|English="in"
580040030121|τῇ|580040030131|det|Cat="det"|Id="42"|morphId="580040030121"|Unicode="τῇ"|Lemma="ὁ"|Lang="G"|StrongNumber="G35880"|Morph="EA,,,,DFS,"|Type="Article"|Case="Dative"|Gender="Feminine"|Number="Singular"|English="the"
580040030131|ὀργῇ|580040030101|ADV|Cat="noun"|Id="45"|morphId="580040030131"|Unicode="ὀργῇ"|Lemma="ὀργή"|Lang="G"|StrongNumber="G37090"|Morph="N,,,,,DFS,"|Case="Dative"|Gender="Feminine"|Number="Singular"|English="anger"
580040030141|μου,|580040030131|np|Cat="pron"|Id="47"|morphId="580040030141"|Unicode="μου,"|Lemma="ἐγώ"|Lang="G"|StrongNumber="G14730"|Morph="RP,,,1G,S,"|Type="Personal"|Person="First"|Case="Genitive"|Number="Singular"|English="of Me"
580040030151|εἰ|580040030161|conj|Cat="adv"|Id="50"|morphId="580040030151"|Unicode="εἰ"|Lemma="εἰ"|Lang="G"|StrongNumber="G14870"|Morph="D,,,,,,,,,"|English="not"
580040030161|εἰσελεύσονται|580040030101|CL|Cat="verb"|Id="54"|morphId="580040030161"|Unicode="εἰσελεύσονται"|Lemma="εἰσέρχομαι"|Lang="G"|StrongNumber="G15250"|Morph="V,IFM3,,P,"|Mood="Indicative"|Tense="Future"|Voice="Middle"|Person="Third"|Number="Plural"|English="they will ~ enter"
580040030171|εἰς|580040030191|prep|Cat="prep"|Id="57"|morphId="580040030171"|Unicode="εἰς"|Lemma="εἰς"|Lang="G"|StrongNumber="G15190"|Morph="P,,,,,A,,,"|Case="Accusative"|English="into"
580040030181|τὴν|580040030191|det|Cat="det"|Id="59"|morphId="580040030181"|Unicode="τὴν"|Lemma="ὁ"|Lang="G"|StrongNumber="G35880"|Morph="EA,,,,AFS,"|Type="Article"|Case="Accusative"|Gender="Feminine"|Number="Singular"|English="the"
580040030191|κατάπαυσίν|580040030161|ADV|Cat="noun"|Id="62"|morphId="580040030191"|Unicode="κατάπαυσίν"|Lemma="κατάπαυσις"|Lang="G"|StrongNumber="G26630"|Morph="N,,,,,AFS,"|Case="Accusative"|Gender="Feminine"|Number="Singular"|English="rest"
580040030201|μου;|580040030191|np|Cat="pron"|Id="64"|morphId="580040030201"|Unicode="μου;"|Lemma="ἐγώ"|Lang="G"|StrongNumber="G14730"|Morph="RP,,,1G,S,"|Type="Personal"|Person="First"|Case="Genitive"|Number="Singular"|English="of Me"
580040030211|καίτοι|580040030271|conj|Cat="conj"|Id="66"|morphId="580040030211"|Unicode="καίτοι"|Lemma="καίτοι"|Lang="G"|StrongNumber="G25430"|Morph="CC,,,,,,,,"|Type="Coordinating"|English="although"
580040030221|τῶν|580040030231|det|Cat="det"|Id="70"|morphId="580040030221"|Unicode="τῶν"|Lemma="ὁ"|Lang="G"|StrongNumber="G35880"|Morph="EP,,,,GNP,"|Type="Possessive"|Case="Genitive"|Gender="Neuter"|Number="Plural"|English="these"
580040030231|ἔργων|580040030271|S|Cat="noun"|Id="72"|morphId="580040030231"|Unicode="ἔργων"|Lemma="ἔργον"|Lang="G"|StrongNumber="G20410"|Morph="N,,,,,GNP,"|Case="Genitive"|Gender="Neuter"|Number="Plural"|English="works"
580040030241|ἀπὸ|580040030251|prep|Cat="prep"|Id="75"|morphId="580040030241"|Unicode="ἀπὸ"|Lemma="ἀπό"|Lang="G"|StrongNumber="G05750"|Morph="P,,,,,G,,,"|Case="Genitive"|English="from"
580040030251|καταβολῆς|580040030271|ADV|Cat="noun"|Id="78"|morphId="580040030251"|Unicode="καταβολῆς"|Lemma="καταβολή"|Lang="G"|StrongNumber="G26020"|Morph="N,,,,,GFS,"|Case="Genitive"|Gender="Feminine"|Number="Singular"|English="foundation"
580040030261|κόσμου|580040030251|np|Cat="noun"|Id="80"|morphId="580040030261"|Unicode="κόσμου"|Lemma="κόσμος"|Lang="G"|StrongNumber="G28890"|Morph="N,,,,,GMS,"|Case="Genitive"|Gender="Masculine"|Number="Singular"|English="of ~ world"
580040030271|γενηθέντων.|580040030011|CL|Cat="verb"|Id="83"|morphId="580040030271"|Unicode="γενηθέντων."|Lemma="γίνομαι"|Lang="G"|StrongNumber="G10960"|Morph="V,PAP,GNP,"|Mood="Participle"|Tense="Aorist"|Voice="Passive"|Case="Genitive"|Gender="Neuter"|Number="Plural"|English="were finished"
580040040021|γάρ|580040040011|conj|Cat="conj"|Id="3"|morphId="580040040021"|Unicode="γάρ"|Lemma="γάρ"|Lang="G"|StrongNumber="G10630"|Morph="CC,,,,,,,,"|Type="Coordinating"|English="for"
580040040011|εἴρηκεν|None|CL|Cat="verb"|Id="8"|morphId="580040040011"|Unicode="εἴρηκεν"|Lemma="λέγω"|Lang="G"|StrongNumber="G30040"|Morph="V,IEA3,,S,"|Mood="Indicative"|Tense="Perfect"|Voice="Active"|Person="Third"|Number="Singular"|English="he has spoken"
580040040031|που|580040040011|ADV|Cat="adv"|Id="11"|morphId="580040040031"|Unicode="που"|Lemma="πού"|Lang="G"|StrongNumber="G42250"|Morph="D,,,,,,,,,"|English="somewhere"
580040040041|περὶ|580040040061|prep|Cat="prep"|Id="14"|morphId="580040040041"|Unicode="περὶ"|Lemma="περί"|Lang="G"|StrongNumber="G40120"|Morph="P,,,,,G,,,"|Case="Genitive"|English="about"
580040040051|τῆς|580040040061|det|Cat="det"|Id="16"|morphId="580040040051"|Unicode="τῆς"|Lemma="ὁ"|Lang="G"|StrongNumber="G35880"|Morph="EA,,,,GFS,"|Type="Article"|Case="Genitive"|Gender="Feminine"|Number="Singular"|English="the"
580040040061|ἑβδόμης|580040040011|ADV|Cat="noun"|Id="18"|morphId="580040040061"|Unicode="ἑβδόμης"|Lemma="ἕβδομος"|Lang="G"|StrongNumber="G14420"|Morph="NS,,,,GFS,"|Type="Substantive_Adj"|Case="Genitive"|Gender="Feminine"|Number="Singular"|English="seventh"
580040040071|οὕτως:|580040040011|ADV|Cat="adv"|Id="21"|morphId="580040040071"|Unicode="οὕτως:"|Lemma="οὕτως"|Lang="G"|StrongNumber="G37790"|Morph="D,,,,,,,,,"|English="in this way"
580040040081|καὶ|580040040091|conj|Cat="conj"|Id="23"|morphId="580040040081"|Unicode="καὶ"|Lemma="καί"|Lang="G"|StrongNumber="G25320"|Morph="CC,,,,,,,,"|Type="Coordinating"|English="and"
580040040091|κατέπαυσεν|580040040011|CL|Cat="verb"|Id="27"|morphId="580040040091"|Unicode="κατέπαυσεν"|Lemma="καταπαύω"|Lang="G"|StrongNumber="G26640"|Morph="V,IAA3,,S,"|Mood="Indicative"|Tense="Aorist"|Voice="Active"|Person="Third"|Number="Singular"|English="rested"
580040040101|ὁ|580040040111|det|Cat="det"|Id="30"|morphId="580040040101"|Unicode="ὁ"|Lemma="ὁ"|Lang="G"|StrongNumber="G35880"|Morph="EA,,,,NMS,"|Type="Article"|Case="Nominative"|Gender="Masculine"|Number="Singular"
580040040111|Θεὸς|580040040091|S|Cat="noun"|Id="32"|morphId="580040040111"|Unicode="Θεὸς"|Lemma="θεός"|Lang="G"|StrongNumber="G23160"|Morph="N,,,,,NMS,"|Case="Nominative"|Gender="Masculine"|Number="Singular"|English="God"
580040040121|ἐν|580040040141|prep|Cat="prep"|Id="35"|morphId="580040040121"|Unicode="ἐν"|Lemma="ἐν"|Lang="G"|StrongNumber="G17220"|Morph="P,,,,,D,,,"|Case="Dative"|English="on"
580040040131|τῇ|580040040141|det|Cat="det"|Id="37"|morphId="580040040131"|Unicode="τῇ"|Lemma="ὁ"|Lang="G"|StrongNumber="G35880"|Morph="EA,,,,DFS,"|Type="Article"|Case="Dative"|Gender="Feminine"|Number="Singular"|English="the"
580040040141|ἡμέρᾳ|580040040091|ADV|Cat="noun"|Id="40"|morphId="580040040141"|Unicode="ἡμέρᾳ"|Lemma="ἡμέρα"|Lang="G"|StrongNumber="G22500"|Morph="N,,,,,DFS,"|Case="Dative"|Gender="Feminine"|Number="Singular"|English="day"
580040040151|τῇ|580040040161|det|Cat="det"|Id="42"|morphId="580040040151"|Unicode="τῇ"|Lemma="ὁ"|Lang="G"|StrongNumber="G35880"|Morph="EA,,,,DFS,"|Type="Article"|Case="Dative"|Gender="Feminine"|Number="Singular"|English="the"
580040040161|ἑβδόμῃ|580040040141|np|Cat="det"|Id="45"|morphId="580040040161"|Unicode="ἑβδόμῃ"|Lemma="ἕβδομος"|Lang="G"|StrongNumber="G14420"|Morph="EO,,,,DFS,"|Type="Ordinal"|Case="Dative"|Gender="Feminine"|Number="Singular"|English="seventh"
580040040171|ἀπὸ|580040040201|prep|Cat="prep"|Id="48"|morphId="580040040171"|Unicode="ἀπὸ"|Lemma="ἀπό"|Lang="G"|StrongNumber="G05750"|Morph="P,,,,,G,,,"|Case="Genitive"|English="from"
580040040181|πάντων|580040040201|adjp|Cat="det"|Id="52"|morphId="580040040181"|Unicode="πάντων"|Lemma="πᾶς"|Lang="G"|StrongNumber="G39560"|Morph="EQ,,,,GNP,"|Type="Quantifier"|Case="Genitive"|Gender="Neuter"|Number="Plural"|English="all"
580040040191|τῶν|580040040201|det|Cat="det"|Id="54"|morphId="580040040191"|Unicode="τῶν"|Lemma="ὁ"|Lang="G"|StrongNumber="G35880"|Morph="EA,,,,GNP,"|Type="Article"|Case="Genitive"|Gender="Neuter"|Number="Plural"|English="the"
580040040201|ἔργων|580040040091|ADV|Cat="noun"|Id="57"|morphId="580040040201"|Unicode="ἔργων"|Lemma="ἔργον"|Lang="G"|StrongNumber="G20410"|Morph="N,,,,,GNP,"|Case="Genitive"|Gender="Neuter"|Number="Plural"|English="works"
580040040211|αὐτοῦ;|580040040201|np|Cat="pron"|Id="59"|morphId="580040040211"|Unicode="αὐτοῦ;"|Lemma="αὐτός"|Lang="G"|StrongNumber="G08460"|Morph="RP,,,3GMS,"|Type="Personal"|Person="Third"|Case="Genitive"|Gender="Masculine"|Number="Singular"|English="of Him"
580040050011|καὶ|580040050041|conj|Cat="conj"|Id="3"|morphId="580040050011"|Unicode="καὶ"|Lemma="καί"|Lang="G"|StrongNumber="G25320"|Morph="CC,,,,,,,,"|Type="Coordinating"|English="and"
580040050021|ἐν|580040050031|prep|Cat="prep"|Id="8"|morphId="580040050021"|Unicode="ἐν"|Lemma="ἐν"|Lang="G"|StrongNumber="G17220"|Morph="P,,,,,D,,,"|Case="Dative"|English="in"
580040050031|τούτῳ|580040050041|ADV|Cat="pron"|Id="10"|morphId="580040050031"|Unicode="τούτῳ"|Lemma="οὗτος"|Lang="G"|StrongNumber="G37780"|Morph="RD,,,,DMS,"|Type="Demonstrative"|Case="Dative"|Gender="Masculine"|Number="Singular"|English="this place"
580040050041|πάλιν,|None|CL|Cat="adv"|Id="13"|morphId="580040050041"|Unicode="πάλιν,"|Lemma="πάλιν"|Lang="G"|StrongNumber="G38250"|Morph="D,,,,,,,,,"|English="again"
580040050051|εἰ|580040050061|conj|Cat="adv"|Id="16"|morphId="580040050051"|Unicode="εἰ"|Lemma="εἰ"|Lang="G"|StrongNumber="G14870"|Morph="D,,,,,,,,,"|English="not"
580040050061|εἰσελεύσονται|580040050041|CL|Cat="verb"|Id="20"|morphId="580040050061"|Unicode="εἰσελεύσονται"|Lemma="εἰσέρχομαι"|Lang="G"|StrongNumber="G15250"|Morph="V,IFM3,,P,"|Mood="Indicative"|Tense="Future"|Voice="Middle"|Person="Third"|Number="Plural"|English="they will ~ enter"
580040050071|εἰς|580040050091|prep|Cat="prep"|Id="23"|morphId="580040050071"|Unicode="εἰς"|Lemma="εἰς"|Lang="G"|StrongNumber="G15190"|Morph="P,,,,,A,,,"|Case="Accusative"|English="into"
580040050081|τὴν|580040050091|det|Cat="det"|Id="25"|morphId="580040050081"|Unicode="τὴν"|Lemma="ὁ"|Lang="G"|StrongNumber="G35880"|Morph="EA,,,,AFS,"|Type="Article"|Case="Accusative"|Gender="Feminine"|Number="Singular"|English="the"
580040050091|κατάπαυσίν|580040050061|ADV|Cat="noun"|Id="28"|morphId="580040050091"|Unicode="κατάπαυσίν"|Lemma="κατάπαυσις"|Lang="G"|StrongNumber="G26630"|Morph="N,,,,,AFS,"|Case="Accusative"|Gender="Feminine"|Number="Singular"|English="rest"
580040050101|μου.|580040050091|np|Cat="pron"|Id="30"|morphId="580040050101"|Unicode="μου."|Lemma="ἐγώ"|Lang="G"|StrongNumber="G14730"|Morph="RP,,,1G,S,"|Type="Personal"|Person="First"|Case="Genitive"|Number="Singular"|English="of Me"
580040060021|οὖν|580040060031|conj|Cat="conj"|Id="3"|morphId="580040060021"|Unicode="οὖν"|Lemma="οὖν"|Lang="G"|StrongNumber="G37670"|Morph="CC,,,,,,,,"|Type="Coordinating"|English="therefore"
580040060011|ἐπεὶ|580040060031|conj|Cat="conj"|Id="5"|morphId="580040060011"|Unicode="ἐπεὶ"|Lemma="ἐπεί"|Lang="G"|StrongNumber="G18930"|Morph="CS,,,,,,,,"|Type="Subordinating"|English="since"
580040060031|ἀπολείπεται|None|CL|Cat="verb"|Id="10"|morphId="580040060031"|Unicode="ἀπολείπεται"|Lemma="ἀπολείπω"|Lang="G"|StrongNumber="G06200"|Morph="V,IPP3,,S,"|Mood="Indicative"|Tense="Present"|Voice="Passive"|Person="Third"|Number="Singular"|English="it remains"
580040060041|τινὰς|580040060051|S|Cat="pron"|Id="16"|morphId="580040060041"|Unicode="τινὰς"|Lemma="τις"|Lang="G"|StrongNumber="G51000"|Morph="RI,,,,AMP,"|Type="Indefinite"|Case="Accusative"|Gender="Masculine"|Number="Plural"|English="some"
580040060051|εἰσελθεῖν|580040060031|S|Cat="verb"|Id="19"|morphId="580040060051"|Unicode="εἰσελθεῖν"|Lemma="εἰσέρχομαι"|Lang="G"|StrongNumber="G15250"|Morph="V,NAA,,,,,"|Mood="Infinitive"|Tense="Aorist"|Voice="Active"|English="to enter"
580040060061|εἰς|580040060071|prep|Cat="prep"|Id="22"|morphId="580040060061"|Unicode="εἰς"|Lemma="εἰς"|Lang="G"|StrongNumber="G15190"|Morph="P,,,,,A,,,"|Case="Accusative"|English="into"
580040060071|αὐτήν,|580040060051|ADV|Cat="pron"|Id="24"|morphId="580040060071"|Unicode="αὐτήν,"|Lemma="αὐτός"|Lang="G"|StrongNumber="G08460"|Morph="RP,,,3AFS,"|Type="Personal"|Person="Third"|Case="Accusative"|Gender="Feminine"|Number="Singular"|English="it"
580040060081|καὶ|580040060031|conj|Cat="conj"|Id="25"|morphId="580040060081"|Unicode="καὶ"|Lemma="καί"|Lang="G"|StrongNumber="G25320"|Morph="CC,,,,,,,,"|Type="Coordinating"|English="and"
580040060091|οἱ|580040060111|det|Cat="pron"|Id="30"|morphId="580040060091"|Unicode="οἱ"|Lemma="ὁ"|Lang="G"|StrongNumber="G35880"|Morph="RD,,,,NMP,"|Type="Demonstrative"|Case="Nominative"|Gender="Masculine"|Number="Plural"|English="those"
580040060101|πρότερον|580040060111|ADV|Cat="adv"|Id="34"|morphId="580040060101"|Unicode="πρότερον"|Lemma="πρότερον"|Lang="G"|StrongNumber="G43860"|Morph="D,,,,,,,,C"|English="formerly"
580040060111|εὐαγγελισθέντες,|580040060131|S|Cat="verb"|Id="37"|morphId="580040060111"|Unicode="εὐαγγελισθέντες,"|Lemma="εὐαγγελίζω"|Lang="G"|StrongNumber="G20970"|Morph="V,PAP,NMP,"|Mood="Participle"|Tense="Aorist"|Voice="Passive"|Case="Nominative"|Gender="Masculine"|Number="Plural"|English="who ~ received ~ good news"
580040060121|οὐκ|580040060131|ADV|Cat="adv"|Id="40"|morphId="580040060121"|Unicode="οὐκ"|Lemma="οὐ"|Lang="G"|StrongNumber="G37560"|Morph="D,,,,,,,,,"|English="not"
580040060131|εἰσῆλθον|580040060031|CL|Cat="verb"|Id="43"|morphId="580040060131"|Unicode="εἰσῆλθον"|Lemma="εἰσέρχομαι"|Lang="G"|StrongNumber="G15250"|Morph="V,IAA3,,P,"|Mood="Indicative"|Tense="Aorist"|Voice="Active"|Person="Third"|Number="Plural"|English="did ~ enter"
580040060141|δι’|580040060151|prep|Cat="prep"|Id="46"|morphId="580040060141"|Unicode="δι’"|Lemma="διά"|Lang="G"|StrongNumber="G12230"|Morph="P,,,,,A,,,"|Case="Accusative"|English="because of"
580040060151|ἀπείθειαν,|580040060131|ADV|Cat="noun"|Id="48"|morphId="580040060151"|Unicode="ἀπείθειαν,"|Lemma="ἀπείθεια"|Lang="G"|StrongNumber="G05430"|Morph="N,,,,,AFS,"|Case="Accusative"|Gender="Feminine"|Number="Singular"|English="disobedience"
580040070011|πάλιν|580040070031|ADV|Cat="adv"|Id="6"|morphId="580040070011"|Unicode="πάλιν"|Lemma="πάλιν"|Lang="G"|StrongNumber="G38250"|Morph="D,,,,,,,,,"|English="again"
580040070031|ὁρίζει|None|CL|Cat="verb"|Id="9"|morphId="580040070031"|Unicode="ὁρίζει"|Lemma="ὁρίζω"|Lang="G"|StrongNumber="G37240"|Morph="V,IPA3,,S,"|Mood="Indicative"|Tense="Present"|Voice="Active"|Person="Third"|Number="Singular"|English="he sets"
580040070021|τινὰ|580040070041|adjp|Cat="det"|Id="15"|morphId="580040070021"|Unicode="τινὰ"|Lemma="τις"|Lang="G"|StrongNumber="G51000"|Morph="EQ,,,,AFS,"|Type="Quantifier"|Case="Accusative"|Gender="Feminine"|Number="Singular"|English="a certain"
580040070041|ἡμέραν,|580040070031|O|Cat="noun"|Id="17"|morphId="580040070041"|Unicode="ἡμέραν,"|Lemma="ἡμέρα"|Lang="G"|StrongNumber="G22500"|Morph="N,,,,,AFS,"|Case="Accusative"|Gender="Feminine"|Number="Singular"|English="a ~ day"
580040070051|σήμερον,|580040070041|np|Cat="adv"|Id="20"|morphId="580040070051"|Unicode="σήμερον,"|Lemma="σήμερον"|Lang="G"|StrongNumber="G45940"|Morph="D,,,,,,,,,"|English="today"
580040070061|ἐν|580040070071|prep|Cat="prep"|Id="25"|morphId="580040070061"|Unicode="ἐν"|Lemma="ἐν"|Lang="G"|StrongNumber="G17220"|Morph="P,,,,,D,,,"|Case="Dative"|English="through"
580040070071|Δαυεὶδ|580040070081|ADV|Cat="noun"|Id="27"|morphId="580040070071"|Unicode="Δαυεὶδ"|Lemma="Δαυείδ"|Lang="G"|StrongNumber="G11380"|Morph="N,,,,,DMSI"|Case="Dative"|Gender="Masculine"|Number="Singular"|English="David"
580040070081|λέγων|580040070031|ADV|Cat="verb"|Id="30"|morphId="580040070081"|Unicode="λέγων"|Lemma="λέγω"|Lang="G"|StrongNumber="G30040"|Morph="V,PPA,NMS,"|Mood="Participle"|Tense="Present"|Voice="Active"|Case="Nominative"|Gender="Masculine"|Number="Singular"|English="saying"
580040070091|μετὰ|580040070111|prep|Cat="prep"|Id="33"|morphId="580040070091"|Unicode="μετὰ"|Lemma="μετά"|Lang="G"|StrongNumber="G33260"|Morph="P,,,,,A,,,"|Case="Accusative"|English="after"
580040070101|τοσοῦτον|580040070111|adjp|Cat="det"|Id="37"|morphId="580040070101"|Unicode="τοσοῦτον"|Lemma="τοσοῦτος"|Lang="G"|StrongNumber="G51180"|Morph="ED,,,,AMS,"|Type="Demonstrative"|Case="Accusative"|Gender="Masculine"|Number="Singular"|English="such"
580040070111|χρόνον,|580040070081|ADV|Cat="noun"|Id="39"|morphId="580040070111"|Unicode="χρόνον,"|Lemma="χρόνος"|Lang="G"|StrongNumber="G55500"|Morph="N,,,,,AMS,"|Case="Accusative"|Gender="Masculine"|Number="Singular"|English="a ~ time"
580040070121|καθὼς|580040070131|conj|Cat="adv"|Id="42"|morphId="580040070121"|Unicode="καθὼς"|Lemma="καθώς"|Lang="G"|StrongNumber="G25310"|Morph="D,,,,,,,,,"|English="as"
580040070131|προείρηται,|580040070031|CL|Cat="verb"|Id="47"|morphId="580040070131"|Unicode="προείρηται,"|Lemma="προλέγω"|Lang="G"|StrongNumber="G43020"|Morph="V,IEP3,,S,"|Mood="Indicative"|Tense="Perfect"|Voice="Passive"|Person="Third"|Number="Singular"|English="already quoted"
580040070151|ἐὰν|580040070191|conj|Cat="conj"|Id="50"|morphId="580040070151"|Unicode="ἐὰν"|Lemma="ἐάν"|Lang="G"|StrongNumber="G14370"|Morph="CS,,,,,,,,"|Type="Subordinating"|English="if"
580040070141|σήμερον|580040070191|ADV|Cat="adv"|Id="54"|morphId="580040070141"|Unicode="σήμερον"|Lemma="σήμερον"|Lang="G"|StrongNumber="G45940"|Morph="D,,,,,,,,,"|English="today"
580040070161|τῆς|580040070171|det|Cat="det"|Id="57"|morphId="580040070161"|Unicode="τῆς"|Lemma="ὁ"|Lang="G"|StrongNumber="G35880"|Morph="EA,,,,GFS,"|Type="Article"|Case="Genitive"|Gender="Feminine"|Number="Singular"|English="the"
580040070171|φωνῆς|580040070191|O|Cat="noun"|Id="60"|morphId="580040070171"|Unicode="φωνῆς"|Lemma="φωνή"|Lang="G"|StrongNumber="G54560"|Morph="N,,,,,GFS,"|Case="Genitive"|Gender="Feminine"|Number="Singular"|English="voice"
580040070181|αὐτοῦ|580040070171|np|Cat="pron"|Id="62"|morphId="580040070181"|Unicode="αὐτοῦ"|Lemma="αὐτός"|Lang="G"|StrongNumber="G08460"|Morph="RP,,,3GMS,"|Type="Personal"|Person="Third"|Case="Genitive"|Gender="Masculine"|Number="Singular"|English="of Him"
580040070191|ἀκούσητε,|580040070211|CL|Cat="verb"|Id="65"|morphId="580040070191"|Unicode="ἀκούσητε,"|Lemma="ἀκούω"|Lang="G"|StrongNumber="G01910"|Morph="V,SAA2,,P,"|Mood="Subjunctive"|Tense="Aorist"|Voice="Active"|Person="Second"|Number="Plural"|English="you hear"
580040070201|μὴ|580040070211|ADV|Cat="adv"|Id="69"|morphId="580040070201"|Unicode="μὴ"|Lemma="μή"|Lang="G"|StrongNumber="G33610"|Morph="D,,,,,,,,,"|English="not"
580040070211|σκληρύνητε|580040070131|CL|Cat="verb"|Id="72"|morphId="580040070211"|Unicode="σκληρύνητε"|Lemma="σκληρύνω"|Lang="G"|StrongNumber="G46450"|Morph="V,SAA2,,P,"|Mood="Subjunctive"|Tense="Aorist"|Voice="Active"|Person="Second"|Number="Plural"|English="do ~ harden"
580040070221|τὰς|580040070231|det|Cat="det"|Id="75"|morphId="580040070221"|Unicode="τὰς"|Lemma="ὁ"|Lang="G"|StrongNumber="G35880"|Morph="EA,,,,AFP,"|Type="Article"|Case="Accusative"|Gender="Feminine"|Number="Plural"|English="the"
580040070231|καρδίας|580040070211|O|Cat="noun"|Id="78"|morphId="580040070231"|Unicode="καρδίας"|Lemma="καρδία"|Lang="G"|StrongNumber="G25880"|Morph="N,,,,,AFP,"|Case="Accusative"|Gender="Feminine"|Number="Plural"|English="hearts"
580040070241|ὑμῶν.|580040070231|np|Cat="pron"|Id="80"|morphId="580040070241"|Unicode="ὑμῶν."|Lemma="σύ"|Lang="G"|StrongNumber="G47710"|Morph="RP,,,2G,P,"|Type="Personal"|Person="Second"|Case="Genitive"|Number="Plural"|English="of you"
580040080021|γὰρ|580040080101|conj|Cat="conj"|Id="3"|morphId="580040080021"|Unicode="γὰρ"|Lemma="γάρ"|Lang="G"|StrongNumber="G10630"|Morph="CC,,,,,,,,"|Type="Coordinating"|English="for"
580040080011|εἰ|580040080051|conj|Cat="conj"|Id="6"|morphId="580040080011"|Unicode="εἰ"|Lemma="εἰ"|Lang="G"|StrongNumber="G14870"|Morph="CS,,,,,,,,"|Type="Subordinating"|English="if"
580040080031|αὐτοὺς|580040080051|O|Cat="pron"|Id="10"|morphId="580040080031"|Unicode="αὐτοὺς"|Lemma="αὐτός"|Lang="G"|StrongNumber="G08460"|Morph="RP,,,3AMP,"|Type="Personal"|Person="Third"|Case="Accusative"|Gender="Masculine"|Number="Plural"|English="them"
580040080041|Ἰησοῦς|580040080051|S|Cat="noun"|Id="13"|morphId="580040080041"|Unicode="Ἰησοῦς"|Lemma="Ἰησοῦς"|Lang="G"|StrongNumber="G24240"|Morph="N,,,,,NMS,"|Case="Nominative"|Gender="Masculine"|Number="Singular"|English="Joshua"
580040080051|κατέπαυσεν,|580040080101|CL|Cat="verb"|Id="16"|morphId="580040080051"|Unicode="κατέπαυσεν,"|Lemma="καταπαύω"|Lang="G"|StrongNumber="G26640"|Morph="V,IAA3,,S,"|Mood="Indicative"|Tense="Aorist"|Voice="Active"|Person="Third"|Number="Singular"|English="had given ~ rest"
580040080071|ἂν|580040080101|ptcl|Cat="ptcl"|Id="18"|morphId="580040080071"|Unicode="ἂν"|Lemma="ἄν"|Lang="G"|StrongNumber="G03020"|Morph="T,,,,,,,,,"|English="would"
580040080061|οὐκ|580040080101|ADV|Cat="adv"|Id="22"|morphId="580040080061"|Unicode="οὐκ"|Lemma="οὐ"|Lang="G"|StrongNumber="G37560"|Morph="D,,,,,,,,,"|English="not"
580040080081|περὶ|580040080131|prep|Cat="prep"|Id="25"|morphId="580040080081"|Unicode="περὶ"|Lemma="περί"|Lang="G"|StrongNumber="G40120"|Morph="P,,,,,G,,,"|Case="Genitive"|English="about"
580040080091|ἄλλης|580040080131|np|Cat="pron"|Id="28"|morphId="580040080091"|Unicode="ἄλλης"|Lemma="ἄλλος"|Lang="G"|StrongNumber="G02430"|Morph="RI,,,,GFS,"|Type="Indefinite"|Case="Genitive"|Gender="Feminine"|Number="Singular"|English="another"
580040080131|ἡμέρας.|580040080101|ADV|Cat="noun"|Id="30"|morphId="580040080131"|Unicode="ἡμέρας."|Lemma="ἡμέρα"|Lang="G"|StrongNumber="G22500"|Morph="N,,,,,GFS,"|Case="Genitive"|Gender="Feminine"|Number="Singular"|English="day"
580040080101|ἐλάλει|None|CL|Cat="verb"|Id="33"|morphId="580040080101"|Unicode="ἐλάλει"|Lemma="λαλέω"|Lang="G"|StrongNumber="G29800"|Morph="V,IIA3,,S,"|Mood="Indicative"|Tense="Imperfect"|Voice="Active"|Person="Third"|Number="Singular"|English="he ~ have spoken"
580040080111|μετὰ|580040080121|prep|Cat="prep"|Id="36"|morphId="580040080111"|Unicode="μετὰ"|Lemma="μετά"|Lang="G"|StrongNumber="G33260"|Morph="P,,,,,A,,,"|Case="Accusative"|English="later"
580040080121|ταῦτα|580040080101|ADV|Cat="pron"|Id="38"|morphId="580040080121"|Unicode="ταῦτα"|Lemma="οὗτος"|Lang="G"|StrongNumber="G37780"|Morph="RD,,,,ANP,"|Type="Demonstrative"|Case="Accusative"|Gender="Neuter"|Number="Plural"|English="these things"
580040090011|ἄρα|580040090021|conj|Cat="adv"|Id="4"|morphId="580040090011"|Unicode="ἄρα"|Lemma="ἄρα"|Lang="G"|StrongNumber="G06860"|Morph="D,,,,,,,,,"|English="therefore"
580040090021|ἀπολείπεται|None|CL|Cat="verb"|Id="8"|morphId="580040090021"|Unicode="ἀπολείπεται"|Lemma="ἀπολείπω"|Lang="G"|StrongNumber="G06200"|Morph="V,IPP3,,S,"|Mood="Indicative"|Tense="Present"|Voice="Passive"|Person="Third"|Number="Singular"|English="remains"
580040090031|σαββατισμὸς|580040090021|S|Cat="noun"|Id="11"|morphId="580040090031"|Unicode="σαββατισμὸς"|Lemma="σαββατισμός"|Lang="G"|StrongNumber="G45200"|Morph="N,,,,,NMS,"|Case="Nominative"|Gender="Masculine"|Number="Singular"|English="a sabbath rest"
580040090041|τῷ|580040090051|det|Cat="det"|Id="14"|morphId="580040090041"|Unicode="τῷ"|Lemma="ὁ"|Lang="G"|StrongNumber="G35880"|Morph="EA,,,,DMS,"|Type="Article"|Case="Dative"|Gender="Masculine"|Number="Singular"|English="the"
580040090051|λαῷ|580040090021|IO|Cat="noun"|Id="17"|morphId="580040090051"|Unicode="λαῷ"|Lemma="λαός"|Lang="G"|StrongNumber="G29920"|Morph="N,,,,,DMS,"|Case="Dative"|Gender="Masculine"|Number="Singular"|English="for ~ people"
580040090061|τοῦ|580040090071|det|Cat="det"|Id="19"|morphId="580040090061"|Unicode="τοῦ"|Lemma="ὁ"|Lang="G"|StrongNumber="G35880"|Morph="EA,,,,GMS,"|Type="Article"|Case="Genitive"|Gender="Masculine"|Number="Singular"
580040090071|Θεοῦ.|580040090051|np|Cat="noun"|Id="21"|morphId="580040090071"|Unicode="Θεοῦ."|Lemma="θεός"|Lang="G"|StrongNumber="G23160"|Morph="N,,,,,GMS,"|Case="Genitive"|Gender="Masculine"|Number="Singular"|English="of God"
580040100021|γὰρ|580040100101|conj|Cat="conj"|Id="3"|morphId="580040100021"|Unicode="γὰρ"|Lemma="γάρ"|Lang="G"|StrongNumber="G10630"|Morph="CC,,,,,,,,"|Type="Coordinating"|English="for"
580040100011|ὁ|580040100031|det|Cat="pron"|Id="10"|morphId="580040100011"|Unicode="ὁ"|Lemma="ὁ"|Lang="G"|StrongNumber="G35880"|Morph="RD,,,,NMS,"|Type="Demonstrative"|Case="Nominative"|Gender="Masculine"|Number="Singular"|English="the one"
580040100031|εἰσελθὼν|580040100101|S|Cat="verb"|Id="14"|morphId="580040100031"|Unicode="εἰσελθὼν"|Lemma="εἰσέρχομαι"|Lang="G"|StrongNumber="G15250"|Morph="V,PAA,NMS,"|Mood="Participle"|Tense="Aorist"|Voice="Active"|Case="Nominative"|Gender="Masculine"|Number="Singular"|English="who has entered"
580040100041|εἰς|580040100061|prep|Cat="prep"|Id="17"|morphId="580040100041"|Unicode="εἰς"|Lemma="εἰς"|Lang="G"|StrongNumber="G15190"|Morph="P,,,,,A,,,"|Case="Accusative"|English="into"
580040100051|τὴν|580040100061|det|Cat="det"|Id="19"|morphId="580040100051"|Unicode="τὴν"|Lemma="ὁ"|Lang="G"|StrongNumber="G35880"|Morph="EA,,,,AFS,"|Type="Article"|Case="Accusative"|Gender="Feminine"|Number="Singular"|English="the"
580040100061|κατάπαυσιν|580040100031|ADV|Cat="noun"|Id="22"|morphId="580040100061"|Unicode="κατάπαυσιν"|Lemma="κατάπαυσις"|Lang="G"|StrongNumber="G26630"|Morph="N,,,,,AFS,"|Case="Accusative"|Gender="Feminine"|Number="Singular"|English="rest"
580040100071|αὐτοῦ,|580040100061|np|Cat="pron"|Id="24"|morphId="580040100071"|Unicode="αὐτοῦ,"|Lemma="αὐτός"|Lang="G"|StrongNumber="G08460"|Morph="RP,,,3GMS,"|Type="Personal"|Person="Third"|Case="Genitive"|Gender="Masculine"|Number="Singular"|English="of Him"
580040100081|καὶ|580040100091|advp|Cat="adv"|Id="27"|morphId="580040100081"|Unicode="καὶ"|Lemma="καί"|Lang="G"|StrongNumber="G25320"|Morph="D,,,,,,,,,"|English="also"
580040100091|αὐτὸς|580040100031|np|Cat="pron"|Id="29"|morphId="580040100091"|Unicode="αὐτὸς"|Lemma="αὐτός"|Lang="G"|StrongNumber="G08460"|Morph="RP,,,3NMS,"|Type="Personal"|Person="Third"|Case="Nominative"|Gender="Masculine"|Number="Singular"|English="Himself"
580040100101|κατέπαυσεν|None|CL|Cat="verb"|Id="32"|morphId="580040100101"|Unicode="κατέπαυσεν"|Lemma="καταπαύω"|Lang="G"|StrongNumber="G26640"|Morph="V,IAA3,,S,"|Mood="Indicative"|Tense="Aorist"|Voice="Active"|Person="Third"|Number="Singular"|English="has ~ rested"
580040100111|ἀπὸ|580040100131|prep|Cat="prep"|Id="35"|morphId="580040100111"|Unicode="ἀπὸ"|Lemma="ἀπό"|Lang="G"|StrongNumber="G05750"|Morph="P,,,,,G,,,"|Case="Genitive"|English="from"
580040100121|τῶν|580040100131|det|Cat="det"|Id="37"|morphId="580040100121"|Unicode="τῶν"|Lemma="ὁ"|Lang="G"|StrongNumber="G35880"|Morph="EA,,,,GNP,"|Type="Article"|Case="Genitive"|Gender="Neuter"|Number="Plural"|English="the"
580040100131|ἔργων|580040100101|ADV|Cat="noun"|Id="40"|morphId="580040100131"|Unicode="ἔργων"|Lemma="ἔργον"|Lang="G"|StrongNumber="G20410"|Morph="N,,,,,GNP,"|Case="Genitive"|Gender="Neuter"|Number="Plural"|English="works"
580040100141|αὐτοῦ,|580040100131|np|Cat="pron"|Id="42"|morphId="580040100141"|Unicode="αὐτοῦ,"|Lemma="αὐτός"|Lang="G"|StrongNumber="G08460"|Morph="RP,,,3GMS,"|Type="Personal"|Person="Third"|Case="Genitive"|Gender="Masculine"|Number="Singular"|English="of Him"
580040100151|ὥσπερ|580040100201|conj|Cat="conj"|Id="44"|morphId="580040100151"|Unicode="ὥσπερ"|Lemma="ὥσπερ"|Lang="G"|StrongNumber="G56180"|Morph="CS,,,,,,,,"|Type="Subordinating"|English="as"
580040100161|ἀπὸ|580040100181|prep|Cat="prep"|Id="48"|morphId="580040100161"|Unicode="ἀπὸ"|Lemma="ἀπό"|Lang="G"|StrongNumber="G05750"|Morph="P,,,,,G,,,"|Case="Genitive"|English="from"
580040100171|τῶν|580040100181|det|Cat="det"|Id="50"|morphId="580040100171"|Unicode="τῶν"|Lemma="ὁ"|Lang="G"|StrongNumber="G35880"|Morph="EP,,,,GNP,"|Type="Possessive"|Case="Genitive"|Gender="Neuter"|Number="Plural"|English="the"
580040100181|ἰδίων|580040100201|ADV|Cat="pron"|Id="52"|morphId="580040100181"|Unicode="ἰδίων"|Lemma="ἴδιος"|Lang="G"|StrongNumber="G23980"|Morph="RD,,,,GNP,"|Type="Demonstrative"|Case="Genitive"|Gender="Neuter"|Number="Plural"|English="his"
580040100191|ὁ|580040100201|det|Cat="det"|Id="55"|morphId="580040100191"|Unicode="ὁ"|Lemma="ὁ"|Lang="G"|StrongNumber="G35880"|Morph="EA,,,,NMS,"|Type="Article"|Case="Nominative"|Gender="Masculine"|Number="Singular"|English="did"
580040100201|Θεός.|580040100101|CL|Cat="noun"|Id="57"|morphId="580040100201"|Unicode="Θεός."|Lemma="θεός"|Lang="G"|StrongNumber="G23160"|Morph="N,,,,,NMS,"|Case="Nominative"|Gender="Masculine"|Number="Singular"|English="God"
580040110021|οὖν|580040110011|conj|Cat="conj"|Id="3"|morphId="580040110021"|Unicode="οὖν"|Lemma="οὖν"|Lang="G"|StrongNumber="G37670"|Morph="CC,,,,,,,,"|Type="Coordinating"|English="therefore"
580040110011|σπουδάσωμεν|None|CL|Cat="verb"|Id="8"|morphId="580040110011"|Unicode="σπουδάσωμεν"|Lemma="σπουδάζω"|Lang="G"|StrongNumber="G47040"|Morph="V,SAA1,,P,"|Mood="Subjunctive"|Tense="Aorist"|Voice="Active"|Person="First"|Number="Plural"|English="let us ~ make every effort"
580040110031|εἰσελθεῖν|580040110011|O|Cat="verb"|Id="13"|morphId="580040110031"|Unicode="εἰσελθεῖν"|Lemma="εἰσέρχομαι"|Lang="G"|StrongNumber="G15250"|Morph="V,NAA,,,,,"|Mood="Infinitive"|Tense="Aorist"|Voice="Active"|English="to enter"
580040110041|εἰς|580040110071|prep|Cat="prep"|Id="16"|morphId="580040110041"|Unicode="εἰς"|Lemma="εἰς"|Lang="G"|StrongNumber="G15190"|Morph="P,,,,,A,,,"|Case="Accusative"|English="into"
580040110051|ἐκείνην|580040110071|np|Cat="det"|Id="19"|morphId="580040110051"|Unicode="ἐκείνην"|Lemma="ἐκεῖνος"|Lang="G"|StrongNumber="G15650"|Morph="ED,,,,AFS,"|Type="Demonstrative"|Case="Accusative"|Gender="Feminine"|Number="Singular"|English="that"
580040110061|τὴν|580040110071|det|Cat="det"|Id="21"|morphId="580040110061"|Unicode="τὴν"|Lemma="ὁ"|Lang="G"|StrongNumber="G35880"|Morph="EA,,,,AFS,"|Type="Article"|Case="Accusative"|Gender="Feminine"|Number="Singular"
580040110071|κατάπαυσιν,|580040110031|ADV|Cat="noun"|Id="23"|morphId="580040110071"|Unicode="κατάπαυσιν,"|Lemma="κατάπαυσις"|Lang="G"|StrongNumber="G26630"|Morph="N,,,,,AFS,"|Case="Accusative"|Gender="Feminine"|Number="Singular"|English="rest"
580040110081|ἵνα|580040110151|conj|Cat="conj"|Id="25"|morphId="580040110081"|Unicode="ἵνα"|Lemma="ἵνα"|Lang="G"|StrongNumber="G24430"|Morph="CS,,,,,,,,"|Type="Subordinating"|English="so that"
580040110091|μὴ|580040110151|ADV|Cat="adv"|Id="29"|morphId="580040110091"|Unicode="μὴ"|Lemma="μή"|Lang="G"|StrongNumber="G33610"|Morph="D,,,,,,,,,"|English="no"
580040110101|ἐν|580040110141|prep|Cat="prep"|Id="32"|morphId="580040110101"|Unicode="ἐν"|Lemma="ἐν"|Lang="G"|StrongNumber="G17220"|Morph="P,,,,,D,,,"|Case="Dative"|English="through"
580040110111|τῷ|580040110141|det|Cat="det"|Id="34"|morphId="580040110111"|Unicode="τῷ"|Lemma="ὁ"|Lang="G"|StrongNumber="G35880"|Morph="EA,,,,DNS,"|Type="Article"|Case="Dative"|Gender="Neuter"|Number="Singular"|English="the"
580040110121|αὐτῷ|580040110141|pron|Cat="pron"|Id="36"|morphId="580040110121"|Unicode="αὐτῷ"|Lemma="αὐτός"|Lang="G"|StrongNumber="G08460"|Morph="RD,,,,DNS,"|Type="Demonstrative"|Case="Dative"|Gender="Neuter"|Number="Singular"|English="same"
580040110141|ὑποδείγματι|580040110151|ADV|Cat="noun"|Id="39"|morphId="580040110141"|Unicode="ὑποδείγματι"|Lemma="ὑπόδειγμα"|Lang="G"|StrongNumber="G52620"|Morph="N,,,,,DNS,"|Case="Dative"|Gender="Neuter"|Number="Singular"|English="example"
580040110161|τῆς|580040110171|det|Cat="det"|Id="41"|morphId="580040110161"|Unicode="τῆς"|Lemma="ὁ"|Lang="G"|StrongNumber="G35880"|Morph="EA,,,,GFS,"|Type="Article"|Case="Genitive"|Gender="Feminine"|Number="Singular"
580040110171|ἀπειθείας.|580040110141|np|Cat="noun"|Id="43"|morphId="580040110171"|Unicode="ἀπειθείας."|Lemma="ἀπείθεια"|Lang="G"|StrongNumber="G05430"|Morph="N,,,,,GFS,"|Case="Genitive"|Gender="Feminine"|Number="Singular"|English="of disobedience"
580040110131|τις|580040110151|S|Cat="pron"|Id="46"|morphId="580040110131"|Unicode="τις"|Lemma="τις"|Lang="G"|StrongNumber="G51000"|Morph="RI,,,,NMS,"|Type="Indefinite"|Case="Nominative"|Gender="Masculine"|Number="Singular"|English="anyone"
580040110151|πέσῃ|580040110011|CL|Cat="verb"|Id="49"|morphId="580040110151"|Unicode="πέσῃ"|Lemma="πίπτω"|Lang="G"|StrongNumber="G40980"|Morph="V,SAA3,,S,"|Mood="Subjunctive"|Tense="Aorist"|Voice="Active"|Person="Third"|Number="Singular"|English="may fall"
580040120021|γὰρ|580040120011|conj|Cat="conj"|Id="3"|morphId="580040120021"|Unicode="γὰρ"|Lemma="γάρ"|Lang="G"|StrongNumber="G10630"|Morph="CC,,,,,,,,"|Type="Coordinating"|English="for"
580040120031|ὁ|580040120041|det|Cat="det"|Id="7"|morphId="580040120031"|Unicode="ὁ"|Lemma="ὁ"|Lang="G"|StrongNumber="G35880"|Morph="EA,,,,NMS,"|Type="Article"|Case="Nominative"|Gender="Masculine"|Number="Singular"|English="the"
580040120041|λόγος|580040120011|S|Cat="noun"|Id="10"|morphId="580040120041"|Unicode="λόγος"|Lemma="λόγος"|Lang="G"|StrongNumber="G30560"|Morph="N,,,,,NMS,"|Case="Nominative"|Gender="Masculine"|Number="Singular"|English="word"
580040120051|τοῦ|580040120061|det|Cat="det"|Id="12"|morphId="580040120051"|Unicode="τοῦ"|Lemma="ὁ"|Lang="G"|StrongNumber="G35880"|Morph="EA,,,,GMS,"|Type="Article"|Case="Genitive"|Gender="Masculine"|Number="Singular"
580040120061|Θεοῦ,|580040120041|np|Cat="noun"|Id="14"|morphId="580040120061"|Unicode="Θεοῦ,"|Lemma="θεός"|Lang="G"|StrongNumber="G23160"|Morph="N,,,,,GMS,"|Case="Genitive"|Gender="Masculine"|Number="Singular"|English="of God"
580040120011|ζῶν|None|CL|Cat="verb"|Id="21"|morphId="580040120011"|Unicode="ζῶν"|Lemma="ζάω"|Lang="G"|StrongNumber="G21980"|Morph="V,PPA,NMS,"|Mood="Participle"|Tense="Present"|Voice="Active"|Case="Nominative"|Gender="Masculine"|Number="Singular"|English="is living"
580040120071|καὶ|580040120011|conj|Cat="conj"|Id="22"|morphId="580040120071"|Unicode="καὶ"|Lemma="καί"|Lang="G"|StrongNumber="G25320"|Morph="CC,,,,,,,,"|Type="Coordinating"|English="and"
580040120081|ἐνεργὴς,|580040120011|adjp|Cat="noun"|Id="25"|morphId="580040120081"|Unicode="ἐνεργὴς,"|Lemma="ἐνεργής"|Lang="G"|StrongNumber="G17560"|Morph="NS,,,,NMS,"|Type="Substantive_Adj"|Case="Nominative"|Gender="Masculine"|Number="Singular"|English="active"
580040120091|καὶ|580040120011|conj|Cat="conj"|Id="26"|morphId="580040120091"|Unicode="καὶ"|Lemma="καί"|Lang="G"|StrongNumber="G25320"|Morph="CC,,,,,,,,"|Type="Coordinating"|English="and"
580040120101|τομώτερος,|580040120011|adjp|Cat="noun"|Id="30"|morphId="580040120101"|Unicode="τομώτερος,"|Lemma="τομώτερος"|Lang="G"|StrongNumber="G51140"|Morph="NS,,,,NMSC"|Type="Substantive_Adj"|Case="Nominative"|Gender="Masculine"|Number="Singular"|English="sharper"
580040120111|ὑπὲρ|580040120131|prep|Cat="prep"|Id="32"|morphId="580040120111"|Unicode="ὑπὲρ"|Lemma="ὑπέρ"|Lang="G"|StrongNumber="G52280"|Morph="P,,,,,A,,,"|Case="Accusative"|English="than"
580040120121|πᾶσαν|580040120131|adjp|Cat="det"|Id="36"|morphId="580040120121"|Unicode="πᾶσαν"|Lemma="πᾶς"|Lang="G"|StrongNumber="G39560"|Morph="EQ,,,,AFS,"|Type="Quantifier"|Case="Accusative"|Gender="Feminine"|Number="Singular"|English="any"
580040120131|μάχαιραν|580040120101|pp|Cat="noun"|Id="39"|morphId="580040120131"|Unicode="μάχαιραν"|Lemma="μάχαιρα"|Lang="G"|StrongNumber="G31620"|Morph="N,,,,,AFS,"|Case="Accusative"|Gender="Feminine"|Number="Singular"|English="sword"
580040120141|δίστομον,|580040120131|adjp|Cat="adj"|Id="41"|morphId="580040120141"|Unicode="δίστομον,"|Lemma="δίστομος"|Lang="G"|StrongNumber="G13660"|Morph="AA,,,,AFS,"|Type="Ascriptive"|Case="Accusative"|Gender="Feminine"|Number="Singular"|English="two-edged"
580040120151|καὶ|580040120011|conj|Cat="adv"|Id="43"|morphId="580040120151"|Unicode="καὶ"|Lemma="καί"|Lang="G"|StrongNumber="G25320"|Morph="D,,,,,,,,,"|English="and"
580040120161|διϊκνούμενος|580040120011|adjp|Cat="verb"|Id="48"|morphId="580040120161"|Unicode="διϊκνούμενος"|Lemma="διϊκνέομαι"|Lang="G"|StrongNumber="G13380"|Morph="V,PPM,NMS,"|Mood="Participle"|Tense="Present"|Voice="Middle"|Case="Nominative"|Gender="Masculine"|Number="Singular"|English="piercing"
580040120171|ἄχρι|580040120181|prep|Cat="prep"|Id="51"|morphId="580040120171"|Unicode="ἄχρι"|Lemma="ἄχρι"|Lang="G"|StrongNumber="G08910"|Morph="PI,,,,G,,,"|Type="Improper"|Case="Genitive"|English="to"
580040120181|μερισμοῦ|580040120161|ADV|Cat="noun"|Id="54"|morphId="580040120181"|Unicode="μερισμοῦ"|Lemma="μερισμός"|Lang="G"|StrongNumber="G33110"|Morph="N,,,,,GMS,"|Case="Genitive"|Gender="Masculine"|Number="Singular"|English="division"
580040120191|ψυχῆς|580040120181|np|Cat="noun"|Id="58"|morphId="580040120191"|Unicode="ψυχῆς"|Lemma="ψυχή"|Lang="G"|StrongNumber="G55900"|Morph="N,,,,,GFS,"|Case="Genitive"|Gender="Feminine"|Number="Singular"|English="of soul"
580040120201|καὶ|580040120191|conj|Cat="conj"|Id="59"|morphId="580040120201"|Unicode="καὶ"|Lemma="καί"|Lang="G"|StrongNumber="G25320"|Morph="CC,,,,,,,,"|Type="Coordinating"|English="and"
580040120211|πνεύματος,|580040120191|np|Cat="noun"|Id="61"|morphId="580040120211"|Unicode="πνεύματος,"|Lemma="πνεῦμα"|Lang="G"|StrongNumber="G41510"|Morph="N,,,,,GNS,"|Case="Genitive"|Gender="Neuter"|Number="Singular"|English="spirit"
580040120231|τε|580040120221|conj|Cat="adv"|Id="64"|morphId="580040120231"|Unicode="τε"|Lemma="τέ"|Lang="G"|StrongNumber="G50370"|Morph="DO,,,,,,,,"|Type="Correlative"|English="both"
580040120221|ἁρμῶν|580040120191|np|Cat="noun"|Id="66"|morphId="580040120221"|Unicode="ἁρμῶν"|Lemma="ἁρμός"|Lang="G"|StrongNumber="G07190"|Morph="N,,,,,GMP,"|Case="Genitive"|Gender="Masculine"|Number="Plural"|English="joints"
580040120241|καὶ|580040120221|conj|Cat="conj"|Id="67"|morphId="580040120241"|Unicode="καὶ"|Lemma="καί"|Lang="G"|StrongNumber="G25320"|Morph="CO,,,,,,,,"|Type="Correlative"|English="and"
580040120251|μυελῶν,|580040120221|np|Cat="noun"|Id="69"|morphId="580040120251"|Unicode="μυελῶν,"|Lemma="μυελός"|Lang="G"|StrongNumber="G34520"|Morph="N,,,,,GMP,"|Case="Genitive"|Gender="Masculine"|Number="Plural"|English="marrow"
580040120261|καὶ|580040120011|conj|Cat="conj"|Id="70"|morphId="580040120261"|Unicode="καὶ"|Lemma="καί"|Lang="G"|StrongNumber="G25320"|Morph="CC,,,,,,,,"|Type="Coordinating"|English="and"
580040120271|κριτικὸς|580040120011|adjp|Cat="noun"|Id="74"|morphId="580040120271"|Unicode="κριτικὸς"|Lemma="κριτικός"|Lang="G"|StrongNumber="G29240"|Morph="NS,,,,NMS,"|Type="Substantive_Adj"|Case="Nominative"|Gender="Masculine"|Number="Singular"|English="able to judge"
580040120281|ἐνθυμήσεων|580040120271|np|Cat="noun"|Id="78"|morphId="580040120281"|Unicode="ἐνθυμήσεων"|Lemma="ἐνθύμησις"|Lang="G"|StrongNumber="G17610"|Morph="N,,,,,GFP,"|Case="Genitive"|Gender="Feminine"|Number="Plural"|English="thoughts"
580040120291|καὶ|580040120281|conj|Cat="conj"|Id="79"|morphId="580040120291"|Unicode="καὶ"|Lemma="καί"|Lang="G"|StrongNumber="G25320"|Morph="CC,,,,,,,,"|Type="Coordinating"|English="and"
580040120301|ἐννοιῶν|580040120281|np|Cat="noun"|Id="81"|morphId="580040120301"|Unicode="ἐννοιῶν"|Lemma="ἔννοια"|Lang="G"|StrongNumber="G17710"|Morph="N,,,,,GFP,"|Case="Genitive"|Gender="Feminine"|Number="Plural"|English="intentions"
580040120311|καρδίας.|580040120281|np|Cat="noun"|Id="83"|morphId="580040120311"|Unicode="καρδίας."|Lemma="καρδία"|Lang="G"|StrongNumber="G25880"|Morph="N,,,,,GFS,"|Case="Genitive"|Gender="Feminine"|Number="Singular"|English="of ~ heart"
580040130011|καὶ|580040130051|conj|Cat="conj"|Id="3"|morphId="580040130011"|Unicode="καὶ"|Lemma="καί"|Lang="G"|StrongNumber="G25320"|Morph="CC,,,,,,,,"|Type="Coordinating"|English="and"
580040130021|οὐκ|580040130051|ADV|Cat="adv"|Id="8"|morphId="580040130021"|Unicode="οὐκ"|Lemma="οὐ"|Lang="G"|StrongNumber="G37560"|Morph="D,,,,,,,,,"|English="no"
580040130031|ἔστιν|580040130051|VC|Cat="verb"|Id="11"|morphId="580040130031"|Unicode="ἔστιν"|Lemma="εἰμί"|Lang="G"|StrongNumber="G15100"|Morph="V,IPA3,,S,"|Mood="Indicative"|Tense="Present"|Voice="Active"|Person="Third"|Number="Singular"|English="is"
580040130041|κτίσις|580040130051|S|Cat="noun"|Id="14"|morphId="580040130041"|Unicode="κτίσις"|Lemma="κτίσις"|Lang="G"|StrongNumber="G29370"|Morph="N,,,,,NFS,"|Case="Nominative"|Gender="Feminine"|Number="Singular"|English="creature"
580040130051|ἀφανὴς|None|CL|Cat="noun"|Id="17"|morphId="580040130051"|Unicode="ἀφανὴς"|Lemma="ἀφανής"|Lang="G"|StrongNumber="G08520"|Morph="NP,,,,NFS,"|Type="Predicate_Adj"|Case="Nominative"|Gender="Feminine"|Number="Singular"|English="hidden"
580040130061|ἐνώπιον|580040130071|prep|Cat="prep"|Id="20"|morphId="580040130061"|Unicode="ἐνώπιον"|Lemma="ἐνώπιον"|Lang="G"|StrongNumber="G17990"|Morph="PI,,,,G,,,"|Type="Improper"|Case="Genitive"|English="from ~ sight"
580040130071|αὐτοῦ;|580040130051|ADV|Cat="pron"|Id="22"|morphId="580040130071"|Unicode="αὐτοῦ;"|Lemma="αὐτός"|Lang="G"|StrongNumber="G08460"|Morph="RP,,,,GMS,"|Type="Personal"|Case="Genitive"|Gender="Masculine"|Number="Singular"|English="Him"
580040130091|δὲ|580040130051|conj|Cat="conj"|Id="23"|morphId="580040130091"|Unicode="δὲ"|Lemma="δέ"|Lang="G"|StrongNumber="G11610"|Morph="CC,,,,,,,,"|Type="Coordinating"|English="but"
580040130081|πάντα|580040130101|S|Cat="pron"|Id="27"|morphId="580040130081"|Unicode="πάντα"|Lemma="πᾶς"|Lang="G"|StrongNumber="G39560"|Morph="RI,,,,NNP,"|Type="Indefinite"|Case="Nominative"|Gender="Neuter"|Number="Plural"|English="all"
580040130101|γυμνὰ|580040130051|CL|Cat="noun"|Id="32"|morphId="580040130101"|Unicode="γυμνὰ"|Lemma="γυμνός"|Lang="G"|StrongNumber="G11310"|Morph="NS,,,,NNP,"|Type="Substantive_Adj"|Case="Nominative"|Gender="Neuter"|Number="Plural"|English="naked"
580040130111|καὶ|580040130101|conj|Cat="conj"|Id="33"|morphId="580040130111"|Unicode="καὶ"|Lemma="καί"|Lang="G"|StrongNumber="G25320"|Morph="CC,,,,,,,,"|Type="Coordinating"|English="and"
580040130121|τετραχηλισμένα|580040130101|adjp|Cat="verb"|Id="38"|morphId="580040130121"|Unicode="τετραχηλισμένα"|Lemma="τραχηλίζω"|Lang="G"|StrongNumber="G51360"|Morph="V,PEP,NNP,"|Mood="Participle"|Tense="Perfect"|Voice="Passive"|Case="Nominative"|Gender="Neuter"|Number="Plural"|English="laid bare"
580040130131|τοῖς|580040130141|det|Cat="det"|Id="41"|morphId="580040130131"|Unicode="τοῖς"|Lemma="ὁ"|Lang="G"|StrongNumber="G35880"|Morph="EA,,,,DMP,"|Type="Article"|Case="Dative"|Gender="Masculine"|Number="Plural"|English="the"
580040130141|ὀφθαλμοῖς|580040130101|ADV|Cat="noun"|Id="44"|morphId="580040130141"|Unicode="ὀφθαλμοῖς"|Lemma="ὀφθαλμός"|Lang="G"|StrongNumber="G37880"|Morph="N,,,,,DMP,"|Case="Dative"|Gender="Masculine"|Number="Plural"|English="to ~ eyes"
580040130151|αὐτοῦ,|580040130141|np|Cat="pron"|Id="47"|morphId="580040130151"|Unicode="αὐτοῦ,"|Lemma="αὐτός"|Lang="G"|StrongNumber="G08460"|Morph="RP,,,3GMS,"|Type="Personal"|Person="Third"|Case="Genitive"|Gender="Masculine"|Number="Singular"|English="of Him"
580040130161|πρὸς|580040130171|prep|Cat="prep"|Id="51"|morphId="580040130161"|Unicode="πρὸς"|Lemma="πρός"|Lang="G"|StrongNumber="G43140"|Morph="P,,,,,A,,,"|Case="Accusative"|English="to"
580040130171|ὃν|580040130151|CL|Cat="pron"|Id="53"|morphId="580040130171"|Unicode="ὃν"|Lemma="ὅς"|Lang="G"|StrongNumber="G37390"|Morph="RR,,,,AMS,"|Type="Relative"|Case="Accusative"|Gender="Masculine"|Number="Singular"|English="whom"
580040130181|ἡμῖν|580040130171|ADV|Cat="pron"|Id="56"|morphId="580040130181"|Unicode="ἡμῖν"|Lemma="ἐγώ"|Lang="G"|StrongNumber="G14730"|Morph="RP,,,1D,P,"|Type="Personal"|Person="First"|Case="Dative"|Number="Plural"|English="to us"
580040130191|ὁ|580040130201|det|Cat="det"|Id="59"|morphId="580040130191"|Unicode="ὁ"|Lemma="ὁ"|Lang="G"|StrongNumber="G35880"|Morph="EA,,,,NMS,"|Type="Article"|Case="Nominative"|Gender="Masculine"|Number="Singular"|English="is the"
580040130201|λόγος.|580040130171|S|Cat="noun"|Id="61"|morphId="580040130201"|Unicode="λόγος."|Lemma="λόγος"|Lang="G"|StrongNumber="G30560"|Morph="N,,,,,NMS,"|Case="Nominative"|Gender="Masculine"|Number="Singular"|English="account"
580040140021|οὖν|580040140131|conj|Cat="conj"|Id="3"|morphId="580040140021"|Unicode="οὖν"|Lemma="οὖν"|Lang="G"|StrongNumber="G37670"|Morph="CC,,,,,,,,"|Type="Coordinating"|English="therefore"
580040140011|ἔχοντες|580040140131|ADV|Cat="verb"|Id="9"|morphId="580040140011"|Unicode="ἔχοντες"|Lemma="ἔχω"|Lang="G"|StrongNumber="G21920"|Morph="V,PPA,NMP,"|Mood="Participle"|Tense="Present"|Voice="Active"|Case="Nominative"|Gender="Masculine"|Number="Plural"|English="since ~ have"
580040140031|ἀρχιερέα|580040140011|O|Cat="noun"|Id="15"|morphId="580040140031"|Unicode="ἀρχιερέα"|Lemma="ἀρχιερεύς"|Lang="G"|StrongNumber="G07490"|Morph="N,,,,,AMS,"|Case="Accusative"|Gender="Masculine"|Number="Singular"|English="a ~ high priest"
580040140041|μέγαν,|580040140031|adjp|Cat="adj"|Id="17"|morphId="580040140041"|Unicode="μέγαν,"|Lemma="μέγας"|Lang="G"|StrongNumber="G31730"|Morph="AA,,,,AMS,"|Type="Ascriptive"|Case="Accusative"|Gender="Masculine"|Number="Singular"|English="great"
580040140051|διεληλυθότα|580040140031|adjp|Cat="verb"|Id="22"|morphId="580040140051"|Unicode="διεληλυθότα"|Lemma="διέρχομαι"|Lang="G"|StrongNumber="G13300"|Morph="V,PEA,AMS,"|Mood="Participle"|Tense="Perfect"|Voice="Active"|Case="Accusative"|Gender="Masculine"|Number="Singular"|English="who has passed through"
580040140061|τοὺς|580040140071|det|Cat="det"|Id="25"|morphId="580040140061"|Unicode="τοὺς"|Lemma="ὁ"|Lang="G"|StrongNumber="G35880"|Morph="EA,,,,AMP,"|Type="Article"|Case="Accusative"|Gender="Masculine"|Number="Plural"|English="the"
580040140071|οὐρανούς,|580040140051|ADV|Cat="noun"|Id="27"|morphId="580040140071"|Unicode="οὐρανούς,"|Lemma="οὐρανός"|Lang="G"|StrongNumber="G37720"|Morph="N,,,,,AMP,"|Case="Accusative"|Gender="Masculine"|Number="Plural"|English="heavens"
580040140081|Ἰησοῦν,|580040140031|np|Cat="noun"|Id="30"|morphId="580040140081"|Unicode="Ἰησοῦν,"|Lemma="Ἰησοῦς"|Lang="G"|StrongNumber="G24240"|Morph="N,,,,,AMS,"|Case="Accusative"|Gender="Masculine"|Number="Singular"|English="Jesus"
580040140091|τὸν|580040140101|det|Cat="det"|Id="32"|morphId="580040140091"|Unicode="τὸν"|Lemma="ὁ"|Lang="G"|StrongNumber="G35880"|Morph="EA,,,,AMS,"|Type="Article"|Case="Accusative"|Gender="Masculine"|Number="Singular"|English="the"
580040140101|Υἱὸν|580040140081|np|Cat="noun"|Id="35"|morphId="580040140101"|Unicode="Υἱὸν"|Lemma="υἱός"|Lang="G"|StrongNumber="G52070"|Morph="N,,,,,AMS,"|Case="Accusative"|Gender="Masculine"|Number="Singular"|English="son"
580040140111|τοῦ|580040140121|det|Cat="det"|Id="37"|morphId="580040140111"|Unicode="τοῦ"|Lemma="ὁ"|Lang="G"|StrongNumber="G35880"|Morph="EA,,,,GMS,"|Type="Article"|Case="Genitive"|Gender="Masculine"|Number="Singular"
580040140121|Θεοῦ,|580040140101|np|Cat="noun"|Id="39"|morphId="580040140121"|Unicode="Θεοῦ,"|Lemma="θεός"|Lang="G"|StrongNumber="G23160"|Morph="N,,,,,GMS,"|Case="Genitive"|Gender="Masculine"|Number="Singular"|English="of God"
580040140131|κρατῶμεν|None|CL|Cat="verb"|Id="42"|morphId="580040140131"|Unicode="κρατῶμεν"|Lemma="κρατέω"|Lang="G"|StrongNumber="G29020"|Morph="V,SPA1,,P,"|Mood="Subjunctive"|Tense="Present"|Voice="Active"|Person="First"|Number="Plural"|English="let us hold fast"
580040140141|τῆς|580040140151|det|Cat="det"|Id="45"|morphId="580040140141"|Unicode="τῆς"|Lemma="ὁ"|Lang="G"|StrongNumber="G35880"|Morph="EP,,,,GFS,"|Type="Possessive"|Case="Genitive"|Gender="Feminine"|Number="Singular"|English="the"
580040140151|ὁμολογίας.|580040140131|O|Cat="noun"|Id="47"|morphId="580040140151"|Unicode="ὁμολογίας."|Lemma="ὁμολογία"|Lang="G"|StrongNumber="G36710"|Morph="N,,,,,GFS,"|Case="Genitive"|Gender="Feminine"|Number="Singular"|English="confession"
580040150021|γὰρ|580040150031|conj|Cat="conj"|Id="3"|morphId="580040150021"|Unicode="γὰρ"|Lemma="γάρ"|Lang="G"|StrongNumber="G10630"|Morph="CC,,,,,,,,"|Type="Coordinating"|English="for"
580040150031|ἔχομεν|None|CL|Cat="verb"|Id="7"|morphId="580040150031"|Unicode="ἔχομεν"|Lemma="ἔχω"|Lang="G"|StrongNumber="G21920"|Morph="V,IPA1,,P,"|Mood="Indicative"|Tense="Present"|Voice="Active"|Person="First"|Number="Plural"|English="we do ~ have"
580040150041|ἀρχιερέα|580040150031|O|Cat="noun"|Id="11"|morphId="580040150041"|Unicode="ἀρχιερέα"|Lemma="ἀρχιερεύς"|Lang="G"|StrongNumber="G07490"|Morph="N,,,,,AMS,"|Case="Accusative"|Gender="Masculine"|Number="Singular"|English="a high priest"
580040150011|οὐ|580040150111|advp|Cat="adv"|Id="15"|morphId="580040150011"|Unicode="οὐ"|Lemma="οὐ"|Lang="G"|StrongNumber="G37560"|Morph="DO,,,,,,,,"|Type="Correlative"|English="not"
580040150051|μὴ|580040150061|ADV|Cat="adv"|Id="19"|morphId="580040150051"|Unicode="μὴ"|Lemma="μή"|Lang="G"|StrongNumber="G33610"|Morph="D,,,,,,,,,"|English="not"
580040150061|δυνάμενον|580040150111|CL|Cat="verb"|Id="22"|morphId="580040150061"|Unicode="δυνάμενον"|Lemma="δύναμαι"|Lang="G"|StrongNumber="G14100"|Morph="V,PPM,AMS,"|Mood="Participle"|Tense="Present"|Voice="Middle"|Case="Accusative"|Gender="Masculine"|Number="Singular"|English="who is ~ able"
580040150071|συνπαθῆσαι|580040150061|O|Cat="verb"|Id="27"|morphId="580040150071"|Unicode="συνπαθῆσαι"|Lemma="συνπαθέω"|Lang="G"|StrongNumber="G48340"|Morph="V,NAA,,,,,"|Mood="Infinitive"|Tense="Aorist"|Voice="Active"|English="to sympathize with"
580040150081|ταῖς|580040150091|det|Cat="det"|Id="30"|morphId="580040150081"|Unicode="ταῖς"|Lemma="ὁ"|Lang="G"|StrongNumber="G35880"|Morph="EA,,,,DFP,"|Type="Article"|Case="Dative"|Gender="Feminine"|Number="Plural"|English="with"
580040150091|ἀσθενείαις|580040150071|ADV|Cat="noun"|Id="33"|morphId="580040150091"|Unicode="ἀσθενείαις"|Lemma="ἀσθένεια"|Lang="G"|StrongNumber="G07690"|Morph="N,,,,,DFP,"|Case="Dative"|Gender="Feminine"|Number="Plural"|English="weaknesses"
580040150101|ἡμῶν,|580040150091|np|Cat="pron"|Id="35"|morphId="580040150101"|Unicode="ἡμῶν,"|Lemma="ἐγώ"|Lang="G"|StrongNumber="G14730"|Morph="RP,,,1G,P,"|Type="Personal"|Person="First"|Case="Genitive"|Number="Plural"|English="of us"
580040150121|δὲ|580040150111|conj|Cat="conj"|Id="36"|morphId="580040150121"|Unicode="δὲ"|Lemma="δέ"|Lang="G"|StrongNumber="G11610"|Morph="CO,,,,,,,,"|Type="Correlative"|English="but"
580040150111|πεπειρασμένον|580040150041|adjp|Cat="verb"|Id="40"|morphId="580040150111"|Unicode="πεπειρασμένον"|Lemma="πειράζω"|Lang="G"|StrongNumber="G39850"|Morph="V,PEP,AMS,"|Mood="Participle"|Tense="Perfect"|Voice="Passive"|Case="Accusative"|Gender="Masculine"|Number="Singular"|English="who has been tempted"
580040150131|κατὰ|580040150141|prep|Cat="prep"|Id="43"|morphId="580040150131"|Unicode="κατὰ"|Lemma="κατά"|Lang="G"|StrongNumber="G25960"|Morph="P,,,,,A,,,"|Case="Accusative"|English="in"
580040150141|πάντα|580040150111|ADV|Cat="pron"|Id="45"|morphId="580040150141"|Unicode="πάντα"|Lemma="πᾶς"|Lang="G"|StrongNumber="G39560"|Morph="RI,,,,ANP,"|Type="Indefinite"|Case="Accusative"|Gender="Neuter"|Number="Plural"|English="every way"
580040150151|καθ’|580040150161|prep|Cat="prep"|Id="48"|morphId="580040150151"|Unicode="καθ’"|Lemma="κατά"|Lang="G"|StrongNumber="G25960"|Morph="P,,,,,A,,,"|Case="Accusative"|English="in"
580040150161|ὁμοιότητα|580040150111|ADV|Cat="noun"|Id="50"|morphId="580040150161"|Unicode="ὁμοιότητα"|Lemma="ὁμοιότης"|Lang="G"|StrongNumber="G36650"|Morph="N,,,,,AFS,"|Case="Accusative"|Gender="Feminine"|Number="Singular"|English="as we are"
580040150171|χωρὶς|580040150181|prep|Cat="prep"|Id="53"|morphId="580040150171"|Unicode="χωρὶς"|Lemma="χωρίς"|Lang="G"|StrongNumber="G55650"|Morph="PI,,,,G,,,"|Type="Improper"|Case="Genitive"|English="without"
580040150181|ἁμαρτίας.|580040150111|ADV|Cat="noun"|Id="55"|morphId="580040150181"|Unicode="ἁμαρτίας."|Lemma="ἁμαρτία"|Lang="G"|StrongNumber="G02660"|Morph="N,,,,,GFS,"|Case="Genitive"|Gender="Feminine"|Number="Singular"|English="sin"
580040160021|οὖν|580040160011|conj|Cat="conj"|Id="3"|morphId="580040160021"|Unicode="οὖν"|Lemma="οὖν"|Lang="G"|StrongNumber="G37670"|Morph="CC,,,,,,,,"|Type="Coordinating"|English="therefore"
580040160011|προσερχώμεθα|None|CL|Cat="verb"|Id="8"|morphId="580040160011"|Unicode="προσερχώμεθα"|Lemma="προσέρχομαι"|Lang="G"|StrongNumber="G43340"|Morph="V,SPM1,,P,"|Mood="Subjunctive"|Tense="Present"|Voice="Middle"|Person="First"|Number="Plural"|English="let us approach"
580040160031|μετὰ|580040160041|prep|Cat="prep"|Id="11"|morphId="580040160031"|Unicode="μετὰ"|Lemma="μετά"|Lang="G"|StrongNumber="G33260"|Morph="P,,,,,G,,,"|Case="Genitive"|English="with"
580040160041|παρρησίας|580040160011|ADV|Cat="noun"|Id="13"|morphId="580040160041"|Unicode="παρρησίας"|Lemma="παρρησία"|Lang="G"|StrongNumber="G39540"|Morph="N,,,,,GFS,"|Case="Genitive"|Gender="Feminine"|Number="Singular"|English="confidence"
580040160051|τῷ|580040160061|det|Cat="det"|Id="16"|morphId="580040160051"|Unicode="τῷ"|Lemma="ὁ"|Lang="G"|StrongNumber="G35880"|Morph="EA,,,,DMS,"|Type="Article"|Case="Dative"|Gender="Masculine"|Number="Singular"|English="the"
580040160061|θρόνῳ|580040160011|ADV|Cat="noun"|Id="19"|morphId="580040160061"|Unicode="θρόνῳ"|Lemma="θρόνος"|Lang="G"|StrongNumber="G23620"|Morph="N,,,,,DMS,"|Case="Dative"|Gender="Masculine"|Number="Singular"|English="to ~ throne"
580040160071|τῆς|580040160081|det|Cat="det"|Id="21"|morphId="580040160071"|Unicode="τῆς"|Lemma="ὁ"|Lang="G"|StrongNumber="G35880"|Morph="EA,,,,GFS,"|Type="Article"|Case="Genitive"|Gender="Feminine"|Number="Singular"
580040160081|χάριτος,|580040160061|np|Cat="noun"|Id="23"|morphId="580040160081"|Unicode="χάριτος,"|Lemma="χάρις"|Lang="G"|StrongNumber="G54850"|Morph="N,,,,,GFS,"|Case="Genitive"|Gender="Feminine"|Number="Singular"|English="of grace"
580040160091|ἵνα|580040160101|conj|Cat="conj"|Id="25"|morphId="580040160091"|Unicode="ἵνα"|Lemma="ἵνα"|Lang="G"|StrongNumber="G24430"|Morph="CS,,,,,,,,"|Type="Subordinating"|English="so that"
580040160101|λάβωμεν|580040160011|CL|Cat="verb"|Id="30"|morphId="580040160101"|Unicode="λάβωμεν"|Lemma="λαμβάνω"|Lang="G"|StrongNumber="G29830"|Morph="V,SAA1,,P,"|Mood="Subjunctive"|Tense="Aorist"|Voice="Active"|Person="First"|Number="Plural"|English="we may receive"
580040160111|ἔλεος,|580040160101|O|Cat="noun"|Id="33"|morphId="580040160111"|Unicode="ἔλεος,"|Lemma="ἔλεος"|Lang="G"|StrongNumber="G16560"|Morph="N,,,,,ANS,"|Case="Accusative"|Gender="Neuter"|Number="Singular"|English="mercy"
580040160121|καὶ|580040160101|conj|Cat="conj"|Id="34"|morphId="580040160121"|Unicode="καὶ"|Lemma="καί"|Lang="G"|StrongNumber="G25320"|Morph="CC,,,,,,,,"|Type="Coordinating"|English="and"
580040160131|χάριν|580040160141|O|Cat="noun"|Id="38"|morphId="580040160131"|Unicode="χάριν"|Lemma="χάρις"|Lang="G"|StrongNumber="G54850"|Morph="N,,,,,AFS,"|Case="Accusative"|Gender="Feminine"|Number="Singular"|English="grace"
580040160141|εὕρωμεν,|580040160101|CL|Cat="verb"|Id="41"|morphId="580040160141"|Unicode="εὕρωμεν,"|Lemma="εὑρίσκω"|Lang="G"|StrongNumber="G21470"|Morph="V,SAA1,,P,"|Mood="Subjunctive"|Tense="Aorist"|Voice="Active"|Person="First"|Number="Plural"|English="find"
580040160151|εἰς|580040160171|prep|Cat="prep"|Id="44"|morphId="580040160151"|Unicode="εἰς"|Lemma="εἰς"|Lang="G"|StrongNumber="G15190"|Morph="P,,,,,A,,,"|Case="Accusative"|English="in"
580040160161|εὔκαιρον|580040160171|adjp|Cat="adj"|Id="47"|morphId="580040160161"|Unicode="εὔκαιρον"|Lemma="εὔκαιρος"|Lang="G"|StrongNumber="G21210"|Morph="AA,,,,AFS,"|Type="Ascriptive"|Case="Accusative"|Gender="Feminine"|Number="Singular"|English="time of need"
580040160171|βοήθειαν.|580040160141|ADV|Cat="noun"|Id="49"|morphId="580040160171"|Unicode="βοήθειαν."|Lemma="βοήθεια"|Lang="G"|StrongNumber="G09960"|Morph="N,,,,,AFS,"|Case="Accusative"|Gender="Feminine"|Number="Singular"|English="help"
