430020010011|καὶ|430020010071|conj|Cat="conj"|Id="3"|morphId="430020010011"|Unicode="καὶ"|Lemma="καί"|Lang="G"|StrongNumber="G25320"|Morph="CC,,,,,,,,"|Type="Coordinating"|English="and"
430020010021|τῇ|430020010031|det|Cat="det"|Id="8"|morphId="430020010021"|Unicode="τῇ"|Lemma="ὁ"|Lang="G"|StrongNumber="G35880"|Morph="EA,,,,DFS,"|Type="Article"|Case="Dative"|Gender="Feminine"|Number="Singular"|English="the"
430020010031|ἡμέρᾳ|430020010071|ADV|Cat="noun"|Id="11"|morphId="430020010031"|Unicode="ἡμέρᾳ"|Lemma="ἡμέρα"|Lang="G"|StrongNumber="G22500"|Morph="N,,,,,DFS,"|Case="Dative"|Gender="Feminine"|Number="Singular"|English="on ~ day"
430020010041|τῇ|430020010051|det|Cat="det"|Id="13"|morphId="430020010041"|Unicode="τῇ"|Lemma="ὁ"|Lang="G"|StrongNumber="G35880"|Morph="EA,,,,DFS,"|Type="Article"|Case="Dative"|Gender="Feminine"|Number="Singular"|English="the"
430020010051|τρίτῃ|430020010031|np|Cat="det"|Id="16"|morphId="430020010051"|Unicode="τρίτῃ"|Lemma="τρίτος"|Lang="G"|StrongNumber="G51540"|Morph="EO,,,,DFS,"|Type="Ordinal"|Case="Dative"|Gender="Feminine"|Number="Singular"|English="third"
430020010061|γάμος|430020010071|S|Cat="noun"|Id="19"|morphId="430020010061"|Unicode="γάμος"|Lemma="γάμος"|Lang="G"|StrongNumber="G10620"|Morph="N,,,,,NMS,"|Case="Nominative"|Gender="Masculine"|Number="Singular"|English="a wedding"
430020010071|ἐγένετο|None|CL|Cat="verb"|Id="22"|morphId="430020010071"|Unicode="ἐγένετο"|Lemma="γίνομαι"|Lang="G"|StrongNumber="G10960"|Morph="V,IAM3,,S,"|Mood="Indicative"|Tense="Aorist"|Voice="Middle"|Person="Third"|Number="Singular"|English="there was"
430020010081|ἐν|430020010091|prep|Cat="prep"|Id="25"|morphId="430020010081"|Unicode="ἐν"|Lemma="ἐν"|Lang="G"|StrongNumber="G17220"|Morph="P,,,,,D,,,"|Case="Dative"|English="in"
430020010091|Κανὰ|430020010071|ADV|Cat="noun"|Id="28"|morphId="430020010091"|Unicode="Κανὰ"|Lemma="Κανά"|Lang="G"|StrongNumber="G25800"|Morph="N,,,,,DFSI"|Case="Dative"|Gender="Feminine"|Number="Singular"|English="Cana"
430020010101|τῆς|430020010111|det|Cat="det"|Id="30"|morphId="430020010101"|Unicode="τῆς"|Lemma="ὁ"|Lang="G"|StrongNumber="G35880"|Morph="EA,,,,GFS,"|Type="Article"|Case="Genitive"|Gender="Feminine"|Number="Singular"
430020010111|Γαλιλαίας,|430020010091|np|Cat="noun"|Id="32"|morphId="430020010111"|Unicode="Γαλιλαίας,"|Lemma="Γαλιλαία"|Lang="G"|StrongNumber="G10560"|Morph="N,,,,,GFS,"|Case="Genitive"|Gender="Feminine"|Number="Singular"|English="of Galilee"
430020010121|καὶ|430020010071|conj|Cat="conj"|Id="33"|morphId="430020010121"|Unicode="καὶ"|Lemma="καί"|Lang="G"|StrongNumber="G25320"|Morph="CC,,,,,,,,"|Type="Coordinating"|English="and"
430020010131|ἦν|430020010181|VC|Cat="verb"|Id="37"|morphId="430020010131"|Unicode="ἦν"|Lemma="εἰμί"|Lang="G"|StrongNumber="G15100"|Morph="V,IIA3,,S,"|Mood="Indicative"|Tense="Imperfect"|Voice="Active"|Person="Third"|Number="Singular"|English="was"
430020010141|ἡ|430020010151|det|Cat="det"|Id="40"|morphId="430020010141"|Unicode="ἡ"|Lemma="ὁ"|Lang="G"|StrongNumber="G35880"|Morph="EA,,,,NFS,"|Type="Article"|Case="Nominative"|Gender="Feminine"|Number="Singular"|English="the"
430020010151|μήτηρ|430020010181|S|Cat="noun"|Id="43"|morphId="430020010151"|Unicode="μήτηρ"|Lemma="μήτηρ"|Lang="G"|StrongNumber="G33840"|Morph="N,,,,,NFS,"|Case="Nominative"|Gender="Feminine"|Number="Singular"|English="mother"
430020010161|τοῦ|430020010171|det|Cat="det"|Id="45"|morphId="430020010161"|Unicode="τοῦ"|Lemma="ὁ"|Lang="G"|StrongNumber="G35880"|Morph="EA,,,,GMS,"|Type="Article"|Case="Genitive"|Gender="Masculine"|Number="Singular"
430020010171|Ἰησοῦ|430020010151|np|Cat="noun"|Id="47"|morphId="430020010171"|Unicode="Ἰησοῦ"|Lemma="Ἰησοῦς"|Lang="G"|StrongNumber="G24240"|Morph="N,,,,,GMS,"|Case="Genitive"|Gender="Masculine"|Number="Singular"|English="of Jesus"
430020010181|ἐκεῖ.|430020010071|CL|Cat="adv"|Id="50"|morphId="430020010181"|Unicode="ἐκεῖ."|Lemma="ἐκεῖ"|Lang="G"|StrongNumber="G15630"|Morph="D,,,,,,,,,"|English="there"
430020020021|δὲ|430020020011|conj|Cat="conj"|Id="3"|morphId="430020020021"|Unicode="δὲ"|Lemma="δέ"|Lang="G"|StrongNumber="G11610"|Morph="CC,,,,,,,,"|Type="Coordinating"|English="and"
430020020011|ἐκλήθη|None|CL|Cat="verb"|Id="7"|morphId="430020020011"|Unicode="ἐκλήθη"|Lemma="καλέω"|Lang="G"|StrongNumber="G25640"|Morph="V,IAP3,,S,"|Mood="Indicative"|Tense="Aorist"|Voice="Passive"|Person="Third"|Number="Singular"|English="were invited"
430020020031|καὶ|430020020051|advp|Cat="adv"|Id="11"|morphId="430020020031"|Unicode="καὶ"|Lemma="καί"|Lang="G"|StrongNumber="G25320"|Morph="D,,,,,,,,,"|English="also"
430020020041|ὁ|430020020051|det|Cat="det"|Id="14"|morphId="430020020041"|Unicode="ὁ"|Lemma="ὁ"|Lang="G"|StrongNumber="G35880"|Morph="EA,,,,NMS,"|Type="Article"|Case="Nominative"|Gender="Masculine"|Number="Singular"
430020020051|Ἰησοῦς|430020020011|S|Cat="noun"|Id="16"|morphId="430020020051"|Unicode="Ἰησοῦς"|Lemma="Ἰησοῦς"|Lang="G"|StrongNumber="G24240"|Morph="N,,,,,NMS,"|Case="Nominative"|Gender="Masculine"|Number="Singular"|English="Jesus"
430020020061|καὶ|430020020051|conj|Cat="conj"|Id="17"|morphId="430020020061"|Unicode="καὶ"|Lemma="καί"|Lang="G"|StrongNumber="G25320"|Morph="CC,,,,,,,,"|Type="Coordinating"|English="and"
430020020071|οἱ|430020020081|det|Cat="det"|Id="19"|morphId="430020020071"|Unicode="οἱ"|Lemma="ὁ"|Lang="G"|StrongNumber="G35880"|Morph="EA,,,,NMP,"|Type="Article"|Case="Nominative"|Gender="Masculine"|Number="Plural"|English="the"
430020020081|μαθηταὶ|430020020051|np|Cat="noun"|Id="22"|morphId="430020020081"|Unicode="μαθηταὶ"|Lemma="μαθητής"|Lang="G"|StrongNumber="G31010"|Morph="N,,,,,NMP,"|Case="Nominative"|Gender="Masculine"|Number="Plural"|English="disciples"
430020020091|αὐτοῦ|430020020081|np|Cat="pron"|Id="24"|morphId="430020020091"|Unicode="αὐτοῦ"|Lemma="αὐτός"|Lang="G"|StrongNumber="G08460"|Morph="RP,,,3GMS,"|Type="Personal"|Person="Third"|Case="Genitive"|Gender="Masculine"|Number="Singular"|English="of him"
430020020101|εἰς|430020020121|prep|Cat="prep"|Id="27"|morphId="430020020101"|Unicode="εἰς"|Lemma="εἰς"|Lang="G"|StrongNumber="G15190"|Morph="P,,,,,A,,,"|Case="Accusative"|English="to"
430020020111|τὸν|430020020121|det|Cat="det"|Id="29"|morphId="430020020111"|Unicode="τὸν"|Lemma="ὁ"|Lang="G"|StrongNumber="G35880"|Morph="EA,,,,AMS,"|Type="Article"|Case="Accusative"|Gender="Masculine"|Number="Singular"|English="the"
430020020121|γάμον.|430020020011|ADV|Cat="noun"|Id="31"|morphId="430020020121"|Unicode="γάμον."|Lemma="γάμος"|Lang="G"|StrongNumber="G10620"|Morph="N,,,,,AMS,"|Case="Accusative"|Gender="Masculine"|Number="Singular"|English="wedding"
430020030011|καὶ|430020030041|conj|Cat="conj"|Id="3"|morphId="430020030011"|Unicode="καὶ"|Lemma="καί"|Lang="G"|StrongNumber="G25320"|Morph="CC,,,,,,,,"|Type="Coordinating"|English="and"
430020030021|ὑστερήσαντος|430020030041|CL|Cat="verb"|Id="8"|morphId="430020030021"|Unicode="ὑστερήσαντος"|Lemma="ὑστερέω"|Lang="G"|StrongNumber="G53020"|Morph="V,PAA,GMS,"|Mood="Participle"|Tense="Aorist"|Voice="Active"|Case="Genitive"|Gender="Masculine"|Number="Singular"|English="when ~ ran out"
430020030031|οἴνου,|430020030021|S|Cat="noun"|Id="11"|morphId="430020030031"|Unicode="οἴνου,"|Lemma="οἶνος"|Lang="G"|StrongNumber="G36310"|Morph="N,,,,,GMS,"|Case="Genitive"|Gender="Masculine"|Number="Singular"|English="wine"
430020030041|λέγει|None|CL|Cat="verb"|Id="16"|morphId="430020030041"|Unicode="λέγει"|Lemma="λέγω"|Lang="G"|StrongNumber="G30040"|Morph="V,IPA3,,S,"|Mood="Indicative"|Tense="Present"|Voice="Active"|Person="Third"|Number="Singular"|English="said"
430020030051|ἡ|430020030061|det|Cat="det"|Id="19"|morphId="430020030051"|Unicode="ἡ"|Lemma="ὁ"|Lang="G"|StrongNumber="G35880"|Morph="EA,,,,NFS,"|Type="Article"|Case="Nominative"|Gender="Feminine"|Number="Singular"|English="the"
430020030061|μήτηρ|430020030041|S|Cat="noun"|Id="22"|morphId="430020030061"|Unicode="μήτηρ"|Lemma="μήτηρ"|Lang="G"|StrongNumber="G33840"|Morph="N,,,,,NFS,"|Case="Nominative"|Gender="Feminine"|Number="Singular"|English="mother"
430020030071|τοῦ|430020030081|det|Cat="det"|Id="24"|morphId="430020030071"|Unicode="τοῦ"|Lemma="ὁ"|Lang="G"|StrongNumber="G35880"|Morph="EA,,,,GMS,"|Type="Article"|Case="Genitive"|Gender="Masculine"|Number="Singular"
430020030081|Ἰησοῦ|430020030061|np|Cat="noun"|Id="26"|morphId="430020030081"|Unicode="Ἰησοῦ"|Lemma="Ἰησοῦς"|Lang="G"|StrongNumber="G24240"|Morph="N,,,,,GMS,"|Case="Genitive"|Gender="Masculine"|Number="Singular"|English="of Jesus"
430020030091|πρὸς|430020030101|prep|Cat="prep"|Id="29"|morphId="430020030091"|Unicode="πρὸς"|Lemma="πρός"|Lang="G"|StrongNumber="G43140"|Morph="P,,,,,A,,,"|Case="Accusative"|English="to"
430020030101|αὐτόν,|430020030041|ADV|Cat="pron"|Id="31"|morphId="430020030101"|Unicode="αὐτόν,"|Lemma="αὐτός"|Lang="G"|StrongNumber="G08460"|Morph="RP,,,3AMS,"|Type="Personal"|Person="Third"|Case="Accusative"|Gender="Masculine"|Number="Singular"|English="him"
430020030111|οἶνον|430020030131|O|Cat="noun"|Id="35"|morphId="430020030111"|Unicode="οἶνον"|Lemma="οἶνος"|Lang="G"|StrongNumber="G36310"|Morph="N,,,,,AMS,"|Case="Accusative"|Gender="Masculine"|Number="Singular"|English="wine"
430020030121|οὐκ|430020030131|ADV|Cat="adv"|Id="38"|morphId="430020030121"|Unicode="οὐκ"|Lemma="οὐ"|Lang="G"|StrongNumber="G37560"|Morph="D,,,,,,,,,"|English="no"
430020030131|ἔχουσιν.|430020030041|CL|Cat="verb"|Id="41"|morphId="430020030131"|Unicode="ἔχουσιν."|Lemma="ἔχω"|Lang="G"|StrongNumber="G21920"|Morph="V,IPA3,,P,"|Mood="Indicative"|Tense="Present"|Voice="Active"|Person="Third"|Number="Plural"|English="they have"
430020040011|καὶ|430020040021|conj|Cat="conj"|Id="3"|morphId="430020040011"|Unicode="καὶ"|Lemma="καί"|Lang="G"|StrongNumber="G25320"|Morph="CC,,,,,,,,"|Type="Coordinating"|English="and"
430020040021|λέγει|None|CL|Cat="verb"|Id="8"|morphId="430020040021"|Unicode="λέγει"|Lemma="λέγω"|Lang="G"|StrongNumber="G30040"|Morph="V,IPA3,,S,"|Mood="Indicative"|Tense="Present"|Voice="Active"|Person="Third"|Number="Singular"|English="said"
430020040031|αὐτῇ|430020040021|IO|Cat="pron"|Id="11"|morphId="430020040031"|Unicode="αὐτῇ"|Lemma="αὐτός"|Lang="G"|StrongNumber="G08460"|Morph="RP,,,3DFS,"|Type="Personal"|Person="Third"|Case="Dative"|Gender="Feminine"|Number="Singular"|English="to her"
430020040041|ὁ|430020040051|det|Cat="det"|Id="14"|morphId="430020040041"|Unicode="ὁ"|Lemma="ὁ"|Lang="G"|StrongNumber="G35880"|Morph="EA,,,,NMS,"|Type="Article"|Case="Nominative"|Gender="Masculine"|Number="Singular"
430020040051|Ἰησοῦς,|430020040021|S|Cat="noun"|Id="16"|morphId="430020040051"|Unicode="Ἰησοῦς,"|Lemma="Ἰησοῦς"|Lang="G"|StrongNumber="G24240"|Morph="N,,,,,NMS,"|Case="Nominative"|Gender="Masculine"|Number="Singular"|English="Jesus"
430020040061|τί|430020040071|S|Cat="pron"|Id="22"|morphId="430020040061"|Unicode="τί"|Lemma="τίς"|Lang="G"|StrongNumber="G51010"|Morph="RT,,,,NNS,"|Type="Interrogative"|Case="Nominative"|Gender="Neuter"|Number="Singular"|English="what"
430020040071|ἐμοὶ|430020040021|CL|Cat="pron"|Id="26"|morphId="430020040071"|Unicode="ἐμοὶ"|Lemma="ἐγώ"|Lang="G"|StrongNumber="G14730"|Morph="RP,,,1D,S,"|Type="Personal"|Person="First"|Case="Dative"|Number="Singular"|English="to me"
430020040081|καὶ|430020040071|conj|Cat="conj"|Id="27"|morphId="430020040081"|Unicode="καὶ"|Lemma="καί"|Lang="G"|StrongNumber="G25320"|Morph="CC,,,,,,,,"|Type="Coordinating"|English="and"
430020040091|σοί,|430020040071|np|Cat="pron"|Id="29"|morphId="430020040091"|Unicode="σοί,"|Lemma="σύ"|Lang="G"|StrongNumber="G47710"|Morph="RP,,,2D,S,"|Type="Personal"|Person="Second"|Case="Dative"|Number="Singular"|English="to you"
430020040101|γύναι?|430020040071|CL|Cat="noun"|Id="32"|morphId="430020040101"|Unicode="γύναι?"|Lemma="γυνή"|Lang="G"|StrongNumber="G11350"|Morph="N,,,,,VFS,"|Case="Vocative"|Gender="Feminine"|Number="Singular"|English="woman"
430020040111|οὔπω|430020040121|ADV|Cat="adv"|Id="36"|morphId="430020040111"|Unicode="οὔπω"|Lemma="οὔπω"|Lang="G"|StrongNumber="G37680"|Morph="D,,,,,,,,,"|English="not yet"
430020040121|ἥκει|430020040071|CL|Cat="verb"|Id="39"|morphId="430020040121"|Unicode="ἥκει"|Lemma="ἥκω"|Lang="G"|StrongNumber="G22400"|Morph="V,IPA3,,S,"|Mood="Indicative"|Tense="Present"|Voice="Active"|Person="Third"|Number="Singular"|English="has ~ come"
430020040131|ἡ|430020040141|det|Cat="det"|Id="42"|morphId="430020040131"|Unicode="ἡ"|Lemma="ὁ"|Lang="G"|StrongNumber="G35880"|Morph="EA,,,,NFS,"|Type="Article"|Case="Nominative"|Gender="Feminine"|Number="Singular"|English="the"
430020040141|ὥρα|430020040121|S|Cat="noun"|Id="45"|morphId="430020040141"|Unicode="ὥρα"|Lemma="ὥρα"|Lang="G"|StrongNumber="G56100"|Morph="N,,,,,NFS,"|Case="Nominative"|Gender="Feminine"|Number="Singular"|English="hour"
430020040151|μου.|430020040141|np|Cat="pron"|Id="47"|morphId="430020040151"|Unicode="μου."|Lemma="ἐγώ"|Lang="G"|StrongNumber="G14730"|Morph="RP,,,1G,S,"|Type="Personal"|Person="First"|Case="Genitive"|Number="Singular"|English="of me"
430020050011|λέγει|None|CL|Cat="verb"|Id="6"|morphId="430020050011"|Unicode="λέγει"|Lemma="λέγω"|Lang="G"|StrongNumber="G30040"|Morph="V,IPA3,,S,"|Mood="Indicative"|Tense="Present"|Voice="Active"|Person="Third"|Number="Singular"|English="said"
430020050021|ἡ|430020050031|det|Cat="det"|Id="9"|morphId="430020050021"|Unicode="ἡ"|Lemma="ὁ"|Lang="G"|StrongNumber="G35880"|Morph="EA,,,,NFS,"|Type="Article"|Case="Nominative"|Gender="Feminine"|Number="Singular"|English="the"
430020050031|μήτηρ|430020050011|S|Cat="noun"|Id="12"|morphId="430020050031"|Unicode="μήτηρ"|Lemma="μήτηρ"|Lang="G"|StrongNumber="G33840"|Morph="N,,,,,NFS,"|Case="Nominative"|Gender="Feminine"|Number="Singular"|English="mother"
430020050041|αὐτοῦ|430020050031|np|Cat="pron"|Id="14"|morphId="430020050041"|Unicode="αὐτοῦ"|Lemma="αὐτός"|Lang="G"|StrongNumber="G08460"|Morph="RP,,,3GMS,"|Type="Personal"|Person="Third"|Case="Genitive"|Gender="Masculine"|Number="Singular"|English="of him"
430020050051|τοῖς|430020050061|det|Cat="det"|Id="17"|morphId="430020050051"|Unicode="τοῖς"|Lemma="ὁ"|Lang="G"|StrongNumber="G35880"|Morph="EA,,,,DMP,"|Type="Article"|Case="Dative"|Gender="Masculine"|Number="Plural"|English="the"
430020050061|διακόνοις,|430020050011|IO|Cat="noun"|Id="19"|morphId="430020050061"|Unicode="διακόνοις,"|Lemma="διάκονος"|Lang="G"|StrongNumber="G12490"|Morph="N,,,,,DMP,"|Case="Dative"|Gender="Masculine"|Number="Plural"|English="to ~ servants"
430020050081|τι|430020050121|O|Cat="pron"|Id="24"|morphId="430020050081"|Unicode="τι"|Lemma="τις"|Lang="G"|StrongNumber="G51000"|Morph="RI,,,,ANS,"|Type="Indefinite"|Case="Accusative"|Gender="Neuter"|Number="Singular"
430020050091|ἂν|430020050101|ptcl|Cat="ptcl"|Id="26"|morphId="430020050091"|Unicode="ἂν"|Lemma="ἄν"|Lang="G"|StrongNumber="G03020"|Morph="T,,,,,,,,,"
430020050071|ὅ|430020050101|O|Cat="pron"|Id="30"|morphId="430020050071"|Unicode="ὅ"|Lemma="ὅς"|Lang="G"|StrongNumber="G37390"|Morph="RR,,,,ANS,"|Type="Relative"|Case="Accusative"|Gender="Neuter"|Number="Singular"|English="whatever"
430020050101|λέγῃ|430020050081|CL|Cat="verb"|Id="33"|morphId="430020050101"|Unicode="λέγῃ"|Lemma="λέγω"|Lang="G"|StrongNumber="G30040"|Morph="V,SPA3,,S,"|Mood="Subjunctive"|Tense="Present"|Voice="Active"|Person="Third"|Number="Singular"|English="he tells"
430020050111|ὑμῖν|430020050101|IO|Cat="pron"|Id="36"|morphId="430020050111"|Unicode="ὑμῖν"|Lemma="σύ"|Lang="G"|StrongNumber="G47710"|Morph="RP,,,2D,P,"|Type="Personal"|Person="Second"|Case="Dative"|Number="Plural"|English="you"
430020050121|ποιήσατε.|430020050011|CL|Cat="verb"|Id="39"|morphId="430020050121"|Unicode="ποιήσατε."|Lemma="ποιέω"|Lang="G"|StrongNumber="G41600"|Morph="V,MAA2,,P,"|Mood="Imperative"|Tense="Aorist"|Voice="Active"|Person="Second"|Number="Plural"|English="do"
430020060021|δὲ|430020060121|conj|Cat="conj"|Id="3"|morphId="430020060021"|Unicode="δὲ"|Lemma="δέ"|Lang="G"|StrongNumber="G11610"|Morph="CC,,,,,,,,"|Type="Coordinating"|English="now"
430020060011|ἦσαν|430020060121|verb|Cat="verb"|Id="7"|morphId="430020060011"|Unicode="ἦσαν"|Lemma="εἰμί"|Lang="G"|StrongNumber="G15100"|Morph="V,IIA3,,P,"|Mood="Indicative"|Tense="Imperfect"|Voice="Active"|Person="Third"|Number="Plural"|English="there were"
430020060121|κείμεναι,|None|CL|Cat="verb"|Id="9"|morphId="430020060121"|Unicode="κείμεναι,"|Lemma="κεῖμαι"|Lang="G"|StrongNumber="G27490"|Morph="V,PPM,NFP,"|Mood="Participle"|Tense="Present"|Voice="Middle"|Case="Nominative"|Gender="Feminine"|Number="Plural"|English="set"
430020060031|ἐκεῖ|430020060121|ADV|Cat="adv"|Id="12"|morphId="430020060031"|Unicode="ἐκεῖ"|Lemma="ἐκεῖ"|Lang="G"|StrongNumber="G15630"|Morph="D,,,,,,,,,"|English="there"
430020060041|λίθιναι|430020060051|adjp|Cat="adj"|Id="19"|morphId="430020060041"|Unicode="λίθιναι"|Lemma="λίθινος"|Lang="G"|StrongNumber="G30350"|Morph="AA,,,,NFP,"|Type="Ascriptive"|Case="Nominative"|Gender="Feminine"|Number="Plural"|English="stone"
430020060051|ὑδρίαι|430020060121|S|Cat="noun"|Id="21"|morphId="430020060051"|Unicode="ὑδρίαι"|Lemma="ὑδρία"|Lang="G"|StrongNumber="G52010"|Morph="N,,,,,NFP,"|Case="Nominative"|Gender="Feminine"|Number="Plural"|English="water jars"
430020060061|ἓξ|430020060051|nump|Cat="det"|Id="24"|morphId="430020060061"|Unicode="ἓξ"|Lemma="ἕξ"|Lang="G"|StrongNumber="G18030"|Morph="EN,,,,NFPI"|Type="Number"|Case="Nominative"|Gender="Feminine"|Number="Plural"|English="six"
430020060071|κατὰ|430020060091|prep|Cat="prep"|Id="26"|morphId="430020060071"|Unicode="κατὰ"|Lemma="κατά"|Lang="G"|StrongNumber="G25960"|Morph="P,,,,,A,,,"|Case="Accusative"|English="for"
430020060081|τὸν|430020060091|det|Cat="det"|Id="28"|morphId="430020060081"|Unicode="τὸν"|Lemma="ὁ"|Lang="G"|StrongNumber="G35880"|Morph="EA,,,,AMS,"|Type="Article"|Case="Accusative"|Gender="Masculine"|Number="Singular"|English="the"
430020060091|καθαρισμὸν|430020060051|pp|Cat="noun"|Id="31"|morphId="430020060091"|Unicode="καθαρισμὸν"|Lemma="καθαρισμός"|Lang="G"|StrongNumber="G25120"|Morph="N,,,,,AMS,"|Case="Accusative"|Gender="Masculine"|Number="Singular"|English="rites of purification"
430020060101|τῶν|430020060111|det|Cat="det"|Id="33"|morphId="430020060101"|Unicode="τῶν"|Lemma="ὁ"|Lang="G"|StrongNumber="G35880"|Morph="EA,,,,GMP,"|Type="Article"|Case="Genitive"|Gender="Masculine"|Number="Plural"|English="the"
430020060111|Ἰουδαίων|430020060091|np|Cat="noun"|Id="35"|morphId="430020060111"|Unicode="Ἰουδαίων"|Lemma="Ἰουδαῖος"|Lang="G"|StrongNumber="G24530"|Morph="NS,,,,GMP,"|Type="Substantive_Adj"|Case="Genitive"|Gender="Masculine"|Number="Plural"|English="jewish"
430020060131|χωροῦσαι|430020060051|adjp|Cat="verb"|Id="40"|morphId="430020060131"|Unicode="χωροῦσαι"|Lemma="χωρέω"|Lang="G"|StrongNumber="G55620"|Morph="V,PPA,NFP,"|Mood="Participle"|Tense="Present"|Voice="Active"|Case="Nominative"|Gender="Feminine"|Number="Plural"|English="holding"
430020060141|ἀνὰ|430020060131|ADV|Cat="adv"|Id="43"|morphId="430020060141"|Unicode="ἀνὰ"|Lemma="ἀνά"|Lang="G"|StrongNumber="G03030"|Morph="D,,,,,,,,,"|English="each"
430020060151|μετρητὰς|430020060131|O|Cat="noun"|Id="47"|morphId="430020060151"|Unicode="μετρητὰς"|Lemma="μετρητής"|Lang="G"|StrongNumber="G33550"|Morph="N,,,,,AMP,"|Case="Accusative"|Gender="Masculine"|Number="Plural"|English="measures"
430020060161|δύο|430020060151|nump|Cat="det"|Id="51"|morphId="430020060161"|Unicode="δύο"|Lemma="δύο"|Lang="G"|StrongNumber="G14170"|Morph="EN,,,,AMP,"|Type="Number"|Case="Accusative"|Gender="Masculine"|Number="Plural"|English="two"
430020060171|ἢ|430020060161|conj|Cat="conj"|Id="52"|morphId="430020060171"|Unicode="ἢ"|Lemma="ἤ"|Lang="G"|StrongNumber="G22280"|Morph="CC,,,,,,,,"|Type="Coordinating"|English="or"
430020060181|τρεῖς.|430020060161|nump|Cat="det"|Id="55"|morphId="430020060181"|Unicode="τρεῖς."|Lemma="τρεῖς"|Lang="G"|StrongNumber="G51400"|Morph="EN,,,,AMP,"|Type="Number"|Case="Accusative"|Gender="Masculine"|Number="Plural"|English="three"
430020070011|λέγει|None|CL|Cat="verb"|Id="6"|morphId="430020070011"|Unicode="λέγει"|Lemma="λέγω"|Lang="G"|StrongNumber="G30040"|Morph="V,IPA3,,S,"|Mood="Indicative"|Tense="Present"|Voice="Active"|Person="Third"|Number="Singular"|English="said"
430020070021|αὐτοῖς|430020070011|IO|Cat="pron"|Id="9"|morphId="430020070021"|Unicode="αὐτοῖς"|Lemma="αὐτός"|Lang="G"|StrongNumber="G08460"|Morph="RP,,,3DMP,"|Type="Personal"|Person="Third"|Case="Dative"|Gender="Masculine"|Number="Plural"|English="to them"
430020070031|ὁ|430020070041|det|Cat="det"|Id="12"|morphId="430020070031"|Unicode="ὁ"|Lemma="ὁ"|Lang="G"|StrongNumber="G35880"|Morph="EA,,,,NMS,"|Type="Article"|Case="Nominative"|Gender="Masculine"|Number="Singular"
430020070041|Ἰησοῦς,|430020070011|S|Cat="noun"|Id="14"|morphId="430020070041"|Unicode="Ἰησοῦς,"|Lemma="Ἰησοῦς"|Lang="G"|StrongNumber="G24240"|Morph="N,,,,,NMS,"|Case="Nominative"|Gender="Masculine"|Number="Singular"|English="Jesus"
430020070051|γεμίσατε|430020070011|CL|Cat="verb"|Id="18"|morphId="430020070051"|Unicode="γεμίσατε"|Lemma="γεμίζω"|Lang="G"|StrongNumber="G10720"|Morph="V,MAA2,,P,"|Mood="Imperative"|Tense="Aorist"|Voice="Active"|Person="Second"|Number="Plural"|English="fill"
430020070061|τὰς|430020070071|det|Cat="det"|Id="21"|morphId="430020070061"|Unicode="τὰς"|Lemma="ὁ"|Lang="G"|StrongNumber="G35880"|Morph="EA,,,,AFP,"|Type="Article"|Case="Accusative"|Gender="Feminine"|Number="Plural"|English="the"
430020070071|ὑδρίας|430020070051|O|Cat="noun"|Id="23"|morphId="430020070071"|Unicode="ὑδρίας"|Lemma="ὑδρία"|Lang="G"|StrongNumber="G52010"|Morph="N,,,,,AFP,"|Case="Accusative"|Gender="Feminine"|Number="Plural"|English="jars"
430020070081|ὕδατος.|430020070051|ADV|Cat="noun"|Id="26"|morphId="430020070081"|Unicode="ὕδατος."|Lemma="ὕδωρ"|Lang="G"|StrongNumber="G52040"|Morph="N,,,,,GNS,"|Case="Genitive"|Gender="Neuter"|Number="Singular"|English="with water"
430020070091|καὶ|430020070101|conj|Cat="conj"|Id="28"|morphId="430020070091"|Unicode="καὶ"|Lemma="καί"|Lang="G"|StrongNumber="G25320"|Morph="CC,,,,,,,,"|Type="Coordinating"|English="and"
430020070101|ἐγέμισαν|430020070011|CL|Cat="verb"|Id="32"|morphId="430020070101"|Unicode="ἐγέμισαν"|Lemma="γεμίζω"|Lang="G"|StrongNumber="G10720"|Morph="V,IAA3,,P,"|Mood="Indicative"|Tense="Aorist"|Voice="Active"|Person="Third"|Number="Plural"|English="they filled"
430020070111|αὐτὰς|430020070101|O|Cat="pron"|Id="35"|morphId="430020070111"|Unicode="αὐτὰς"|Lemma="αὐτός"|Lang="G"|StrongNumber="G08460"|Morph="RP,,,3AFP,"|Type="Personal"|Person="Third"|Case="Accusative"|Gender="Feminine"|Number="Plural"|English="them"
430020070121|ἕως|430020070131|prep|Cat="prep"|Id="38"|morphId="430020070121"|Unicode="ἕως"|Lemma="ἕως"|Lang="G"|StrongNumber="G21930"|Morph="PI,,,,,,,,"|Type="Improper"|English="up to"
430020070131|ἄνω.|430020070101|ADV|Cat="adv"|Id="41"|morphId="430020070131"|Unicode="ἄνω."|Lemma="ἄνω"|Lang="G"|StrongNumber="G05070"|Morph="D,,,,,,,,,"|English="brim"
430020080011|καὶ|430020080021|conj|Cat="conj"|Id="3"|morphId="430020080011"|Unicode="καὶ"|Lemma="καί"|Lang="G"|StrongNumber="G25320"|Morph="CC,,,,,,,,"|Type="Coordinating"|English="and"
430020080021|λέγει|None|CL|Cat="verb"|Id="8"|morphId="430020080021"|Unicode="λέγει"|Lemma="λέγω"|Lang="G"|StrongNumber="G30040"|Morph="V,IPA3,,S,"|Mood="Indicative"|Tense="Present"|Voice="Active"|Person="Third"|Number="Singular"|English="he said"
430020080031|αὐτοῖς,|430020080021|IO|Cat="pron"|Id="11"|morphId="430020080031"|Unicode="αὐτοῖς,"|Lemma="αὐτός"|Lang="G"|StrongNumber="G08460"|Morph="RP,,,3DMP,"|Type="Personal"|Person="Third"|Case="Dative"|Gender="Masculine"|Number="Plural"|English="to them"
430020080041|ἀντλήσατε|430020080021|CL|Cat="verb"|Id="16"|morphId="430020080041"|Unicode="ἀντλήσατε"|Lemma="ἀντλέω"|Lang="G"|StrongNumber="G05010"|Morph="V,MAA2,,P,"|Mood="Imperative"|Tense="Aorist"|Voice="Active"|Person="Second"|Number="Plural"|English="draw ~ out"
430020080051|νῦν|430020080041|ADV|Cat="adv"|Id="19"|morphId="430020080051"|Unicode="νῦν"|Lemma="νῦν"|Lang="G"|StrongNumber="G35680"|Morph="D,,,,,,,,,"|English="now"
430020080061|καὶ|430020080041|conj|Cat="conj"|Id="20"|morphId="430020080061"|Unicode="καὶ"|Lemma="καί"|Lang="G"|StrongNumber="G25320"|Morph="CC,,,,,,,,"|Type="Coordinating"|English="and"
430020080071|φέρετε|430020080041|CL|Cat="verb"|Id="24"|morphId="430020080071"|Unicode="φέρετε"|Lemma="φέρω"|Lang="G"|StrongNumber="G53420"|Morph="V,MPA2,,P,"|Mood="Imperative"|Tense="Present"|Voice="Active"|Person="Second"|Number="Plural"|English="take"
430020080081|τῷ|430020080091|det|Cat="det"|Id="27"|morphId="430020080081"|Unicode="τῷ"|Lemma="ὁ"|Lang="G"|StrongNumber="G35880"|Morph="EA,,,,DMS,"|Type="Article"|Case="Dative"|Gender="Masculine"|Number="Singular"|English="the"
430020080091|ἀρχιτρικλίνῳ.|430020080071|IO|Cat="noun"|Id="29"|morphId="430020080091"|Unicode="ἀρχιτρικλίνῳ."|Lemma="ἀρχιτρίκλινος"|Lang="G"|StrongNumber="G07550"|Morph="N,,,,,DMS,"|Case="Dative"|Gender="Masculine"|Number="Singular"|English="to ~ headwaiter"
430020080111|δὲ|430020080121|conj|Cat="conj"|Id="31"|morphId="430020080111"|Unicode="δὲ"|Lemma="δέ"|Lang="G"|StrongNumber="G11610"|Morph="CC,,,,,,,,"|Type="Coordinating"|English="so"
430020080101|οἱ|430020080121|S|Cat="pron"|Id="35"|morphId="430020080101"|Unicode="οἱ"|Lemma="ὁ"|Lang="G"|StrongNumber="G35880"|Morph="RP,,,,NMP,"|Type="Personal"|Case="Nominative"|Gender="Masculine"|Number="Plural"|English="they"
430020080121|ἤνεγκαν.|430020080021|CL|Cat="verb"|Id="38"|morphId="430020080121"|Unicode="ἤνεγκαν."|Lemma="φέρω"|Lang="G"|StrongNumber="G53420"|Morph="V,IAA3,,P,"|Mood="Indicative"|Tense="Aorist"|Voice="Active"|Person="Third"|Number="Plural"|English="took"
430020090021|δὲ|430020090231|conj|Cat="conj"|Id="3"|morphId="430020090021"|Unicode="δὲ"|Lemma="δέ"|Lang="G"|StrongNumber="G11610"|Morph="CC,,,,,,,,"|Type="Coordinating"|English="now"
430020090011|ὡς|430020090031|conj|Cat="conj"|Id="6"|morphId="430020090011"|Unicode="ὡς"|Lemma="ὡς"|Lang="G"|StrongNumber="G56130"|Morph="CS,,,,,,,,"|Type="Subordinating"|English="when"
430020090031|ἐγεύσατο|430020090231|CL|Cat="verb"|Id="11"|morphId="430020090031"|Unicode="ἐγεύσατο"|Lemma="γεύομαι"|Lang="G"|StrongNumber="G10890"|Morph="V,IAM3,,S,"|Mood="Indicative"|Tense="Aorist"|Voice="Middle"|Person="Third"|Number="Singular"|English="tasted"
430020090041|ὁ|430020090051|det|Cat="det"|Id="14"|morphId="430020090041"|Unicode="ὁ"|Lemma="ὁ"|Lang="G"|StrongNumber="G35880"|Morph="EA,,,,NMS,"|Type="Article"|Case="Nominative"|Gender="Masculine"|Number="Singular"|English="the"
430020090051|ἀρχιτρίκλινος|430020090031|S|Cat="noun"|Id="16"|morphId="430020090051"|Unicode="ἀρχιτρίκλινος"|Lemma="ἀρχιτρίκλινος"|Lang="G"|StrongNumber="G07550"|Morph="N,,,,,NMS,"|Case="Nominative"|Gender="Masculine"|Number="Singular"|English="headwaiter"
430020090061|τὸ|430020090071|det|Cat="det"|Id="20"|morphId="430020090061"|Unicode="τὸ"|Lemma="ὁ"|Lang="G"|StrongNumber="G35880"|Morph="EA,,,,ANS,"|Type="Article"|Case="Accusative"|Gender="Neuter"|Number="Singular"|English="the"
430020090071|ὕδωρ|430020090031|O|Cat="noun"|Id="22"|morphId="430020090071"|Unicode="ὕδωρ"|Lemma="ὕδωρ"|Lang="G"|StrongNumber="G52040"|Morph="N,,,,,ANS,"|Case="Accusative"|Gender="Neuter"|Number="Singular"|English="water"
430020090081|οἶνον|430020090071|np|Cat="noun"|Id="27"|morphId="430020090081"|Unicode="οἶνον"|Lemma="οἶνος"|Lang="G"|StrongNumber="G36310"|Morph="N,,,,,AMS,"|Case="Accusative"|Gender="Masculine"|Number="Singular"|English="wine"
430020090091|γεγενημένον,|430020090081|VC|Cat="verb"|Id="30"|morphId="430020090091"|Unicode="γεγενημένον,"|Lemma="γίνομαι"|Lang="G"|StrongNumber="G10960"|Morph="V,PEP,ANS,"|Mood="Participle"|Tense="Perfect"|Voice="Passive"|Case="Accusative"|Gender="Neuter"|Number="Singular"|English="which had become"
430020090101|καὶ|430020090031|conj|Cat="conj"|Id="31"|morphId="430020090101"|Unicode="καὶ"|Lemma="καί"|Lang="G"|StrongNumber="G25320"|Morph="CC,,,,,,,,"|Type="Coordinating"|English="and"
430020090111|οὐκ|430020090121|ADV|Cat="adv"|Id="37"|morphId="430020090111"|Unicode="οὐκ"|Lemma="οὐ"|Lang="G"|StrongNumber="G37560"|Morph="D,,,,,,,,,"|English="not"
430020090121|ᾔδει|430020090031|CL|Cat="verb"|Id="40"|morphId="430020090121"|Unicode="ᾔδει"|Lemma="εἴδω"|Lang="G"|StrongNumber="G14920"|Morph="V,ILA3,,S,"|Mood="Indicative"|Tense="Pluperfect"|Voice="Active"|Person="Third"|Number="Singular"|English="did ~ know"
430020090131|πόθεν|430020090121|CL|Cat="adv"|Id="44"|morphId="430020090131"|Unicode="πόθεν"|Lemma="πόθεν"|Lang="G"|StrongNumber="G41590"|Morph="D,,,,,,,,,"|English="where ~ from"
430020090141|ἐστίν,|430020090131|VC|Cat="verb"|Id="47"|morphId="430020090141"|Unicode="ἐστίν,"|Lemma="εἰμί"|Lang="G"|StrongNumber="G15100"|Morph="V,IPA3,,S,"|Mood="Indicative"|Tense="Present"|Voice="Active"|Person="Third"|Number="Singular"|English="it came"
430020090161|δὲ|430020090121|conj|Cat="conj"|Id="48"|morphId="430020090161"|Unicode="δὲ"|Lemma="δέ"|Lang="G"|StrongNumber="G11610"|Morph="CC,,,,,,,,"|Type="Coordinating"|English="though"
430020090181|ᾔδεισαν,|430020090121|CL|Cat="verb"|Id="52"|morphId="430020090181"|Unicode="ᾔδεισαν,"|Lemma="εἴδω"|Lang="G"|StrongNumber="G14920"|Morph="V,ILA3,,P,"|Mood="Indicative"|Tense="Pluperfect"|Voice="Active"|Person="Third"|Number="Plural"|English="knew"
430020090151|οἱ|430020090171|det|Cat="det"|Id="56"|morphId="430020090151"|Unicode="οἱ"|Lemma="ὁ"|Lang="G"|StrongNumber="G35880"|Morph="EA,,,,NMP,"|Type="Article"|Case="Nominative"|Gender="Masculine"|Number="Plural"|English="the"
430020090171|διάκονοι|430020090181|S|Cat="noun"|Id="58"|morphId="430020090171"|Unicode="διάκονοι"|Lemma="διάκονος"|Lang="G"|StrongNumber="G12490"|Morph="N,,,,,NMP,"|Case="Nominative"|Gender="Masculine"|Number="Plural"|English="servants"
430020090191|οἱ|430020090201|det|Cat="pron"|Id="61"|morphId="430020090191"|Unicode="οἱ"|Lemma="ὁ"|Lang="G"|StrongNumber="G35880"|Morph="RD,,,,NMP,"|Type="Demonstrative"|Case="Nominative"|Gender="Masculine"|Number="Plural"|English="the ones"
430020090201|ἠντληκότες|430020090171|np|Cat="verb"|Id="65"|morphId="430020090201"|Unicode="ἠντληκότες"|Lemma="ἀντλέω"|Lang="G"|StrongNumber="G05010"|Morph="V,PEA,NMP,"|Mood="Participle"|Tense="Perfect"|Voice="Active"|Case="Nominative"|Gender="Masculine"|Number="Plural"|English="who had drawn"
430020090211|τὸ|430020090221|det|Cat="det"|Id="68"|morphId="430020090211"|Unicode="τὸ"|Lemma="ὁ"|Lang="G"|StrongNumber="G35880"|Morph="EA,,,,ANS,"|Type="Article"|Case="Accusative"|Gender="Neuter"|Number="Singular"|English="the"
430020090221|ὕδωρ,|430020090201|O|Cat="noun"|Id="70"|morphId="430020090221"|Unicode="ὕδωρ,"|Lemma="ὕδωρ"|Lang="G"|StrongNumber="G52040"|Morph="N,,,,,ANS,"|Case="Accusative"|Gender="Neuter"|Number="Singular"|English="water"
430020090231|φωνεῖ|None|CL|Cat="verb"|Id="74"|morphId="430020090231"|Unicode="φωνεῖ"|Lemma="φωνέω"|Lang="G"|StrongNumber="G54550"|Morph="V,IPA3,,S,"|Mood="Indicative"|Tense="Present"|Voice="Active"|Person="Third"|Number="Singular"|English="called"
430020090241|τὸν|430020090251|det|Cat="det"|Id="77"|morphId="430020090241"|Unicode="τὸν"|Lemma="ὁ"|Lang="G"|StrongNumber="G35880"|Morph="EA,,,,AMS,"|Type="Article"|Case="Accusative"|Gender="Masculine"|Number="Singular"|English="the"
430020090251|νυμφίον|430020090231|O|Cat="noun"|Id="79"|morphId="430020090251"|Unicode="νυμφίον"|Lemma="νυμφίος"|Lang="G"|StrongNumber="G35660"|Morph="N,,,,,AMS,"|Case="Accusative"|Gender="Masculine"|Number="Singular"|English="bridegroom"
430020090261|ὁ|430020090271|det|Cat="det"|Id="82"|morphId="430020090261"|Unicode="ὁ"|Lemma="ὁ"|Lang="G"|StrongNumber="G35880"|Morph="EA,,,,NMS,"|Type="Article"|Case="Nominative"|Gender="Masculine"|Number="Singular"|English="the"
430020090271|ἀρχιτρίκλινος|430020090231|S|Cat="noun"|Id="84"|morphId="430020090271"|Unicode="ἀρχιτρίκλινος"|Lemma="ἀρχιτρίκλινος"|Lang="G"|StrongNumber="G07550"|Morph="N,,,,,NMS,"|Case="Nominative"|Gender="Masculine"|Number="Singular"|English="master of the feast"
430020100011|καὶ|430020100021|conj|Cat="conj"|Id="3"|morphId="430020100011"|Unicode="καὶ"|Lemma="καί"|Lang="G"|StrongNumber="G25320"|Morph="CC,,,,,,,,"|Type="Coordinating"|English="and"
430020100021|λέγει|None|CL|Cat="verb"|Id="8"|morphId="430020100021"|Unicode="λέγει"|Lemma="λέγω"|Lang="G"|StrongNumber="G30040"|Morph="V,IPA3,,S,"|Mood="Indicative"|Tense="Present"|Voice="Active"|Person="Third"|Number="Singular"|English="said"
430020100031|αὐτῷ,|430020100021|IO|Cat="pron"|Id="11"|morphId="430020100031"|Unicode="αὐτῷ,"|Lemma="αὐτός"|Lang="G"|StrongNumber="G08460"|Morph="RP,,,3DMS,"|Type="Personal"|Person="Third"|Case="Dative"|Gender="Masculine"|Number="Singular"|English="to him"
430020100041|πᾶς|430020100051|adjp|Cat="det"|Id="19"|morphId="430020100041"|Unicode="πᾶς"|Lemma="πᾶς"|Lang="G"|StrongNumber="G39560"|Morph="EQ,,,,NMS,"|Type="Quantifier"|Case="Nominative"|Gender="Masculine"|Number="Singular"|English="every"
430020100051|ἄνθρωπος|430020100101|S|Cat="noun"|Id="21"|morphId="430020100051"|Unicode="ἄνθρωπος"|Lemma="ἄνθρωπος"|Lang="G"|StrongNumber="G04440"|Morph="N,,,,,NMS,"|Case="Nominative"|Gender="Masculine"|Number="Singular"|English="man"
430020100061|πρῶτον|430020100101|ADV|Cat="adv"|Id="24"|morphId="430020100061"|Unicode="πρῶτον"|Lemma="πρῶτον"|Lang="G"|StrongNumber="G44120"|Morph="D,,,,,,,,S"|English="first"
430020100071|τὸν|430020100091|det|Cat="det"|Id="27"|morphId="430020100071"|Unicode="τὸν"|Lemma="ὁ"|Lang="G"|StrongNumber="G35880"|Morph="EA,,,,AMS,"|Type="Article"|Case="Accusative"|Gender="Masculine"|Number="Singular"|English="the"
430020100081|καλὸν|430020100091|adjp|Cat="adj"|Id="30"|morphId="430020100081"|Unicode="καλὸν"|Lemma="καλός"|Lang="G"|StrongNumber="G25700"|Morph="AA,,,,AMS,"|Type="Ascriptive"|Case="Accusative"|Gender="Masculine"|Number="Singular"|English="good"
430020100091|οἶνον|430020100101|O|Cat="noun"|Id="32"|morphId="430020100091"|Unicode="οἶνον"|Lemma="οἶνος"|Lang="G"|StrongNumber="G36310"|Morph="N,,,,,AMS,"|Case="Accusative"|Gender="Masculine"|Number="Singular"|English="wine"
430020100101|τίθησιν,|430020100021|CL|Cat="verb"|Id="35"|morphId="430020100101"|Unicode="τίθησιν,"|Lemma="τίθημι"|Lang="G"|StrongNumber="G50870"|Morph="V,IPA3,,S,"|Mood="Indicative"|Tense="Present"|Voice="Active"|Person="Third"|Number="Singular"|English="serves"
430020100111|καὶ|430020100101|conj|Cat="conj"|Id="36"|morphId="430020100111"|Unicode="καὶ"|Lemma="καί"|Lang="G"|StrongNumber="G25320"|Morph="CC,,,,,,,,"|Type="Coordinating"|English="and"
430020100121|ὅταν|430020100131|conj|Cat="conj"|Id="39"|morphId="430020100121"|Unicode="ὅταν"|Lemma="ὅταν"|Lang="G"|StrongNumber="G37520"|Morph="CS,,,,,,,,"|Type="Subordinating"|English="when"
430020100131|μεθυσθῶσιν|430020100151|CL|Cat="verb"|Id="43"|morphId="430020100131"|Unicode="μεθυσθῶσιν"|Lemma="μεθύω"|Lang="G"|StrongNumber="G31840"|Morph="V,SAP3,,P,"|Mood="Subjunctive"|Tense="Aorist"|Voice="Passive"|Person="Third"|Number="Plural"|English="the guests have become drunk"
430020100141|τὸν|430020100151|det|Cat="det"|Id="47"|morphId="430020100141"|Unicode="τὸν"|Lemma="ὁ"|Lang="G"|StrongNumber="G35880"|Morph="EA,,,,AMS,"|Type="Article"|Case="Accusative"|Gender="Masculine"|Number="Singular"|English="the"
430020100151|ἐλάσσω;|430020100101|CL|Cat="adj"|Id="49"|morphId="430020100151"|Unicode="ἐλάσσω;"|Lemma="ἐλάσσων"|Lang="G"|StrongNumber="G16400"|Morph="AA,,,,AMSC"|Type="Ascriptive"|Case="Accusative"|Gender="Masculine"|Number="Singular"|English="inferior"
430020100161|σὺ|430020100171|S|Cat="pron"|Id="53"|morphId="430020100161"|Unicode="σὺ"|Lemma="σύ"|Lang="G"|StrongNumber="G47710"|Morph="RP,,,2N,S,"|Type="Personal"|Person="Second"|Case="Nominative"|Number="Singular"|English="You"
430020100171|τετήρηκας|430020100101|CL|Cat="verb"|Id="56"|morphId="430020100171"|Unicode="τετήρηκας"|Lemma="τηρέω"|Lang="G"|StrongNumber="G50830"|Morph="V,IEA2,,S,"|Mood="Indicative"|Tense="Perfect"|Voice="Active"|Person="Second"|Number="Singular"|English="have kept"
430020100181|τὸν|430020100201|det|Cat="det"|Id="59"|morphId="430020100181"|Unicode="τὸν"|Lemma="ὁ"|Lang="G"|StrongNumber="G35880"|Morph="EA,,,,AMS,"|Type="Article"|Case="Accusative"|Gender="Masculine"|Number="Singular"|English="the"
430020100191|καλὸν|430020100201|adjp|Cat="adj"|Id="62"|morphId="430020100191"|Unicode="καλὸν"|Lemma="καλός"|Lang="G"|StrongNumber="G25700"|Morph="AA,,,,AMS,"|Type="Ascriptive"|Case="Accusative"|Gender="Masculine"|Number="Singular"|English="good"
430020100201|οἶνον|430020100171|O|Cat="noun"|Id="64"|morphId="430020100201"|Unicode="οἶνον"|Lemma="οἶνος"|Lang="G"|StrongNumber="G36310"|Morph="N,,,,,AMS,"|Case="Accusative"|Gender="Masculine"|Number="Singular"|English="wine"
430020100211|ἕως|430020100221|prep|Cat="prep"|Id="67"|morphId="430020100211"|Unicode="ἕως"|Lemma="ἕως"|Lang="G"|StrongNumber="G21930"|Morph="PI,,,,,,,,"|Type="Improper"|English="until"
430020100221|ἄρτι.|430020100171|ADV|Cat="adv"|Id="70"|morphId="430020100221"|Unicode="ἄρτι."|Lemma="ἄρτι"|Lang="G"|StrongNumber="G07370"|Morph="D,,,,,,,,,"|English="now"
430020110011|ταύτην|430020110031|np|Cat="pron"|Id="8"|morphId="430020110011"|Unicode="ταύτην"|Lemma="οὗτος"|Lang="G"|StrongNumber="G37780"|Morph="RD,,,,AFS,"|Type="Demonstrative"|Case="Accusative"|Gender="Feminine"|Number="Singular"|English="This"
430020110031|ἀρχὴν|430020110021|O|Cat="noun"|Id="11"|morphId="430020110031"|Unicode="ἀρχὴν"|Lemma="ἀρχή"|Lang="G"|StrongNumber="G07460"|Morph="N,,,,,AFS,"|Case="Accusative"|Gender="Feminine"|Number="Singular"|English="first"
430020110041|τῶν|430020110051|det|Cat="det"|Id="13"|morphId="430020110041"|Unicode="τῶν"|Lemma="ὁ"|Lang="G"|StrongNumber="G35880"|Morph="EA,,,,GNP,"|Type="Article"|Case="Genitive"|Gender="Neuter"|Number="Plural"
430020110051|σημείων|430020110031|np|Cat="noun"|Id="15"|morphId="430020110051"|Unicode="σημείων"|Lemma="σημεῖον"|Lang="G"|StrongNumber="G45920"|Morph="N,,,,,GNP,"|Case="Genitive"|Gender="Neuter"|Number="Plural"|English="of ~ signs"
430020110021|ἐποίησεν|None|CL|Cat="verb"|Id="18"|morphId="430020110021"|Unicode="ἐποίησεν"|Lemma="ποιέω"|Lang="G"|StrongNumber="G41600"|Morph="V,IAA3,,S,"|Mood="Indicative"|Tense="Aorist"|Voice="Active"|Person="Third"|Number="Singular"|English="did"
430020110061|ὁ|430020110071|det|Cat="det"|Id="21"|morphId="430020110061"|Unicode="ὁ"|Lemma="ὁ"|Lang="G"|StrongNumber="G35880"|Morph="EA,,,,NMS,"|Type="Article"|Case="Nominative"|Gender="Masculine"|Number="Singular"
430020110071|Ἰησοῦς|430020110021|S|Cat="noun"|Id="23"|morphId="430020110071"|Unicode="Ἰησοῦς"|Lemma="Ἰησοῦς"|Lang="G"|StrongNumber="G24240"|Morph="N,,,,,NMS,"|Case="Nominative"|Gender="Masculine"|Number="Singular"|English="Jesus"
430020110081|ἐν|430020110091|prep|Cat="prep"|Id="26"|morphId="430020110081"|Unicode="ἐν"|Lemma="ἐν"|Lang="G"|StrongNumber="G17220"|Morph="P,,,,,D,,,"|Case="Dative"|English="in"
430020110091|Κανὰ|430020110021|ADV|Cat="noun"|Id="29"|morphId="430020110091"|Unicode="Κανὰ"|Lemma="Κανά"|Lang="G"|StrongNumber="G25800"|Morph="N,,,,,DFSI"|Case="Dative"|Gender="Feminine"|Number="Singular"|English="Cana"
430020110101|τῆς|430020110111|det|Cat="det"|Id="31"|morphId="430020110101"|Unicode="τῆς"|Lemma="ὁ"|Lang="G"|StrongNumber="G35880"|Morph="EA,,,,GFS,"|Type="Article"|Case="Genitive"|Gender="Feminine"|Number="Singular"
430020110111|Γαλιλαίας,|430020110091|np|Cat="noun"|Id="33"|morphId="430020110111"|Unicode="Γαλιλαίας,"|Lemma="Γαλιλαία"|Lang="G"|StrongNumber="G10560"|Morph="N,,,,,GFS,"|Case="Genitive"|Gender="Feminine"|Number="Singular"|English="of Galilee"
430020110121|καὶ|430020110021|conj|Cat="conj"|Id="34"|morphId="430020110121"|Unicode="καὶ"|Lemma="καί"|Lang="G"|StrongNumber="G25320"|Morph="CC,,,,,,,,"|Type="Coordinating"|English="and"
430020110131|ἐφανέρωσεν|430020110021|CL|Cat="verb"|Id="38"|morphId="430020110131"|Unicode="ἐφανέρωσεν"|Lemma="φανερόω"|Lang="G"|StrongNumber="G53190"|Morph="V,IAA3,,S,"|Mood="Indicative"|Tense="Aorist"|Voice="Active"|Person="Third"|Number="Singular"|English="manifested"
430020110141|τὴν|430020110151|det|Cat="det"|Id="41"|morphId="430020110141"|Unicode="τὴν"|Lemma="ὁ"|Lang="G"|StrongNumber="G35880"|Morph="EA,,,,AFS,"|Type="Article"|Case="Accusative"|Gender="Feminine"|Number="Singular"|English="the"
430020110151|δόξαν|430020110131|O|Cat="noun"|Id="44"|morphId="430020110151"|Unicode="δόξαν"|Lemma="δόξα"|Lang="G"|StrongNumber="G13910"|Morph="N,,,,,AFS,"|Case="Accusative"|Gender="Feminine"|Number="Singular"|English="glory"
430020110161|αὐτοῦ;|430020110151|np|Cat="pron"|Id="46"|morphId="430020110161"|Unicode="αὐτοῦ;"|Lemma="αὐτός"|Lang="G"|StrongNumber="G08460"|Morph="RP,,,3GMS,"|Type="Personal"|Person="Third"|Case="Genitive"|Gender="Masculine"|Number="Singular"|English="of him"
430020110171|καὶ|430020110021|conj|Cat="conj"|Id="47"|morphId="430020110171"|Unicode="καὶ"|Lemma="καί"|Lang="G"|StrongNumber="G25320"|Morph="CC,,,,,,,,"|Type="Coordinating"|English="and"
430020110181|ἐπίστευσαν|430020110021|CL|Cat="verb"|Id="51"|morphId="430020110181"|Unicode="ἐπίστευσαν"|Lemma="πιστεύω"|Lang="G"|StrongNumber="G41000"|Morph="V,IAA3,,P,"|Mood="Indicative"|Tense="Aorist"|Voice="Active"|Person="Third"|Number="Plural"|English="believed"
430020110191|εἰς|430020110201|prep|Cat="prep"|Id="54"|morphId="430020110191"|Unicode="εἰς"|Lemma="εἰς"|Lang="G"|StrongNumber="G15190"|Morph="P,,,,,A,,,"|Case="Accusative"|English="in"
430020110201|αὐτὸν|430020110181|ADV|Cat="pron"|Id="56"|morphId="430020110201"|Unicode="αὐτὸν"|Lemma="αὐτός"|Lang="G"|StrongNumber="G08460"|Morph="RP,,,3AMS,"|Type="Personal"|Person="Third"|Case="Accusative"|Gender="Masculine"|Number="Singular"|English="him"
430020110211|οἱ|430020110221|det|Cat="det"|Id="59"|morphId="430020110211"|Unicode="οἱ"|Lemma="ὁ"|Lang="G"|StrongNumber="G35880"|Morph="EA,,,,NMP,"|Type="Article"|Case="Nominative"|Gender="Masculine"|Number="Plural"|English="the"
430020110221|μαθηταὶ|430020110181|S|Cat="noun"|Id="62"|morphId="430020110221"|Unicode="μαθηταὶ"|Lemma="μαθητής"|Lang="G"|StrongNumber="G31010"|Morph="N,,,,,NMP,"|Case="Nominative"|Gender="Masculine"|Number="Plural"|English="disciples"
430020110231|αὐτοῦ.|430020110221|np|Cat="pron"|Id="64"|morphId="430020110231"|Unicode="αὐτοῦ."|Lemma="αὐτός"|Lang="G"|StrongNumber="G08460"|Morph="RP,,,3GMS,"|Type="Personal"|Person="Third"|Case="Genitive"|Gender="Masculine"|Number="Singular"|English="of him"
430020120011|μετὰ|430020120021|prep|Cat="prep"|Id="6"|morphId="430020120011"|Unicode="μετὰ"|Lemma="μετά"|Lang="G"|StrongNumber="G33260"|Morph="P,,,,,A,,,"|Case="Accusative"|English="after"
430020120021|τοῦτο|430020120031|ADV|Cat="pron"|Id="8"|morphId="430020120021"|Unicode="τοῦτο"|Lemma="οὗτος"|Lang="G"|StrongNumber="G37780"|Morph="RD,,,,ANS,"|Type="Demonstrative"|Case="Accusative"|Gender="Neuter"|Number="Singular"|English="this"
430020120031|κατέβη|None|CL|Cat="verb"|Id="11"|morphId="430020120031"|Unicode="κατέβη"|Lemma="καταβαίνω"|Lang="G"|StrongNumber="G25970"|Morph="V,IAA3,,S,"|Mood="Indicative"|Tense="Aorist"|Voice="Active"|Person="Third"|Number="Singular"|English="went down"
430020120041|εἰς|430020120051|prep|Cat="prep"|Id="14"|morphId="430020120041"|Unicode="εἰς"|Lemma="εἰς"|Lang="G"|StrongNumber="G15190"|Morph="P,,,,,A,,,"|Case="Accusative"|English="to"
430020120051|Καφαρναοὺμ,|430020120031|ADV|Cat="noun"|Id="16"|morphId="430020120051"|Unicode="Καφαρναοὺμ,"|Lemma="Καφαρναούμ"|Lang="G"|StrongNumber="G25840"|Morph="N,,,,,AFSI"|Case="Accusative"|Gender="Feminine"|Number="Singular"|English="Capernaum"
430020120061|αὐτὸς|430020120031|S|Cat="pron"|Id="20"|morphId="430020120061"|Unicode="αὐτὸς"|Lemma="αὐτός"|Lang="G"|StrongNumber="G08460"|Morph="RP,,,3NMS,"|Type="Personal"|Person="Third"|Case="Nominative"|Gender="Masculine"|Number="Singular"|English="he"
430020120071|καὶ|430020120061|conj|Cat="conj"|Id="21"|morphId="430020120071"|Unicode="καὶ"|Lemma="καί"|Lang="G"|StrongNumber="G25320"|Morph="CC,,,,,,,,"|Type="Coordinating"|English="with"
430020120081|ἡ|430020120091|det|Cat="det"|Id="23"|morphId="430020120081"|Unicode="ἡ"|Lemma="ὁ"|Lang="G"|StrongNumber="G35880"|Morph="EA,,,,NFS,"|Type="Article"|Case="Nominative"|Gender="Feminine"|Number="Singular"|English="the"
430020120091|μήτηρ|430020120061|np|Cat="noun"|Id="26"|morphId="430020120091"|Unicode="μήτηρ"|Lemma="μήτηρ"|Lang="G"|StrongNumber="G33840"|Morph="N,,,,,NFS,"|Case="Nominative"|Gender="Feminine"|Number="Singular"|English="mother"
430020120101|αὐτοῦ,|430020120091|np|Cat="pron"|Id="28"|morphId="430020120101"|Unicode="αὐτοῦ,"|Lemma="αὐτός"|Lang="G"|StrongNumber="G08460"|Morph="RP,,,3GMS,"|Type="Personal"|Person="Third"|Case="Genitive"|Gender="Masculine"|Number="Singular"|English="of him"
430020120111|καὶ|430020120061|conj|Cat="conj"|Id="29"|morphId="430020120111"|Unicode="καὶ"|Lemma="καί"|Lang="G"|StrongNumber="G25320"|Morph="CC,,,,,,,,"|Type="Coordinating"|English="and"
430020120121|οἱ|430020120131|det|Cat="det"|Id="31"|morphId="430020120121"|Unicode="οἱ"|Lemma="ὁ"|Lang="G"|StrongNumber="G35880"|Morph="EA,,,,NMP,"|Type="Article"|Case="Nominative"|Gender="Masculine"|Number="Plural"|English="the"
430020120131|ἀδελφοὶ|430020120061|np|Cat="noun"|Id="33"|morphId="430020120131"|Unicode="ἀδελφοὶ"|Lemma="ἀδελφός"|Lang="G"|StrongNumber="G00800"|Morph="N,,,,,NMP,"|Case="Nominative"|Gender="Masculine"|Number="Plural"|English="brothers"
430020120141|καὶ|430020120061|conj|Cat="conj"|Id="34"|morphId="430020120141"|Unicode="καὶ"|Lemma="καί"|Lang="G"|StrongNumber="G25320"|Morph="CC,,,,,,,,"|Type="Coordinating"|English="and"
430020120151|οἱ|430020120161|det|Cat="det"|Id="36"|morphId="430020120151"|Unicode="οἱ"|Lemma="ὁ"|Lang="G"|StrongNumber="G35880"|Morph="EA,,,,NMP,"|Type="Article"|Case="Nominative"|Gender="Masculine"|Number="Plural"|English="the"
430020120161|μαθηταὶ|430020120061|np|Cat="noun"|Id="39"|morphId="430020120161"|Unicode="μαθηταὶ"|Lemma="μαθητής"|Lang="G"|StrongNumber="G31010"|Morph="N,,,,,NMP,"|Case="Nominative"|Gender="Masculine"|Number="Plural"|English="disciples"
430020120171|αὐτοῦ,|430020120161|np|Cat="pron"|Id="41"|morphId="430020120171"|Unicode="αὐτοῦ,"|Lemma="αὐτός"|Lang="G"|StrongNumber="G08460"|Morph="RP,,,3GMS,"|Type="Personal"|Person="Third"|Case="Genitive"|Gender="Masculine"|Number="Singular"|English="of him"
430020120181|καὶ|430020120031|conj|Cat="conj"|Id="42"|morphId="430020120181"|Unicode="καὶ"|Lemma="καί"|Lang="G"|StrongNumber="G25320"|Morph="CC,,,,,,,,"|Type="Coordinating"|English="and"
430020120191|ἐκεῖ|430020120201|ADV|Cat="adv"|Id="46"|morphId="430020120191"|Unicode="ἐκεῖ"|Lemma="ἐκεῖ"|Lang="G"|StrongNumber="G15630"|Morph="D,,,,,,,,,"|English="there"
430020120201|ἔμειναν|430020120031|CL|Cat="verb"|Id="49"|morphId="430020120201"|Unicode="ἔμειναν"|Lemma="μένω"|Lang="G"|StrongNumber="G33060"|Morph="V,IAA3,,P,"|Mood="Indicative"|Tense="Aorist"|Voice="Active"|Person="Third"|Number="Plural"|English="they stayed"
430020120211|οὐ|430020120221|advp|Cat="adv"|Id="54"|morphId="430020120211"|Unicode="οὐ"|Lemma="οὐ"|Lang="G"|StrongNumber="G37560"|Morph="D,,,,,,,,,"|English="not"
430020120221|πολλὰς|430020120231|adjp|Cat="det"|Id="57"|morphId="430020120221"|Unicode="πολλὰς"|Lemma="πολλός"|Lang="G"|StrongNumber="G41830"|Morph="EQ,,,,AFP,"|Type="Quantifier"|Case="Accusative"|Gender="Feminine"|Number="Plural"|English="many"
430020120231|ἡμέρας.|430020120201|ADV|Cat="noun"|Id="59"|morphId="430020120231"|Unicode="ἡμέρας."|Lemma="ἡμέρα"|Lang="G"|StrongNumber="G22500"|Morph="N,,,,,AFP,"|Case="Accusative"|Gender="Feminine"|Number="Plural"|English="days"
430020130011|καὶ|430020130021|conj|Cat="conj"|Id="3"|morphId="430020130011"|Unicode="καὶ"|Lemma="καί"|Lang="G"|StrongNumber="G25320"|Morph="CC,,,,,,,,"|Type="Coordinating"|English="and"
430020130021|ἐγγὺς|None|CL|Cat="adv"|Id="8"|morphId="430020130021"|Unicode="ἐγγὺς"|Lemma="ἐγγύς"|Lang="G"|StrongNumber="G14510"|Morph="D,,,,,,,,,"|English="near"
430020130031|ἦν|430020130021|VC|Cat="verb"|Id="11"|morphId="430020130031"|Unicode="ἦν"|Lemma="εἰμί"|Lang="G"|StrongNumber="G15100"|Morph="V,IIA3,,S,"|Mood="Indicative"|Tense="Imperfect"|Voice="Active"|Person="Third"|Number="Singular"|English="was"
430020130041|τὸ|430020130051|det|Cat="det"|Id="14"|morphId="430020130041"|Unicode="τὸ"|Lemma="ὁ"|Lang="G"|StrongNumber="G35880"|Morph="EA,,,,NNS,"|Type="Article"|Case="Nominative"|Gender="Neuter"|Number="Singular"|English="the"
430020130051|Πάσχα|430020130021|S|Cat="noun"|Id="17"|morphId="430020130051"|Unicode="Πάσχα"|Lemma="Πάσχα"|Lang="G"|StrongNumber="G39570"|Morph="N,,,,,NNSI"|Case="Nominative"|Gender="Neuter"|Number="Singular"|English="passover"
430020130061|τῶν|430020130071|det|Cat="det"|Id="19"|morphId="430020130061"|Unicode="τῶν"|Lemma="ὁ"|Lang="G"|StrongNumber="G35880"|Morph="EA,,,,GMP,"|Type="Article"|Case="Genitive"|Gender="Masculine"|Number="Plural"|English="the"
430020130071|Ἰουδαίων,|430020130051|np|Cat="noun"|Id="21"|morphId="430020130071"|Unicode="Ἰουδαίων,"|Lemma="Ἰουδαῖος"|Lang="G"|StrongNumber="G24530"|Morph="NS,,,,GMP,"|Type="Substantive_Adj"|Case="Genitive"|Gender="Masculine"|Number="Plural"|English="of ~ jews"
430020130081|καὶ|430020130021|conj|Cat="conj"|Id="22"|morphId="430020130081"|Unicode="καὶ"|Lemma="καί"|Lang="G"|StrongNumber="G25320"|Morph="CC,,,,,,,,"|Type="Coordinating"|English="and"
430020130091|ἀνέβη|430020130021|CL|Cat="verb"|Id="26"|morphId="430020130091"|Unicode="ἀνέβη"|Lemma="ἀναβαίνω"|Lang="G"|StrongNumber="G03050"|Morph="V,IAA3,,S,"|Mood="Indicative"|Tense="Aorist"|Voice="Active"|Person="Third"|Number="Singular"|English="went up"
430020130101|εἰς|430020130111|prep|Cat="prep"|Id="29"|morphId="430020130101"|Unicode="εἰς"|Lemma="εἰς"|Lang="G"|StrongNumber="G15190"|Morph="P,,,,,A,,,"|Case="Accusative"|English="to"
430020130111|Ἱεροσόλυμα|430020130091|ADV|Cat="noun"|Id="31"|morphId="430020130111"|Unicode="Ἱεροσόλυμα"|Lemma="Ἱεροσόλυμα"|Lang="G"|StrongNumber="G24140"|Morph="N,,,,,ANP,"|Case="Accusative"|Gender="Neuter"|Number="Plural"|English="Jerusalem"
430020130121|ὁ|430020130131|det|Cat="det"|Id="34"|morphId="430020130121"|Unicode="ὁ"|Lemma="ὁ"|Lang="G"|StrongNumber="G35880"|Morph="EA,,,,NMS,"|Type="Article"|Case="Nominative"|Gender="Masculine"|Number="Singular"
430020130131|Ἰησοῦς.|430020130091|S|Cat="noun"|Id="36"|morphId="430020130131"|Unicode="Ἰησοῦς."|Lemma="Ἰησοῦς"|Lang="G"|StrongNumber="G24240"|Morph="N,,,,,NMS,"|Case="Nominative"|Gender="Masculine"|Number="Singular"|English="Jesus"
430020140011|καὶ|430020140021|conj|Cat="conj"|Id="3"|morphId="430020140011"|Unicode="καὶ"|Lemma="καί"|Lang="G"|StrongNumber="G25320"|Morph="CC,,,,,,,,"|Type="Coordinating"|English="and"
430020140021|εὗρεν|None|CL|Cat="verb"|Id="7"|morphId="430020140021"|Unicode="εὗρεν"|Lemma="εὑρίσκω"|Lang="G"|StrongNumber="G21470"|Morph="V,IAA3,,S,"|Mood="Indicative"|Tense="Aorist"|Voice="Active"|Person="Third"|Number="Singular"|English="he found"
430020140031|ἐν|430020140051|prep|Cat="prep"|Id="10"|morphId="430020140031"|Unicode="ἐν"|Lemma="ἐν"|Lang="G"|StrongNumber="G17220"|Morph="P,,,,,D,,,"|Case="Dative"|English="in"
430020140041|τῷ|430020140051|det|Cat="det"|Id="12"|morphId="430020140041"|Unicode="τῷ"|Lemma="ὁ"|Lang="G"|StrongNumber="G35880"|Morph="EA,,,,DNS,"|Type="Article"|Case="Dative"|Gender="Neuter"|Number="Singular"|English="the"
430020140051|ἱερῷ|430020140021|ADV|Cat="noun"|Id="14"|morphId="430020140051"|Unicode="ἱερῷ"|Lemma="ἱερόν"|Lang="G"|StrongNumber="G24110"|Morph="N,,,,,DNS,"|Case="Dative"|Gender="Neuter"|Number="Singular"|English="temple"
430020140061|τοὺς|430020140071|det|Cat="pron"|Id="21"|morphId="430020140061"|Unicode="τοὺς"|Lemma="ὁ"|Lang="G"|StrongNumber="G35880"|Morph="RD,,,,AMP,"|Type="Demonstrative"|Case="Accusative"|Gender="Masculine"|Number="Plural"|English="those"
430020140071|πωλοῦντας|430020140161|S|Cat="verb"|Id="25"|morphId="430020140071"|Unicode="πωλοῦντας"|Lemma="πωλέω"|Lang="G"|StrongNumber="G44530"|Morph="V,PPA,AMP,"|Mood="Participle"|Tense="Present"|Voice="Active"|Case="Accusative"|Gender="Masculine"|Number="Plural"|English="who were selling"
430020140081|βόας|430020140071|O|Cat="noun"|Id="29"|morphId="430020140081"|Unicode="βόας"|Lemma="βοῦς"|Lang="G"|StrongNumber="G10160"|Morph="N,,,,,AMP,"|Case="Accusative"|Gender="Masculine"|Number="Plural"|English="oxen"
430020140091|καὶ|430020140081|conj|Cat="conj"|Id="30"|morphId="430020140091"|Unicode="καὶ"|Lemma="καί"|Lang="G"|StrongNumber="G25320"|Morph="CC,,,,,,,,"|Type="Coordinating"|English="and"
430020140101|πρόβατα|430020140081|np|Cat="noun"|Id="32"|morphId="430020140101"|Unicode="πρόβατα"|Lemma="πρόβατον"|Lang="G"|StrongNumber="G42630"|Morph="N,,,,,ANP,"|Case="Accusative"|Gender="Neuter"|Number="Plural"|English="sheep"
430020140111|καὶ|430020140081|conj|Cat="conj"|Id="33"|morphId="430020140111"|Unicode="καὶ"|Lemma="καί"|Lang="G"|StrongNumber="G25320"|Morph="CC,,,,,,,,"|Type="Coordinating"|English="and"
430020140121|περιστερὰς,|430020140081|np|Cat="noun"|Id="35"|morphId="430020140121"|Unicode="περιστερὰς,"|Lemma="περιστερά"|Lang="G"|StrongNumber="G40580"|Morph="N,,,,,AFP,"|Case="Accusative"|Gender="Feminine"|Number="Plural"|English="doves"
430020140131|καὶ|430020140071|conj|Cat="conj"|Id="36"|morphId="430020140131"|Unicode="καὶ"|Lemma="καί"|Lang="G"|StrongNumber="G25320"|Morph="CC,,,,,,,,"|Type="Coordinating"|English="and"
430020140141|τοὺς|430020140151|det|Cat="det"|Id="38"|morphId="430020140141"|Unicode="τοὺς"|Lemma="ὁ"|Lang="G"|StrongNumber="G35880"|Morph="EA,,,,AMP,"|Type="Article"|Case="Accusative"|Gender="Masculine"|Number="Plural"|English="the"
430020140151|κερματιστὰς|430020140071|np|Cat="noun"|Id="40"|morphId="430020140151"|Unicode="κερματιστὰς"|Lemma="κερματιστής"|Lang="G"|StrongNumber="G27730"|Morph="N,,,,,AMP,"|Case="Accusative"|Gender="Masculine"|Number="Plural"|English="money changers"
430020140161|καθημένους.|430020140021|O|Cat="verb"|Id="43"|morphId="430020140161"|Unicode="καθημένους."|Lemma="κάθημαι"|Lang="G"|StrongNumber="G25210"|Morph="V,PPM,AMP,"|Mood="Participle"|Tense="Present"|Voice="Middle"|Case="Accusative"|Gender="Masculine"|Number="Plural"|English="seated"
430020150011|καὶ|430020150071|conj|Cat="conj"|Id="3"|morphId="430020150011"|Unicode="καὶ"|Lemma="καί"|Lang="G"|StrongNumber="G25320"|Morph="CC,,,,,,,,"|Type="Coordinating"|English="and"
430020150021|ποιήσας|430020150071|ADV|Cat="verb"|Id="11"|morphId="430020150021"|Unicode="ποιήσας"|Lemma="ποιέω"|Lang="G"|StrongNumber="G41600"|Morph="V,PAA,NMS,"|Mood="Participle"|Tense="Aorist"|Voice="Active"|Case="Nominative"|Gender="Masculine"|Number="Singular"|English="made"
430020150031|φραγέλλιον|430020150021|O|Cat="noun"|Id="14"|morphId="430020150031"|Unicode="φραγέλλιον"|Lemma="φραγέλλιον"|Lang="G"|StrongNumber="G54160"|Morph="N,,,,,ANS,"|Case="Accusative"|Gender="Neuter"|Number="Singular"|English="a whip"
430020150041|ἐκ|430020150051|prep|Cat="prep"|Id="17"|morphId="430020150041"|Unicode="ἐκ"|Lemma="ἐκ"|Lang="G"|StrongNumber="G15370"|Morph="P,,,,,G,,,"|Case="Genitive"|English="of"
430020150051|σχοινίων,|430020150021|ADV|Cat="noun"|Id="19"|morphId="430020150051"|Unicode="σχοινίων,"|Lemma="σχοινίον"|Lang="G"|StrongNumber="G49790"|Morph="N,,,,,GNPD"|Case="Genitive"|Gender="Neuter"|Number="Plural"|English="cords"
430020150061|πάντας|430020150071|O|Cat="pron"|Id="22"|morphId="430020150061"|Unicode="πάντας"|Lemma="πᾶς"|Lang="G"|StrongNumber="G39560"|Morph="RI,,,,AMP,"|Type="Indefinite"|Case="Accusative"|Gender="Masculine"|Number="Plural"|English="all"
430020150071|ἐξέβαλεν|None|CL|Cat="verb"|Id="25"|morphId="430020150071"|Unicode="ἐξέβαλεν"|Lemma="ἐκβάλλω"|Lang="G"|StrongNumber="G15440"|Morph="V,IAA3,,S,"|Mood="Indicative"|Tense="Aorist"|Voice="Active"|Person="Third"|Number="Singular"|English="he ~ drove"
430020150081|ἐκ|430020150101|prep|Cat="prep"|Id="28"|morphId="430020150081"|Unicode="ἐκ"|Lemma="ἐκ"|Lang="G"|StrongNumber="G15370"|Morph="P,,,,,G,,,"|Case="Genitive"|English="out of"
430020150091|τοῦ|430020150101|det|Cat="det"|Id="30"|morphId="430020150091"|Unicode="τοῦ"|Lemma="ὁ"|Lang="G"|StrongNumber="G35880"|Morph="EA,,,,GNS,"|Type="Article"|Case="Genitive"|Gender="Neuter"|Number="Singular"|English="the"
430020150101|ἱεροῦ,|430020150071|ADV|Cat="noun"|Id="32"|morphId="430020150101"|Unicode="ἱεροῦ,"|Lemma="ἱερόν"|Lang="G"|StrongNumber="G24110"|Morph="N,,,,,GNS,"|Case="Genitive"|Gender="Neuter"|Number="Singular"|English="temple"
430020150121|τε|430020150131|conj|Cat="adv"|Id="37"|morphId="430020150121"|Unicode="τε"|Lemma="τέ"|Lang="G"|StrongNumber="G50370"|Morph="DO,,,,,,,,"|Type="Correlative"|English="both"
430020150111|τά|430020150131|det|Cat="det"|Id="39"|morphId="430020150111"|Unicode="τά"|Lemma="ὁ"|Lang="G"|StrongNumber="G35880"|Morph="EA,,,,ANP,"|Type="Article"|Case="Accusative"|Gender="Neuter"|Number="Plural"|English="the"
430020150131|πρόβατα|430020150071|CL|Cat="noun"|Id="41"|morphId="430020150131"|Unicode="πρόβατα"|Lemma="πρόβατον"|Lang="G"|StrongNumber="G42630"|Morph="N,,,,,ANP,"|Case="Accusative"|Gender="Neuter"|Number="Plural"|English="sheep"
430020150141|καὶ|430020150131|conj|Cat="conj"|Id="42"|morphId="430020150141"|Unicode="καὶ"|Lemma="καί"|Lang="G"|StrongNumber="G25320"|Morph="CO,,,,,,,,"|Type="Correlative"|English="and"
430020150151|τοὺς|430020150161|det|Cat="det"|Id="44"|morphId="430020150151"|Unicode="τοὺς"|Lemma="ὁ"|Lang="G"|StrongNumber="G35880"|Morph="EA,,,,AMP,"|Type="Article"|Case="Accusative"|Gender="Masculine"|Number="Plural"|English="the"
430020150161|βόας;|430020150131|np|Cat="noun"|Id="46"|morphId="430020150161"|Unicode="βόας;"|Lemma="βοῦς"|Lang="G"|StrongNumber="G10160"|Morph="N,,,,,AMP,"|Case="Accusative"|Gender="Masculine"|Number="Plural"|English="oxen"
430020150171|καὶ|430020150071|conj|Cat="conj"|Id="47"|morphId="430020150171"|Unicode="καὶ"|Lemma="καί"|Lang="G"|StrongNumber="G25320"|Morph="CC,,,,,,,,"|Type="Coordinating"|English="and"
430020150181|τῶν|430020150191|det|Cat="det"|Id="53"|morphId="430020150181"|Unicode="τῶν"|Lemma="ὁ"|Lang="G"|StrongNumber="G35880"|Morph="EA,,,,GMP,"|Type="Article"|Case="Genitive"|Gender="Masculine"|Number="Plural"|English="the"
430020150191|κολλυβιστῶν|430020150221|np|Cat="noun"|Id="55"|morphId="430020150191"|Unicode="κολλυβιστῶν"|Lemma="κολλυβιστής"|Lang="G"|StrongNumber="G28550"|Morph="N,,,,,GMP,"|Case="Genitive"|Gender="Masculine"|Number="Plural"|English="of ~ money changers"
430020150211|τὰ|430020150221|det|Cat="det"|Id="57"|morphId="430020150211"|Unicode="τὰ"|Lemma="ὁ"|Lang="G"|StrongNumber="G35880"|Morph="EA,,,,ANP,"|Type="Article"|Case="Accusative"|Gender="Neuter"|Number="Plural"|English="the"
430020150221|κέρματα,|430020150201|O|Cat="noun"|Id="59"|morphId="430020150221"|Unicode="κέρματα,"|Lemma="κέρμα"|Lang="G"|StrongNumber="G27720"|Morph="N,,,,,ANP,"|Case="Accusative"|Gender="Neuter"|Number="Plural"|English="coins"
430020150201|ἐξέχεεν|430020150071|CL|Cat="verb"|Id="62"|morphId="430020150201"|Unicode="ἐξέχεεν"|Lemma="ἐκχέω"|Lang="G"|StrongNumber="G16320"|Morph="V,IAA3,,S,"|Mood="Indicative"|Tense="Aorist"|Voice="Active"|Person="Third"|Number="Singular"|English="he poured out"
430020150231|καὶ|430020150201|conj|Cat="conj"|Id="63"|morphId="430020150231"|Unicode="καὶ"|Lemma="καί"|Lang="G"|StrongNumber="G25320"|Morph="CC,,,,,,,,"|Type="Coordinating"|English="and"
430020150241|τὰς|430020150251|det|Cat="det"|Id="67"|morphId="430020150241"|Unicode="τὰς"|Lemma="ὁ"|Lang="G"|StrongNumber="G35880"|Morph="EA,,,,AFP,"|Type="Article"|Case="Accusative"|Gender="Feminine"|Number="Plural"|English="the"
430020150251|τραπέζας|430020150261|O|Cat="noun"|Id="69"|morphId="430020150251"|Unicode="τραπέζας"|Lemma="τράπεζα"|Lang="G"|StrongNumber="G51320"|Morph="N,,,,,AFP,"|Case="Accusative"|Gender="Feminine"|Number="Plural"|English="tables"
430020150261|ἀνέτρεψεν.|430020150201|CL|Cat="verb"|Id="72"|morphId="430020150261"|Unicode="ἀνέτρεψεν."|Lemma="ἀνατρέπω"|Lang="G"|StrongNumber="G03960"|Morph="V,IAA3,,S,"|Mood="Indicative"|Tense="Aorist"|Voice="Active"|Person="Third"|Number="Singular"|English="overturned"
430020160011|καὶ|430020160061|conj|Cat="conj"|Id="3"|morphId="430020160011"|Unicode="καὶ"|Lemma="καί"|Lang="G"|StrongNumber="G25320"|Morph="CC,,,,,,,,"|Type="Coordinating"|English="and"
430020160021|τοῖς|430020160051|det|Cat="pron"|Id="9"|morphId="430020160021"|Unicode="τοῖς"|Lemma="ὁ"|Lang="G"|StrongNumber="G35880"|Morph="RD,,,,DMP,"|Type="Demonstrative"|Case="Dative"|Gender="Masculine"|Number="Plural"|English="those"
430020160031|τὰς|430020160041|det|Cat="det"|Id="13"|morphId="430020160031"|Unicode="τὰς"|Lemma="ὁ"|Lang="G"|StrongNumber="G35880"|Morph="EA,,,,AFP,"|Type="Article"|Case="Accusative"|Gender="Feminine"|Number="Plural"|English="the"
430020160041|περιστερὰς|430020160051|O|Cat="noun"|Id="15"|morphId="430020160041"|Unicode="περιστερὰς"|Lemma="περιστερά"|Lang="G"|StrongNumber="G40580"|Morph="N,,,,,AFP,"|Case="Accusative"|Gender="Feminine"|Number="Plural"|English="doves"
430020160051|πωλοῦσιν|430020160061|IO|Cat="verb"|Id="18"|morphId="430020160051"|Unicode="πωλοῦσιν"|Lemma="πωλέω"|Lang="G"|StrongNumber="G44530"|Morph="V,PPA,DMP,"|Mood="Participle"|Tense="Present"|Voice="Active"|Case="Dative"|Gender="Masculine"|Number="Plural"|English="who were selling"
430020160061|εἶπεν,|None|CL|Cat="verb"|Id="21"|morphId="430020160061"|Unicode="εἶπεν,"|Lemma="λέγω"|Lang="G"|StrongNumber="G30040"|Morph="V,IAA3,,S,"|Mood="Indicative"|Tense="Aorist"|Voice="Active"|Person="Third"|Number="Singular"|English="he said"
430020160071|ἄρατε|430020160061|CL|Cat="verb"|Id="26"|morphId="430020160071"|Unicode="ἄρατε"|Lemma="αἴρω"|Lang="G"|StrongNumber="G01420"|Morph="V,MAA2,,P,"|Mood="Imperative"|Tense="Aorist"|Voice="Active"|Person="Second"|Number="Plural"|English="take ~ away"
430020160081|ταῦτα|430020160071|O|Cat="pron"|Id="29"|morphId="430020160081"|Unicode="ταῦτα"|Lemma="οὗτος"|Lang="G"|StrongNumber="G37780"|Morph="RD,,,,ANP,"|Type="Demonstrative"|Case="Accusative"|Gender="Neuter"|Number="Plural"|English="these things"
430020160091|ἐντεῦθεν;|430020160071|ADV|Cat="adv"|Id="32"|morphId="430020160091"|Unicode="ἐντεῦθεν;"|Lemma="ἐντεῦθεν"|Lang="G"|StrongNumber="G17820"|Morph="D,,,,,,,,,"|English="out of here"
430020160101|μὴ|430020160111|ADV|Cat="adv"|Id="36"|morphId="430020160101"|Unicode="μὴ"|Lemma="μή"|Lang="G"|StrongNumber="G33610"|Morph="D,,,,,,,,,"|English="stop"
430020160111|ποιεῖτε|430020160071|CL|Cat="verb"|Id="39"|morphId="430020160111"|Unicode="ποιεῖτε"|Lemma="ποιέω"|Lang="G"|StrongNumber="G41600"|Morph="V,MPA2,,P,"|Mood="Imperative"|Tense="Present"|Voice="Active"|Person="Second"|Number="Plural"|English="do ~ make"
430020160121|τὸν|430020160131|det|Cat="det"|Id="42"|morphId="430020160121"|Unicode="τὸν"|Lemma="ὁ"|Lang="G"|StrongNumber="G35880"|Morph="EA,,,,AMS,"|Type="Article"|Case="Accusative"|Gender="Masculine"|Number="Singular"|English="the"
430020160131|οἶκον|430020160111|O|Cat="noun"|Id="45"|morphId="430020160131"|Unicode="οἶκον"|Lemma="οἶκος"|Lang="G"|StrongNumber="G36240"|Morph="N,,,,,AMS,"|Case="Accusative"|Gender="Masculine"|Number="Singular"|English="house"
430020160141|τοῦ|430020160151|det|Cat="det"|Id="47"|morphId="430020160141"|Unicode="τοῦ"|Lemma="ὁ"|Lang="G"|StrongNumber="G35880"|Morph="EA,,,,GMS,"|Type="Article"|Case="Genitive"|Gender="Masculine"|Number="Singular"|English="of the"
430020160151|πατρός|430020160131|np|Cat="noun"|Id="50"|morphId="430020160151"|Unicode="πατρός"|Lemma="πατήρ"|Lang="G"|StrongNumber="G39620"|Morph="N,,,,,GMS,"|Case="Genitive"|Gender="Masculine"|Number="Singular"|English="father’s"
430020160161|μου|430020160151|np|Cat="pron"|Id="52"|morphId="430020160161"|Unicode="μου"|Lemma="ἐγώ"|Lang="G"|StrongNumber="G14730"|Morph="RP,,,1G,S,"|Type="Personal"|Person="First"|Case="Genitive"|Number="Singular"|English="of me"
430020160171|οἶκον|430020160111|O2|Cat="noun"|Id="56"|morphId="430020160171"|Unicode="οἶκον"|Lemma="οἶκος"|Lang="G"|StrongNumber="G36240"|Morph="N,,,,,AMS,"|Case="Accusative"|Gender="Masculine"|Number="Singular"|English="a house"
430020160181|ἐμπορίου.|430020160171|np|Cat="noun"|Id="58"|morphId="430020160181"|Unicode="ἐμπορίου."|Lemma="ἐμπόριον"|Lang="G"|StrongNumber="G17120"|Morph="N,,,,,GNS,"|Case="Genitive"|Gender="Neuter"|Number="Singular"|English="a marketplace"
430020170011|ἐμνήσθησαν|None|CL|Cat="verb"|Id="6"|morphId="430020170011"|Unicode="ἐμνήσθησαν"|Lemma="μιμνῄσκω"|Lang="G"|StrongNumber="G34030"|Morph="V,IAP3,,P,"|Mood="Indicative"|Tense="Aorist"|Voice="Passive"|Person="Third"|Number="Plural"|English="remembered"
430020170021|οἱ|430020170031|det|Cat="det"|Id="9"|morphId="430020170021"|Unicode="οἱ"|Lemma="ὁ"|Lang="G"|StrongNumber="G35880"|Morph="EA,,,,NMP,"|Type="Article"|Case="Nominative"|Gender="Masculine"|Number="Plural"|English="the"
430020170031|μαθηταὶ|430020170011|S|Cat="noun"|Id="12"|morphId="430020170031"|Unicode="μαθηταὶ"|Lemma="μαθητής"|Lang="G"|StrongNumber="G31010"|Morph="N,,,,,NMP,"|Case="Nominative"|Gender="Masculine"|Number="Plural"|English="disciples"
430020170041|αὐτοῦ|430020170031|np|Cat="pron"|Id="14"|morphId="430020170041"|Unicode="αὐτοῦ"|Lemma="αὐτός"|Lang="G"|StrongNumber="G08460"|Morph="RP,,,3GMS,"|Type="Personal"|Person="Third"|Case="Genitive"|Gender="Masculine"|Number="Singular"|English="of him"
430020170051|ὅτι|430020170061|conj|Cat="conj"|Id="16"|morphId="430020170051"|Unicode="ὅτι"|Lemma="ὅτι"|Lang="G"|StrongNumber="G37540"|Morph="CS,,,,,,,,"|Type="Subordinating"|English="that"
430020170061|γεγραμμένον|430020170011|CL|Cat="verb"|Id="22"|morphId="430020170061"|Unicode="γεγραμμένον"|Lemma="γράφω"|Lang="G"|StrongNumber="G11250"|Morph="V,PEP,NNS,"|Mood="Participle"|Tense="Perfect"|Voice="Passive"|Case="Nominative"|Gender="Neuter"|Number="Singular"|English="written"
430020170071|ἐστίν,|430020170061|verb|Cat="verb"|Id="23"|morphId="430020170071"|Unicode="ἐστίν,"|Lemma="εἰμί"|Lang="G"|StrongNumber="G15100"|Morph="V,IPA3,,S,"|Mood="Indicative"|Tense="Present"|Voice="Active"|Person="Third"|Number="Singular"|English="it was"
430020170081|ὁ|430020170091|det|Cat="det"|Id="27"|morphId="430020170081"|Unicode="ὁ"|Lemma="ὁ"|Lang="G"|StrongNumber="G35880"|Morph="EA,,,,NMS,"|Type="Article"|Case="Nominative"|Gender="Masculine"|Number="Singular"|English="the"
430020170091|ζῆλος|430020170131|S|Cat="noun"|Id="30"|morphId="430020170091"|Unicode="ζῆλος"|Lemma="ζῆλος"|Lang="G"|StrongNumber="G22050"|Morph="N,,,,,NMS,"|Case="Nominative"|Gender="Masculine"|Number="Singular"|English="zeal"
430020170101|τοῦ|430020170111|det|Cat="det"|Id="32"|morphId="430020170101"|Unicode="τοῦ"|Lemma="ὁ"|Lang="G"|StrongNumber="G35880"|Morph="EA,,,,GMS,"|Type="Article"|Case="Genitive"|Gender="Masculine"|Number="Singular"|English="for the"
430020170111|οἴκου|430020170091|np|Cat="noun"|Id="35"|morphId="430020170111"|Unicode="οἴκου"|Lemma="οἶκος"|Lang="G"|StrongNumber="G36240"|Morph="N,,,,,GMS,"|Case="Genitive"|Gender="Masculine"|Number="Singular"|English="for ~ house"
430020170121|σου|430020170111|np|Cat="pron"|Id="37"|morphId="430020170121"|Unicode="σου"|Lemma="σύ"|Lang="G"|StrongNumber="G47710"|Morph="RP,,,2G,S,"|Type="Personal"|Person="Second"|Case="Genitive"|Number="Singular"|English="of you"
430020170131|καταφάγεταί|430020170061|CL|Cat="verb"|Id="40"|morphId="430020170131"|Unicode="καταφάγεταί"|Lemma="κατεσθίω"|Lang="G"|StrongNumber="G27190"|Morph="V,IFM3,,S,"|Mood="Indicative"|Tense="Future"|Voice="Middle"|Person="Third"|Number="Singular"|English="will consume"
430020170141|με.|430020170131|O|Cat="pron"|Id="43"|morphId="430020170141"|Unicode="με."|Lemma="ἐγώ"|Lang="G"|StrongNumber="G14730"|Morph="RP,,,1A,S,"|Type="Personal"|Person="First"|Case="Accusative"|Number="Singular"|English="me"
430020180021|οὖν|430020180011|conj|Cat="conj"|Id="3"|morphId="430020180021"|Unicode="οὖν"|Lemma="οὖν"|Lang="G"|StrongNumber="G37670"|Morph="CC,,,,,,,,"|Type="Coordinating"|English="so"
430020180011|ἀπεκρίθησαν|None|CL|Cat="verb"|Id="8"|morphId="430020180011"|Unicode="ἀπεκρίθησαν"|Lemma="ἀποκρίνω"|Lang="G"|StrongNumber="G06110"|Morph="V,IAP3,,P,"|Mood="Indicative"|Tense="Aorist"|Voice="Passive"|Person="Third"|Number="Plural"|English="said"
430020180031|οἱ|430020180041|det|Cat="det"|Id="11"|morphId="430020180031"|Unicode="οἱ"|Lemma="ὁ"|Lang="G"|StrongNumber="G35880"|Morph="EA,,,,NMP,"|Type="Article"|Case="Nominative"|Gender="Masculine"|Number="Plural"|English="the"
430020180041|Ἰουδαῖοι|430020180011|S|Cat="noun"|Id="13"|morphId="430020180041"|Unicode="Ἰουδαῖοι"|Lemma="Ἰουδαῖος"|Lang="G"|StrongNumber="G24530"|Morph="NS,,,,NMP,"|Type="Substantive_Adj"|Case="Nominative"|Gender="Masculine"|Number="Plural"|English="jews"
430020180051|καὶ|430020180011|conj|Cat="conj"|Id="14"|morphId="430020180051"|Unicode="καὶ"|Lemma="καί"|Lang="G"|StrongNumber="G25320"|Morph="CC,,,,,,,,"|Type="Coordinating"|English="and"
430020180061|εἶπαν|430020180011|CL|Cat="verb"|Id="19"|morphId="430020180061"|Unicode="εἶπαν"|Lemma="λέγω"|Lang="G"|StrongNumber="G30040"|Morph="V,IAA3,,P,"|Mood="Indicative"|Tense="Aorist"|Voice="Active"|Person="Third"|Number="Plural"|English="said"
430020180071|αὐτῷ,|430020180061|IO|Cat="pron"|Id="22"|morphId="430020180071"|Unicode="αὐτῷ,"|Lemma="αὐτός"|Lang="G"|StrongNumber="G08460"|Morph="RP,,,3DMS,"|Type="Personal"|Person="Third"|Case="Dative"|Gender="Masculine"|Number="Singular"|English="to him"
430020180081|τί|430020180091|adjp|Cat="det"|Id="29"|morphId="430020180081"|Unicode="τί"|Lemma="τίς"|Lang="G"|StrongNumber="G51010"|Morph="ET,,,,ANS,"|Type="Interrogative"|Case="Accusative"|Gender="Neuter"|Number="Singular"|English="what"
430020180091|σημεῖον|430020180101|O|Cat="noun"|Id="31"|morphId="430020180091"|Unicode="σημεῖον"|Lemma="σημεῖον"|Lang="G"|StrongNumber="G45920"|Morph="N,,,,,ANS,"|Case="Accusative"|Gender="Neuter"|Number="Singular"|English="sign"
430020180101|δεικνύεις|430020180061|CL|Cat="verb"|Id="34"|morphId="430020180101"|Unicode="δεικνύεις"|Lemma="δεικνύω"|Lang="G"|StrongNumber="G11660"|Morph="V,IPA2,,S,"|Mood="Indicative"|Tense="Present"|Voice="Active"|Person="Second"|Number="Singular"|English="do you show"
430020180111|ἡμῖν,|430020180101|IO|Cat="pron"|Id="37"|morphId="430020180111"|Unicode="ἡμῖν,"|Lemma="ἐγώ"|Lang="G"|StrongNumber="G14730"|Morph="RP,,,1D,P,"|Type="Personal"|Person="First"|Case="Dative"|Number="Plural"|English="us"
430020180121|ὅτι|430020180141|conj|Cat="conj"|Id="39"|morphId="430020180121"|Unicode="ὅτι"|Lemma="ὅτι"|Lang="G"|StrongNumber="G37540"|Morph="CS,,,,,,,,"|Type="Subordinating"|English="for"
430020180131|ταῦτα|430020180141|O|Cat="pron"|Id="43"|morphId="430020180131"|Unicode="ταῦτα"|Lemma="οὗτος"|Lang="G"|StrongNumber="G37780"|Morph="RD,,,,ANP,"|Type="Demonstrative"|Case="Accusative"|Gender="Neuter"|Number="Plural"|English="these things"
430020180141|ποιεῖς?|430020180101|CL|Cat="verb"|Id="46"|morphId="430020180141"|Unicode="ποιεῖς?"|Lemma="ποιέω"|Lang="G"|StrongNumber="G41600"|Morph="V,IPA2,,S,"|Mood="Indicative"|Tense="Present"|Voice="Active"|Person="Second"|Number="Singular"|English="doing"
430020190011|ἀπεκρίθη|None|CL|Cat="verb"|Id="6"|morphId="430020190011"|Unicode="ἀπεκρίθη"|Lemma="ἀποκρίνω"|Lang="G"|StrongNumber="G06110"|Morph="V,IAP3,,S,"|Mood="Indicative"|Tense="Aorist"|Voice="Passive"|Person="Third"|Number="Singular"|English="answered"
430020190021|Ἰησοῦς|430020190011|S|Cat="noun"|Id="9"|morphId="430020190021"|Unicode="Ἰησοῦς"|Lemma="Ἰησοῦς"|Lang="G"|StrongNumber="G24240"|Morph="N,,,,,NMS,"|Case="Nominative"|Gender="Masculine"|Number="Singular"|English="Jesus"
430020190031|καὶ|430020190011|conj|Cat="conj"|Id="10"|morphId="430020190031"|Unicode="καὶ"|Lemma="καί"|Lang="G"|StrongNumber="G25320"|Morph="CC,,,,,,,,"|Type="Coordinating"|English="and"
430020190041|εἶπεν|430020190011|CL|Cat="verb"|Id="15"|morphId="430020190041"|Unicode="εἶπεν"|Lemma="λέγω"|Lang="G"|StrongNumber="G30040"|Morph="V,IAA3,,S,"|Mood="Indicative"|Tense="Aorist"|Voice="Active"|Person="Third"|Number="Singular"|English="said"
430020190051|αὐτοῖς,|430020190041|IO|Cat="pron"|Id="18"|morphId="430020190051"|Unicode="αὐτοῖς,"|Lemma="αὐτός"|Lang="G"|StrongNumber="G08460"|Morph="RP,,,3DMP,"|Type="Personal"|Person="Third"|Case="Dative"|Gender="Masculine"|Number="Plural"|English="to them"
430020190061|λύσατε|430020190041|CL|Cat="verb"|Id="23"|morphId="430020190061"|Unicode="λύσατε"|Lemma="λύω"|Lang="G"|StrongNumber="G30890"|Morph="V,MAA2,,P,"|Mood="Imperative"|Tense="Aorist"|Voice="Active"|Person="Second"|Number="Plural"|English="destroy"
430020190071|τὸν|430020190081|det|Cat="det"|Id="27"|morphId="430020190071"|Unicode="τὸν"|Lemma="ὁ"|Lang="G"|StrongNumber="G35880"|Morph="EA,,,,AMS,"|Type="Article"|Case="Accusative"|Gender="Masculine"|Number="Singular"
430020190081|ναὸν|430020190061|O|Cat="noun"|Id="29"|morphId="430020190081"|Unicode="ναὸν"|Lemma="ναός"|Lang="G"|StrongNumber="G34850"|Morph="N,,,,,AMS,"|Case="Accusative"|Gender="Masculine"|Number="Singular"|English="temple"
430020190091|τοῦτον,|430020190081|np|Cat="det"|Id="31"|morphId="430020190091"|Unicode="τοῦτον,"|Lemma="οὗτος"|Lang="G"|StrongNumber="G37780"|Morph="ED,,,,AMS,"|Type="Demonstrative"|Case="Accusative"|Gender="Masculine"|Number="Singular"|English="this"
430020190101|καὶ|430020190061|conj|Cat="conj"|Id="32"|morphId="430020190101"|Unicode="καὶ"|Lemma="καί"|Lang="G"|StrongNumber="G25320"|Morph="CC,,,,,,,,"|Type="Coordinating"|English="and"
430020190111|ἐν|430020190131|prep|Cat="prep"|Id="36"|morphId="430020190111"|Unicode="ἐν"|Lemma="ἐν"|Lang="G"|StrongNumber="G17220"|Morph="P,,,,,D,,,"|Case="Dative"|English="in"
430020190121|τρισὶν|430020190131|nump|Cat="det"|Id="40"|morphId="430020190121"|Unicode="τρισὶν"|Lemma="τρεῖς"|Lang="G"|StrongNumber="G51400"|Morph="EN,,,,DFP,"|Type="Number"|Case="Dative"|Gender="Feminine"|Number="Plural"|English="three"
430020190131|ἡμέραις|430020190141|ADV|Cat="noun"|Id="42"|morphId="430020190131"|Unicode="ἡμέραις"|Lemma="ἡμέρα"|Lang="G"|StrongNumber="G22500"|Morph="N,,,,,DFP,"|Case="Dative"|Gender="Feminine"|Number="Plural"|English="days"
430020190141|ἐγερῶ|430020190061|CL|Cat="verb"|Id="45"|morphId="430020190141"|Unicode="ἐγερῶ"|Lemma="ἐγείρω"|Lang="G"|StrongNumber="G14530"|Morph="V,IFA1,,S,"|Mood="Indicative"|Tense="Future"|Voice="Active"|Person="First"|Number="Singular"|English="I will raise ~ up"
430020190151|αὐτόν.|430020190141|O|Cat="pron"|Id="48"|morphId="430020190151"|Unicode="αὐτόν."|Lemma="αὐτός"|Lang="G"|StrongNumber="G08460"|Morph="RP,,,3AMS,"|Type="Personal"|Person="Third"|Case="Accusative"|Gender="Masculine"|Number="Singular"|English="it"
430020200021|οὖν|430020200011|conj|Cat="conj"|Id="3"|morphId="430020200021"|Unicode="οὖν"|Lemma="οὖν"|Lang="G"|StrongNumber="G37670"|Morph="CC,,,,,,,,"|Type="Coordinating"|English="then"
430020200011|εἶπαν|None|CL|Cat="verb"|Id="8"|morphId="430020200011"|Unicode="εἶπαν"|Lemma="λέγω"|Lang="G"|StrongNumber="G30040"|Morph="V,IAA3,,P,"|Mood="Indicative"|Tense="Aorist"|Voice="Active"|Person="Third"|Number="Plural"|English="said"
430020200031|οἱ|430020200041|det|Cat="det"|Id="11"|morphId="430020200031"|Unicode="οἱ"|Lemma="ὁ"|Lang="G"|StrongNumber="G35880"|Morph="EA,,,,NMP,"|Type="Article"|Case="Nominative"|Gender="Masculine"|Number="Plural"|English="the"
430020200041|Ἰουδαῖοι,|430020200011|S|Cat="noun"|Id="13"|morphId="430020200041"|Unicode="Ἰουδαῖοι,"|Lemma="Ἰουδαῖος"|Lang="G"|StrongNumber="G24530"|Morph="NS,,,,NMP,"|Type="Substantive_Adj"|Case="Nominative"|Gender="Masculine"|Number="Plural"|English="jews"
430020200051|τεσσεράκοντα|430020200081|nump|Cat="det"|Id="21"|morphId="430020200051"|Unicode="τεσσεράκοντα"|Lemma="τεσσεράκοντα"|Lang="G"|StrongNumber="G50620"|Morph="EN,,,,DNPI"|Type="Number"|Case="Dative"|Gender="Neuter"|Number="Plural"|English="in forty"
430020200061|καὶ|430020200051|conj|Cat="conj"|Id="22"|morphId="430020200061"|Unicode="καὶ"|Lemma="καί"|Lang="G"|StrongNumber="G25320"|Morph="CC,,,,,,,,"|Type="Coordinating"|English="and"
430020200071|ἓξ|430020200051|nump|Cat="det"|Id="25"|morphId="430020200071"|Unicode="ἓξ"|Lemma="ἕξ"|Lang="G"|StrongNumber="G18030"|Morph="EN,,,,DNPI"|Type="Number"|Case="Dative"|Gender="Neuter"|Number="Plural"|English="six"
430020200081|ἔτεσιν|430020200091|ADV|Cat="noun"|Id="27"|morphId="430020200081"|Unicode="ἔτεσιν"|Lemma="ἔτος"|Lang="G"|StrongNumber="G20940"|Morph="N,,,,,DNP,"|Case="Dative"|Gender="Neuter"|Number="Plural"|English="years"
430020200091|οἰκοδομήθη|430020200011|CL|Cat="verb"|Id="30"|morphId="430020200091"|Unicode="οἰκοδομήθη"|Lemma="οἰκοδομέω"|Lang="G"|StrongNumber="G36180"|Morph="V,IAP3,,S,"|Mood="Indicative"|Tense="Aorist"|Voice="Passive"|Person="Third"|Number="Singular"|English="build"
430020200101|ὁ|430020200111|det|Cat="det"|Id="34"|morphId="430020200101"|Unicode="ὁ"|Lemma="ὁ"|Lang="G"|StrongNumber="G35880"|Morph="EA,,,,NMS,"|Type="Article"|Case="Nominative"|Gender="Masculine"|Number="Singular"
430020200111|ναὸς|430020200091|S|Cat="noun"|Id="36"|morphId="430020200111"|Unicode="ναὸς"|Lemma="ναός"|Lang="G"|StrongNumber="G34850"|Morph="N,,,,,NMS,"|Case="Nominative"|Gender="Masculine"|Number="Singular"|English="temple"
430020200121|οὗτος,|430020200111|np|Cat="det"|Id="38"|morphId="430020200121"|Unicode="οὗτος,"|Lemma="οὗτος"|Lang="G"|StrongNumber="G37780"|Morph="ED,,,,NMS,"|Type="Demonstrative"|Case="Nominative"|Gender="Masculine"|Number="Singular"|English="this"
430020200131|καὶ|430020200091|conj|Cat="conj"|Id="39"|morphId="430020200131"|Unicode="καὶ"|Lemma="καί"|Lang="G"|StrongNumber="G25320"|Morph="CC,,,,,,,,"|Type="Coordinating"|English="and"
430020200141|σὺ|430020200181|S|Cat="pron"|Id="43"|morphId="430020200141"|Unicode="σὺ"|Lemma="σύ"|Lang="G"|StrongNumber="G47710"|Morph="RP,,,2N,S,"|Type="Personal"|Person="Second"|Case="Nominative"|Number="Singular"|English="you"
430020200151|ἐν|430020200171|prep|Cat="prep"|Id="46"|morphId="430020200151"|Unicode="ἐν"|Lemma="ἐν"|Lang="G"|StrongNumber="G17220"|Morph="P,,,,,D,,,"|Case="Dative"|English="in"
430020200161|τρισὶν|430020200171|nump|Cat="det"|Id="50"|morphId="430020200161"|Unicode="τρισὶν"|Lemma="τρεῖς"|Lang="G"|StrongNumber="G51400"|Morph="EN,,,,DFP,"|Type="Number"|Case="Dative"|Gender="Feminine"|Number="Plural"|English="three"
430020200171|ἡμέραις|430020200181|ADV|Cat="noun"|Id="52"|morphId="430020200171"|Unicode="ἡμέραις"|Lemma="ἡμέρα"|Lang="G"|StrongNumber="G22500"|Morph="N,,,,,DFP,"|Case="Dative"|Gender="Feminine"|Number="Plural"|English="days"
430020200181|ἐγερεῖς|430020200091|CL|Cat="verb"|Id="55"|morphId="430020200181"|Unicode="ἐγερεῖς"|Lemma="ἐγείρω"|Lang="G"|StrongNumber="G14530"|Morph="V,IFA2,,S,"|Mood="Indicative"|Tense="Future"|Voice="Active"|Person="Second"|Number="Singular"|English="will ~ raise ~ up"
430020200191|αὐτόν?|430020200181|O|Cat="pron"|Id="58"|morphId="430020200191"|Unicode="αὐτόν?"|Lemma="αὐτός"|Lang="G"|StrongNumber="G08460"|Morph="RP,,,3AMS,"|Type="Personal"|Person="Third"|Case="Accusative"|Gender="Masculine"|Number="Singular"|English="it"
430020210021|δὲ|430020210031|conj|Cat="conj"|Id="3"|morphId="430020210021"|Unicode="δὲ"|Lemma="δέ"|Lang="G"|StrongNumber="G11610"|Morph="CC,,,,,,,,"|Type="Coordinating"|English="but"
430020210011|ἐκεῖνος|430020210031|S|Cat="pron"|Id="7"|morphId="430020210011"|Unicode="ἐκεῖνος"|Lemma="ἐκεῖνος"|Lang="G"|StrongNumber="G15650"|Morph="RD,,,,NMS,"|Type="Demonstrative"|Case="Nominative"|Gender="Masculine"|Number="Singular"|English="that one"
430020210031|ἔλεγεν|None|CL|Cat="verb"|Id="10"|morphId="430020210031"|Unicode="ἔλεγεν"|Lemma="λέγω"|Lang="G"|StrongNumber="G30040"|Morph="V,IIA3,,S,"|Mood="Indicative"|Tense="Imperfect"|Voice="Active"|Person="Third"|Number="Singular"|English="was speaking"
430020210041|περὶ|430020210061|prep|Cat="prep"|Id="13"|morphId="430020210041"|Unicode="περὶ"|Lemma="περί"|Lang="G"|StrongNumber="G40120"|Morph="P,,,,,G,,,"|Case="Genitive"|English="of"
430020210051|τοῦ|430020210061|det|Cat="det"|Id="15"|morphId="430020210051"|Unicode="τοῦ"|Lemma="ὁ"|Lang="G"|StrongNumber="G35880"|Morph="EA,,,,GMS,"|Type="Article"|Case="Genitive"|Gender="Masculine"|Number="Singular"|English="the"
430020210061|ναοῦ|430020210031|ADV|Cat="noun"|Id="18"|morphId="430020210061"|Unicode="ναοῦ"|Lemma="ναός"|Lang="G"|StrongNumber="G34850"|Morph="N,,,,,GMS,"|Case="Genitive"|Gender="Masculine"|Number="Singular"|English="temple"
430020210071|τοῦ|430020210081|det|Cat="det"|Id="20"|morphId="430020210071"|Unicode="τοῦ"|Lemma="ὁ"|Lang="G"|StrongNumber="G35880"|Morph="EA,,,,GNS,"|Type="Article"|Case="Genitive"|Gender="Neuter"|Number="Singular"|English="of the"
430020210081|σώματος|430020210061|np|Cat="noun"|Id="23"|morphId="430020210081"|Unicode="σώματος"|Lemma="σῶμα"|Lang="G"|StrongNumber="G49830"|Morph="N,,,,,GNS,"|Case="Genitive"|Gender="Neuter"|Number="Singular"|English="of ~ body"
430020210091|αὐτοῦ.|430020210081|np|Cat="pron"|Id="25"|morphId="430020210091"|Unicode="αὐτοῦ."|Lemma="αὐτός"|Lang="G"|StrongNumber="G08460"|Morph="RP,,,3GMS,"|Type="Personal"|Person="Third"|Case="Genitive"|Gender="Masculine"|Number="Singular"|English="of him"
430020220021|οὖν|430020220061|conj|Cat="conj"|Id="3"|morphId="430020220021"|Unicode="οὖν"|Lemma="οὖν"|Lang="G"|StrongNumber="G37670"|Morph="CC,,,,,,,,"|Type="Coordinating"|English="so"
430020220011|ὅτε|430020220031|conj|Cat="conj"|Id="6"|morphId="430020220011"|Unicode="ὅτε"|Lemma="ὅτε"|Lang="G"|StrongNumber="G37530"|Morph="CS,,,,,,,,"|Type="Subordinating"|English="when"
430020220031|ἠγέρθη|430020220061|CL|Cat="verb"|Id="10"|morphId="430020220031"|Unicode="ἠγέρθη"|Lemma="ἐγείρω"|Lang="G"|StrongNumber="G14530"|Morph="V,IAP3,,S,"|Mood="Indicative"|Tense="Aorist"|Voice="Passive"|Person="Third"|Number="Singular"|English="he was raised"
430020220041|ἐκ|430020220051|prep|Cat="prep"|Id="13"|morphId="430020220041"|Unicode="ἐκ"|Lemma="ἐκ"|Lang="G"|StrongNumber="G15370"|Morph="P,,,,,G,,,"|Case="Genitive"|English="from"
430020220051|νεκρῶν,|430020220031|ADV|Cat="noun"|Id="15"|morphId="430020220051"|Unicode="νεκρῶν,"|Lemma="νεκρός"|Lang="G"|StrongNumber="G34980"|Morph="NS,,,,GMP,"|Type="Substantive_Adj"|Case="Genitive"|Gender="Masculine"|Number="Plural"|English="dead"
430020220061|ἐμνήσθησαν|None|CL|Cat="verb"|Id="21"|morphId="430020220061"|Unicode="ἐμνήσθησαν"|Lemma="μιμνῄσκω"|Lang="G"|StrongNumber="G34030"|Morph="V,IAP3,,P,"|Mood="Indicative"|Tense="Aorist"|Voice="Passive"|Person="Third"|Number="Plural"|English="remembered"
430020220071|οἱ|430020220081|det|Cat="det"|Id="24"|morphId="430020220071"|Unicode="οἱ"|Lemma="ὁ"|Lang="G"|StrongNumber="G35880"|Morph="EA,,,,NMP,"|Type="Article"|Case="Nominative"|Gender="Masculine"|Number="Plural"|English="the"
430020220081|μαθηταὶ|430020220061|S|Cat="noun"|Id="27"|morphId="430020220081"|Unicode="μαθηταὶ"|Lemma="μαθητής"|Lang="G"|StrongNumber="G31010"|Morph="N,,,,,NMP,"|Case="Nominative"|Gender="Masculine"|Number="Plural"|English="disciples"
430020220091|αὐτοῦ|430020220081|np|Cat="pron"|Id="29"|morphId="430020220091"|Unicode="αὐτοῦ"|Lemma="αὐτός"|Lang="G"|StrongNumber="G08460"|Morph="RP,,,3GMS,"|Type="Personal"|Person="Third"|Case="Genitive"|Gender="Masculine"|Number="Singular"|English="of him"
430020220101|ὅτι|430020220121|conj|Cat="conj"|Id="31"|morphId="430020220101"|Unicode="ὅτι"|Lemma="ὅτι"|Lang="G"|StrongNumber="G37540"|Morph="CS,,,,,,,,"|Type="Subordinating"|English="that"
430020220111|τοῦτο|430020220121|O|Cat="pron"|Id="35"|morphId="430020220111"|Unicode="τοῦτο"|Lemma="οὗτος"|Lang="G"|StrongNumber="G37780"|Morph="RD,,,,ANS,"|Type="Demonstrative"|Case="Accusative"|Gender="Neuter"|Number="Singular"|English="this"
430020220121|ἔλεγεν,|430020220061|CL|Cat="verb"|Id="38"|morphId="430020220121"|Unicode="ἔλεγεν,"|Lemma="λέγω"|Lang="G"|StrongNumber="G30040"|Morph="V,IIA3,,S,"|Mood="Indicative"|Tense="Imperfect"|Voice="Active"|Person="Third"|Number="Singular"|English="he had said"
430020220131|καὶ|430020220061|conj|Cat="conj"|Id="39"|morphId="430020220131"|Unicode="καὶ"|Lemma="καί"|Lang="G"|StrongNumber="G25320"|Morph="CC,,,,,,,,"|Type="Coordinating"|English="and"
430020220141|ἐπίστευσαν|430020220061|CL|Cat="verb"|Id="43"|morphId="430020220141"|Unicode="ἐπίστευσαν"|Lemma="πιστεύω"|Lang="G"|StrongNumber="G41000"|Morph="V,IAA3,,P,"|Mood="Indicative"|Tense="Aorist"|Voice="Active"|Person="Third"|Number="Plural"|English="they believed"
430020220151|τῇ|430020220161|det|Cat="det"|Id="47"|morphId="430020220151"|Unicode="τῇ"|Lemma="ὁ"|Lang="G"|StrongNumber="G35880"|Morph="EA,,,,DFS,"|Type="Article"|Case="Dative"|Gender="Feminine"|Number="Singular"|English="the"
430020220161|Γραφῇ|430020220141|O|Cat="noun"|Id="49"|morphId="430020220161"|Unicode="Γραφῇ"|Lemma="γραφή"|Lang="G"|StrongNumber="G11240"|Morph="N,,,,,DFS,"|Case="Dative"|Gender="Feminine"|Number="Singular"|English="scripture"
430020220171|καὶ|430020220161|conj|Cat="conj"|Id="50"|morphId="430020220171"|Unicode="καὶ"|Lemma="καί"|Lang="G"|StrongNumber="G25320"|Morph="CC,,,,,,,,"|Type="Coordinating"|English="and"
430020220181|τῷ|430020220191|det|Cat="det"|Id="52"|morphId="430020220181"|Unicode="τῷ"|Lemma="ὁ"|Lang="G"|StrongNumber="G35880"|Morph="EA,,,,DMS,"|Type="Article"|Case="Dative"|Gender="Masculine"|Number="Singular"|English="the"
430020220191|λόγῳ|430020220161|np|Cat="noun"|Id="55"|morphId="430020220191"|Unicode="λόγῳ"|Lemma="λόγος"|Lang="G"|StrongNumber="G30560"|Morph="N,,,,,DMS,"|Case="Dative"|Gender="Masculine"|Number="Singular"|English="word"
430020220201|ὃν|430020220211|O|Cat="pron"|Id="59"|morphId="430020220201"|Unicode="ὃν"|Lemma="ὅς"|Lang="G"|StrongNumber="G37390"|Morph="RD,,,,AMS,"|Type="Demonstrative"|Case="Accusative"|Gender="Masculine"|Number="Singular"|English="which"
430020220211|εἶπεν|430020220191|CL|Cat="verb"|Id="62"|morphId="430020220211"|Unicode="εἶπεν"|Lemma="λέγω"|Lang="G"|StrongNumber="G30040"|Morph="V,IAA3,,S,"|Mood="Indicative"|Tense="Aorist"|Voice="Active"|Person="Third"|Number="Singular"|English="had spoken"
430020220221|ὁ|430020220231|det|Cat="det"|Id="65"|morphId="430020220221"|Unicode="ὁ"|Lemma="ὁ"|Lang="G"|StrongNumber="G35880"|Morph="EA,,,,NMS,"|Type="Article"|Case="Nominative"|Gender="Masculine"|Number="Singular"
430020220231|Ἰησοῦς.|430020220211|S|Cat="noun"|Id="67"|morphId="430020220231"|Unicode="Ἰησοῦς."|Lemma="Ἰησοῦς"|Lang="G"|StrongNumber="G24240"|Morph="N,,,,,NMS,"|Case="Nominative"|Gender="Masculine"|Number="Singular"|English="Jesus"
430020230021|δὲ|430020230141|conj|Cat="conj"|Id="3"|morphId="430020230021"|Unicode="δὲ"|Lemma="δέ"|Lang="G"|StrongNumber="G11610"|Morph="CC,,,,,,,,"|Type="Coordinating"|English="now"
430020230011|ὡς|430020230061|conj|Cat="conj"|Id="6"|morphId="430020230011"|Unicode="ὡς"|Lemma="ὡς"|Lang="G"|StrongNumber="G56130"|Morph="CS,,,,,,,,"|Type="Subordinating"|English="when"
430020230031|ἦν|430020230061|VC|Cat="verb"|Id="10"|morphId="430020230031"|Unicode="ἦν"|Lemma="εἰμί"|Lang="G"|StrongNumber="G15100"|Morph="V,IIA3,,S,"|Mood="Indicative"|Tense="Imperfect"|Voice="Active"|Person="Third"|Number="Singular"|English="he was"
430020230041|ἐν|430020230061|prep|Cat="prep"|Id="13"|morphId="430020230041"|Unicode="ἐν"|Lemma="ἐν"|Lang="G"|StrongNumber="G17220"|Morph="P,,,,,D,,,"|Case="Dative"|English="in"
430020230051|τοῖς|430020230061|det|Cat="det"|Id="15"|morphId="430020230051"|Unicode="τοῖς"|Lemma="ὁ"|Lang="G"|StrongNumber="G35880"|Morph="EA,,,,DNP,"|Type="Article"|Case="Dative"|Gender="Neuter"|Number="Plural"
430020230061|Ἱεροσολύμοις|430020230141|CL|Cat="noun"|Id="17"|morphId="430020230061"|Unicode="Ἱεροσολύμοις"|Lemma="Ἱεροσόλυμα"|Lang="G"|StrongNumber="G24140"|Morph="N,,,,,DNP,"|Case="Dative"|Gender="Neuter"|Number="Plural"|English="Jerusalem"
430020230071|ἐν|430020230091|prep|Cat="prep"|Id="20"|morphId="430020230071"|Unicode="ἐν"|Lemma="ἐν"|Lang="G"|StrongNumber="G17220"|Morph="P,,,,,D,,,"|Case="Dative"|English="at"
430020230081|τῷ|430020230091|det|Cat="det"|Id="22"|morphId="430020230081"|Unicode="τῷ"|Lemma="ὁ"|Lang="G"|StrongNumber="G35880"|Morph="EA,,,,DNS,"|Type="Article"|Case="Dative"|Gender="Neuter"|Number="Singular"|English="the"
430020230091|Πάσχα|430020230061|ADV|Cat="noun"|Id="24"|morphId="430020230091"|Unicode="Πάσχα"|Lemma="Πάσχα"|Lang="G"|StrongNumber="G39570"|Morph="N,,,,,DNSI"|Case="Dative"|Gender="Neuter"|Number="Singular"|English="passover"
430020230101|ἐν|430020230121|prep|Cat="prep"|Id="27"|morphId="430020230101"|Unicode="ἐν"|Lemma="ἐν"|Lang="G"|StrongNumber="G17220"|Morph="P,,,,,D,,,"|Case="Dative"|English="during"
430020230111|τῇ|430020230121|det|Cat="det"|Id="29"|morphId="430020230111"|Unicode="τῇ"|Lemma="ὁ"|Lang="G"|StrongNumber="G35880"|Morph="EA,,,,DFS,"|Type="Article"|Case="Dative"|Gender="Feminine"|Number="Singular"|English="the"
430020230121|ἑορτῇ,|430020230061|ADV|Cat="noun"|Id="31"|morphId="430020230121"|Unicode="ἑορτῇ,"|Lemma="ἑορτή"|Lang="G"|StrongNumber="G18590"|Morph="N,,,,,DFS,"|Case="Dative"|Gender="Feminine"|Number="Singular"|English="feast"
430020230131|πολλοὶ|430020230141|S|Cat="pron"|Id="35"|morphId="430020230131"|Unicode="πολλοὶ"|Lemma="πολλός"|Lang="G"|StrongNumber="G41830"|Morph="RI,,,,NMP,"|Type="Indefinite"|Case="Nominative"|Gender="Masculine"|Number="Plural"|English="many"
430020230141|ἐπίστευσαν|None|CL|Cat="verb"|Id="38"|morphId="430020230141"|Unicode="ἐπίστευσαν"|Lemma="πιστεύω"|Lang="G"|StrongNumber="G41000"|Morph="V,IAA3,,P,"|Mood="Indicative"|Tense="Aorist"|Voice="Active"|Person="Third"|Number="Plural"|English="believed"
430020230151|εἰς|430020230171|prep|Cat="prep"|Id="41"|morphId="430020230151"|Unicode="εἰς"|Lemma="εἰς"|Lang="G"|StrongNumber="G15190"|Morph="P,,,,,A,,,"|Case="Accusative"|English="in"
430020230161|τὸ|430020230171|det|Cat="det"|Id="43"|morphId="430020230161"|Unicode="τὸ"|Lemma="ὁ"|Lang="G"|StrongNumber="G35880"|Morph="EA,,,,ANS,"|Type="Article"|Case="Accusative"|Gender="Neuter"|Number="Singular"|English="the"
430020230171|ὄνομα|430020230141|ADV|Cat="noun"|Id="46"|morphId="430020230171"|Unicode="ὄνομα"|Lemma="ὄνομα"|Lang="G"|StrongNumber="G36860"|Morph="N,,,,,ANS,"|Case="Accusative"|Gender="Neuter"|Number="Singular"|English="name"
430020230181|αὐτοῦ,|430020230171|np|Cat="pron"|Id="48"|morphId="430020230181"|Unicode="αὐτοῦ,"|Lemma="αὐτός"|Lang="G"|StrongNumber="G08460"|Morph="RP,,,3GMS,"|Type="Personal"|Person="Third"|Case="Genitive"|Gender="Masculine"|Number="Singular"|English="of him"
430020230191|θεωροῦντες|430020230141|ADV|Cat="verb"|Id="53"|morphId="430020230191"|Unicode="θεωροῦντες"|Lemma="θεωρέω"|Lang="G"|StrongNumber="G23340"|Morph="V,PPA,NMP,"|Mood="Participle"|Tense="Present"|Voice="Active"|Case="Nominative"|Gender="Masculine"|Number="Plural"|English="saw"
430020230201|αὐτοῦ|430020230221|np|Cat="pron"|Id="57"|morphId="430020230201"|Unicode="αὐτοῦ"|Lemma="αὐτός"|Lang="G"|StrongNumber="G08460"|Morph="RP,,,3GMS,"|Type="Personal"|Person="Third"|Case="Genitive"|Gender="Masculine"|Number="Singular"|English="his"
430020230211|τὰ|430020230221|det|Cat="det"|Id="59"|morphId="430020230211"|Unicode="τὰ"|Lemma="ὁ"|Lang="G"|StrongNumber="G35880"|Morph="EA,,,,ANP,"|Type="Article"|Case="Accusative"|Gender="Neuter"|Number="Plural"|English="the"
430020230221|σημεῖα|430020230191|O|Cat="noun"|Id="62"|morphId="430020230221"|Unicode="σημεῖα"|Lemma="σημεῖον"|Lang="G"|StrongNumber="G45920"|Morph="N,,,,,ANP,"|Case="Accusative"|Gender="Neuter"|Number="Plural"|English="signs"
430020230231|ἃ|430020230241|O|Cat="pron"|Id="66"|morphId="430020230231"|Unicode="ἃ"|Lemma="ὅς"|Lang="G"|StrongNumber="G37390"|Morph="RR,,,,ANP,"|Type="Relative"|Case="Accusative"|Gender="Neuter"|Number="Plural"|English="which"
430020230241|ἐποίει.|430020230221|CL|Cat="verb"|Id="69"|morphId="430020230241"|Unicode="ἐποίει."|Lemma="ποιέω"|Lang="G"|StrongNumber="G41600"|Morph="V,IIA3,,S,"|Mood="Indicative"|Tense="Imperfect"|Voice="Active"|Person="Third"|Number="Singular"|English="he was doing"
430020240021|δὲ|430020240051|conj|Cat="conj"|Id="3"|morphId="430020240021"|Unicode="δὲ"|Lemma="δέ"|Lang="G"|StrongNumber="G11610"|Morph="CC,,,,,,,,"|Type="Coordinating"|English="but"
430020240011|αὐτὸς|430020240031|pron|Cat="pron"|Id="7"|morphId="430020240011"|Unicode="αὐτὸς"|Lemma="αὐτός"|Lang="G"|StrongNumber="G08460"|Morph="RE,,,3NMS,"|Type="Reflexive"|Person="Third"|Case="Nominative"|Gender="Masculine"|Number="Singular"|English="Himself"
430020240031|Ἰησοῦς|430020240051|S|Cat="noun"|Id="9"|morphId="430020240031"|Unicode="Ἰησοῦς"|Lemma="Ἰησοῦς"|Lang="G"|StrongNumber="G24240"|Morph="N,,,,,NMS,"|Case="Nominative"|Gender="Masculine"|Number="Singular"|English="Jesus"
430020240041|οὐκ|430020240051|ADV|Cat="adv"|Id="12"|morphId="430020240041"|Unicode="οὐκ"|Lemma="οὐ"|Lang="G"|StrongNumber="G37560"|Morph="D,,,,,,,,,"|English="not"
430020240051|ἐπίστευεν|None|CL|Cat="verb"|Id="15"|morphId="430020240051"|Unicode="ἐπίστευεν"|Lemma="πιστεύω"|Lang="G"|StrongNumber="G41000"|Morph="V,IIA3,,S,"|Mood="Indicative"|Tense="Imperfect"|Voice="Active"|Person="Third"|Number="Singular"|English="would ~ entrust"
430020240061|αὑτὸν|430020240051|O|Cat="pron"|Id="18"|morphId="430020240061"|Unicode="αὑτὸν"|Lemma="αὐτός"|Lang="G"|StrongNumber="G08460"|Morph="RE,,,3AMS,"|Type="Reflexive"|Person="Third"|Case="Accusative"|Gender="Masculine"|Number="Singular"|English="himself"
430020240071|αὐτοῖς,|430020240051|IO|Cat="pron"|Id="21"|morphId="430020240071"|Unicode="αὐτοῖς,"|Lemma="αὐτός"|Lang="G"|StrongNumber="G08460"|Morph="RP,,,3DMP,"|Type="Personal"|Person="Third"|Case="Dative"|Gender="Masculine"|Number="Plural"|English="to them"
430020240081|διὰ|430020240111|prep|Cat="prep"|Id="24"|morphId="430020240081"|Unicode="διὰ"|Lemma="διά"|Lang="G"|StrongNumber="G12230"|Morph="P,,,,,A,,,"|Case="Accusative"|English="because"
430020240091|τὸ|430020240111|det|Cat="pron"|Id="27"|morphId="430020240091"|Unicode="τὸ"|Lemma="ὁ"|Lang="G"|StrongNumber="G35880"|Morph="RD,,,,ANS,"|Type="Demonstrative"|Case="Accusative"|Gender="Neuter"|Number="Singular"
430020240101|αὐτὸν|430020240111|S|Cat="pron"|Id="31"|morphId="430020240101"|Unicode="αὐτὸν"|Lemma="αὐτός"|Lang="G"|StrongNumber="G08460"|Morph="RP,,,3AMS,"|Type="Personal"|Person="Third"|Case="Accusative"|Gender="Masculine"|Number="Singular"|English="he"
430020240111|γινώσκειν|430020240051|ADV|Cat="verb"|Id="34"|morphId="430020240111"|Unicode="γινώσκειν"|Lemma="γινώσκω"|Lang="G"|StrongNumber="G10970"|Morph="V,NPA,,,,,"|Mood="Infinitive"|Tense="Present"|Voice="Active"|English="knew"
430020240121|πάντας.|430020240111|O|Cat="pron"|Id="37"|morphId="430020240121"|Unicode="πάντας."|Lemma="πᾶς"|Lang="G"|StrongNumber="G39560"|Morph="RI,,,,AMP,"|Type="Indefinite"|Case="Accusative"|Gender="Masculine"|Number="Plural"|English="all men"
430020250011|καὶ|430020250051|conj|Cat="conj"|Id="3"|morphId="430020250011"|Unicode="καὶ"|Lemma="καί"|Lang="G"|StrongNumber="G25320"|Morph="CC,,,,,,,,"|Type="Coordinating"|English="and"
430020250021|ὅτι|430020250051|conj|Cat="conj"|Id="5"|morphId="430020250021"|Unicode="ὅτι"|Lemma="ὅτι"|Lang="G"|StrongNumber="G37540"|Morph="CS,,,,,,,,"|Type="Subordinating"|English="because"
430020250031|οὐ|430020250051|ADV|Cat="adv"|Id="11"|morphId="430020250031"|Unicode="οὐ"|Lemma="οὐ"|Lang="G"|StrongNumber="G37560"|Morph="D,,,,,,,,,"|English="not"
430020250041|χρείαν|430020250051|O|Cat="noun"|Id="14"|morphId="430020250041"|Unicode="χρείαν"|Lemma="χρεία"|Lang="G"|StrongNumber="G55320"|Morph="N,,,,,AFS,"|Case="Accusative"|Gender="Feminine"|Number="Singular"|English="need"
430020250051|εἶχεν|None|CL|Cat="verb"|Id="17"|morphId="430020250051"|Unicode="εἶχεν"|Lemma="ἔχω"|Lang="G"|StrongNumber="G21920"|Morph="V,IIA3,,S,"|Mood="Indicative"|Tense="Imperfect"|Voice="Active"|Person="Third"|Number="Singular"|English="had"
430020250061|ἵνα|430020250081|conj|Cat="conj"|Id="19"|morphId="430020250061"|Unicode="ἵνα"|Lemma="ἵνα"|Lang="G"|StrongNumber="G24430"|Morph="CS,,,,,,,,"|Type="Subordinating"|English="to"
430020250071|τις|430020250081|S|Cat="pron"|Id="23"|morphId="430020250071"|Unicode="τις"|Lemma="τις"|Lang="G"|StrongNumber="G51000"|Morph="RI,,,,NMS,"|Type="Indefinite"|Case="Nominative"|Gender="Masculine"|Number="Singular"|English="anyone"
430020250081|μαρτυρήσῃ|430020250051|CL|Cat="verb"|Id="26"|morphId="430020250081"|Unicode="μαρτυρήσῃ"|Lemma="μαρτυρέω"|Lang="G"|StrongNumber="G31400"|Morph="V,SAA3,,S,"|Mood="Subjunctive"|Tense="Aorist"|Voice="Active"|Person="Third"|Number="Singular"|English="testify"
430020250091|περὶ|430020250111|prep|Cat="prep"|Id="29"|morphId="430020250091"|Unicode="περὶ"|Lemma="περί"|Lang="G"|StrongNumber="G40120"|Morph="P,,,,,G,,,"|Case="Genitive"|English="about"
430020250101|τοῦ|430020250111|det|Cat="det"|Id="31"|morphId="430020250101"|Unicode="τοῦ"|Lemma="ὁ"|Lang="G"|StrongNumber="G35880"|Morph="EA,,,,GMS,"|Type="Article"|Case="Genitive"|Gender="Masculine"|Number="Singular"
430020250111|ἀνθρώπου;|430020250081|ADV|Cat="noun"|Id="33"|morphId="430020250111"|Unicode="ἀνθρώπου;"|Lemma="ἄνθρωπος"|Lang="G"|StrongNumber="G04440"|Morph="N,,,,,GMS,"|Case="Genitive"|Gender="Masculine"|Number="Singular"|English="man"
430020250131|γὰρ|430020250141|conj|Cat="conj"|Id="35"|morphId="430020250131"|Unicode="γὰρ"|Lemma="γάρ"|Lang="G"|StrongNumber="G10630"|Morph="CC,,,,,,,,"|Type="Coordinating"|English="for"
430020250121|αὐτὸς|430020250141|S|Cat="pron"|Id="39"|morphId="430020250121"|Unicode="αὐτὸς"|Lemma="αὐτός"|Lang="G"|StrongNumber="G08460"|Morph="RP,,,3NMS,"|Type="Personal"|Person="Third"|Case="Nominative"|Gender="Masculine"|Number="Singular"|English="for-he"
430020250141|ἐγίνωσκεν|430020250051|CL|Cat="verb"|Id="42"|morphId="430020250141"|Unicode="ἐγίνωσκεν"|Lemma="γινώσκω"|Lang="G"|StrongNumber="G10970"|Morph="V,IIA3,,S,"|Mood="Indicative"|Tense="Imperfect"|Voice="Active"|Person="Third"|Number="Singular"|English="knew"
430020250151|τί|430020250191|S|Cat="pron"|Id="47"|morphId="430020250151"|Unicode="τί"|Lemma="τίς"|Lang="G"|StrongNumber="G51010"|Morph="RT,,,,NNS,"|Type="Interrogative"|Case="Nominative"|Gender="Neuter"|Number="Singular"|English="what"
430020250161|ἦν|430020250191|VC|Cat="verb"|Id="50"|morphId="430020250161"|Unicode="ἦν"|Lemma="εἰμί"|Lang="G"|StrongNumber="G15100"|Morph="V,IIA3,,S,"|Mood="Indicative"|Tense="Imperfect"|Voice="Active"|Person="Third"|Number="Singular"|English="was"
430020250171|ἐν|430020250191|prep|Cat="prep"|Id="53"|morphId="430020250171"|Unicode="ἐν"|Lemma="ἐν"|Lang="G"|StrongNumber="G17220"|Morph="P,,,,,D,,,"|Case="Dative"|English="in"
430020250181|τῷ|430020250191|det|Cat="det"|Id="55"|morphId="430020250181"|Unicode="τῷ"|Lemma="ὁ"|Lang="G"|StrongNumber="G35880"|Morph="EA,,,,DMS,"|Type="Article"|Case="Dative"|Gender="Masculine"|Number="Singular"
430020250191|ἀνθρώπῳ.|430020250141|O|Cat="noun"|Id="57"|morphId="430020250191"|Unicode="ἀνθρώπῳ."|Lemma="ἄνθρωπος"|Lang="G"|StrongNumber="G04440"|Morph="N,,,,,DMS,"|Case="Dative"|Gender="Masculine"|Number="Singular"|English="man"
