590050010011|ἄγε|None|CL|Cat="verb"|Id="7"|morphId="590050010011"|Unicode="ἄγε"|Lemma="ἄγω"|Lang="G"|StrongNumber="G00710"|Morph="V,MPA2,,S,"|Mood="Imperative"|Tense="Present"|Voice="Active"|Person="Second"|Number="Singular"|English="come"
590050010021|νῦν,|590050010011|ADV|Cat="adv"|Id="10"|morphId="590050010021"|Unicode="νῦν,"|Lemma="νῦν"|Lang="G"|StrongNumber="G35680"|Morph="D,,,,,,,,,"|English="now"
590050010031|οἱ|590050010041|det|Cat="det"|Id="13"|morphId="590050010031"|Unicode="οἱ"|Lemma="ὁ"|Lang="G"|StrongNumber="G35880"|Morph="EA,,,,VMP,"|Type="Article"|Case="Vocative"|Gender="Masculine"|Number="Plural"|English="the"
590050010041|πλούσιοι,|590050010011|CL|Cat="noun"|Id="15"|morphId="590050010041"|Unicode="πλούσιοι,"|Lemma="πλούσιος"|Lang="G"|StrongNumber="G41450"|Morph="NS,,,,VMP,"|Type="Substantive_Adj"|Case="Vocative"|Gender="Masculine"|Number="Plural"|English="you rich people"
590050010051|κλαύσατε,|590050010011|CL|Cat="verb"|Id="19"|morphId="590050010051"|Unicode="κλαύσατε,"|Lemma="κλαίω"|Lang="G"|StrongNumber="G27990"|Morph="V,MAA2,,P,"|Mood="Imperative"|Tense="Aorist"|Voice="Active"|Person="Second"|Number="Plural"|English="weep"
590050010061|ὀλολύζοντες|590050010051|ADV|Cat="verb"|Id="24"|morphId="590050010061"|Unicode="ὀλολύζοντες"|Lemma="ὀλολύζω"|Lang="G"|StrongNumber="G36490"|Morph="V,PPA,NMP,"|Mood="Participle"|Tense="Present"|Voice="Active"|Case="Nominative"|Gender="Masculine"|Number="Plural"|English="howl"
590050010071|ἐπὶ|590050010091|prep|Cat="prep"|Id="27"|morphId="590050010071"|Unicode="ἐπὶ"|Lemma="ἐπί"|Lang="G"|StrongNumber="G19090"|Morph="P,,,,,D,,,"|Case="Dative"|English="for"
590050010081|ταῖς|590050010091|det|Cat="det"|Id="30"|morphId="590050010081"|Unicode="ταῖς"|Lemma="ὁ"|Lang="G"|StrongNumber="G35880"|Morph="EA,,,,DFP,"|Type="Article"|Case="Dative"|Gender="Feminine"|Number="Plural"|English="the"
590050010091|ταλαιπωρίαις|590050010061|ADV|Cat="noun"|Id="33"|morphId="590050010091"|Unicode="ταλαιπωρίαις"|Lemma="ταλαιπωρία"|Lang="G"|StrongNumber="G50040"|Morph="N,,,,,DFP,"|Case="Dative"|Gender="Feminine"|Number="Plural"|English="miseries"
590050010101|ὑμῶν|590050010091|np|Cat="pron"|Id="35"|morphId="590050010101"|Unicode="ὑμῶν"|Lemma="σύ"|Lang="G"|StrongNumber="G47710"|Morph="RP,,,2G,P,"|Type="Personal"|Person="Second"|Case="Genitive"|Number="Plural"|English="of you"
590050010111|ταῖς|590050010121|det|Cat="pron"|Id="38"|morphId="590050010111"|Unicode="ταῖς"|Lemma="ὁ"|Lang="G"|StrongNumber="G35880"|Morph="RD,,,,DFP,"|Type="Demonstrative"|Case="Dative"|Gender="Feminine"|Number="Plural"
590050010121|ἐπερχομέναις.|590050010091|np|Cat="verb"|Id="42"|morphId="590050010121"|Unicode="ἐπερχομέναις."|Lemma="ἐπέρχομαι"|Lang="G"|StrongNumber="G19040"|Morph="V,PPM,DFP,"|Mood="Participle"|Tense="Present"|Voice="Middle"|Case="Dative"|Gender="Feminine"|Number="Plural"|English="that are coming upon"
590050020011|ὁ|590050020021|det|Cat="det"|Id="6"|morphId="590050020011"|Unicode="ὁ"|Lemma="ὁ"|Lang="G"|StrongNumber="G35880"|Morph="EA,,,,NMS,"|Type="Article"|Case="Nominative"|Gender="Masculine"|Number="Singular"|English="The"
590050020021|πλοῦτος|590050020041|S|Cat="noun"|Id="9"|morphId="590050020021"|Unicode="πλοῦτος"|Lemma="πλοῦτος"|Lang="G"|StrongNumber="G41490"|Morph="N,,,,,NMS,"|Case="Nominative"|Gender="Masculine"|Number="Singular"|English="riches"
590050020031|ὑμῶν|590050020021|np|Cat="pron"|Id="11"|morphId="590050020031"|Unicode="ὑμῶν"|Lemma="σύ"|Lang="G"|StrongNumber="G47710"|Morph="RP,,,2G,P,"|Type="Personal"|Person="Second"|Case="Genitive"|Number="Plural"|English="of you"
590050020041|σέσηπεν,|None|CL|Cat="verb"|Id="14"|morphId="590050020041"|Unicode="σέσηπεν,"|Lemma="σήπω"|Lang="G"|StrongNumber="G45950"|Morph="V,IEA3,,S,"|Mood="Indicative"|Tense="Perfect"|Voice="Active"|Person="Third"|Number="Singular"|English="have rotted"
590050020051|καὶ|590050020041|conj|Cat="conj"|Id="15"|morphId="590050020051"|Unicode="καὶ"|Lemma="καί"|Lang="G"|StrongNumber="G25320"|Morph="CC,,,,,,,,"|Type="Coordinating"|English="and"
590050020061|τὰ|590050020071|det|Cat="det"|Id="19"|morphId="590050020061"|Unicode="τὰ"|Lemma="ὁ"|Lang="G"|StrongNumber="G35880"|Morph="EA,,,,NNP,"|Type="Article"|Case="Nominative"|Gender="Neuter"|Number="Plural"|English="the"
590050020071|ἱμάτια|590050020091|S|Cat="noun"|Id="22"|morphId="590050020071"|Unicode="ἱμάτια"|Lemma="ἱμάτιον"|Lang="G"|StrongNumber="G24400"|Morph="N,,,,,NNP,"|Case="Nominative"|Gender="Neuter"|Number="Plural"|English="garments"
590050020081|ὑμῶν|590050020071|np|Cat="pron"|Id="24"|morphId="590050020081"|Unicode="ὑμῶν"|Lemma="σύ"|Lang="G"|StrongNumber="G47710"|Morph="RP,,,2G,P,"|Type="Personal"|Person="Second"|Case="Genitive"|Number="Plural"|English="of you"
590050020091|σητόβρωτα|590050020041|CL|Cat="noun"|Id="27"|morphId="590050020091"|Unicode="σητόβρωτα"|Lemma="σητόβρωτος"|Lang="G"|StrongNumber="G45980"|Morph="NP,,,,NNP,"|Type="Predicate_Adj"|Case="Nominative"|Gender="Neuter"|Number="Plural"|English="moth-eaten"
590050020101|γέγονεν.|590050020091|VC|Cat="verb"|Id="30"|morphId="590050020101"|Unicode="γέγονεν."|Lemma="γίνομαι"|Lang="G"|StrongNumber="G10960"|Morph="V,IEA3,,S,"|Mood="Indicative"|Tense="Perfect"|Voice="Active"|Person="Third"|Number="Singular"|English="are"
590050030011|ὁ|590050030021|det|Cat="det"|Id="7"|morphId="590050030011"|Unicode="ὁ"|Lemma="ὁ"|Lang="G"|StrongNumber="G35880"|Morph="EA,,,,NMS,"|Type="Article"|Case="Nominative"|Gender="Masculine"|Number="Singular"|English="the"
590050030021|χρυσὸς|590050030071|S|Cat="noun"|Id="10"|morphId="590050030021"|Unicode="χρυσὸς"|Lemma="χρυσός"|Lang="G"|StrongNumber="G55570"|Morph="N,,,,,NMS,"|Case="Nominative"|Gender="Masculine"|Number="Singular"|English="gold"
590050030031|ὑμῶν|590050030021|np|Cat="pron"|Id="12"|morphId="590050030031"|Unicode="ὑμῶν"|Lemma="σύ"|Lang="G"|StrongNumber="G47710"|Morph="RP,,,2G,P,"|Type="Personal"|Person="Second"|Case="Genitive"|Number="Plural"|English="of you"
590050030041|καὶ|590050030021|conj|Cat="conj"|Id="13"|morphId="590050030041"|Unicode="καὶ"|Lemma="καί"|Lang="G"|StrongNumber="G25320"|Morph="CC,,,,,,,,"|Type="Coordinating"|English="and"
590050030051|ὁ|590050030061|det|Cat="det"|Id="15"|morphId="590050030051"|Unicode="ὁ"|Lemma="ὁ"|Lang="G"|StrongNumber="G35880"|Morph="EA,,,,NMS,"|Type="Article"|Case="Nominative"|Gender="Masculine"|Number="Singular"|English="the"
590050030061|ἄργυρος|590050030021|np|Cat="noun"|Id="17"|morphId="590050030061"|Unicode="ἄργυρος"|Lemma="ἄργυρος"|Lang="G"|StrongNumber="G06960"|Morph="N,,,,,NMS,"|Case="Nominative"|Gender="Masculine"|Number="Singular"|English="silver"
590050030071|κατίωται,|None|CL|Cat="verb"|Id="20"|morphId="590050030071"|Unicode="κατίωται,"|Lemma="κατιόω"|Lang="G"|StrongNumber="G27280"|Morph="V,IEP3,,S,"|Mood="Indicative"|Tense="Perfect"|Voice="Passive"|Person="Third"|Number="Singular"|English="are corroded"
590050030081|καὶ|590050030071|conj|Cat="conj"|Id="21"|morphId="590050030081"|Unicode="καὶ"|Lemma="καί"|Lang="G"|StrongNumber="G25320"|Morph="CC,,,,,,,,"|Type="Coordinating"|English="and"
590050030091|ὁ|590050030101|det|Cat="det"|Id="26"|morphId="590050030091"|Unicode="ὁ"|Lemma="ὁ"|Lang="G"|StrongNumber="G35880"|Morph="EA,,,,NMS,"|Type="Article"|Case="Nominative"|Gender="Masculine"|Number="Singular"|English="the"
590050030101|ἰὸς|590050030131|S|Cat="noun"|Id="29"|morphId="590050030101"|Unicode="ἰὸς"|Lemma="ἰός"|Lang="G"|StrongNumber="G24470"|Morph="N,,,,,NMS,"|Case="Nominative"|Gender="Masculine"|Number="Singular"|English="corrosion"
590050030111|αὐτῶν|590050030101|np|Cat="pron"|Id="31"|morphId="590050030111"|Unicode="αὐτῶν"|Lemma="αὐτός"|Lang="G"|StrongNumber="G08460"|Morph="RP,,,3GMP,"|Type="Personal"|Person="Third"|Case="Genitive"|Gender="Masculine"|Number="Plural"|English="of them"
590050030121|εἰς|590050030131|prep|Cat="prep"|Id="34"|morphId="590050030121"|Unicode="εἰς"|Lemma="εἰς"|Lang="G"|StrongNumber="G15190"|Morph="P,,,,,A,,,"|Case="Accusative"|English="against"
590050030131|μαρτύριον|590050030071|CL|Cat="noun"|Id="36"|morphId="590050030131"|Unicode="μαρτύριον"|Lemma="μαρτύριον"|Lang="G"|StrongNumber="G31420"|Morph="N,,,,,ANS,"|Case="Accusative"|Gender="Neuter"|Number="Singular"|English="a witness"
590050030141|ὑμῖν|590050030131|ADV|Cat="pron"|Id="39"|morphId="590050030141"|Unicode="ὑμῖν"|Lemma="σύ"|Lang="G"|StrongNumber="G47710"|Morph="RP,,,2D,P,"|Type="Personal"|Person="Second"|Case="Dative"|Number="Plural"|English="to you"
590050030151|ἔσται,|590050030131|VC|Cat="verb"|Id="42"|morphId="590050030151"|Unicode="ἔσται,"|Lemma="εἰμί"|Lang="G"|StrongNumber="G15100"|Morph="V,IFM3,,S,"|Mood="Indicative"|Tense="Future"|Voice="Middle"|Person="Third"|Number="Singular"|English="will be"
590050030161|καὶ|590050030131|conj|Cat="conj"|Id="43"|morphId="590050030161"|Unicode="καὶ"|Lemma="καί"|Lang="G"|StrongNumber="G25320"|Morph="CC,,,,,,,,"|Type="Coordinating"|English="and"
590050030171|φάγεται|590050030131|CL|Cat="verb"|Id="47"|morphId="590050030171"|Unicode="φάγεται"|Lemma="ἐσθίω"|Lang="G"|StrongNumber="G20680"|Morph="V,IFM3,,S,"|Mood="Indicative"|Tense="Future"|Voice="Middle"|Person="Third"|Number="Singular"|English="will eat"
590050030181|τὰς|590050030191|det|Cat="det"|Id="50"|morphId="590050030181"|Unicode="τὰς"|Lemma="ὁ"|Lang="G"|StrongNumber="G35880"|Morph="EA,,,,AFP,"|Type="Article"|Case="Accusative"|Gender="Feminine"|Number="Plural"|English="the"
590050030191|σάρκας|590050030171|O|Cat="noun"|Id="53"|morphId="590050030191"|Unicode="σάρκας"|Lemma="σάρξ"|Lang="G"|StrongNumber="G45610"|Morph="N,,,,,AFP,"|Case="Accusative"|Gender="Feminine"|Number="Plural"|English="flesh"
590050030201|ὑμῶν|590050030191|np|Cat="pron"|Id="55"|morphId="590050030201"|Unicode="ὑμῶν"|Lemma="σύ"|Lang="G"|StrongNumber="G47710"|Morph="RP,,,2G,P,"|Type="Personal"|Person="Second"|Case="Genitive"|Number="Plural"|English="of you"
590050030211|ὡς|590050030221|prep|Cat="conj"|Id="59"|morphId="590050030211"|Unicode="ὡς"|Lemma="ὡς"|Lang="G"|StrongNumber="G56130"|Morph="CS,,,,,,,,"|Type="Subordinating"|English="like"
590050030221|πῦρ.|590050030171|ADV|Cat="noun"|Id="61"|morphId="590050030221"|Unicode="πῦρ."|Lemma="πῦρ"|Lang="G"|StrongNumber="G44420"|Morph="N,,,,,NNS,"|Case="Nominative"|Gender="Neuter"|Number="Singular"|English="fire"
590050030231|ἐθησαυρίσατε|590050030071|CL|Cat="verb"|Id="65"|morphId="590050030231"|Unicode="ἐθησαυρίσατε"|Lemma="θησαυρίζω"|Lang="G"|StrongNumber="G23430"|Morph="V,IAA2,,P,"|Mood="Indicative"|Tense="Aorist"|Voice="Active"|Person="Second"|Number="Plural"|English="you have stored up treasure"
590050030241|ἐν|590050030261|prep|Cat="prep"|Id="68"|morphId="590050030241"|Unicode="ἐν"|Lemma="ἐν"|Lang="G"|StrongNumber="G17220"|Morph="P,,,,,D,,,"|Case="Dative"|English="in"
590050030251|ἐσχάταις|590050030261|adjp|Cat="det"|Id="72"|morphId="590050030251"|Unicode="ἐσχάταις"|Lemma="ἔσχατος"|Lang="G"|StrongNumber="G20780"|Morph="EO,,,,DFP,"|Type="Ordinal"|Case="Dative"|Gender="Feminine"|Number="Plural"|English="last"
590050030261|ἡμέραις.|590050030231|ADV|Cat="noun"|Id="74"|morphId="590050030261"|Unicode="ἡμέραις."|Lemma="ἡμέρα"|Lang="G"|StrongNumber="G22500"|Morph="N,,,,,DFP,"|Case="Dative"|Gender="Feminine"|Number="Plural"|English="days"
590050040011|ἰδοὺ,|590050040151|CL|Cat="intj"|Id="6"|morphId="590050040011"|Unicode="ἰδοὺ,"|Lemma="ὁράω"|Lang="G"|StrongNumber="G37080"|Morph="IDMAA2,,S,"|Type="Directive"|Mood="Imperative"|Tense="Aorist"|Voice="Active"|Person="Second"|Number="Singular"|English="behold"
590050040021|ὁ|590050040031|det|Cat="det"|Id="12"|morphId="590050040021"|Unicode="ὁ"|Lemma="ὁ"|Lang="G"|StrongNumber="G35880"|Morph="EA,,,,NMS,"|Type="Article"|Case="Nominative"|Gender="Masculine"|Number="Singular"|English="the"
590050040031|μισθὸς|590050040151|S|Cat="noun"|Id="15"|morphId="590050040031"|Unicode="μισθὸς"|Lemma="μισθός"|Lang="G"|StrongNumber="G34080"|Morph="N,,,,,NMS,"|Case="Nominative"|Gender="Masculine"|Number="Singular"|English="wages"
590050040041|τῶν|590050040051|det|Cat="det"|Id="18"|morphId="590050040041"|Unicode="τῶν"|Lemma="ὁ"|Lang="G"|StrongNumber="G35880"|Morph="EA,,,,GMP,"|Type="Article"|Case="Genitive"|Gender="Masculine"|Number="Plural"|English="the"
590050040051|ἐργατῶν,|590050040031|np|Cat="noun"|Id="20"|morphId="590050040051"|Unicode="ἐργατῶν,"|Lemma="ἐργάτης"|Lang="G"|StrongNumber="G20400"|Morph="N,,,,,GMP,"|Case="Genitive"|Gender="Masculine"|Number="Plural"|English="of ~ laborers"
590050040061|τῶν|590050040071|det|Cat="pron"|Id="23"|morphId="590050040061"|Unicode="τῶν"|Lemma="ὁ"|Lang="G"|StrongNumber="G35880"|Morph="RD,,,,GMP,"|Type="Demonstrative"|Case="Genitive"|Gender="Masculine"|Number="Plural"
590050040071|ἀμησάντων|590050040051|np|Cat="verb"|Id="27"|morphId="590050040071"|Unicode="ἀμησάντων"|Lemma="ἀμάω"|Lang="G"|StrongNumber="G02700"|Morph="V,PAA,GMP,"|Mood="Participle"|Tense="Aorist"|Voice="Active"|Case="Genitive"|Gender="Masculine"|Number="Plural"|English="who mowed"
590050040081|τὰς|590050040091|det|Cat="det"|Id="30"|morphId="590050040081"|Unicode="τὰς"|Lemma="ὁ"|Lang="G"|StrongNumber="G35880"|Morph="EA,,,,AFP,"|Type="Article"|Case="Accusative"|Gender="Feminine"|Number="Plural"|English="the"
590050040091|χώρας|590050040071|O|Cat="noun"|Id="33"|morphId="590050040091"|Unicode="χώρας"|Lemma="χώρα"|Lang="G"|StrongNumber="G55610"|Morph="N,,,,,AFP,"|Case="Accusative"|Gender="Feminine"|Number="Plural"|English="fields"
590050040101|ὑμῶν,|590050040091|np|Cat="pron"|Id="35"|morphId="590050040101"|Unicode="ὑμῶν,"|Lemma="σύ"|Lang="G"|StrongNumber="G47710"|Morph="RP,,,2G,P,"|Type="Personal"|Person="Second"|Case="Genitive"|Number="Plural"|English="of you"
590050040111|ὁ|590050040121|det|Cat="pron"|Id="38"|morphId="590050040111"|Unicode="ὁ"|Lemma="ὁ"|Lang="G"|StrongNumber="G35880"|Morph="RD,,,,NMS,"|Type="Demonstrative"|Case="Nominative"|Gender="Masculine"|Number="Singular"|English="which pay"
590050040121|ἀφυστερημένος|590050040031|np|Cat="verb"|Id="42"|morphId="590050040121"|Unicode="ἀφυστερημένος"|Lemma="ἀφυστερέω"|Lang="G"|StrongNumber="G08795"|Morph="V,PEP,NMS,"|Mood="Participle"|Tense="Perfect"|Voice="Passive"|Case="Nominative"|Gender="Masculine"|Number="Singular"|English="which ~ kept back by fraud"
590050040131|ἀφ’|590050040141|prep|Cat="prep"|Id="45"|morphId="590050040131"|Unicode="ἀφ’"|Lemma="ἀπό"|Lang="G"|StrongNumber="G05750"|Morph="P,,,,,G,,,"|Case="Genitive"|English="by"
590050040141|ὑμῶν,|590050040121|ADV|Cat="pron"|Id="47"|morphId="590050040141"|Unicode="ὑμῶν,"|Lemma="σύ"|Lang="G"|StrongNumber="G47710"|Morph="RP,,,2G,P,"|Type="Personal"|Person="Second"|Case="Genitive"|Number="Plural"|English="you"
590050040151|κράζει,|None|CL|Cat="verb"|Id="50"|morphId="590050040151"|Unicode="κράζει,"|Lemma="κράζω"|Lang="G"|StrongNumber="G28960"|Morph="V,IPA3,,S,"|Mood="Indicative"|Tense="Present"|Voice="Active"|Person="Third"|Number="Singular"|English="cry out"
590050040161|καὶ|590050040151|conj|Cat="conj"|Id="51"|morphId="590050040161"|Unicode="καὶ"|Lemma="καί"|Lang="G"|StrongNumber="G25320"|Morph="CC,,,,,,,,"|Type="Coordinating"|English="and"
590050040171|αἱ|590050040181|det|Cat="det"|Id="55"|morphId="590050040171"|Unicode="αἱ"|Lemma="ὁ"|Lang="G"|StrongNumber="G35880"|Morph="EA,,,,NFP,"|Type="Article"|Case="Nominative"|Gender="Feminine"|Number="Plural"|English="the"
590050040181|βοαὶ|590050040261|S|Cat="noun"|Id="58"|morphId="590050040181"|Unicode="βοαὶ"|Lemma="βοή"|Lang="G"|StrongNumber="G09950"|Morph="N,,,,,NFP,"|Case="Nominative"|Gender="Feminine"|Number="Plural"|English="cries"
590050040191|τῶν|590050040201|det|Cat="pron"|Id="61"|morphId="590050040191"|Unicode="τῶν"|Lemma="ὁ"|Lang="G"|StrongNumber="G35880"|Morph="RD,,,,GMP,"|Type="Demonstrative"|Case="Genitive"|Gender="Masculine"|Number="Plural"|English="the"
590050040201|θερισάντων,|590050040181|np|Cat="verb"|Id="65"|morphId="590050040201"|Unicode="θερισάντων,"|Lemma="θερίζω"|Lang="G"|StrongNumber="G23250"|Morph="V,PAA,GMP,"|Mood="Participle"|Tense="Aorist"|Voice="Active"|Case="Genitive"|Gender="Masculine"|Number="Plural"|English="of ~ harvesters"
590050040211|εἰς|590050040231|prep|Cat="prep"|Id="68"|morphId="590050040211"|Unicode="εἰς"|Lemma="εἰς"|Lang="G"|StrongNumber="G15190"|Morph="P,,,,,A,,,"|Case="Accusative"|English="to"
590050040221|τὰ|590050040231|det|Cat="det"|Id="70"|morphId="590050040221"|Unicode="τὰ"|Lemma="ὁ"|Lang="G"|StrongNumber="G35880"|Morph="EA,,,,ANP,"|Type="Article"|Case="Accusative"|Gender="Neuter"|Number="Plural"|English="the"
590050040231|ὦτα|590050040261|ADV|Cat="noun"|Id="73"|morphId="590050040231"|Unicode="ὦτα"|Lemma="οὖς"|Lang="G"|StrongNumber="G37750"|Morph="N,,,,,ANP,"|Case="Accusative"|Gender="Neuter"|Number="Plural"|English="ears"
590050040241|Κυρίου|590050040231|np|Cat="noun"|Id="76"|morphId="590050040241"|Unicode="Κυρίου"|Lemma="κύριος"|Lang="G"|StrongNumber="G29620"|Morph="N,,,,,GMS,"|Case="Genitive"|Gender="Masculine"|Number="Singular"|English="of ~ Lord"
590050040251|Σαβαὼθ|590050040241|np|Cat="noun"|Id="78"|morphId="590050040251"|Unicode="Σαβαὼθ"|Lemma="Σαβαώθ"|Lang="G"|StrongNumber="G45190"|Morph="N,,,,,GMPI"|Case="Genitive"|Gender="Masculine"|Number="Plural"|English="of hosts"
590050040261|εἰσελήλυθαν.|590050040151|CL|Cat="verb"|Id="81"|morphId="590050040261"|Unicode="εἰσελήλυθαν."|Lemma="εἰσέρχομαι"|Lang="G"|StrongNumber="G15250"|Morph="V,IEA3,,P,"|Mood="Indicative"|Tense="Perfect"|Voice="Active"|Person="Third"|Number="Plural"|English="has reached"
590050050011|ἐτρυφήσατε|None|CL|Cat="verb"|Id="6"|morphId="590050050011"|Unicode="ἐτρυφήσατε"|Lemma="τρυφάω"|Lang="G"|StrongNumber="G51710"|Morph="V,IAA2,,P,"|Mood="Indicative"|Tense="Aorist"|Voice="Active"|Person="Second"|Number="Plural"|English="you have lived ~ in luxury"
590050050021|ἐπὶ|590050050041|prep|Cat="prep"|Id="9"|morphId="590050050021"|Unicode="ἐπὶ"|Lemma="ἐπί"|Lang="G"|StrongNumber="G19090"|Morph="P,,,,,G,,,"|Case="Genitive"|English="on"
590050050031|τῆς|590050050041|det|Cat="det"|Id="11"|morphId="590050050031"|Unicode="τῆς"|Lemma="ὁ"|Lang="G"|StrongNumber="G35880"|Morph="EA,,,,GFS,"|Type="Article"|Case="Genitive"|Gender="Feminine"|Number="Singular"|English="the"
590050050041|γῆς.|590050050011|ADV|Cat="noun"|Id="13"|morphId="590050050041"|Unicode="γῆς."|Lemma="γῆ"|Lang="G"|StrongNumber="G10930"|Morph="N,,,,,GFS,"|Case="Genitive"|Gender="Feminine"|Number="Singular"|English="earth"
590050050051|καὶ|590050050011|conj|Cat="conj"|Id="14"|morphId="590050050051"|Unicode="καὶ"|Lemma="καί"|Lang="G"|StrongNumber="G25320"|Morph="CC,,,,,,,,"|Type="Coordinating"|English="and"
590050050061|ἐσπαταλήσατε,|590050050011|CL|Cat="verb"|Id="18"|morphId="590050050061"|Unicode="ἐσπαταλήσατε,"|Lemma="σπαταλάω"|Lang="G"|StrongNumber="G46840"|Morph="V,IAA2,,P,"|Mood="Indicative"|Tense="Aorist"|Voice="Active"|Person="Second"|Number="Plural"|English="in pleasure"
590050050071|ἐθρέψατε|590050050011|CL|Cat="verb"|Id="22"|morphId="590050050071"|Unicode="ἐθρέψατε"|Lemma="τρέφω"|Lang="G"|StrongNumber="G51420"|Morph="V,IAA2,,P,"|Mood="Indicative"|Tense="Aorist"|Voice="Active"|Person="Second"|Number="Plural"|English="you have fattened"
590050050081|τὰς|590050050091|det|Cat="det"|Id="25"|morphId="590050050081"|Unicode="τὰς"|Lemma="ὁ"|Lang="G"|StrongNumber="G35880"|Morph="EA,,,,AFP,"|Type="Article"|Case="Accusative"|Gender="Feminine"|Number="Plural"|English="the"
590050050091|καρδίας|590050050071|O|Cat="noun"|Id="28"|morphId="590050050091"|Unicode="καρδίας"|Lemma="καρδία"|Lang="G"|StrongNumber="G25880"|Morph="N,,,,,AFP,"|Case="Accusative"|Gender="Feminine"|Number="Plural"|English="hearts"
590050050101|ὑμῶν|590050050091|np|Cat="pron"|Id="30"|morphId="590050050101"|Unicode="ὑμῶν"|Lemma="σύ"|Lang="G"|StrongNumber="G47710"|Morph="RP,,,2G,P,"|Type="Personal"|Person="Second"|Case="Genitive"|Number="Plural"|English="of you"
590050050111|ἐν|590050050121|prep|Cat="prep"|Id="33"|morphId="590050050111"|Unicode="ἐν"|Lemma="ἐν"|Lang="G"|StrongNumber="G17220"|Morph="P,,,,,D,,,"|Case="Dative"|English="in"
590050050121|ἡμέρᾳ|590050050071|ADV|Cat="noun"|Id="36"|morphId="590050050121"|Unicode="ἡμέρᾳ"|Lemma="ἡμέρα"|Lang="G"|StrongNumber="G22500"|Morph="N,,,,,DFS,"|Case="Dative"|Gender="Feminine"|Number="Singular"|English="a day"
590050050131|σφαγῆς.|590050050121|np|Cat="noun"|Id="38"|morphId="590050050131"|Unicode="σφαγῆς."|Lemma="σφαγή"|Lang="G"|StrongNumber="G49670"|Morph="N,,,,,GFS,"|Case="Genitive"|Gender="Feminine"|Number="Singular"|English="of slaughter"
590050060011|κατεδικάσατε,|None|CL|Cat="verb"|Id="6"|morphId="590050060011"|Unicode="κατεδικάσατε,"|Lemma="καταδικάζω"|Lang="G"|StrongNumber="G26130"|Morph="V,IAA2,,P,"|Mood="Indicative"|Tense="Aorist"|Voice="Active"|Person="Second"|Number="Plural"|English="you have condemned"
590050060021|ἐφονεύσατε|590050060011|vp|Cat="verb"|Id="8"|morphId="590050060021"|Unicode="ἐφονεύσατε"|Lemma="φονεύω"|Lang="G"|StrongNumber="G54070"|Morph="V,IAA2,,P,"|Mood="Indicative"|Tense="Aorist"|Voice="Active"|Person="Second"|Number="Plural"|English="you have murdered"
590050060031|τὸν|590050060041|det|Cat="det"|Id="11"|morphId="590050060031"|Unicode="τὸν"|Lemma="ὁ"|Lang="G"|StrongNumber="G35880"|Morph="EA,,,,AMS,"|Type="Article"|Case="Accusative"|Gender="Masculine"|Number="Singular"|English="the"
590050060041|δίκαιον,|590050060011|O|Cat="noun"|Id="13"|morphId="590050060041"|Unicode="δίκαιον,"|Lemma="δίκαιος"|Lang="G"|StrongNumber="G13420"|Morph="NS,,,,AMS,"|Type="Substantive_Adj"|Case="Accusative"|Gender="Masculine"|Number="Singular"|English="righteous"
590050060051|οὐκ|590050060061|ADV|Cat="adv"|Id="17"|morphId="590050060051"|Unicode="οὐκ"|Lemma="οὐ"|Lang="G"|StrongNumber="G37560"|Morph="D,,,,,,,,,"|English="not"
590050060061|ἀντιτάσσεται|590050060011|CL|Cat="verb"|Id="20"|morphId="590050060061"|Unicode="ἀντιτάσσεται"|Lemma="ἀντιτάσσω"|Lang="G"|StrongNumber="G04980"|Morph="V,IPM3,,S,"|Mood="Indicative"|Tense="Present"|Voice="Middle"|Person="Third"|Number="Singular"|English="he does ~ resist"
590050060071|ὑμῖν.|590050060061|O|Cat="pron"|Id="23"|morphId="590050060071"|Unicode="ὑμῖν."|Lemma="σύ"|Lang="G"|StrongNumber="G47710"|Morph="RP,,,2D,P,"|Type="Personal"|Person="Second"|Case="Dative"|Number="Plural"|English="you"
590050070021|οὖν,|590050070011|conj|Cat="conj"|Id="3"|morphId="590050070021"|Unicode="οὖν,"|Lemma="οὖν"|Lang="G"|StrongNumber="G37670"|Morph="CC,,,,,,,,"|Type="Coordinating"|English="therefore"
590050070031|ἀδελφοί,|590050070011|CL|Cat="noun"|Id="7"|morphId="590050070031"|Unicode="ἀδελφοί,"|Lemma="ἀδελφός"|Lang="G"|StrongNumber="G00800"|Morph="N,,,,,VMP,"|Case="Vocative"|Gender="Masculine"|Number="Plural"|English="brothers"
590050070011|μακροθυμήσατε|None|CL|Cat="verb"|Id="11"|morphId="590050070011"|Unicode="μακροθυμήσατε"|Lemma="μακροθυμέω"|Lang="G"|StrongNumber="G31140"|Morph="V,MAA2,,P,"|Mood="Imperative"|Tense="Aorist"|Voice="Active"|Person="Second"|Number="Plural"|English="be patient"
590050070041|ἕως|590050070061|prep|Cat="prep"|Id="14"|morphId="590050070041"|Unicode="ἕως"|Lemma="ἕως"|Lang="G"|StrongNumber="G21930"|Morph="PI,,,,G,,,"|Type="Improper"|Case="Genitive"|English="until"
590050070051|τῆς|590050070061|det|Cat="det"|Id="16"|morphId="590050070051"|Unicode="τῆς"|Lemma="ὁ"|Lang="G"|StrongNumber="G35880"|Morph="EA,,,,GFS,"|Type="Article"|Case="Genitive"|Gender="Feminine"|Number="Singular"|English="the"
590050070061|παρουσίας|590050070011|ADV|Cat="noun"|Id="19"|morphId="590050070061"|Unicode="παρουσίας"|Lemma="παρουσία"|Lang="G"|StrongNumber="G39520"|Morph="N,,,,,GFS,"|Case="Genitive"|Gender="Feminine"|Number="Singular"|English="coming"
590050070071|τοῦ|590050070081|det|Cat="det"|Id="21"|morphId="590050070071"|Unicode="τοῦ"|Lemma="ὁ"|Lang="G"|StrongNumber="G35880"|Morph="EA,,,,GMS,"|Type="Article"|Case="Genitive"|Gender="Masculine"|Number="Singular"|English="the"
590050070081|Κυρίου.|590050070061|np|Cat="noun"|Id="23"|morphId="590050070081"|Unicode="Κυρίου."|Lemma="κύριος"|Lang="G"|StrongNumber="G29620"|Morph="N,,,,,GMS,"|Case="Genitive"|Gender="Masculine"|Number="Singular"|English="of ~ Lord"
590050070091|ἰδοὺ,|590050070121|CL|Cat="intj"|Id="28"|morphId="590050070091"|Unicode="ἰδοὺ,"|Lemma="ὁράω"|Lang="G"|StrongNumber="G37080"|Morph="IDMAA2,,S,"|Type="Directive"|Mood="Imperative"|Tense="Aorist"|Voice="Active"|Person="Second"|Number="Singular"|English="see"
590050070101|ὁ|590050070111|det|Cat="det"|Id="33"|morphId="590050070101"|Unicode="ὁ"|Lemma="ὁ"|Lang="G"|StrongNumber="G35880"|Morph="EA,,,,NMS,"|Type="Article"|Case="Nominative"|Gender="Masculine"|Number="Singular"|English="the"
590050070111|γεωργὸς|590050070121|S|Cat="noun"|Id="35"|morphId="590050070111"|Unicode="γεωργὸς"|Lemma="γεωργός"|Lang="G"|StrongNumber="G10920"|Morph="N,,,,,NMS,"|Case="Nominative"|Gender="Masculine"|Number="Singular"|English="farmer"
590050070121|ἐκδέχεται|590050070011|CL|Cat="verb"|Id="38"|morphId="590050070121"|Unicode="ἐκδέχεται"|Lemma="ἐκδέχομαι"|Lang="G"|StrongNumber="G15510"|Morph="V,IPM3,,S,"|Mood="Indicative"|Tense="Present"|Voice="Middle"|Person="Third"|Number="Singular"|English="waits for"
590050070131|τὸν|590050070151|det|Cat="det"|Id="41"|morphId="590050070131"|Unicode="τὸν"|Lemma="ὁ"|Lang="G"|StrongNumber="G35880"|Morph="EA,,,,AMS,"|Type="Article"|Case="Accusative"|Gender="Masculine"|Number="Singular"|English="the"
590050070141|τίμιον|590050070151|adjp|Cat="adj"|Id="44"|morphId="590050070141"|Unicode="τίμιον"|Lemma="τίμιος"|Lang="G"|StrongNumber="G50930"|Morph="AA,,,,AMS,"|Type="Ascriptive"|Case="Accusative"|Gender="Masculine"|Number="Singular"|English="precious"
590050070151|καρπὸν|590050070121|O|Cat="noun"|Id="47"|morphId="590050070151"|Unicode="καρπὸν"|Lemma="καρπός"|Lang="G"|StrongNumber="G25900"|Morph="N,,,,,AMS,"|Case="Accusative"|Gender="Masculine"|Number="Singular"|English="fruit"
590050070161|τῆς|590050070171|det|Cat="det"|Id="49"|morphId="590050070161"|Unicode="τῆς"|Lemma="ὁ"|Lang="G"|StrongNumber="G35880"|Morph="EA,,,,GFS,"|Type="Article"|Case="Genitive"|Gender="Feminine"|Number="Singular"|English="the"
590050070171|γῆς,|590050070151|np|Cat="noun"|Id="51"|morphId="590050070171"|Unicode="γῆς,"|Lemma="γῆ"|Lang="G"|StrongNumber="G10930"|Morph="N,,,,,GFS,"|Case="Genitive"|Gender="Feminine"|Number="Singular"|English="of ~ earth"
590050070181|μακροθυμῶν|590050070121|ADV|Cat="verb"|Id="56"|morphId="590050070181"|Unicode="μακροθυμῶν"|Lemma="μακροθυμέω"|Lang="G"|StrongNumber="G31140"|Morph="V,PPA,NMS,"|Mood="Participle"|Tense="Present"|Voice="Active"|Case="Nominative"|Gender="Masculine"|Number="Singular"|English="being patient"
590050070191|ἐπ’|590050070201|prep|Cat="prep"|Id="59"|morphId="590050070191"|Unicode="ἐπ’"|Lemma="ἐπί"|Lang="G"|StrongNumber="G19090"|Morph="P,,,,,D,,,"|Case="Dative"|English="with"
590050070201|αὐτῷ|590050070181|ADV|Cat="pron"|Id="61"|morphId="590050070201"|Unicode="αὐτῷ"|Lemma="αὐτός"|Lang="G"|StrongNumber="G08460"|Morph="RP,,,3DMS,"|Type="Personal"|Person="Third"|Case="Dative"|Gender="Masculine"|Number="Singular"|English="it"
590050070211|ἕως|590050070221|conj|Cat="conj"|Id="63"|morphId="590050070211"|Unicode="ἕως"|Lemma="ἕως"|Lang="G"|StrongNumber="G21930"|Morph="CS,,,,,,,,"|Type="Subordinating"|English="until"
590050070221|λάβῃ|590050070121|CL|Cat="verb"|Id="67"|morphId="590050070221"|Unicode="λάβῃ"|Lemma="λαμβάνω"|Lang="G"|StrongNumber="G29830"|Morph="V,SAA3,,S,"|Mood="Subjunctive"|Tense="Aorist"|Voice="Active"|Person="Third"|Number="Singular"|English="it receives"
590050070231|πρόϊμον|590050070221|O|Cat="noun"|Id="71"|morphId="590050070231"|Unicode="πρόϊμον"|Lemma="πρόϊμος"|Lang="G"|StrongNumber="G44060"|Morph="NS,,,,AMS,"|Type="Substantive_Adj"|Case="Accusative"|Gender="Masculine"|Number="Singular"|English="early"
590050070241|καὶ|590050070231|conj|Cat="conj"|Id="72"|morphId="590050070241"|Unicode="καὶ"|Lemma="καί"|Lang="G"|StrongNumber="G25320"|Morph="CC,,,,,,,,"|Type="Coordinating"|English="and"
590050070251|ὄψιμον.|590050070231|np|Cat="noun"|Id="74"|morphId="590050070251"|Unicode="ὄψιμον."|Lemma="ὄψιμος"|Lang="G"|StrongNumber="G37970"|Morph="NS,,,,AMS,"|Type="Substantive_Adj"|Case="Accusative"|Gender="Masculine"|Number="Singular"|English="late rains"
590050080011|μακροθυμήσατε|None|CL|Cat="verb"|Id="7"|morphId="590050080011"|Unicode="μακροθυμήσατε"|Lemma="μακροθυμέω"|Lang="G"|StrongNumber="G31140"|Morph="V,MAA2,,P,"|Mood="Imperative"|Tense="Aorist"|Voice="Active"|Person="Second"|Number="Plural"|English="be patient"
590050080021|καὶ|590050080031|advp|Cat="adv"|Id="11"|morphId="590050080021"|Unicode="καὶ"|Lemma="καί"|Lang="G"|StrongNumber="G25320"|Morph="D,,,,,,,,,"|English="also"
590050080031|ὑμεῖς;|590050080011|S|Cat="pron"|Id="13"|morphId="590050080031"|Unicode="ὑμεῖς;"|Lemma="σύ"|Lang="G"|StrongNumber="G47710"|Morph="RP,,,2N,P,"|Type="Personal"|Person="Second"|Case="Nominative"|Number="Plural"|English="you"
590050080041|στηρίξατε|590050080011|CL|Cat="verb"|Id="17"|morphId="590050080041"|Unicode="στηρίξατε"|Lemma="στηρίζω"|Lang="G"|StrongNumber="G47410"|Morph="V,MAA2,,P,"|Mood="Imperative"|Tense="Aorist"|Voice="Active"|Person="Second"|Number="Plural"|English="strengthen"
590050080051|τὰς|590050080061|det|Cat="det"|Id="20"|morphId="590050080051"|Unicode="τὰς"|Lemma="ὁ"|Lang="G"|StrongNumber="G35880"|Morph="EA,,,,AFP,"|Type="Article"|Case="Accusative"|Gender="Feminine"|Number="Plural"|English="the"
590050080061|καρδίας|590050080041|O|Cat="noun"|Id="23"|morphId="590050080061"|Unicode="καρδίας"|Lemma="καρδία"|Lang="G"|StrongNumber="G25880"|Morph="N,,,,,AFP,"|Case="Accusative"|Gender="Feminine"|Number="Plural"|English="hearts"
590050080071|ὑμῶν,|590050080061|np|Cat="pron"|Id="25"|morphId="590050080071"|Unicode="ὑμῶν,"|Lemma="σύ"|Lang="G"|StrongNumber="G47710"|Morph="RP,,,2G,P,"|Type="Personal"|Person="Second"|Case="Genitive"|Number="Plural"|English="of you"
590050080081|ὅτι|590050080131|conj|Cat="conj"|Id="27"|morphId="590050080081"|Unicode="ὅτι"|Lemma="ὅτι"|Lang="G"|StrongNumber="G37540"|Morph="CS,,,,,,,,"|Type="Subordinating"|English="for"
590050080091|ἡ|590050080101|det|Cat="det"|Id="31"|morphId="590050080091"|Unicode="ἡ"|Lemma="ὁ"|Lang="G"|StrongNumber="G35880"|Morph="EA,,,,NFS,"|Type="Article"|Case="Nominative"|Gender="Feminine"|Number="Singular"|English="the"
590050080101|παρουσία|590050080131|S|Cat="noun"|Id="34"|morphId="590050080101"|Unicode="παρουσία"|Lemma="παρουσία"|Lang="G"|StrongNumber="G39520"|Morph="N,,,,,NFS,"|Case="Nominative"|Gender="Feminine"|Number="Singular"|English="coming"
590050080111|τοῦ|590050080121|det|Cat="det"|Id="36"|morphId="590050080111"|Unicode="τοῦ"|Lemma="ὁ"|Lang="G"|StrongNumber="G35880"|Morph="EA,,,,GMS,"|Type="Article"|Case="Genitive"|Gender="Masculine"|Number="Singular"|English="the"
590050080121|Κυρίου|590050080101|np|Cat="noun"|Id="38"|morphId="590050080121"|Unicode="Κυρίου"|Lemma="κύριος"|Lang="G"|StrongNumber="G29620"|Morph="N,,,,,GMS,"|Case="Genitive"|Gender="Masculine"|Number="Singular"|English="of ~ Lord"
590050080131|ἤγγικεν.|590050080011|CL|Cat="verb"|Id="41"|morphId="590050080131"|Unicode="ἤγγικεν."|Lemma="ἐγγίζω"|Lang="G"|StrongNumber="G14480"|Morph="V,IEA3,,S,"|Mood="Indicative"|Tense="Perfect"|Voice="Active"|Person="Third"|Number="Singular"|English="is near"
590050090031|ἀδελφοί,|590050090021|CL|Cat="noun"|Id="5"|morphId="590050090031"|Unicode="ἀδελφοί,"|Lemma="ἀδελφός"|Lang="G"|StrongNumber="G00800"|Morph="N,,,,,VMP,"|Case="Vocative"|Gender="Masculine"|Number="Plural"|English="brothers"
590050090011|μὴ|590050090021|ADV|Cat="adv"|Id="10"|morphId="590050090011"|Unicode="μὴ"|Lemma="μή"|Lang="G"|StrongNumber="G33610"|Morph="D,,,,,,,,,"|English="not"
590050090021|στενάζετε,|None|CL|Cat="verb"|Id="13"|morphId="590050090021"|Unicode="στενάζετε,"|Lemma="στενάζω"|Lang="G"|StrongNumber="G47270"|Morph="V,MPA2,,P,"|Mood="Imperative"|Tense="Present"|Voice="Active"|Person="Second"|Number="Plural"|English="do ~ grumble"
590050090041|κατ’|590050090051|prep|Cat="prep"|Id="16"|morphId="590050090041"|Unicode="κατ’"|Lemma="κατά"|Lang="G"|StrongNumber="G25960"|Morph="P,,,,,G,,,"|Case="Genitive"|English="against"
590050090051|ἀλλήλων,|590050090021|ADV|Cat="pron"|Id="18"|morphId="590050090051"|Unicode="ἀλλήλων,"|Lemma="ἀλλήλων"|Lang="G"|StrongNumber="G02400"|Morph="RC,,,,GMP,"|Type="Reciprocal"|Case="Genitive"|Gender="Masculine"|Number="Plural"|English="one another"
590050090061|ἵνα|590050090081|conj|Cat="conj"|Id="20"|morphId="590050090061"|Unicode="ἵνα"|Lemma="ἵνα"|Lang="G"|StrongNumber="G24430"|Morph="CS,,,,,,,,"|Type="Subordinating"|English="so that"
590050090071|μὴ|590050090081|ADV|Cat="adv"|Id="24"|morphId="590050090071"|Unicode="μὴ"|Lemma="μή"|Lang="G"|StrongNumber="G33610"|Morph="D,,,,,,,,,"|English="not"
590050090081|κριθῆτε.|590050090021|CL|Cat="verb"|Id="27"|morphId="590050090081"|Unicode="κριθῆτε."|Lemma="κρίνω"|Lang="G"|StrongNumber="G29190"|Morph="V,SAP2,,P,"|Mood="Subjunctive"|Tense="Aorist"|Voice="Passive"|Person="Second"|Number="Plural"|English="you may ~ be judged"
590050090091|ἰδοὺ,|590050090151|CL|Cat="intj"|Id="32"|morphId="590050090091"|Unicode="ἰδοὺ,"|Lemma="ὁράω"|Lang="G"|StrongNumber="G37080"|Morph="IDMAA2,,S,"|Type="Directive"|Mood="Imperative"|Tense="Aorist"|Voice="Active"|Person="Second"|Number="Singular"|English="behold"
590050090101|ὁ|590050090111|det|Cat="det"|Id="36"|morphId="590050090101"|Unicode="ὁ"|Lemma="ὁ"|Lang="G"|StrongNumber="G35880"|Morph="EA,,,,NMS,"|Type="Article"|Case="Nominative"|Gender="Masculine"|Number="Singular"|English="the"
590050090111|κριτὴς|590050090151|S|Cat="noun"|Id="38"|morphId="590050090111"|Unicode="κριτὴς"|Lemma="κριτής"|Lang="G"|StrongNumber="G29230"|Morph="N,,,,,NMS,"|Case="Nominative"|Gender="Masculine"|Number="Singular"|English="judge"
590050090121|πρὸ|590050090141|prep|Cat="prep"|Id="41"|morphId="590050090121"|Unicode="πρὸ"|Lemma="πρό"|Lang="G"|StrongNumber="G42530"|Morph="P,,,,,G,,,"|Case="Genitive"|English="at"
590050090131|τῶν|590050090141|det|Cat="det"|Id="43"|morphId="590050090131"|Unicode="τῶν"|Lemma="ὁ"|Lang="G"|StrongNumber="G35880"|Morph="EA,,,,GFP,"|Type="Article"|Case="Genitive"|Gender="Feminine"|Number="Plural"|English="the"
590050090141|θυρῶν|590050090151|ADV|Cat="noun"|Id="45"|morphId="590050090141"|Unicode="θυρῶν"|Lemma="θύρα"|Lang="G"|StrongNumber="G23740"|Morph="N,,,,,GFP,"|Case="Genitive"|Gender="Feminine"|Number="Plural"|English="door"
590050090151|ἕστηκεν.|590050090021|CL|Cat="verb"|Id="48"|morphId="590050090151"|Unicode="ἕστηκεν."|Lemma="ἵστημι"|Lang="G"|StrongNumber="G24760"|Morph="V,IEA3,,S,"|Mood="Indicative"|Tense="Perfect"|Voice="Active"|Person="Third"|Number="Singular"|English="is standing"
590050100031|ἀδελφοί,|590050100021|CL|Cat="noun"|Id="5"|morphId="590050100031"|Unicode="ἀδελφοί,"|Lemma="ἀδελφός"|Lang="G"|StrongNumber="G00800"|Morph="N,,,,,VMP,"|Case="Vocative"|Gender="Masculine"|Number="Plural"|English="brothers"
590050100021|λάβετε,|None|CL|Cat="verb"|Id="9"|morphId="590050100021"|Unicode="λάβετε,"|Lemma="λαμβάνω"|Lang="G"|StrongNumber="G29830"|Morph="V,MAA2,,P,"|Mood="Imperative"|Tense="Aorist"|Voice="Active"|Person="Second"|Number="Plural"|English="take"
590050100011|ὑπόδειγμα|590050100021|O2|Cat="noun"|Id="13"|morphId="590050100011"|Unicode="ὑπόδειγμα"|Lemma="ὑπόδειγμα"|Lang="G"|StrongNumber="G52620"|Morph="N,,,,,ANS,"|Case="Accusative"|Gender="Neuter"|Number="Singular"|English="as an example"
590050100041|τῆς|590050100051|det|Cat="det"|Id="16"|morphId="590050100041"|Unicode="τῆς"|Lemma="ὁ"|Lang="G"|StrongNumber="G35880"|Morph="EA,,,,GFS,"|Type="Article"|Case="Genitive"|Gender="Feminine"|Number="Singular"
590050100051|κακοπαθίας|590050100011|np|Cat="noun"|Id="18"|morphId="590050100051"|Unicode="κακοπαθίας"|Lemma="κακοπαθία"|Lang="G"|StrongNumber="G25520"|Morph="N,,,,,GFS,"|Case="Genitive"|Gender="Feminine"|Number="Singular"|English="of suffering"
590050100061|καὶ|590050100051|conj|Cat="conj"|Id="19"|morphId="590050100061"|Unicode="καὶ"|Lemma="καί"|Lang="G"|StrongNumber="G25320"|Morph="CC,,,,,,,,"|Type="Coordinating"|English="and"
590050100071|τῆς|590050100081|det|Cat="det"|Id="21"|morphId="590050100071"|Unicode="τῆς"|Lemma="ὁ"|Lang="G"|StrongNumber="G35880"|Morph="EA,,,,GFS,"|Type="Article"|Case="Genitive"|Gender="Feminine"|Number="Singular"
590050100081|μακροθυμίας,|590050100051|np|Cat="noun"|Id="23"|morphId="590050100081"|Unicode="μακροθυμίας,"|Lemma="μακροθυμία"|Lang="G"|StrongNumber="G31150"|Morph="N,,,,,GFS,"|Case="Genitive"|Gender="Feminine"|Number="Singular"|English="patience"
590050100091|τοὺς|590050100101|det|Cat="det"|Id="27"|morphId="590050100091"|Unicode="τοὺς"|Lemma="ὁ"|Lang="G"|StrongNumber="G35880"|Morph="EA,,,,AMP,"|Type="Article"|Case="Accusative"|Gender="Masculine"|Number="Plural"|English="the"
590050100101|προφήτας,|590050100021|O|Cat="noun"|Id="29"|morphId="590050100101"|Unicode="προφήτας,"|Lemma="προφήτης"|Lang="G"|StrongNumber="G43960"|Morph="N,,,,,AMP,"|Case="Accusative"|Gender="Masculine"|Number="Plural"|English="prophets"
590050100111|οἳ|590050100121|S|Cat="pron"|Id="33"|morphId="590050100111"|Unicode="οἳ"|Lemma="ὅς"|Lang="G"|StrongNumber="G37390"|Morph="RR,,,,NMP,"|Type="Relative"|Case="Nominative"|Gender="Masculine"|Number="Plural"|English="who"
590050100121|ἐλάλησαν|590050100101|CL|Cat="verb"|Id="36"|morphId="590050100121"|Unicode="ἐλάλησαν"|Lemma="λαλέω"|Lang="G"|StrongNumber="G29800"|Morph="V,IAA3,,P,"|Mood="Indicative"|Tense="Aorist"|Voice="Active"|Person="Third"|Number="Plural"|English="spoke"
590050100131|ἐν|590050100151|prep|Cat="prep"|Id="39"|morphId="590050100131"|Unicode="ἐν"|Lemma="ἐν"|Lang="G"|StrongNumber="G17220"|Morph="P,,,,,D,,,"|Case="Dative"|English="in"
590050100141|τῷ|590050100151|det|Cat="det"|Id="41"|morphId="590050100141"|Unicode="τῷ"|Lemma="ὁ"|Lang="G"|StrongNumber="G35880"|Morph="EA,,,,DNS,"|Type="Article"|Case="Dative"|Gender="Neuter"|Number="Singular"|English="the"
590050100151|ὀνόματι|590050100121|ADV|Cat="noun"|Id="44"|morphId="590050100151"|Unicode="ὀνόματι"|Lemma="ὄνομα"|Lang="G"|StrongNumber="G36860"|Morph="N,,,,,DNS,"|Case="Dative"|Gender="Neuter"|Number="Singular"|English="name"
590050100161|Κυρίου.|590050100151|np|Cat="noun"|Id="46"|morphId="590050100161"|Unicode="Κυρίου."|Lemma="κύριος"|Lang="G"|StrongNumber="G29620"|Morph="N,,,,,GMS,"|Case="Genitive"|Gender="Masculine"|Number="Singular"|English="of ~ Lord"
590050110011|ἰδοὺ,|590050110021|CL|Cat="intj"|Id="6"|morphId="590050110011"|Unicode="ἰδοὺ,"|Lemma="ὁράω"|Lang="G"|StrongNumber="G37080"|Morph="IDMAA2,,S,"|Type="Directive"|Mood="Imperative"|Tense="Aorist"|Voice="Active"|Person="Second"|Number="Singular"|English="behold"
590050110021|μακαρίζομεν|None|CL|Cat="verb"|Id="10"|morphId="590050110021"|Unicode="μακαρίζομεν"|Lemma="μακαρίζω"|Lang="G"|StrongNumber="G31060"|Morph="V,IPA1,,P,"|Mood="Indicative"|Tense="Present"|Voice="Active"|Person="First"|Number="Plural"|English="we consider blessed"
590050110031|τοὺς|590050110041|det|Cat="pron"|Id="14"|morphId="590050110031"|Unicode="τοὺς"|Lemma="ὁ"|Lang="G"|StrongNumber="G35880"|Morph="RD,,,,AMP,"|Type="Demonstrative"|Case="Accusative"|Gender="Masculine"|Number="Plural"|English="those"
590050110041|ὑπομείναντας.|590050110021|O|Cat="verb"|Id="18"|morphId="590050110041"|Unicode="ὑπομείναντας."|Lemma="ὑπομένω"|Lang="G"|StrongNumber="G52780"|Morph="V,PAA,AMP,"|Mood="Participle"|Tense="Aorist"|Voice="Active"|Case="Accusative"|Gender="Masculine"|Number="Plural"|English="who have endured"
590050110051|τὴν|590050110061|det|Cat="det"|Id="24"|morphId="590050110051"|Unicode="τὴν"|Lemma="ὁ"|Lang="G"|StrongNumber="G35880"|Morph="EA,,,,AFS,"|Type="Article"|Case="Accusative"|Gender="Feminine"|Number="Singular"|English="the"
590050110061|ὑπομονὴν|590050110081|O|Cat="noun"|Id="27"|morphId="590050110061"|Unicode="ὑπομονὴν"|Lemma="ὑπομονή"|Lang="G"|StrongNumber="G52810"|Morph="N,,,,,AFS,"|Case="Accusative"|Gender="Feminine"|Number="Singular"|English="endurance"
590050110071|Ἰὼβ|590050110061|np|Cat="noun"|Id="29"|morphId="590050110071"|Unicode="Ἰὼβ"|Lemma="Ἰώβ"|Lang="G"|StrongNumber="G24920"|Morph="N,,,,,GMSI"|Case="Genitive"|Gender="Masculine"|Number="Singular"|English="of Job"
590050110081|ἠκούσατε,|590050110021|CL|Cat="verb"|Id="32"|morphId="590050110081"|Unicode="ἠκούσατε,"|Lemma="ἀκούω"|Lang="G"|StrongNumber="G01910"|Morph="V,IAA2,,P,"|Mood="Indicative"|Tense="Aorist"|Voice="Active"|Person="Second"|Number="Plural"|English="you have heard of"
590050110091|καὶ|590050110081|conj|Cat="conj"|Id="33"|morphId="590050110091"|Unicode="καὶ"|Lemma="καί"|Lang="G"|StrongNumber="G25320"|Morph="CC,,,,,,,,"|Type="Coordinating"|English="and"
590050110101|τὸ|590050110111|det|Cat="det"|Id="37"|morphId="590050110101"|Unicode="τὸ"|Lemma="ὁ"|Lang="G"|StrongNumber="G35880"|Morph="EA,,,,ANS,"|Type="Article"|Case="Accusative"|Gender="Neuter"|Number="Singular"|English="the"
590050110111|τέλος|590050110131|O|Cat="noun"|Id="40"|morphId="590050110111"|Unicode="τέλος"|Lemma="τέλος"|Lang="G"|StrongNumber="G50560"|Morph="N,,,,,ANS,"|Case="Accusative"|Gender="Neuter"|Number="Singular"|English="outcome"
590050110121|Κυρίου|590050110111|np|Cat="noun"|Id="42"|morphId="590050110121"|Unicode="Κυρίου"|Lemma="κύριος"|Lang="G"|StrongNumber="G29620"|Morph="N,,,,,GMS,"|Case="Genitive"|Gender="Masculine"|Number="Singular"|English="Lord"
590050110131|εἴδετε,|590050110081|CL|Cat="verb"|Id="45"|morphId="590050110131"|Unicode="εἴδετε,"|Lemma="ὁράω"|Lang="G"|StrongNumber="G37080"|Morph="V,IAA2,,P,"|Mood="Indicative"|Tense="Aorist"|Voice="Active"|Person="Second"|Number="Plural"|English="have seen"
590050110141|ὅτι|590050110151|conj|Cat="conj"|Id="47"|morphId="590050110141"|Unicode="ὅτι"|Lemma="ὅτι"|Lang="G"|StrongNumber="G37540"|Morph="CS,,,,,,,,"|Type="Subordinating"|English="that"
590050110161|ἐστιν|590050110151|VC|Cat="verb"|Id="51"|morphId="590050110161"|Unicode="ἐστιν"|Lemma="εἰμί"|Lang="G"|StrongNumber="G15100"|Morph="V,IPA3,,S,"|Mood="Indicative"|Tense="Present"|Voice="Active"|Person="Third"|Number="Singular"|English="is"
590050110171|ὁ|590050110181|det|Cat="det"|Id="54"|morphId="590050110171"|Unicode="ὁ"|Lemma="ὁ"|Lang="G"|StrongNumber="G35880"|Morph="EA,,,,NMS,"|Type="Article"|Case="Nominative"|Gender="Masculine"|Number="Singular"|English="the"
590050110181|Κύριος|590050110151|S|Cat="noun"|Id="56"|morphId="590050110181"|Unicode="Κύριος"|Lemma="κύριος"|Lang="G"|StrongNumber="G29620"|Morph="N,,,,,NMS,"|Case="Nominative"|Gender="Masculine"|Number="Singular"|English="Lord"
590050110151|πολύσπλαγχνός|590050110081|CL|Cat="noun"|Id="61"|morphId="590050110151"|Unicode="πολύσπλαγχνός"|Lemma="πολύσπλαγχνος"|Lang="G"|StrongNumber="G41840"|Morph="NS,,,,NMS,"|Type="Substantive_Adj"|Case="Nominative"|Gender="Masculine"|Number="Singular"|English="compassionate"
590050110191|καὶ|590050110151|conj|Cat="conj"|Id="62"|morphId="590050110191"|Unicode="καὶ"|Lemma="καί"|Lang="G"|StrongNumber="G25320"|Morph="CC,,,,,,,,"|Type="Coordinating"|English="and"
590050110201|οἰκτίρμων.|590050110151|adjp|Cat="noun"|Id="65"|morphId="590050110201"|Unicode="οἰκτίρμων."|Lemma="οἰκτίρμων"|Lang="G"|StrongNumber="G36290"|Morph="NS,,,,NMS,"|Type="Substantive_Adj"|Case="Nominative"|Gender="Masculine"|Number="Singular"|English="merciful"
590050120031|δέ,|590050120071|conj|Cat="conj"|Id="3"|morphId="590050120031"|Unicode="δέ,"|Lemma="δέ"|Lang="G"|StrongNumber="G11610"|Morph="CC,,,,,,,,"|Type="Coordinating"|English="but"
590050120041|ἀδελφοί|590050120071|CL|Cat="noun"|Id="8"|morphId="590050120041"|Unicode="ἀδελφοί"|Lemma="ἀδελφός"|Lang="G"|StrongNumber="G00800"|Morph="N,,,,,VMP,"|Case="Vocative"|Gender="Masculine"|Number="Plural"|English="brothers"
590050120051|μου,|590050120041|np|Cat="pron"|Id="10"|morphId="590050120051"|Unicode="μου,"|Lemma="ἐγώ"|Lang="G"|StrongNumber="G14730"|Morph="RP,,,1G,S,"|Type="Personal"|Person="First"|Case="Genitive"|Number="Singular"|English="of me"
590050120011|πρὸ|590050120021|prep|Cat="prep"|Id="14"|morphId="590050120011"|Unicode="πρὸ"|Lemma="πρό"|Lang="G"|StrongNumber="G42530"|Morph="P,,,,,G,,,"|Case="Genitive"|English="above"
590050120021|πάντων|590050120071|ADV|Cat="pron"|Id="16"|morphId="590050120021"|Unicode="πάντων"|Lemma="πᾶς"|Lang="G"|StrongNumber="G39560"|Morph="RI,,,,GNP,"|Type="Indefinite"|Case="Genitive"|Gender="Neuter"|Number="Plural"|English="all"
590050120061|μὴ|590050120071|ADV|Cat="adv"|Id="19"|morphId="590050120061"|Unicode="μὴ"|Lemma="μή"|Lang="G"|StrongNumber="G33610"|Morph="D,,,,,,,,,"|English="not"
590050120071|ὀμνύετε,|None|CL|Cat="verb"|Id="22"|morphId="590050120071"|Unicode="ὀμνύετε,"|Lemma="ὀμνύω"|Lang="G"|StrongNumber="G36600"|Morph="V,MPA2,,P,"|Mood="Imperative"|Tense="Present"|Voice="Active"|Person="Second"|Number="Plural"|English="do ~ swear"
590050120081|μήτε|590050120101|conj|Cat="adv"|Id="26"|morphId="590050120081"|Unicode="μήτε"|Lemma="μήτε"|Lang="G"|StrongNumber="G33830"|Morph="DO,,,,,,,,"|Type="Correlative"|English="either"
590050120091|τὸν|590050120101|det|Cat="det"|Id="28"|morphId="590050120091"|Unicode="τὸν"|Lemma="ὁ"|Lang="G"|StrongNumber="G35880"|Morph="EA,,,,AMS,"|Type="Article"|Case="Accusative"|Gender="Masculine"|Number="Singular"|English="the"
590050120101|οὐρανὸν,|590050120071|ADV|Cat="noun"|Id="30"|morphId="590050120101"|Unicode="οὐρανὸν,"|Lemma="οὐρανός"|Lang="G"|StrongNumber="G37720"|Morph="N,,,,,AMS,"|Case="Accusative"|Gender="Masculine"|Number="Singular"|English="by heaven"
590050120111|μήτε|590050120101|conj|Cat="conj"|Id="31"|morphId="590050120111"|Unicode="μήτε"|Lemma="μήτε"|Lang="G"|StrongNumber="G33830"|Morph="CO,,,,,,,,"|Type="Correlative"|English="or"
590050120121|τὴν|590050120131|det|Cat="det"|Id="33"|morphId="590050120121"|Unicode="τὴν"|Lemma="ὁ"|Lang="G"|StrongNumber="G35880"|Morph="EA,,,,AFS,"|Type="Article"|Case="Accusative"|Gender="Feminine"|Number="Singular"|English="the"
590050120131|γῆν,|590050120101|np|Cat="noun"|Id="35"|morphId="590050120131"|Unicode="γῆν,"|Lemma="γῆ"|Lang="G"|StrongNumber="G10930"|Morph="N,,,,,AFS,"|Case="Accusative"|Gender="Feminine"|Number="Singular"|English="by earth"
590050120141|μήτε|590050120101|conj|Cat="conj"|Id="36"|morphId="590050120141"|Unicode="μήτε"|Lemma="μήτε"|Lang="G"|StrongNumber="G33830"|Morph="CO,,,,,,,,"|Type="Correlative"|English="or"
590050120151|ἄλλον|590050120161|np|Cat="pron"|Id="39"|morphId="590050120151"|Unicode="ἄλλον"|Lemma="ἄλλος"|Lang="G"|StrongNumber="G02430"|Morph="RI,,,,AMS,"|Type="Indefinite"|Case="Accusative"|Gender="Masculine"|Number="Singular"|English="other"
590050120161|τινὰ|590050120101|np|Cat="det"|Id="41"|morphId="590050120161"|Unicode="τινὰ"|Lemma="τις"|Lang="G"|StrongNumber="G51000"|Morph="EQ,,,,AMS,"|Type="Quantifier"|Case="Accusative"|Gender="Masculine"|Number="Singular"|English="any"
590050120171|ὅρκον;|590050120071|O|Cat="noun"|Id="44"|morphId="590050120171"|Unicode="ὅρκον;"|Lemma="ὅρκος"|Lang="G"|StrongNumber="G37270"|Morph="N,,,,,AMS,"|Case="Accusative"|Gender="Masculine"|Number="Singular"|English="by ~ oath"
590050120191|δὲ|590050120231|conj|Cat="conj"|Id="46"|morphId="590050120191"|Unicode="δὲ"|Lemma="δέ"|Lang="G"|StrongNumber="G11610"|Morph="CC,,,,,,,,"|Type="Coordinating"|English="but"
590050120181|ἤτω|590050120231|VC|Cat="verb"|Id="52"|morphId="590050120181"|Unicode="ἤτω"|Lemma="εἰμί"|Lang="G"|StrongNumber="G15100"|Morph="V,MPA3,,S,"|Mood="Imperative"|Tense="Present"|Voice="Active"|Person="Third"|Number="Singular"|English="let ~ be"
590050120201|ὑμῶν|590050120221|np|Cat="pron"|Id="56"|morphId="590050120201"|Unicode="ὑμῶν"|Lemma="σύ"|Lang="G"|StrongNumber="G47710"|Morph="RP,,,2G,P,"|Type="Personal"|Person="Second"|Case="Genitive"|Number="Plural"|English="of you"
590050120211|τὸ|590050120221|det|Cat="det"|Id="58"|morphId="590050120211"|Unicode="τὸ"|Lemma="ὁ"|Lang="G"|StrongNumber="G35880"|Morph="EP,,,,NNS,"|Type="Possessive"|Case="Nominative"|Gender="Neuter"|Number="Singular"|English="the"
590050120221|ναὶ,|590050120231|S|Cat="noun"|Id="60"|morphId="590050120221"|Unicode="ναὶ,"|Lemma="ναί"|Lang="G"|StrongNumber="G34830"|Morph="N,,,,,NNSI"|Case="Nominative"|Gender="Neuter"|Number="Singular"|English="yes"
590050120231|ναὶ,|590050120071|CL|Cat="noun"|Id="63"|morphId="590050120231"|Unicode="ναὶ,"|Lemma="ναί"|Lang="G"|StrongNumber="G34830"|Morph="N,,,,,NNSI"|Case="Nominative"|Gender="Neuter"|Number="Singular"|English="yes"
590050120241|καὶ|590050120231|conj|Cat="conj"|Id="64"|morphId="590050120241"|Unicode="καὶ"|Lemma="καί"|Lang="G"|StrongNumber="G25320"|Morph="CC,,,,,,,,"|Type="Coordinating"|English="and"
590050120251|τὸ|590050120261|det|Cat="det"|Id="68"|morphId="590050120251"|Unicode="τὸ"|Lemma="ὁ"|Lang="G"|StrongNumber="G35880"|Morph="EP,,,,NNS,"|Type="Possessive"|Case="Nominative"|Gender="Neuter"|Number="Singular"|English="the"
590050120261|οὒ,|590050120271|S|Cat="noun"|Id="70"|morphId="590050120261"|Unicode="οὒ,"|Lemma="οὔ"|Lang="G"|StrongNumber="G37560"|Morph="N,,,,,NNSI"|Case="Nominative"|Gender="Neuter"|Number="Singular"|English="no"
590050120271|οὔ,|590050120231|CL|Cat="noun"|Id="73"|morphId="590050120271"|Unicode="οὔ,"|Lemma="οὔ"|Lang="G"|StrongNumber="G37560"|Morph="N,,,,,NNSI"|Case="Nominative"|Gender="Neuter"|Number="Singular"|English="no"
590050120281|ἵνα|590050120321|conj|Cat="conj"|Id="75"|morphId="590050120281"|Unicode="ἵνα"|Lemma="ἵνα"|Lang="G"|StrongNumber="G24430"|Morph="CS,,,,,,,,"|Type="Subordinating"|English="so that"
590050120291|μὴ|590050120321|ADV|Cat="adv"|Id="79"|morphId="590050120291"|Unicode="μὴ"|Lemma="μή"|Lang="G"|StrongNumber="G33610"|Morph="D,,,,,,,,,"|English="not"
590050120301|ὑπὸ|590050120311|prep|Cat="prep"|Id="82"|morphId="590050120301"|Unicode="ὑπὸ"|Lemma="ὑπό"|Lang="G"|StrongNumber="G52590"|Morph="P,,,,,A,,,"|Case="Accusative"|English="under"
590050120311|κρίσιν|590050120321|ADV|Cat="noun"|Id="84"|morphId="590050120311"|Unicode="κρίσιν"|Lemma="κρίσις"|Lang="G"|StrongNumber="G29200"|Morph="N,,,,,AFS,"|Case="Accusative"|Gender="Feminine"|Number="Singular"|English="judgment"
590050120321|πέσητε.|590050120231|CL|Cat="verb"|Id="87"|morphId="590050120321"|Unicode="πέσητε."|Lemma="πίπτω"|Lang="G"|StrongNumber="G40980"|Morph="V,SAA2,,P,"|Mood="Subjunctive"|Tense="Aorist"|Voice="Active"|Person="Second"|Number="Plural"|English="you may ~ fall"
590050130011|κακοπαθεῖ|None|CL|Cat="verb"|Id="6"|morphId="590050130011"|Unicode="κακοπαθεῖ"|Lemma="κακοπαθέω"|Lang="G"|StrongNumber="G25530"|Morph="V,IPA3,,S,"|Mood="Indicative"|Tense="Present"|Voice="Active"|Person="Third"|Number="Singular"|English="is ~ suffering"
590050130021|τις|590050130011|S|Cat="pron"|Id="10"|morphId="590050130021"|Unicode="τις"|Lemma="τις"|Lang="G"|StrongNumber="G51000"|Morph="RI,,,,NMS,"|Type="Indefinite"|Case="Nominative"|Gender="Masculine"|Number="Singular"|English="if anyone"
590050130031|ἐν|590050130041|prep|Cat="prep"|Id="12"|morphId="590050130031"|Unicode="ἐν"|Lemma="ἐν"|Lang="G"|StrongNumber="G17220"|Morph="P,,,,,D,,,"|Case="Dative"|English="among"
590050130041|ὑμῖν?|590050130021|pp|Cat="pron"|Id="14"|morphId="590050130041"|Unicode="ὑμῖν?"|Lemma="σύ"|Lang="G"|StrongNumber="G47710"|Morph="RP,,,2D,P,"|Type="Personal"|Person="Second"|Case="Dative"|Number="Plural"|English="you"
590050130051|προσευχέσθω.|590050130011|CL|Cat="verb"|Id="18"|morphId="590050130051"|Unicode="προσευχέσθω."|Lemma="προσεύχομαι"|Lang="G"|StrongNumber="G43360"|Morph="V,MPM3,,S,"|Mood="Imperative"|Tense="Present"|Voice="Middle"|Person="Third"|Number="Singular"|English="he should pray"
590050130061|εὐθυμεῖ|590050130011|CL|Cat="verb"|Id="23"|morphId="590050130061"|Unicode="εὐθυμεῖ"|Lemma="εὐθυμέω"|Lang="G"|StrongNumber="G21140"|Morph="V,IPA3,,S,"|Mood="Indicative"|Tense="Present"|Voice="Active"|Person="Third"|Number="Singular"|English="is ~ cheerful"
590050130071|τις?|590050130061|S|Cat="pron"|Id="26"|morphId="590050130071"|Unicode="τις?"|Lemma="τις"|Lang="G"|StrongNumber="G51000"|Morph="RI,,,,NMS,"|Type="Indefinite"|Case="Nominative"|Gender="Masculine"|Number="Singular"|English="if anyone"
590050130081|ψαλλέτω.|590050130061|CL|Cat="verb"|Id="30"|morphId="590050130081"|Unicode="ψαλλέτω."|Lemma="ψάλλω"|Lang="G"|StrongNumber="G55670"|Morph="V,MPA3,,S,"|Mood="Imperative"|Tense="Present"|Voice="Active"|Person="Third"|Number="Singular"|English="they should sing songs of praise"
590050140011|ἀσθενεῖ|None|CL|Cat="verb"|Id="6"|morphId="590050140011"|Unicode="ἀσθενεῖ"|Lemma="ἀσθενέω"|Lang="G"|StrongNumber="G07700"|Morph="V,IPA3,,S,"|Mood="Indicative"|Tense="Present"|Voice="Active"|Person="Third"|Number="Singular"|English="is ~ sick"
590050140021|τις|590050140011|S|Cat="pron"|Id="10"|morphId="590050140021"|Unicode="τις"|Lemma="τις"|Lang="G"|StrongNumber="G51000"|Morph="RI,,,,NMS,"|Type="Indefinite"|Case="Nominative"|Gender="Masculine"|Number="Singular"|English="if anyone"
590050140031|ἐν|590050140041|prep|Cat="prep"|Id="12"|morphId="590050140031"|Unicode="ἐν"|Lemma="ἐν"|Lang="G"|StrongNumber="G17220"|Morph="P,,,,,D,,,"|Case="Dative"|English="among"
590050140041|ὑμῖν?|590050140021|pp|Cat="pron"|Id="14"|morphId="590050140041"|Unicode="ὑμῖν?"|Lemma="σύ"|Lang="G"|StrongNumber="G47710"|Morph="RP,,,2D,P,"|Type="Personal"|Person="Second"|Case="Dative"|Number="Plural"|English="you"
590050140051|προσκαλεσάσθω|590050140011|CL|Cat="verb"|Id="19"|morphId="590050140051"|Unicode="προσκαλεσάσθω"|Lemma="προσκαλέω"|Lang="G"|StrongNumber="G43410"|Morph="V,MAM3,,S,"|Mood="Imperative"|Tense="Aorist"|Voice="Middle"|Person="Third"|Number="Singular"|English="let him call for"
590050140061|τοὺς|590050140071|det|Cat="det"|Id="22"|morphId="590050140061"|Unicode="τοὺς"|Lemma="ὁ"|Lang="G"|StrongNumber="G35880"|Morph="EA,,,,AMP,"|Type="Article"|Case="Accusative"|Gender="Masculine"|Number="Plural"|English="the"
590050140071|πρεσβυτέρους|590050140051|O|Cat="noun"|Id="25"|morphId="590050140071"|Unicode="πρεσβυτέρους"|Lemma="πρεσβύτερος"|Lang="G"|StrongNumber="G42450"|Morph="NS,,,,AMPC"|Type="Substantive_Adj"|Case="Accusative"|Gender="Masculine"|Number="Plural"|English="elders"
590050140081|τῆς|590050140091|det|Cat="det"|Id="27"|morphId="590050140081"|Unicode="τῆς"|Lemma="ὁ"|Lang="G"|StrongNumber="G35880"|Morph="EA,,,,GFS,"|Type="Article"|Case="Genitive"|Gender="Feminine"|Number="Singular"|English="the"
590050140091|ἐκκλησίας,|590050140071|np|Cat="noun"|Id="29"|morphId="590050140091"|Unicode="ἐκκλησίας,"|Lemma="ἐκκλησία"|Lang="G"|StrongNumber="G15770"|Morph="N,,,,,GFS,"|Case="Genitive"|Gender="Feminine"|Number="Singular"|English="of ~ church"
590050140101|καὶ|590050140051|conj|Cat="conj"|Id="30"|morphId="590050140101"|Unicode="καὶ"|Lemma="καί"|Lang="G"|StrongNumber="G25320"|Morph="CC,,,,,,,,"|Type="Coordinating"|English="and"
590050140111|προσευξάσθωσαν|590050140051|CL|Cat="verb"|Id="34"|morphId="590050140111"|Unicode="προσευξάσθωσαν"|Lemma="προσεύχομαι"|Lang="G"|StrongNumber="G43360"|Morph="V,MAM3,,P,"|Mood="Imperative"|Tense="Aorist"|Voice="Middle"|Person="Third"|Number="Plural"|English="they are to pray"
590050140121|ἐπ’|590050140131|prep|Cat="prep"|Id="37"|morphId="590050140121"|Unicode="ἐπ’"|Lemma="ἐπί"|Lang="G"|StrongNumber="G19090"|Morph="P,,,,,A,,,"|Case="Accusative"|English="over"
590050140131|αὐτὸν,|590050140111|ADV|Cat="pron"|Id="39"|morphId="590050140131"|Unicode="αὐτὸν,"|Lemma="αὐτός"|Lang="G"|StrongNumber="G08460"|Morph="RP,,,3AMS,"|Type="Personal"|Person="Third"|Case="Accusative"|Gender="Masculine"|Number="Singular"|English="him"
590050140141|ἀλείψαντες|590050140111|ADV|Cat="verb"|Id="44"|morphId="590050140141"|Unicode="ἀλείψαντες"|Lemma="ἀλείφω"|Lang="G"|StrongNumber="G02180"|Morph="V,PAA,NMP,"|Mood="Participle"|Tense="Aorist"|Voice="Active"|Case="Nominative"|Gender="Masculine"|Number="Plural"|English="anointing"
590050140151|αὐτὸν|590050140141|O|Cat="pron"|Id="47"|morphId="590050140151"|Unicode="αὐτὸν"|Lemma="αὐτός"|Lang="G"|StrongNumber="G08460"|Morph="RP,,,3AMS,"|Type="Personal"|Person="Third"|Case="Accusative"|Gender="Masculine"|Number="Singular"|English="him"
590050140161|ἐλαίῳ|590050140141|ADV|Cat="noun"|Id="50"|morphId="590050140161"|Unicode="ἐλαίῳ"|Lemma="ἔλαιον"|Lang="G"|StrongNumber="G16370"|Morph="N,,,,,DNS,"|Case="Dative"|Gender="Neuter"|Number="Singular"|English="with oil"
590050140171|ἐν|590050140191|prep|Cat="prep"|Id="53"|morphId="590050140171"|Unicode="ἐν"|Lemma="ἐν"|Lang="G"|StrongNumber="G17220"|Morph="P,,,,,D,,,"|Case="Dative"|English="in"
590050140181|τῷ|590050140191|det|Cat="det"|Id="55"|morphId="590050140181"|Unicode="τῷ"|Lemma="ὁ"|Lang="G"|StrongNumber="G35880"|Morph="EA,,,,DNS,"|Type="Article"|Case="Dative"|Gender="Neuter"|Number="Singular"|English="the"
590050140191|ὀνόματι|590050140141|ADV|Cat="noun"|Id="58"|morphId="590050140191"|Unicode="ὀνόματι"|Lemma="ὄνομα"|Lang="G"|StrongNumber="G36860"|Morph="N,,,,,DNS,"|Case="Dative"|Gender="Neuter"|Number="Singular"|English="name"
590050140201|τοῦ|590050140211|det|Cat="det"|Id="60"|morphId="590050140201"|Unicode="τοῦ"|Lemma="ὁ"|Lang="G"|StrongNumber="G35880"|Morph="EA,,,,GMS,"|Type="Article"|Case="Genitive"|Gender="Masculine"|Number="Singular"|English="the"
590050140211|Κυρίου.|590050140191|np|Cat="noun"|Id="62"|morphId="590050140211"|Unicode="Κυρίου."|Lemma="κύριος"|Lang="G"|StrongNumber="G29620"|Morph="N,,,,,GMS,"|Case="Genitive"|Gender="Masculine"|Number="Singular"|English="of ~ Lord"
590050150011|καὶ|590050150061|conj|Cat="conj"|Id="3"|morphId="590050150011"|Unicode="καὶ"|Lemma="καί"|Lang="G"|StrongNumber="G25320"|Morph="CC,,,,,,,,"|Type="Coordinating"|English="and"
590050150021|ἡ|590050150031|det|Cat="det"|Id="8"|morphId="590050150021"|Unicode="ἡ"|Lemma="ὁ"|Lang="G"|StrongNumber="G35880"|Morph="EA,,,,NFS,"|Type="Article"|Case="Nominative"|Gender="Feminine"|Number="Singular"|English="the"
590050150031|εὐχὴ|590050150061|S|Cat="noun"|Id="11"|morphId="590050150031"|Unicode="εὐχὴ"|Lemma="εὐχή"|Lang="G"|StrongNumber="G21710"|Morph="N,,,,,NFS,"|Case="Nominative"|Gender="Feminine"|Number="Singular"|English="prayer"
590050150041|τῆς|590050150051|det|Cat="det"|Id="13"|morphId="590050150041"|Unicode="τῆς"|Lemma="ὁ"|Lang="G"|StrongNumber="G35880"|Morph="EA,,,,GFS,"|Type="Article"|Case="Genitive"|Gender="Feminine"|Number="Singular"
590050150051|πίστεως|590050150031|np|Cat="noun"|Id="15"|morphId="590050150051"|Unicode="πίστεως"|Lemma="πίστις"|Lang="G"|StrongNumber="G41020"|Morph="N,,,,,GFS,"|Case="Genitive"|Gender="Feminine"|Number="Singular"|English="of faith"
590050150061|σώσει|None|CL|Cat="verb"|Id="18"|morphId="590050150061"|Unicode="σώσει"|Lemma="σῴζω"|Lang="G"|StrongNumber="G49820"|Morph="V,IFA3,,S,"|Mood="Indicative"|Tense="Future"|Voice="Active"|Person="Third"|Number="Singular"|English="will save"
590050150071|τὸν|590050150081|det|Cat="pron"|Id="22"|morphId="590050150071"|Unicode="τὸν"|Lemma="ὁ"|Lang="G"|StrongNumber="G35880"|Morph="RD,,,,AMS,"|Type="Demonstrative"|Case="Accusative"|Gender="Masculine"|Number="Singular"|English="the"
590050150081|κάμνοντα,|590050150061|O|Cat="verb"|Id="26"|morphId="590050150081"|Unicode="κάμνοντα,"|Lemma="κάμνω"|Lang="G"|StrongNumber="G25770"|Morph="V,PPA,AMS,"|Mood="Participle"|Tense="Present"|Voice="Active"|Case="Accusative"|Gender="Masculine"|Number="Singular"|English="who is sick"
590050150091|καὶ|590050150061|conj|Cat="conj"|Id="27"|morphId="590050150091"|Unicode="καὶ"|Lemma="καί"|Lang="G"|StrongNumber="G25320"|Morph="CC,,,,,,,,"|Type="Coordinating"|English="and"
590050150101|ἐγερεῖ|590050150061|CL|Cat="verb"|Id="31"|morphId="590050150101"|Unicode="ἐγερεῖ"|Lemma="ἐγείρω"|Lang="G"|StrongNumber="G14530"|Morph="V,IFA3,,S,"|Mood="Indicative"|Tense="Future"|Voice="Active"|Person="Third"|Number="Singular"|English="will raise ~ up"
590050150111|αὐτὸν|590050150101|O|Cat="pron"|Id="34"|morphId="590050150111"|Unicode="αὐτὸν"|Lemma="αὐτός"|Lang="G"|StrongNumber="G08460"|Morph="RP,,,3AMS,"|Type="Personal"|Person="Third"|Case="Accusative"|Gender="Masculine"|Number="Singular"|English="him"
590050150121|ὁ|590050150131|det|Cat="det"|Id="37"|morphId="590050150121"|Unicode="ὁ"|Lemma="ὁ"|Lang="G"|StrongNumber="G35880"|Morph="EA,,,,NMS,"|Type="Article"|Case="Nominative"|Gender="Masculine"|Number="Singular"|English="the"
590050150131|Κύριος;|590050150101|S|Cat="noun"|Id="39"|morphId="590050150131"|Unicode="Κύριος;"|Lemma="κύριος"|Lang="G"|StrongNumber="G29620"|Morph="N,,,,,NMS,"|Case="Nominative"|Gender="Masculine"|Number="Singular"|English="Lord"
590050150141|κἂν|590050150171|conj|Cat="conj"|Id="42"|morphId="590050150141"|Unicode="κἂν"|Lemma="κἄν"|Lang="G"|StrongNumber="G25790"|Morph="CS,,,,,,,,"|Type="Subordinating"|English="and if"
590050150151|ἁμαρτίας|590050150171|O|Cat="noun"|Id="46"|morphId="590050150151"|Unicode="ἁμαρτίας"|Lemma="ἁμαρτία"|Lang="G"|StrongNumber="G02660"|Morph="N,,,,,AFP,"|Case="Accusative"|Gender="Feminine"|Number="Plural"|English="sins"
590050150161|ᾖ|590050150171|verb|Cat="verb"|Id="49"|morphId="590050150161"|Unicode="ᾖ"|Lemma="εἰμί"|Lang="G"|StrongNumber="G15100"|Morph="V,SPA3,,S,"|Mood="Subjunctive"|Tense="Present"|Voice="Active"|Person="Third"|Number="Singular"|English="he has"
590050150171|πεποιηκώς,|590050150181|CL|Cat="verb"|Id="51"|morphId="590050150171"|Unicode="πεποιηκώς,"|Lemma="ποιέω"|Lang="G"|StrongNumber="G41600"|Morph="V,PEA,NMS,"|Mood="Participle"|Tense="Perfect"|Voice="Active"|Case="Nominative"|Gender="Masculine"|Number="Singular"|English="committed"
590050150181|ἀφεθήσεται|590050150061|CL|Cat="verb"|Id="55"|morphId="590050150181"|Unicode="ἀφεθήσεται"|Lemma="ἀφίημι"|Lang="G"|StrongNumber="G08630"|Morph="V,IFP3,,S,"|Mood="Indicative"|Tense="Future"|Voice="Passive"|Person="Third"|Number="Singular"|English="will be forgiven"
590050150191|αὐτῷ.|590050150181|IO|Cat="pron"|Id="58"|morphId="590050150191"|Unicode="αὐτῷ."|Lemma="αὐτός"|Lang="G"|StrongNumber="G08460"|Morph="RP,,,3DMS,"|Type="Personal"|Person="Third"|Case="Dative"|Gender="Masculine"|Number="Singular"|English="to him"
590050160021|οὖν|590050160011|conj|Cat="conj"|Id="3"|morphId="590050160021"|Unicode="οὖν"|Lemma="οὖν"|Lang="G"|StrongNumber="G37670"|Morph="CC,,,,,,,,"|Type="Coordinating"|English="therefore"
590050160011|ἐξομολογεῖσθε|None|CL|Cat="verb"|Id="9"|morphId="590050160011"|Unicode="ἐξομολογεῖσθε"|Lemma="ἐξομολογέω"|Lang="G"|StrongNumber="G18430"|Morph="V,MPM2,,P,"|Mood="Imperative"|Tense="Present"|Voice="Middle"|Person="Second"|Number="Plural"|English="confess"
590050160031|ἀλλήλοις|590050160011|IO|Cat="pron"|Id="12"|morphId="590050160031"|Unicode="ἀλλήλοις"|Lemma="ἀλλήλων"|Lang="G"|StrongNumber="G02400"|Morph="RC,,,,DMP,"|Type="Reciprocal"|Case="Dative"|Gender="Masculine"|Number="Plural"|English="to one another"
590050160041|τὰς|590050160051|det|Cat="det"|Id="15"|morphId="590050160041"|Unicode="τὰς"|Lemma="ὁ"|Lang="G"|StrongNumber="G35880"|Morph="EP,,,,AFP,"|Type="Possessive"|Case="Accusative"|Gender="Feminine"|Number="Plural"|English="theyour"
590050160051|ἁμαρτίας,|590050160011|O|Cat="noun"|Id="17"|morphId="590050160051"|Unicode="ἁμαρτίας,"|Lemma="ἁμαρτία"|Lang="G"|StrongNumber="G02660"|Morph="N,,,,,AFP,"|Case="Accusative"|Gender="Feminine"|Number="Plural"|English="sins"
590050160061|καὶ|590050160011|conj|Cat="conj"|Id="18"|morphId="590050160061"|Unicode="καὶ"|Lemma="καί"|Lang="G"|StrongNumber="G25320"|Morph="CC,,,,,,,,"|Type="Coordinating"|English="and"
590050160071|προσεύχεσθε|590050160011|CL|Cat="verb"|Id="22"|morphId="590050160071"|Unicode="προσεύχεσθε"|Lemma="προσεύχομαι"|Lang="G"|StrongNumber="G43360"|Morph="V,MPM2,,P,"|Mood="Imperative"|Tense="Present"|Voice="Middle"|Person="Second"|Number="Plural"|English="pray"
590050160081|ὑπὲρ|590050160091|prep|Cat="prep"|Id="25"|morphId="590050160081"|Unicode="ὑπὲρ"|Lemma="ὑπέρ"|Lang="G"|StrongNumber="G52280"|Morph="P,,,,,G,,,"|Case="Genitive"|English="for"
590050160091|ἀλλήλων,|590050160071|ADV|Cat="pron"|Id="27"|morphId="590050160091"|Unicode="ἀλλήλων,"|Lemma="ἀλλήλων"|Lang="G"|StrongNumber="G02400"|Morph="RC,,,,GMP,"|Type="Reciprocal"|Case="Genitive"|Gender="Masculine"|Number="Plural"|English="one another"
590050160101|ὅπως|590050160111|conj|Cat="conj"|Id="29"|morphId="590050160101"|Unicode="ὅπως"|Lemma="ὅπως"|Lang="G"|StrongNumber="G37040"|Morph="CS,,,,,,,,"|Type="Subordinating"|English="so that"
590050160111|ἰαθῆτε.|590050160011|CL|Cat="verb"|Id="33"|morphId="590050160111"|Unicode="ἰαθῆτε."|Lemma="ἰάομαι"|Lang="G"|StrongNumber="G23900"|Morph="V,SAP2,,P,"|Mood="Subjunctive"|Tense="Aorist"|Voice="Passive"|Person="Second"|Number="Plural"|English="you may be healed"
590050160121|πολὺ|590050160131|ADV|Cat="pron"|Id="37"|morphId="590050160121"|Unicode="πολὺ"|Lemma="πολύς"|Lang="G"|StrongNumber="G41830"|Morph="RI,,,,ANS,"|Type="Indefinite"|Case="Accusative"|Gender="Neuter"|Number="Singular"|English="much"
590050160131|ἰσχύει|590050160011|CL|Cat="verb"|Id="40"|morphId="590050160131"|Unicode="ἰσχύει"|Lemma="ἰσχύω"|Lang="G"|StrongNumber="G24800"|Morph="V,IPA3,,S,"|Mood="Indicative"|Tense="Present"|Voice="Active"|Person="Third"|Number="Singular"|English="is powerful"
590050160141|δέησις|590050160131|S|Cat="noun"|Id="44"|morphId="590050160141"|Unicode="δέησις"|Lemma="δέησις"|Lang="G"|StrongNumber="G11620"|Morph="N,,,,,NFS,"|Case="Nominative"|Gender="Feminine"|Number="Singular"|English="prayer"
590050160151|δικαίου|590050160141|np|Cat="noun"|Id="46"|morphId="590050160151"|Unicode="δικαίου"|Lemma="δίκαιος"|Lang="G"|StrongNumber="G13420"|Morph="NS,,,,GMS,"|Type="Substantive_Adj"|Case="Genitive"|Gender="Masculine"|Number="Singular"|English="of a righteous person"
590050160161|ἐνεργουμένη.|590050160131|ADV|Cat="verb"|Id="51"|morphId="590050160161"|Unicode="ἐνεργουμένη."|Lemma="ἐνεργέω"|Lang="G"|StrongNumber="G17540"|Morph="V,PPM,NFS,"|Mood="Participle"|Tense="Present"|Voice="Middle"|Case="Nominative"|Gender="Feminine"|Number="Singular"|English="effective"
590050170011|Ἠλείας|590050170021|S|Cat="noun"|Id="6"|morphId="590050170011"|Unicode="Ἠλείας"|Lemma="Ἠλείας"|Lang="G"|StrongNumber="G22430"|Morph="N,,,,,NMS,"|Case="Nominative"|Gender="Masculine"|Number="Singular"|English="Elijah"
590050170031|ἦν|590050170021|VC|Cat="verb"|Id="9"|morphId="590050170031"|Unicode="ἦν"|Lemma="εἰμί"|Lang="G"|StrongNumber="G15100"|Morph="V,IIA3,,S,"|Mood="Indicative"|Tense="Imperfect"|Voice="Active"|Person="Third"|Number="Singular"|English="was"
590050170021|ἄνθρωπος|None|CL|Cat="noun"|Id="13"|morphId="590050170021"|Unicode="ἄνθρωπος"|Lemma="ἄνθρωπος"|Lang="G"|StrongNumber="G04440"|Morph="N,,,,,NMS,"|Case="Nominative"|Gender="Masculine"|Number="Singular"|English="a man"
590050170041|ὁμοιοπαθὴς|590050170021|adjp|Cat="adj"|Id="16"|morphId="590050170041"|Unicode="ὁμοιοπαθὴς"|Lemma="ὁμοιοπαθής"|Lang="G"|StrongNumber="G36630"|Morph="AA,,,,NMS,"|Type="Ascriptive"|Case="Nominative"|Gender="Masculine"|Number="Singular"|English="with a nature like"
590050170051|ἡμῖν,|590050170041|np|Cat="pron"|Id="18"|morphId="590050170051"|Unicode="ἡμῖν,"|Lemma="ἐγώ"|Lang="G"|StrongNumber="G14730"|Morph="RP,,,1D,P,"|Type="Personal"|Person="First"|Case="Dative"|Number="Plural"|English="to us"
590050170061|καὶ|590050170021|conj|Cat="conj"|Id="19"|morphId="590050170061"|Unicode="καὶ"|Lemma="καί"|Lang="G"|StrongNumber="G25320"|Morph="CC,,,,,,,,"|Type="Coordinating"|English="and"
590050170071|προσευχῇ|590050170081|ADV|Cat="noun"|Id="24"|morphId="590050170071"|Unicode="προσευχῇ"|Lemma="προσευχή"|Lang="G"|StrongNumber="G43350"|Morph="N,,,,,DFS,"|Case="Dative"|Gender="Feminine"|Number="Singular"|English="with prayer"
590050170081|προσηύξατο|590050170021|CL|Cat="verb"|Id="27"|morphId="590050170081"|Unicode="προσηύξατο"|Lemma="προσεύχομαι"|Lang="G"|StrongNumber="G43360"|Morph="V,IAM3,,S,"|Mood="Indicative"|Tense="Aorist"|Voice="Middle"|Person="Third"|Number="Singular"|English="he prayed earnestly"
590050170091|τοῦ|590050170111|det|Cat="pron"|Id="31"|morphId="590050170091"|Unicode="τοῦ"|Lemma="ὁ"|Lang="G"|StrongNumber="G35880"|Morph="RD,,,,GNS,"|Type="Demonstrative"|Case="Genitive"|Gender="Neuter"|Number="Singular"|English="that"
590050170101|μὴ|590050170111|ADV|Cat="adv"|Id="35"|morphId="590050170101"|Unicode="μὴ"|Lemma="μή"|Lang="G"|StrongNumber="G33610"|Morph="D,,,,,,,,,"|English="not"
590050170111|βρέξαι,|590050170081|ADV|Cat="verb"|Id="38"|morphId="590050170111"|Unicode="βρέξαι,"|Lemma="βρέχω"|Lang="G"|StrongNumber="G10260"|Morph="V,NAA,,,,,"|Mood="Infinitive"|Tense="Aorist"|Voice="Active"|English="would ~ rain"
590050170121|καὶ|590050170081|conj|Cat="conj"|Id="39"|morphId="590050170121"|Unicode="καὶ"|Lemma="καί"|Lang="G"|StrongNumber="G25320"|Morph="CC,,,,,,,,"|Type="Coordinating"|English="and"
590050170131|οὐκ|590050170141|ADV|Cat="adv"|Id="43"|morphId="590050170131"|Unicode="οὐκ"|Lemma="οὐ"|Lang="G"|StrongNumber="G37560"|Morph="D,,,,,,,,,"|English="not"
590050170141|ἔβρεξεν|590050170081|CL|Cat="verb"|Id="46"|morphId="590050170141"|Unicode="ἔβρεξεν"|Lemma="βρέχω"|Lang="G"|StrongNumber="G10260"|Morph="V,IAA3,,S,"|Mood="Indicative"|Tense="Aorist"|Voice="Active"|Person="Third"|Number="Singular"|English="it did ~ rain"
590050170151|ἐπὶ|590050170171|prep|Cat="prep"|Id="49"|morphId="590050170151"|Unicode="ἐπὶ"|Lemma="ἐπί"|Lang="G"|StrongNumber="G19090"|Morph="P,,,,,G,,,"|Case="Genitive"|English="on"
590050170161|τῆς|590050170171|det|Cat="det"|Id="51"|morphId="590050170161"|Unicode="τῆς"|Lemma="ὁ"|Lang="G"|StrongNumber="G35880"|Morph="EA,,,,GFS,"|Type="Article"|Case="Genitive"|Gender="Feminine"|Number="Singular"|English="the"
590050170171|γῆς,|590050170141|ADV|Cat="noun"|Id="53"|morphId="590050170171"|Unicode="γῆς,"|Lemma="γῆ"|Lang="G"|StrongNumber="G10930"|Morph="N,,,,,GFS,"|Case="Genitive"|Gender="Feminine"|Number="Singular"|English="land"
590050170181|ἐνιαυτοὺς|590050170141|ADV|Cat="noun"|Id="58"|morphId="590050170181"|Unicode="ἐνιαυτοὺς"|Lemma="ἐνιαυτός"|Lang="G"|StrongNumber="G17630"|Morph="N,,,,,AMP,"|Case="Accusative"|Gender="Masculine"|Number="Plural"|English="for ~ years"
590050170191|τρεῖς|590050170181|nump|Cat="det"|Id="61"|morphId="590050170191"|Unicode="τρεῖς"|Lemma="τρεῖς"|Lang="G"|StrongNumber="G51400"|Morph="EN,,,,AMP,"|Type="Number"|Case="Accusative"|Gender="Masculine"|Number="Plural"|English="three"
590050170201|καὶ|590050170181|conj|Cat="conj"|Id="62"|morphId="590050170201"|Unicode="καὶ"|Lemma="καί"|Lang="G"|StrongNumber="G25320"|Morph="CC,,,,,,,,"|Type="Coordinating"|English="and"
590050170211|μῆνας|590050170181|np|Cat="noun"|Id="65"|morphId="590050170211"|Unicode="μῆνας"|Lemma="μήν"|Lang="G"|StrongNumber="G33760"|Morph="N,,,,,AMP,"|Case="Accusative"|Gender="Masculine"|Number="Plural"|English="months"
590050170221|ἕξ.|590050170211|nump|Cat="det"|Id="68"|morphId="590050170221"|Unicode="ἕξ."|Lemma="ἕξ"|Lang="G"|StrongNumber="G18030"|Morph="EN,,,,AMPI"|Type="Number"|Case="Accusative"|Gender="Masculine"|Number="Plural"|English="six"
590050180011|καὶ|590050180031|conj|Cat="conj"|Id="3"|morphId="590050180011"|Unicode="καὶ"|Lemma="καί"|Lang="G"|StrongNumber="G25320"|Morph="CC,,,,,,,,"|Type="Coordinating"|English="then"
590050180021|πάλιν|590050180031|ADV|Cat="adv"|Id="8"|morphId="590050180021"|Unicode="πάλιν"|Lemma="πάλιν"|Lang="G"|StrongNumber="G38250"|Morph="D,,,,,,,,,"|English="again"
590050180031|προσηύξατο,|None|CL|Cat="verb"|Id="11"|morphId="590050180031"|Unicode="προσηύξατο,"|Lemma="προσεύχομαι"|Lang="G"|StrongNumber="G43360"|Morph="V,IAM3,,S,"|Mood="Indicative"|Tense="Aorist"|Voice="Middle"|Person="Third"|Number="Singular"|English="he prayed"
590050180041|καὶ|590050180031|conj|Cat="conj"|Id="12"|morphId="590050180041"|Unicode="καὶ"|Lemma="καί"|Lang="G"|StrongNumber="G25320"|Morph="CC,,,,,,,,"|Type="Coordinating"|English="and"
590050180051|ὁ|590050180061|det|Cat="det"|Id="17"|morphId="590050180051"|Unicode="ὁ"|Lemma="ὁ"|Lang="G"|StrongNumber="G35880"|Morph="EA,,,,NMS,"|Type="Article"|Case="Nominative"|Gender="Masculine"|Number="Singular"|English="the"
590050180061|οὐρανὸς|590050180081|S|Cat="noun"|Id="19"|morphId="590050180061"|Unicode="οὐρανὸς"|Lemma="οὐρανός"|Lang="G"|StrongNumber="G37720"|Morph="N,,,,,NMS,"|Case="Nominative"|Gender="Masculine"|Number="Singular"|English="heaven"
590050180071|ὑετὸν|590050180081|O|Cat="noun"|Id="22"|morphId="590050180071"|Unicode="ὑετὸν"|Lemma="ὑετός"|Lang="G"|StrongNumber="G52050"|Morph="N,,,,,AMS,"|Case="Accusative"|Gender="Masculine"|Number="Singular"|English="rain"
590050180081|ἔδωκεν,|590050180031|CL|Cat="verb"|Id="25"|morphId="590050180081"|Unicode="ἔδωκεν,"|Lemma="δίδωμι"|Lang="G"|StrongNumber="G13250"|Morph="V,IAA3,,S,"|Mood="Indicative"|Tense="Aorist"|Voice="Active"|Person="Third"|Number="Singular"|English="gave"
590050180091|καὶ|590050180081|conj|Cat="conj"|Id="26"|morphId="590050180091"|Unicode="καὶ"|Lemma="καί"|Lang="G"|StrongNumber="G25320"|Morph="CC,,,,,,,,"|Type="Coordinating"|English="and"
590050180101|ἡ|590050180111|det|Cat="det"|Id="30"|morphId="590050180101"|Unicode="ἡ"|Lemma="ὁ"|Lang="G"|StrongNumber="G35880"|Morph="EA,,,,NFS,"|Type="Article"|Case="Nominative"|Gender="Feminine"|Number="Singular"|English="the"
590050180111|γῆ|590050180121|S|Cat="noun"|Id="32"|morphId="590050180111"|Unicode="γῆ"|Lemma="γῆ"|Lang="G"|StrongNumber="G10930"|Morph="N,,,,,NFS,"|Case="Nominative"|Gender="Feminine"|Number="Singular"|English="earth"
590050180121|ἐβλάστησεν|590050180081|CL|Cat="verb"|Id="35"|morphId="590050180121"|Unicode="ἐβλάστησεν"|Lemma="βλαστάω"|Lang="G"|StrongNumber="G09850"|Morph="V,IAA3,,S,"|Mood="Indicative"|Tense="Aorist"|Voice="Active"|Person="Third"|Number="Singular"|English="produced"
590050180131|τὸν|590050180141|det|Cat="det"|Id="38"|morphId="590050180131"|Unicode="τὸν"|Lemma="ὁ"|Lang="G"|StrongNumber="G35880"|Morph="EA,,,,AMS,"|Type="Article"|Case="Accusative"|Gender="Masculine"|Number="Singular"|English="the"
590050180141|καρπὸν|590050180121|O|Cat="noun"|Id="41"|morphId="590050180141"|Unicode="καρπὸν"|Lemma="καρπός"|Lang="G"|StrongNumber="G25900"|Morph="N,,,,,AMS,"|Case="Accusative"|Gender="Masculine"|Number="Singular"|English="fruit"
590050180151|αὐτῆς.|590050180141|np|Cat="pron"|Id="43"|morphId="590050180151"|Unicode="αὐτῆς."|Lemma="αὐτός"|Lang="G"|StrongNumber="G08460"|Morph="RP,,,3GFS,"|Type="Personal"|Person="Third"|Case="Genitive"|Gender="Feminine"|Number="Singular"|English="of it"
590050190011|ἀδελφοί|590050190071|CL|Cat="noun"|Id="6"|morphId="590050190011"|Unicode="ἀδελφοί"|Lemma="ἀδελφός"|Lang="G"|StrongNumber="G00800"|Morph="N,,,,,VMP,"|Case="Vocative"|Gender="Masculine"|Number="Plural"|English="brothers"
590050190021|μου,|590050190011|np|Cat="pron"|Id="8"|morphId="590050190021"|Unicode="μου,"|Lemma="ἐγώ"|Lang="G"|StrongNumber="G14730"|Morph="RP,,,1G,S,"|Type="Personal"|Person="First"|Case="Genitive"|Number="Singular"|English="of me"
590050190031|ἐάν|590050190071|conj|Cat="conj"|Id="10"|morphId="590050190031"|Unicode="ἐάν"|Lemma="ἐάν"|Lang="G"|StrongNumber="G14370"|Morph="CS,,,,,,,,"|Type="Subordinating"|English="if"
590050190041|τις|590050190071|S|Cat="pron"|Id="16"|morphId="590050190041"|Unicode="τις"|Lemma="τις"|Lang="G"|StrongNumber="G51000"|Morph="RI,,,,NMS,"|Type="Indefinite"|Case="Nominative"|Gender="Masculine"|Number="Singular"|English="anyone"
590050190051|ἐν|590050190061|prep|Cat="prep"|Id="18"|morphId="590050190051"|Unicode="ἐν"|Lemma="ἐν"|Lang="G"|StrongNumber="G17220"|Morph="P,,,,,D,,,"|Case="Dative"|English="among"
590050190061|ὑμῖν|590050190041|pp|Cat="pron"|Id="20"|morphId="590050190061"|Unicode="ὑμῖν"|Lemma="σύ"|Lang="G"|StrongNumber="G47710"|Morph="RP,,,2D,P,"|Type="Personal"|Person="Second"|Case="Dative"|Number="Plural"|English="you"
590050190071|πλανηθῇ|None|CL|Cat="verb"|Id="23"|morphId="590050190071"|Unicode="πλανηθῇ"|Lemma="πλανάω"|Lang="G"|StrongNumber="G41050"|Morph="V,SAP3,,S,"|Mood="Subjunctive"|Tense="Aorist"|Voice="Passive"|Person="Third"|Number="Singular"|English="wanders"
590050190081|ἀπὸ|590050190101|prep|Cat="prep"|Id="26"|morphId="590050190081"|Unicode="ἀπὸ"|Lemma="ἀπό"|Lang="G"|StrongNumber="G05750"|Morph="P,,,,,G,,,"|Case="Genitive"|English="from"
590050190091|τῆς|590050190101|det|Cat="det"|Id="28"|morphId="590050190091"|Unicode="τῆς"|Lemma="ὁ"|Lang="G"|StrongNumber="G35880"|Morph="EA,,,,GFS,"|Type="Article"|Case="Genitive"|Gender="Feminine"|Number="Singular"|English="the"
590050190101|ἀληθείας,|590050190071|ADV|Cat="noun"|Id="30"|morphId="590050190101"|Unicode="ἀληθείας,"|Lemma="ἀλήθεια"|Lang="G"|StrongNumber="G02250"|Morph="N,,,,,GFS,"|Case="Genitive"|Gender="Feminine"|Number="Singular"|English="truth"
590050190111|καὶ|590050190071|conj|Cat="conj"|Id="31"|morphId="590050190111"|Unicode="καὶ"|Lemma="καί"|Lang="G"|StrongNumber="G25320"|Morph="CC,,,,,,,,"|Type="Coordinating"|English="and"
590050190121|ἐπιστρέψῃ|590050190071|CL|Cat="verb"|Id="35"|morphId="590050190121"|Unicode="ἐπιστρέψῃ"|Lemma="ἐπιστρέφω"|Lang="G"|StrongNumber="G19940"|Morph="V,SAA3,,S,"|Mood="Subjunctive"|Tense="Aorist"|Voice="Active"|Person="Third"|Number="Singular"|English="turns ~ back"
590050190131|τις|590050190121|S|Cat="pron"|Id="38"|morphId="590050190131"|Unicode="τις"|Lemma="τις"|Lang="G"|StrongNumber="G51000"|Morph="RI,,,,NMS,"|Type="Indefinite"|Case="Nominative"|Gender="Masculine"|Number="Singular"|English="someone"
590050190141|αὐτόν,|590050190121|O|Cat="pron"|Id="41"|morphId="590050190141"|Unicode="αὐτόν,"|Lemma="αὐτός"|Lang="G"|StrongNumber="G08460"|Morph="RP,,,3AMS,"|Type="Personal"|Person="Third"|Case="Accusative"|Gender="Masculine"|Number="Singular"|English="him"
590050200011|γινωσκέτω|None|CL|Cat="verb"|Id="6"|morphId="590050200011"|Unicode="γινωσκέτω"|Lemma="γινώσκω"|Lang="G"|StrongNumber="G10970"|Morph="V,MPA3,,S,"|Mood="Imperative"|Tense="Present"|Voice="Active"|Person="Third"|Number="Singular"|English="let him know"
590050200021|ὅτι|590050200101|conj|Cat="conj"|Id="8"|morphId="590050200021"|Unicode="ὅτι"|Lemma="ὅτι"|Lang="G"|StrongNumber="G37540"|Morph="CS,,,,,,,,"|Type="Subordinating"|English="that"
590050200031|ὁ|590050200041|det|Cat="pron"|Id="14"|morphId="590050200031"|Unicode="ὁ"|Lemma="ὁ"|Lang="G"|StrongNumber="G35880"|Morph="RD,,,,NMS,"|Type="Demonstrative"|Case="Nominative"|Gender="Masculine"|Number="Singular"|English="he"
590050200041|ἐπιστρέψας|590050200101|S|Cat="verb"|Id="18"|morphId="590050200041"|Unicode="ἐπιστρέψας"|Lemma="ἐπιστρέφω"|Lang="G"|StrongNumber="G19940"|Morph="V,PAA,NMS,"|Mood="Participle"|Tense="Aorist"|Voice="Active"|Case="Nominative"|Gender="Masculine"|Number="Singular"|English="who turns"
590050200051|ἁμαρτωλὸν|590050200041|O|Cat="noun"|Id="21"|morphId="590050200051"|Unicode="ἁμαρτωλὸν"|Lemma="ἁμαρτωλός"|Lang="G"|StrongNumber="G02680"|Morph="NS,,,,AMS,"|Type="Substantive_Adj"|Case="Accusative"|Gender="Masculine"|Number="Singular"|English="a sinner"
590050200061|ἐκ|590050200071|prep|Cat="prep"|Id="24"|morphId="590050200061"|Unicode="ἐκ"|Lemma="ἐκ"|Lang="G"|StrongNumber="G15370"|Morph="P,,,,,G,,,"|Case="Genitive"|English="from"
590050200071|πλάνης|590050200041|ADV|Cat="noun"|Id="27"|morphId="590050200071"|Unicode="πλάνης"|Lemma="πλάνη"|Lang="G"|StrongNumber="G41060"|Morph="N,,,,,GFS,"|Case="Genitive"|Gender="Feminine"|Number="Singular"|English="error"
590050200081|ὁδοῦ|590050200071|np|Cat="noun"|Id="30"|morphId="590050200081"|Unicode="ὁδοῦ"|Lemma="ὁδός"|Lang="G"|StrongNumber="G35980"|Morph="N,,,,,GFS,"|Case="Genitive"|Gender="Feminine"|Number="Singular"|English="of ~ way"
590050200091|αὐτοῦ,|590050200081|np|Cat="pron"|Id="32"|morphId="590050200091"|Unicode="αὐτοῦ,"|Lemma="αὐτός"|Lang="G"|StrongNumber="G08460"|Morph="RP,,,3GMS,"|Type="Personal"|Person="Third"|Case="Genitive"|Gender="Masculine"|Number="Singular"|English="of him"
590050200101|σώσει|590050200011|CL|Cat="verb"|Id="35"|morphId="590050200101"|Unicode="σώσει"|Lemma="σῴζω"|Lang="G"|StrongNumber="G49820"|Morph="V,IFA3,,S,"|Mood="Indicative"|Tense="Future"|Voice="Active"|Person="Third"|Number="Singular"|English="will save"
590050200111|ψυχὴν|590050200101|O|Cat="noun"|Id="39"|morphId="590050200111"|Unicode="ψυχὴν"|Lemma="ψυχή"|Lang="G"|StrongNumber="G55900"|Morph="N,,,,,AFS,"|Case="Accusative"|Gender="Feminine"|Number="Singular"|English="soul"
590050200121|αὐτοῦ|590050200111|np|Cat="pron"|Id="41"|morphId="590050200121"|Unicode="αὐτοῦ"|Lemma="αὐτός"|Lang="G"|StrongNumber="G08460"|Morph="RP,,,3GMS,"|Type="Personal"|Person="Third"|Case="Genitive"|Gender="Masculine"|Number="Singular"|English="of him"
590050200131|ἐκ|590050200141|prep|Cat="prep"|Id="44"|morphId="590050200131"|Unicode="ἐκ"|Lemma="ἐκ"|Lang="G"|StrongNumber="G15370"|Morph="P,,,,,G,,,"|Case="Genitive"|English="from"
590050200141|θανάτου,|590050200101|ADV|Cat="noun"|Id="46"|morphId="590050200141"|Unicode="θανάτου,"|Lemma="θάνατος"|Lang="G"|StrongNumber="G22880"|Morph="N,,,,,GMS,"|Case="Genitive"|Gender="Masculine"|Number="Singular"|English="death"
590050200151|καὶ|590050200101|conj|Cat="conj"|Id="47"|morphId="590050200151"|Unicode="καὶ"|Lemma="καί"|Lang="G"|StrongNumber="G25320"|Morph="CC,,,,,,,,"|Type="Coordinating"|English="and"
590050200161|καλύψει|590050200101|CL|Cat="verb"|Id="51"|morphId="590050200161"|Unicode="καλύψει"|Lemma="καλύπτω"|Lang="G"|StrongNumber="G25720"|Morph="V,IFA3,,S,"|Mood="Indicative"|Tense="Future"|Voice="Active"|Person="Third"|Number="Singular"|English="will cover"
590050200171|πλῆθος|590050200161|O|Cat="noun"|Id="55"|morphId="590050200171"|Unicode="πλῆθος"|Lemma="πλῆθος"|Lang="G"|StrongNumber="G41280"|Morph="N,,,,,ANS,"|Case="Accusative"|Gender="Neuter"|Number="Singular"|English="a multitude"
590050200181|ἁμαρτιῶν.|590050200171|np|Cat="noun"|Id="57"|morphId="590050200181"|Unicode="ἁμαρτιῶν."|Lemma="ἁμαρτία"|Lang="G"|StrongNumber="G02660"|Morph="N,,,,,GFP,"|Case="Genitive"|Gender="Feminine"|Number="Plural"|English="of sins"
