400040010011|τότε|400040010041|ADV|Cat="adv"|Id="5"|morphId="400040010011"|Unicode="τότε"|Lemma="τότε"|Lang="G"|StrongNumber="G51190"|Morph="D,,,,,,,,,"|English="then"
400040010021|ὁ|400040010031|det|Cat="det"|Id="8"|morphId="400040010021"|Unicode="ὁ"|Lemma="ὁ"|Lang="G"|StrongNumber="G35880"|Morph="EA,,,,NMS,"|Type="Article"|Case="Nominative"|Gender="Masculine"|Number="Singular"
400040010031|Ἰησοῦς|400040010041|S|Cat="noun"|Id="10"|morphId="400040010031"|Unicode="Ἰησοῦς"|Lemma="Ἰησοῦς"|Lang="G"|StrongNumber="G24240"|Morph="N,,,,,NMS,"|Case="Nominative"|Gender="Masculine"|Number="Singular"|English="Jesus"
400040010041|ἀνήχθη|None|CL|Cat="verb"|Id="13"|morphId="400040010041"|Unicode="ἀνήχθη"|Lemma="ἀνάγω"|Lang="G"|StrongNumber="G03210"|Morph="V,IAP3,,S,"|Mood="Indicative"|Tense="Aorist"|Voice="Passive"|Person="Third"|Number="Singular"|English="was led up"
400040010051|εἰς|400040010071|prep|Cat="prep"|Id="16"|morphId="400040010051"|Unicode="εἰς"|Lemma="εἰς"|Lang="G"|StrongNumber="G15190"|Morph="P,,,,,A,,,"|Case="Accusative"|English="into"
400040010061|τὴν|400040010071|det|Cat="det"|Id="18"|morphId="400040010061"|Unicode="τὴν"|Lemma="ὁ"|Lang="G"|StrongNumber="G35880"|Morph="EA,,,,AFS,"|Type="Article"|Case="Accusative"|Gender="Feminine"|Number="Singular"|English="the"
400040010071|ἔρημον|400040010041|ADV|Cat="noun"|Id="20"|morphId="400040010071"|Unicode="ἔρημον"|Lemma="ἔρημος"|Lang="G"|StrongNumber="G20480"|Morph="NS,,,,AFS,"|Type="Substantive_Adj"|Case="Accusative"|Gender="Feminine"|Number="Singular"|English="wilderness"
400040010081|ὑπὸ|400040010101|prep|Cat="prep"|Id="23"|morphId="400040010081"|Unicode="ὑπὸ"|Lemma="ὑπό"|Lang="G"|StrongNumber="G52590"|Morph="P,,,,,G,,,"|Case="Genitive"|English="by"
400040010091|τοῦ|400040010101|det|Cat="det"|Id="25"|morphId="400040010091"|Unicode="τοῦ"|Lemma="ὁ"|Lang="G"|StrongNumber="G35880"|Morph="EA,,,,GNS,"|Type="Article"|Case="Genitive"|Gender="Neuter"|Number="Singular"|English="the"
400040010101|Πνεύματος|400040010041|ADV|Cat="noun"|Id="27"|morphId="400040010101"|Unicode="Πνεύματος"|Lemma="πνεῦμα"|Lang="G"|StrongNumber="G41510"|Morph="N,,,,,GNS,"|Case="Genitive"|Gender="Neuter"|Number="Singular"|English="Spirit"
400040010111|πειρασθῆναι|400040010041|ADV|Cat="verb"|Id="32"|morphId="400040010111"|Unicode="πειρασθῆναι"|Lemma="πειράζω"|Lang="G"|StrongNumber="G39850"|Morph="V,NAP,,,,,"|Mood="Infinitive"|Tense="Aorist"|Voice="Passive"|English="to be tempted"
400040010121|ὑπὸ|400040010141|prep|Cat="prep"|Id="35"|morphId="400040010121"|Unicode="ὑπὸ"|Lemma="ὑπό"|Lang="G"|StrongNumber="G52590"|Morph="P,,,,,G,,,"|Case="Genitive"|English="by"
400040010131|τοῦ|400040010141|det|Cat="det"|Id="37"|morphId="400040010131"|Unicode="τοῦ"|Lemma="ὁ"|Lang="G"|StrongNumber="G35880"|Morph="EA,,,,GMS,"|Type="Article"|Case="Genitive"|Gender="Masculine"|Number="Singular"|English="the"
400040010141|διαβόλου.|400040010111|ADV|Cat="noun"|Id="39"|morphId="400040010141"|Unicode="διαβόλου."|Lemma="διάβολος"|Lang="G"|StrongNumber="G12280"|Morph="NS,,,,GMS,"|Type="Substantive_Adj"|Case="Genitive"|Gender="Masculine"|Number="Singular"|English="devil"
400040020011|καὶ|400040020091|conj|Cat="conj"|Id="3"|morphId="400040020011"|Unicode="καὶ"|Lemma="καί"|Lang="G"|StrongNumber="G25320"|Morph="CC,,,,,,,,"|Type="Coordinating"|English="and"
400040020021|νηστεύσας|400040020091|ADV|Cat="verb"|Id="9"|morphId="400040020021"|Unicode="νηστεύσας"|Lemma="νηστεύω"|Lang="G"|StrongNumber="G35220"|Morph="V,PAA,NMS,"|Mood="Participle"|Tense="Aorist"|Voice="Active"|Case="Nominative"|Gender="Masculine"|Number="Singular"|English="had fasted"
400040020031|ἡμέρας|400040020021|ADV|Cat="noun"|Id="14"|morphId="400040020031"|Unicode="ἡμέρας"|Lemma="ἡμέρα"|Lang="G"|StrongNumber="G22500"|Morph="N,,,,,AFP,"|Case="Accusative"|Gender="Feminine"|Number="Plural"|English="days"
400040020041|τεσσεράκοντα|400040020031|nump|Cat="det"|Id="17"|morphId="400040020041"|Unicode="τεσσεράκοντα"|Lemma="τεσσεράκοντα"|Lang="G"|StrongNumber="G50620"|Morph="EN,,,,AFP,"|Type="Number"|Case="Accusative"|Gender="Feminine"|Number="Plural"|English="forty"
400040020051|καὶ|400040020031|conj|Cat="conj"|Id="18"|morphId="400040020051"|Unicode="καὶ"|Lemma="καί"|Lang="G"|StrongNumber="G25320"|Morph="CC,,,,,,,,"|Type="Coordinating"|English="and"
400040020061|νύκτας|400040020031|np|Cat="noun"|Id="21"|morphId="400040020061"|Unicode="νύκτας"|Lemma="νύξ"|Lang="G"|StrongNumber="G35710"|Morph="N,,,,,AFP,"|Case="Accusative"|Gender="Feminine"|Number="Plural"|English="nights"
400040020071|τεσσεράκοντα,|400040020061|nump|Cat="det"|Id="24"|morphId="400040020071"|Unicode="τεσσεράκοντα,"|Lemma="τεσσεράκοντα"|Lang="G"|StrongNumber="G50620"|Morph="EN,,,,AFP,"|Type="Number"|Case="Accusative"|Gender="Feminine"|Number="Plural"|English="forty"
400040020081|ὕστερον|400040020091|ADV|Cat="adv"|Id="27"|morphId="400040020081"|Unicode="ὕστερον"|Lemma="ὕστερον"|Lang="G"|StrongNumber="G53050"|Morph="D,,,,,,,,C"|English="after"
400040020091|ἐπείνασεν.|None|CL|Cat="verb"|Id="30"|morphId="400040020091"|Unicode="ἐπείνασεν."|Lemma="πεινάω"|Lang="G"|StrongNumber="G39830"|Morph="V,IAA3,,S,"|Mood="Indicative"|Tense="Aorist"|Voice="Active"|Person="Third"|Number="Singular"|English="he was hungry"
400040030011|καὶ|400040030051|conj|Cat="conj"|Id="3"|morphId="400040030011"|Unicode="καὶ"|Lemma="καί"|Lang="G"|StrongNumber="G25320"|Morph="CC,,,,,,,,"|Type="Coordinating"|English="and"
400040030021|προσελθὼν,|400040030051|ADV|Cat="verb"|Id="10"|morphId="400040030021"|Unicode="προσελθὼν,"|Lemma="προσέρχομαι"|Lang="G"|StrongNumber="G43340"|Morph="V,PAA,NMS,"|Mood="Participle"|Tense="Aorist"|Voice="Active"|Case="Nominative"|Gender="Masculine"|Number="Singular"|English="came"
400040030031|ὁ|400040030041|det|Cat="pron"|Id="14"|morphId="400040030031"|Unicode="ὁ"|Lemma="ὁ"|Lang="G"|StrongNumber="G35880"|Morph="RD,,,,NMS,"|Type="Demonstrative"|Case="Nominative"|Gender="Masculine"|Number="Singular"|English="the"
400040030041|πειράζων|400040030051|S|Cat="verb"|Id="18"|morphId="400040030041"|Unicode="πειράζων"|Lemma="πειράζω"|Lang="G"|StrongNumber="G39850"|Morph="V,PPA,NMS,"|Mood="Participle"|Tense="Present"|Voice="Active"|Case="Nominative"|Gender="Masculine"|Number="Singular"|English="tempter"
400040030051|εἶπεν|None|CL|Cat="verb"|Id="21"|morphId="400040030051"|Unicode="εἶπεν"|Lemma="λέγω"|Lang="G"|StrongNumber="G30040"|Morph="V,IAA3,,S,"|Mood="Indicative"|Tense="Aorist"|Voice="Active"|Person="Third"|Number="Singular"|English="said"
400040030061|αὐτῷ,|400040030051|IO|Cat="pron"|Id="24"|morphId="400040030061"|Unicode="αὐτῷ,"|Lemma="αὐτός"|Lang="G"|StrongNumber="G08460"|Morph="RP,,,3DMS,"|Type="Personal"|Person="Third"|Case="Dative"|Gender="Masculine"|Number="Singular"|English="to him"
400040030071|εἰ|400040030081|conj|Cat="conj"|Id="27"|morphId="400040030071"|Unicode="εἰ"|Lemma="εἰ"|Lang="G"|StrongNumber="G14870"|Morph="CS,,,,,,,,"|Type="Subordinating"|English="if"
400040030091|εἶ|400040030081|VC|Cat="verb"|Id="31"|morphId="400040030091"|Unicode="εἶ"|Lemma="εἰμί"|Lang="G"|StrongNumber="G15100"|Morph="V,IPA2,,S,"|Mood="Indicative"|Tense="Present"|Voice="Active"|Person="Second"|Number="Singular"|English="you are"
400040030081|Υἱὸς|400040030121|CL|Cat="noun"|Id="35"|morphId="400040030081"|Unicode="Υἱὸς"|Lemma="υἱός"|Lang="G"|StrongNumber="G52070"|Morph="N,,,,,NMS,"|Case="Nominative"|Gender="Masculine"|Number="Singular"|English="son"
400040030101|τοῦ|400040030111|det|Cat="det"|Id="37"|morphId="400040030101"|Unicode="τοῦ"|Lemma="ὁ"|Lang="G"|StrongNumber="G35880"|Morph="EA,,,,GMS,"|Type="Article"|Case="Genitive"|Gender="Masculine"|Number="Singular"
400040030111|Θεοῦ,|400040030081|np|Cat="noun"|Id="39"|morphId="400040030111"|Unicode="Θεοῦ,"|Lemma="θεός"|Lang="G"|StrongNumber="G23160"|Morph="N,,,,,GMS,"|Case="Genitive"|Gender="Masculine"|Number="Singular"|English="of God"
400040030121|εἰπὲ|400040030051|CL|Cat="verb"|Id="44"|morphId="400040030121"|Unicode="εἰπὲ"|Lemma="λέγω"|Lang="G"|StrongNumber="G30040"|Morph="V,MAA2,,S,"|Mood="Imperative"|Tense="Aorist"|Voice="Active"|Person="Second"|Number="Singular"|English="command"
400040030131|ἵνα|400040030171|conj|Cat="conj"|Id="46"|morphId="400040030131"|Unicode="ἵνα"|Lemma="ἵνα"|Lang="G"|StrongNumber="G24430"|Morph="CS,,,,,,,,"|Type="Subordinating"|English="to"
400040030141|οἱ|400040030151|det|Cat="det"|Id="51"|morphId="400040030141"|Unicode="οἱ"|Lemma="ὁ"|Lang="G"|StrongNumber="G35880"|Morph="EA,,,,NMP,"|Type="Article"|Case="Nominative"|Gender="Masculine"|Number="Plural"
400040030151|λίθοι|400040030171|S|Cat="noun"|Id="53"|morphId="400040030151"|Unicode="λίθοι"|Lemma="λίθος"|Lang="G"|StrongNumber="G30370"|Morph="N,,,,,NMP,"|Case="Nominative"|Gender="Masculine"|Number="Plural"|English="stones"
400040030161|οὗτοι|400040030151|np|Cat="det"|Id="55"|morphId="400040030161"|Unicode="οὗτοι"|Lemma="οὗτος"|Lang="G"|StrongNumber="G37780"|Morph="ED,,,,NMP,"|Type="Demonstrative"|Case="Nominative"|Gender="Masculine"|Number="Plural"
400040030171|ἄρτοι|400040030121|CL|Cat="noun"|Id="58"|morphId="400040030171"|Unicode="ἄρτοι"|Lemma="ἄρτος"|Lang="G"|StrongNumber="G07400"|Morph="N,,,,,NMP,"|Case="Nominative"|Gender="Masculine"|Number="Plural"|English="bread"
400040030181|γένωνται.|400040030171|VC|Cat="verb"|Id="61"|morphId="400040030181"|Unicode="γένωνται."|Lemma="γίνομαι"|Lang="G"|StrongNumber="G10960"|Morph="V,SAM3,,P,"|Mood="Subjunctive"|Tense="Aorist"|Voice="Middle"|Person="Third"|Number="Plural"|English="become"
400040040021|δὲ|400040040041|conj|Cat="conj"|Id="3"|morphId="400040040021"|Unicode="δὲ"|Lemma="δέ"|Lang="G"|StrongNumber="G11610"|Morph="CC,,,,,,,,"|Type="Coordinating"|English="but"
400040040011|ὁ|400040040041|S|Cat="pron"|Id="8"|morphId="400040040011"|Unicode="ὁ"|Lemma="ὁ"|Lang="G"|StrongNumber="G35880"|Morph="RP,,,,NMS,"|Type="Personal"|Case="Nominative"|Gender="Masculine"|Number="Singular"|English="he"
400040040031|ἀποκριθεὶς|400040040041|ADV|Cat="verb"|Id="13"|morphId="400040040031"|Unicode="ἀποκριθεὶς"|Lemma="ἀποκρίνω"|Lang="G"|StrongNumber="G06110"|Morph="V,PAP,NMS,"|Mood="Participle"|Tense="Aorist"|Voice="Passive"|Case="Nominative"|Gender="Masculine"|Number="Singular"|English="answered"
400040040041|εἶπεν,|None|CL|Cat="verb"|Id="16"|morphId="400040040041"|Unicode="εἶπεν,"|Lemma="λέγω"|Lang="G"|StrongNumber="G30040"|Morph="V,IAA3,,S,"|Mood="Indicative"|Tense="Aorist"|Voice="Active"|Person="Third"|Number="Singular"|English="said"
400040040051|γέγραπται,|400040040041|CL|Cat="verb"|Id="21"|morphId="400040040051"|Unicode="γέγραπται,"|Lemma="γράφω"|Lang="G"|StrongNumber="G11250"|Morph="V,IEP3,,S,"|Mood="Indicative"|Tense="Perfect"|Voice="Passive"|Person="Third"|Number="Singular"|English="it is written"
400040040061|οὐκ|400040040161|advp|Cat="adv"|Id="24"|morphId="400040040061"|Unicode="οὐκ"|Lemma="οὐ"|Lang="G"|StrongNumber="G37560"|Morph="DO,,,,,,,,"|Type="Correlative"|English="not"
400040040071|ἐπ’|400040040081|prep|Cat="prep"|Id="28"|morphId="400040040071"|Unicode="ἐπ’"|Lemma="ἐπί"|Lang="G"|StrongNumber="G19090"|Morph="P,,,,,D,,,"|Case="Dative"|English="on"
400040040081|ἄρτῳ|400040040101|ADV|Cat="noun"|Id="31"|morphId="400040040081"|Unicode="ἄρτῳ"|Lemma="ἄρτος"|Lang="G"|StrongNumber="G07400"|Morph="N,,,,,DMS,"|Case="Dative"|Gender="Masculine"|Number="Singular"|English="bread"
400040040091|μόνῳ|400040040081|adjp|Cat="det"|Id="34"|morphId="400040040091"|Unicode="μόνῳ"|Lemma="μόνος"|Lang="G"|StrongNumber="G34410"|Morph="EF,,,,DMS,"|Type="Differential"|Case="Dative"|Gender="Masculine"|Number="Singular"|English="alone"
400040040101|ζήσεται|400040040161|CL|Cat="verb"|Id="37"|morphId="400040040101"|Unicode="ζήσεται"|Lemma="ζάω"|Lang="G"|StrongNumber="G21980"|Morph="V,IFM3,,S,"|Mood="Indicative"|Tense="Future"|Voice="Middle"|Person="Third"|Number="Singular"|English="shall ~ live"
400040040111|ὁ|400040040121|det|Cat="det"|Id="40"|morphId="400040040111"|Unicode="ὁ"|Lemma="ὁ"|Lang="G"|StrongNumber="G35880"|Morph="EA,,,,NMS,"|Type="Article"|Case="Nominative"|Gender="Masculine"|Number="Singular"
400040040121|ἄνθρωπος,|400040040101|S|Cat="noun"|Id="42"|morphId="400040040121"|Unicode="ἄνθρωπος,"|Lemma="ἄνθρωπος"|Lang="G"|StrongNumber="G04440"|Morph="N,,,,,NMS,"|Case="Nominative"|Gender="Masculine"|Number="Singular"|English="man"
400040040131|ἀλλ’|400040040161|conj|Cat="conj"|Id="43"|morphId="400040040131"|Unicode="ἀλλ’"|Lemma="ἀλλά"|Lang="G"|StrongNumber="G02350"|Morph="CO,,,,,,,,"|Type="Correlative"|English="but"
400040040141|ἐπὶ|400040040161|prep|Cat="prep"|Id="47"|morphId="400040040141"|Unicode="ἐπὶ"|Lemma="ἐπί"|Lang="G"|StrongNumber="G19090"|Morph="P,,,,,D,,,"|Case="Dative"|English="on"
400040040151|παντὶ|400040040161|adjp|Cat="det"|Id="51"|morphId="400040040151"|Unicode="παντὶ"|Lemma="πᾶς"|Lang="G"|StrongNumber="G39560"|Morph="EQ,,,,DNS,"|Type="Quantifier"|Case="Dative"|Gender="Neuter"|Number="Singular"|English="every"
400040040161|ῥήματι|400040040051|CL|Cat="noun"|Id="54"|morphId="400040040161"|Unicode="ῥήματι"|Lemma="ῥῆμα"|Lang="G"|StrongNumber="G44870"|Morph="N,,,,,DNS,"|Case="Dative"|Gender="Neuter"|Number="Singular"|English="word"
400040040171|ἐκπορευομένῳ|400040040161|adjp|Cat="verb"|Id="59"|morphId="400040040171"|Unicode="ἐκπορευομένῳ"|Lemma="ἐκπορεύομαι"|Lang="G"|StrongNumber="G16070"|Morph="V,PPM,DNS,"|Mood="Participle"|Tense="Present"|Voice="Middle"|Case="Dative"|Gender="Neuter"|Number="Singular"|English="that comes"
400040040181|διὰ|400040040191|prep|Cat="prep"|Id="62"|morphId="400040040181"|Unicode="διὰ"|Lemma="διά"|Lang="G"|StrongNumber="G12230"|Morph="P,,,,,G,,,"|Case="Genitive"|English="from"
400040040191|στόματος|400040040171|ADV|Cat="noun"|Id="65"|morphId="400040040191"|Unicode="στόματος"|Lemma="στόμα"|Lang="G"|StrongNumber="G47500"|Morph="N,,,,,GNS,"|Case="Genitive"|Gender="Neuter"|Number="Singular"|English="mouth"
400040040201|Θεοῦ.|400040040191|np|Cat="noun"|Id="67"|morphId="400040040201"|Unicode="Θεοῦ."|Lemma="θεός"|Lang="G"|StrongNumber="G23160"|Morph="N,,,,,GMS,"|Case="Genitive"|Gender="Masculine"|Number="Singular"|English="of God"
400040050011|τότε|400040050021|ADV|Cat="adv"|Id="6"|morphId="400040050011"|Unicode="τότε"|Lemma="τότε"|Lang="G"|StrongNumber="G51190"|Morph="D,,,,,,,,,"|English="then"
400040050021|παραλαμβάνει|None|CL|Cat="verb"|Id="9"|morphId="400040050021"|Unicode="παραλαμβάνει"|Lemma="παραλαμβάνω"|Lang="G"|StrongNumber="G38800"|Morph="V,IPA3,,S,"|Mood="Indicative"|Tense="Present"|Voice="Active"|Person="Third"|Number="Singular"|English="took"
400040050031|αὐτὸν|400040050021|O|Cat="pron"|Id="12"|morphId="400040050031"|Unicode="αὐτὸν"|Lemma="αὐτός"|Lang="G"|StrongNumber="G08460"|Morph="RP,,,3AMS,"|Type="Personal"|Person="Third"|Case="Accusative"|Gender="Masculine"|Number="Singular"|English="him"
400040050041|ὁ|400040050051|det|Cat="det"|Id="15"|morphId="400040050041"|Unicode="ὁ"|Lemma="ὁ"|Lang="G"|StrongNumber="G35880"|Morph="EA,,,,NMS,"|Type="Article"|Case="Nominative"|Gender="Masculine"|Number="Singular"|English="the"
400040050051|διάβολος|400040050021|S|Cat="noun"|Id="17"|morphId="400040050051"|Unicode="διάβολος"|Lemma="διάβολος"|Lang="G"|StrongNumber="G12280"|Morph="NS,,,,NMS,"|Type="Substantive_Adj"|Case="Nominative"|Gender="Masculine"|Number="Singular"|English="devil"
400040050061|εἰς|400040050091|prep|Cat="prep"|Id="20"|morphId="400040050061"|Unicode="εἰς"|Lemma="εἰς"|Lang="G"|StrongNumber="G15190"|Morph="P,,,,,A,,,"|Case="Accusative"|English="to"
400040050071|τὴν|400040050091|det|Cat="det"|Id="22"|morphId="400040050071"|Unicode="τὴν"|Lemma="ὁ"|Lang="G"|StrongNumber="G35880"|Morph="EA,,,,AFS,"|Type="Article"|Case="Accusative"|Gender="Feminine"|Number="Singular"|English="the"
400040050081|ἁγίαν|400040050091|adjp|Cat="adj"|Id="25"|morphId="400040050081"|Unicode="ἁγίαν"|Lemma="ἅγιος"|Lang="G"|StrongNumber="G00400"|Morph="AA,,,,AFS,"|Type="Ascriptive"|Case="Accusative"|Gender="Feminine"|Number="Singular"|English="holy"
400040050091|πόλιν,|400040050021|ADV|Cat="noun"|Id="27"|morphId="400040050091"|Unicode="πόλιν,"|Lemma="πόλις"|Lang="G"|StrongNumber="G41720"|Morph="N,,,,,AFS,"|Case="Accusative"|Gender="Feminine"|Number="Singular"|English="city"
400040050101|καὶ|400040050021|conj|Cat="conj"|Id="28"|morphId="400040050101"|Unicode="καὶ"|Lemma="καί"|Lang="G"|StrongNumber="G25320"|Morph="CC,,,,,,,,"|Type="Coordinating"|English="and"
400040050111|ἔστησεν|400040050021|CL|Cat="verb"|Id="32"|morphId="400040050111"|Unicode="ἔστησεν"|Lemma="ἵστημι"|Lang="G"|StrongNumber="G24760"|Morph="V,IAA3,,S,"|Mood="Indicative"|Tense="Aorist"|Voice="Active"|Person="Third"|Number="Singular"|English="had ~ stand"
400040050121|αὐτὸν|400040050111|O|Cat="pron"|Id="35"|morphId="400040050121"|Unicode="αὐτὸν"|Lemma="αὐτός"|Lang="G"|StrongNumber="G08460"|Morph="RP,,,3AMS,"|Type="Personal"|Person="Third"|Case="Accusative"|Gender="Masculine"|Number="Singular"|English="him"
400040050131|ἐπὶ|400040050151|prep|Cat="prep"|Id="38"|morphId="400040050131"|Unicode="ἐπὶ"|Lemma="ἐπί"|Lang="G"|StrongNumber="G19090"|Morph="P,,,,,A,,,"|Case="Accusative"|English="on"
400040050141|τὸ|400040050151|det|Cat="det"|Id="40"|morphId="400040050141"|Unicode="τὸ"|Lemma="ὁ"|Lang="G"|StrongNumber="G35880"|Morph="EA,,,,ANS,"|Type="Article"|Case="Accusative"|Gender="Neuter"|Number="Singular"|English="the"
400040050151|πτερύγιον|400040050111|ADV|Cat="noun"|Id="43"|morphId="400040050151"|Unicode="πτερύγιον"|Lemma="πτερύγιον"|Lang="G"|StrongNumber="G44190"|Morph="N,,,,,ANSD"|Case="Accusative"|Gender="Neuter"|Number="Singular"|English="pinnacle"
400040050161|τοῦ|400040050171|det|Cat="det"|Id="45"|morphId="400040050161"|Unicode="τοῦ"|Lemma="ὁ"|Lang="G"|StrongNumber="G35880"|Morph="EA,,,,GNS,"|Type="Article"|Case="Genitive"|Gender="Neuter"|Number="Singular"|English="the"
400040050171|ἱεροῦ,|400040050151|np|Cat="noun"|Id="47"|morphId="400040050171"|Unicode="ἱεροῦ,"|Lemma="ἱερόν"|Lang="G"|StrongNumber="G24110"|Morph="N,,,,,GNS,"|Case="Genitive"|Gender="Neuter"|Number="Singular"|English="of ~ temple"
400040060011|καὶ|400040060021|conj|Cat="conj"|Id="3"|morphId="400040060011"|Unicode="καὶ"|Lemma="καί"|Lang="G"|StrongNumber="G25320"|Morph="CC,,,,,,,,"|Type="Coordinating"|English="and"
400040060021|λέγει|None|CL|Cat="verb"|Id="8"|morphId="400040060021"|Unicode="λέγει"|Lemma="λέγω"|Lang="G"|StrongNumber="G30040"|Morph="V,IPA3,,S,"|Mood="Indicative"|Tense="Present"|Voice="Active"|Person="Third"|Number="Singular"|English="said"
400040060031|αὐτῷ,|400040060021|IO|Cat="pron"|Id="11"|morphId="400040060031"|Unicode="αὐτῷ,"|Lemma="αὐτός"|Lang="G"|StrongNumber="G08460"|Morph="RP,,,3DMS,"|Type="Personal"|Person="Third"|Case="Dative"|Gender="Masculine"|Number="Singular"|English="to him"
400040060041|εἰ|400040060051|conj|Cat="conj"|Id="14"|morphId="400040060041"|Unicode="εἰ"|Lemma="εἰ"|Lang="G"|StrongNumber="G14870"|Morph="CS,,,,,,,,"|Type="Subordinating"|English="if"
400040060061|εἶ|400040060051|VC|Cat="verb"|Id="18"|morphId="400040060061"|Unicode="εἶ"|Lemma="εἰμί"|Lang="G"|StrongNumber="G15100"|Morph="V,IPA2,,S,"|Mood="Indicative"|Tense="Present"|Voice="Active"|Person="Second"|Number="Singular"|English="you are"
400040060051|Υἱὸς|400040060091|CL|Cat="noun"|Id="22"|morphId="400040060051"|Unicode="Υἱὸς"|Lemma="υἱός"|Lang="G"|StrongNumber="G52070"|Morph="N,,,,,NMS,"|Case="Nominative"|Gender="Masculine"|Number="Singular"|English="son"
400040060071|τοῦ|400040060081|det|Cat="det"|Id="24"|morphId="400040060071"|Unicode="τοῦ"|Lemma="ὁ"|Lang="G"|StrongNumber="G35880"|Morph="EA,,,,GMS,"|Type="Article"|Case="Genitive"|Gender="Masculine"|Number="Singular"
400040060081|Θεοῦ,|400040060051|np|Cat="noun"|Id="26"|morphId="400040060081"|Unicode="Θεοῦ,"|Lemma="θεός"|Lang="G"|StrongNumber="G23160"|Morph="N,,,,,GMS,"|Case="Genitive"|Gender="Masculine"|Number="Singular"|English="of God"
400040060091|βάλε|400040060021|CL|Cat="verb"|Id="30"|morphId="400040060091"|Unicode="βάλε"|Lemma="βάλλω"|Lang="G"|StrongNumber="G09060"|Morph="V,MAA2,,S,"|Mood="Imperative"|Tense="Aorist"|Voice="Active"|Person="Second"|Number="Singular"|English="throw"
400040060101|σεαυτὸν|400040060091|O|Cat="pron"|Id="33"|morphId="400040060101"|Unicode="σεαυτὸν"|Lemma="σεαυτοῦ"|Lang="G"|StrongNumber="G45720"|Morph="RE,,,2AMS,"|Type="Reflexive"|Person="Second"|Case="Accusative"|Gender="Masculine"|Number="Singular"|English="yourself"
400040060111|κάτω;|400040060091|ADV|Cat="adv"|Id="36"|morphId="400040060111"|Unicode="κάτω;"|Lemma="κάτω"|Lang="G"|StrongNumber="G27360"|Morph="D,,,,,,,,,"|English="down"
400040060131|γὰρ,|400040060121|conj|Cat="conj"|Id="38"|morphId="400040060131"|Unicode="γὰρ,"|Lemma="γάρ"|Lang="G"|StrongNumber="G10630"|Morph="CC,,,,,,,,"|Type="Coordinating"|English="for"
400040060121|γέγραπται|400040060021|CL|Cat="verb"|Id="43"|morphId="400040060121"|Unicode="γέγραπται"|Lemma="γράφω"|Lang="G"|StrongNumber="G11250"|Morph="V,IEP3,,S,"|Mood="Indicative"|Tense="Perfect"|Voice="Passive"|Person="Third"|Number="Singular"|English="it is written"
400040060141|ὅτι|400040060181|conj|Cat="conj"|Id="45"|morphId="400040060141"|Unicode="ὅτι"|Lemma="ὅτι"|Lang="G"|StrongNumber="G37540"|Morph="CS,,,,,,,,"|Type="Subordinating"
400040060151|τοῖς|400040060161|det|Cat="det"|Id="50"|morphId="400040060151"|Unicode="τοῖς"|Lemma="ὁ"|Lang="G"|StrongNumber="G35880"|Morph="EA,,,,DMP,"|Type="Article"|Case="Dative"|Gender="Masculine"|Number="Plural"|English="the"
400040060161|ἀγγέλοις|400040060181|IO|Cat="noun"|Id="53"|morphId="400040060161"|Unicode="ἀγγέλοις"|Lemma="ἄγγελος"|Lang="G"|StrongNumber="G00320"|Morph="N,,,,,DMP,"|Case="Dative"|Gender="Masculine"|Number="Plural"|English="angels"
400040060171|αὐτοῦ|400040060161|np|Cat="pron"|Id="55"|morphId="400040060171"|Unicode="αὐτοῦ"|Lemma="αὐτός"|Lang="G"|StrongNumber="G08460"|Morph="RP,,,3GMS,"|Type="Personal"|Person="Third"|Case="Genitive"|Gender="Masculine"|Number="Singular"|English="of him"
400040060181|ἐντελεῖται|400040060121|CL|Cat="verb"|Id="58"|morphId="400040060181"|Unicode="ἐντελεῖται"|Lemma="ἐντέλλω"|Lang="G"|StrongNumber="G17810"|Morph="V,IFM3,,S,"|Mood="Indicative"|Tense="Future"|Voice="Middle"|Person="Third"|Number="Singular"|English="he will command"
400040060191|περὶ|400040060201|prep|Cat="prep"|Id="61"|morphId="400040060191"|Unicode="περὶ"|Lemma="περί"|Lang="G"|StrongNumber="G40120"|Morph="P,,,,,G,,,"|Case="Genitive"|English="concerning"
400040060201|σοῦ,|400040060181|ADV|Cat="pron"|Id="63"|morphId="400040060201"|Unicode="σοῦ,"|Lemma="σύ"|Lang="G"|StrongNumber="G47710"|Morph="RP,,,2G,S,"|Type="Personal"|Person="Second"|Case="Genitive"|Number="Singular"|English="you"
400040060211|καὶ,|400040060181|conj|Cat="conj"|Id="64"|morphId="400040060211"|Unicode="καὶ,"|Lemma="καί"|Lang="G"|StrongNumber="G25320"|Morph="CC,,,,,,,,"|Type="Coordinating"|English="and"
400040060221|ἐπὶ|400040060231|prep|Cat="prep"|Id="69"|morphId="400040060221"|Unicode="ἐπὶ"|Lemma="ἐπί"|Lang="G"|StrongNumber="G19090"|Morph="P,,,,,G,,,"|Case="Genitive"|English="on"
400040060231|χειρῶν|400040060241|ADV|Cat="noun"|Id="71"|morphId="400040060231"|Unicode="χειρῶν"|Lemma="χείρ"|Lang="G"|StrongNumber="G54950"|Morph="N,,,,,GFP,"|Case="Genitive"|Gender="Feminine"|Number="Plural"|English="hands"
400040060241|ἀροῦσίν|400040060181|CL|Cat="verb"|Id="74"|morphId="400040060241"|Unicode="ἀροῦσίν"|Lemma="αἴρω"|Lang="G"|StrongNumber="G01420"|Morph="V,IFA3,,P,"|Mood="Indicative"|Tense="Future"|Voice="Active"|Person="Third"|Number="Plural"|English="they will bear ~ up"
400040060251|σε,|400040060241|O|Cat="pron"|Id="77"|morphId="400040060251"|Unicode="σε,"|Lemma="σύ"|Lang="G"|StrongNumber="G47710"|Morph="RP,,,2A,S,"|Type="Personal"|Person="Second"|Case="Accusative"|Number="Singular"|English="you"
400040060261|μήποτε|400040060271|conj|Cat="conj"|Id="79"|morphId="400040060261"|Unicode="μήποτε"|Lemma="μήποτε"|Lang="G"|StrongNumber="G33790"|Morph="CS,,,,,,,,"|Type="Subordinating"|English="so that ~ not"
400040060271|προσκόψῃς|400040060241|CL|Cat="verb"|Id="83"|morphId="400040060271"|Unicode="προσκόψῃς"|Lemma="προσκόπτω"|Lang="G"|StrongNumber="G43500"|Morph="V,SAA2,,S,"|Mood="Subjunctive"|Tense="Aorist"|Voice="Active"|Person="Second"|Number="Singular"|English="you will ~ strike"
400040060281|πρὸς|400040060291|prep|Cat="prep"|Id="86"|morphId="400040060281"|Unicode="πρὸς"|Lemma="πρός"|Lang="G"|StrongNumber="G43140"|Morph="P,,,,,A,,,"|Case="Accusative"|English="against"
400040060291|λίθον|400040060271|ADV|Cat="noun"|Id="88"|morphId="400040060291"|Unicode="λίθον"|Lemma="λίθος"|Lang="G"|StrongNumber="G30370"|Morph="N,,,,,AMS,"|Case="Accusative"|Gender="Masculine"|Number="Singular"|English="a stone"
400040060301|τὸν|400040060311|det|Cat="det"|Id="91"|morphId="400040060301"|Unicode="τὸν"|Lemma="ὁ"|Lang="G"|StrongNumber="G35880"|Morph="EA,,,,AMS,"|Type="Article"|Case="Accusative"|Gender="Masculine"|Number="Singular"|English="the"
400040060311|πόδα|400040060271|O|Cat="noun"|Id="94"|morphId="400040060311"|Unicode="πόδα"|Lemma="πούς"|Lang="G"|StrongNumber="G42280"|Morph="N,,,,,AMS,"|Case="Accusative"|Gender="Masculine"|Number="Singular"|English="foot"
400040060321|σου.|400040060311|np|Cat="pron"|Id="96"|morphId="400040060321"|Unicode="σου."|Lemma="σύ"|Lang="G"|StrongNumber="G47710"|Morph="RP,,,2G,S,"|Type="Personal"|Person="Second"|Case="Genitive"|Number="Singular"|English="of you"
400040070011|ἔφη|None|CL|Cat="verb"|Id="6"|morphId="400040070011"|Unicode="ἔφη"|Lemma="φημί"|Lang="G"|StrongNumber="G53460"|Morph="V,IIA3,,S,"|Mood="Indicative"|Tense="Imperfect"|Voice="Active"|Person="Third"|Number="Singular"|English="said"
400040070021|αὐτῷ|400040070011|IO|Cat="pron"|Id="9"|morphId="400040070021"|Unicode="αὐτῷ"|Lemma="αὐτός"|Lang="G"|StrongNumber="G08460"|Morph="RP,,,3DMS,"|Type="Personal"|Person="Third"|Case="Dative"|Gender="Masculine"|Number="Singular"|English="to him"
400040070031|ὁ|400040070041|det|Cat="det"|Id="12"|morphId="400040070031"|Unicode="ὁ"|Lemma="ὁ"|Lang="G"|StrongNumber="G35880"|Morph="EA,,,,NMS,"|Type="Article"|Case="Nominative"|Gender="Masculine"|Number="Singular"
400040070041|Ἰησοῦς,|400040070011|S|Cat="noun"|Id="14"|morphId="400040070041"|Unicode="Ἰησοῦς,"|Lemma="Ἰησοῦς"|Lang="G"|StrongNumber="G24240"|Morph="N,,,,,NMS,"|Case="Nominative"|Gender="Masculine"|Number="Singular"|English="Jesus"
400040070051|πάλιν|400040070061|ADV|Cat="adv"|Id="19"|morphId="400040070051"|Unicode="πάλιν"|Lemma="πάλιν"|Lang="G"|StrongNumber="G38250"|Morph="D,,,,,,,,,"|English="again"
400040070061|γέγραπται,|400040070011|CL|Cat="verb"|Id="22"|morphId="400040070061"|Unicode="γέγραπται,"|Lemma="γράφω"|Lang="G"|StrongNumber="G11250"|Morph="V,IEP3,,S,"|Mood="Indicative"|Tense="Perfect"|Voice="Passive"|Person="Third"|Number="Singular"|English="it is written"
400040070071|οὐκ|400040070081|ADV|Cat="adv"|Id="26"|morphId="400040070071"|Unicode="οὐκ"|Lemma="οὐ"|Lang="G"|StrongNumber="G37560"|Morph="D,,,,,,,,,"|English="not"
400040070081|ἐκπειράσεις|400040070061|CL|Cat="verb"|Id="29"|morphId="400040070081"|Unicode="ἐκπειράσεις"|Lemma="ἐκπειράζω"|Lang="G"|StrongNumber="G15980"|Morph="V,IFA2,,S,"|Mood="Indicative"|Tense="Future"|Voice="Active"|Person="Second"|Number="Singular"|English="do ~ put ~ to the test"
400040070091|Κύριον|400040070081|O|Cat="noun"|Id="33"|morphId="400040070091"|Unicode="Κύριον"|Lemma="κύριος"|Lang="G"|StrongNumber="G29620"|Morph="N,,,,,AMS,"|Case="Accusative"|Gender="Masculine"|Number="Singular"|English="Lord"
400040070101|τὸν|400040070111|det|Cat="det"|Id="35"|morphId="400040070101"|Unicode="τὸν"|Lemma="ὁ"|Lang="G"|StrongNumber="G35880"|Morph="EA,,,,AMS,"|Type="Article"|Case="Accusative"|Gender="Masculine"|Number="Singular"|English="the"
400040070111|Θεόν|400040070091|np|Cat="noun"|Id="38"|morphId="400040070111"|Unicode="Θεόν"|Lemma="θεός"|Lang="G"|StrongNumber="G23160"|Morph="N,,,,,AMS,"|Case="Accusative"|Gender="Masculine"|Number="Singular"|English="God"
400040070121|σου.|400040070111|np|Cat="pron"|Id="40"|morphId="400040070121"|Unicode="σου."|Lemma="σύ"|Lang="G"|StrongNumber="G47710"|Morph="RP,,,2G,S,"|Type="Personal"|Person="Second"|Case="Genitive"|Number="Singular"|English="of you"
400040080011|πάλιν|400040080021|ADV|Cat="adv"|Id="6"|morphId="400040080011"|Unicode="πάλιν"|Lemma="πάλιν"|Lang="G"|StrongNumber="G38250"|Morph="D,,,,,,,,,"|English="again"
400040080021|παραλαμβάνει|None|CL|Cat="verb"|Id="9"|morphId="400040080021"|Unicode="παραλαμβάνει"|Lemma="παραλαμβάνω"|Lang="G"|StrongNumber="G38800"|Morph="V,IPA3,,S,"|Mood="Indicative"|Tense="Present"|Voice="Active"|Person="Third"|Number="Singular"|English="took"
400040080031|αὐτὸν|400040080021|O|Cat="pron"|Id="12"|morphId="400040080031"|Unicode="αὐτὸν"|Lemma="αὐτός"|Lang="G"|StrongNumber="G08460"|Morph="RP,,,3AMS,"|Type="Personal"|Person="Third"|Case="Accusative"|Gender="Masculine"|Number="Singular"|English="him"
400040080041|ὁ|400040080051|det|Cat="det"|Id="15"|morphId="400040080041"|Unicode="ὁ"|Lemma="ὁ"|Lang="G"|StrongNumber="G35880"|Morph="EA,,,,NMS,"|Type="Article"|Case="Nominative"|Gender="Masculine"|Number="Singular"|English="the"
400040080051|διάβολος|400040080021|S|Cat="noun"|Id="17"|morphId="400040080051"|Unicode="διάβολος"|Lemma="διάβολος"|Lang="G"|StrongNumber="G12280"|Morph="NS,,,,NMS,"|Type="Substantive_Adj"|Case="Nominative"|Gender="Masculine"|Number="Singular"|English="devil"
400040080061|εἰς|400040080071|prep|Cat="prep"|Id="20"|morphId="400040080061"|Unicode="εἰς"|Lemma="εἰς"|Lang="G"|StrongNumber="G15190"|Morph="P,,,,,A,,,"|Case="Accusative"|English="to"
400040080071|ὄρος|400040080021|ADV|Cat="noun"|Id="23"|morphId="400040080071"|Unicode="ὄρος"|Lemma="ὄρος"|Lang="G"|StrongNumber="G37350"|Morph="N,,,,,ANS,"|Case="Accusative"|Gender="Neuter"|Number="Singular"|English="a ~ mountain"
400040080081|ὑψηλὸν|400040080071|adjp|Cat="adj"|Id="26"|morphId="400040080081"|Unicode="ὑψηλὸν"|Lemma="ὑψηλός"|Lang="G"|StrongNumber="G53080"|Morph="AA,,,,ANS,"|Type="Ascriptive"|Case="Accusative"|Gender="Neuter"|Number="Singular"|English="high"
400040080091|λείαν,|400040080081|advp|Cat="adv"|Id="28"|morphId="400040080091"|Unicode="λείαν,"|Lemma="λείαν"|Lang="G"|StrongNumber="G30290"|Morph="D,,,,,,,,,"|English="very"
400040080101|καὶ|400040080021|conj|Cat="conj"|Id="29"|morphId="400040080101"|Unicode="καὶ"|Lemma="καί"|Lang="G"|StrongNumber="G25320"|Morph="CC,,,,,,,,"|Type="Coordinating"|English="and"
400040080111|δείκνυσιν|400040080021|CL|Cat="verb"|Id="33"|morphId="400040080111"|Unicode="δείκνυσιν"|Lemma="δεικνύω"|Lang="G"|StrongNumber="G11660"|Morph="V,IPA3,,S,"|Mood="Indicative"|Tense="Present"|Voice="Active"|Person="Third"|Number="Singular"|English="showed"
400040080121|αὐτῷ|400040080111|IO|Cat="pron"|Id="36"|morphId="400040080121"|Unicode="αὐτῷ"|Lemma="αὐτός"|Lang="G"|StrongNumber="G08460"|Morph="RP,,,3DMS,"|Type="Personal"|Person="Third"|Case="Dative"|Gender="Masculine"|Number="Singular"|English="to him"
400040080131|πάσας|400040080151|adjp|Cat="det"|Id="42"|morphId="400040080131"|Unicode="πάσας"|Lemma="πᾶς"|Lang="G"|StrongNumber="G39560"|Morph="EQ,,,,AFP,"|Type="Quantifier"|Case="Accusative"|Gender="Feminine"|Number="Plural"|English="all"
400040080141|τὰς|400040080151|det|Cat="det"|Id="44"|morphId="400040080141"|Unicode="τὰς"|Lemma="ὁ"|Lang="G"|StrongNumber="G35880"|Morph="EA,,,,AFP,"|Type="Article"|Case="Accusative"|Gender="Feminine"|Number="Plural"|English="the"
400040080151|βασιλείας|400040080111|O|Cat="noun"|Id="47"|morphId="400040080151"|Unicode="βασιλείας"|Lemma="βασιλεία"|Lang="G"|StrongNumber="G09320"|Morph="N,,,,,AFP,"|Case="Accusative"|Gender="Feminine"|Number="Plural"|English="kingdoms"
400040080161|τοῦ|400040080171|det|Cat="det"|Id="49"|morphId="400040080161"|Unicode="τοῦ"|Lemma="ὁ"|Lang="G"|StrongNumber="G35880"|Morph="EA,,,,GMS,"|Type="Article"|Case="Genitive"|Gender="Masculine"|Number="Singular"|English="the"
400040080171|κόσμου|400040080151|np|Cat="noun"|Id="51"|morphId="400040080171"|Unicode="κόσμου"|Lemma="κόσμος"|Lang="G"|StrongNumber="G28890"|Morph="N,,,,,GMS,"|Case="Genitive"|Gender="Masculine"|Number="Singular"|English="of ~ world"
400040080181|καὶ|400040080151|conj|Cat="conj"|Id="52"|morphId="400040080181"|Unicode="καὶ"|Lemma="καί"|Lang="G"|StrongNumber="G25320"|Morph="CC,,,,,,,,"|Type="Coordinating"|English="and"
400040080191|τὴν|400040080201|det|Cat="det"|Id="54"|morphId="400040080191"|Unicode="τὴν"|Lemma="ὁ"|Lang="G"|StrongNumber="G35880"|Morph="EA,,,,AFS,"|Type="Article"|Case="Accusative"|Gender="Feminine"|Number="Singular"|English="the"
400040080201|δόξαν|400040080151|np|Cat="noun"|Id="57"|morphId="400040080201"|Unicode="δόξαν"|Lemma="δόξα"|Lang="G"|StrongNumber="G13910"|Morph="N,,,,,AFS,"|Case="Accusative"|Gender="Feminine"|Number="Singular"|English="glory"
400040080211|αὐτῶν,|400040080201|np|Cat="pron"|Id="59"|morphId="400040080211"|Unicode="αὐτῶν,"|Lemma="αὐτός"|Lang="G"|StrongNumber="G08460"|Morph="RP,,,3GFP,"|Type="Personal"|Person="Third"|Case="Genitive"|Gender="Feminine"|Number="Plural"|English="of them"
400040090011|καὶ|400040090021|conj|Cat="conj"|Id="3"|morphId="400040090011"|Unicode="καὶ"|Lemma="καί"|Lang="G"|StrongNumber="G25320"|Morph="CC,,,,,,,,"|Type="Coordinating"|English="and"
400040090021|εἶπεν|None|CL|Cat="verb"|Id="8"|morphId="400040090021"|Unicode="εἶπεν"|Lemma="λέγω"|Lang="G"|StrongNumber="G30040"|Morph="V,IAA3,,S,"|Mood="Indicative"|Tense="Aorist"|Voice="Active"|Person="Third"|Number="Singular"|English="he said"
400040090031|αὐτῷ,|400040090021|IO|Cat="pron"|Id="11"|morphId="400040090031"|Unicode="αὐτῷ,"|Lemma="αὐτός"|Lang="G"|StrongNumber="G08460"|Morph="RP,,,3DMS,"|Type="Personal"|Person="Third"|Case="Dative"|Gender="Masculine"|Number="Singular"|English="to him"
400040090041|ταῦτά|400040090071|O|Cat="pron"|Id="17"|morphId="400040090041"|Unicode="ταῦτά"|Lemma="οὗτος"|Lang="G"|StrongNumber="G37780"|Morph="RD,,,,ANP,"|Type="Demonstrative"|Case="Accusative"|Gender="Neuter"|Number="Plural"|English="these things"
400040090061|πάντα|400040090041|np|Cat="pron"|Id="19"|morphId="400040090061"|Unicode="πάντα"|Lemma="πᾶς"|Lang="G"|StrongNumber="G39560"|Morph="RI,,,,ANP,"|Type="Indefinite"|Case="Accusative"|Gender="Neuter"|Number="Plural"|English="all"
400040090051|σοι|400040090071|IO|Cat="pron"|Id="22"|morphId="400040090051"|Unicode="σοι"|Lemma="σύ"|Lang="G"|StrongNumber="G47710"|Morph="RP,,,2D,S,"|Type="Personal"|Person="Second"|Case="Dative"|Number="Singular"|English="to you"
400040090071|δώσω,|400040090021|CL|Cat="verb"|Id="25"|morphId="400040090071"|Unicode="δώσω,"|Lemma="δίδωμι"|Lang="G"|StrongNumber="G13250"|Morph="V,IFA1,,S,"|Mood="Indicative"|Tense="Future"|Voice="Active"|Person="First"|Number="Singular"|English="I will give"
400040090081|ἐὰν|400040090101|conj|Cat="conj"|Id="27"|morphId="400040090081"|Unicode="ἐὰν"|Lemma="ἐάν"|Lang="G"|StrongNumber="G14370"|Morph="CS,,,,,,,,"|Type="Subordinating"|English="if"
400040090091|πεσὼν|400040090101|ADV|Cat="verb"|Id="33"|morphId="400040090091"|Unicode="πεσὼν"|Lemma="πίπτω"|Lang="G"|StrongNumber="G40980"|Morph="V,PAA,NMS,"|Mood="Participle"|Tense="Aorist"|Voice="Active"|Case="Nominative"|Gender="Masculine"|Number="Singular"|English="fall down"
400040090101|προσκυνήσῃς|400040090071|CL|Cat="verb"|Id="36"|morphId="400040090101"|Unicode="προσκυνήσῃς"|Lemma="προσκυνέω"|Lang="G"|StrongNumber="G43520"|Morph="V,SAA2,,S,"|Mood="Subjunctive"|Tense="Aorist"|Voice="Active"|Person="Second"|Number="Singular"|English="you will ~ worship"
400040090111|μοι.|400040090101|O|Cat="pron"|Id="39"|morphId="400040090111"|Unicode="μοι."|Lemma="ἐγώ"|Lang="G"|StrongNumber="G14730"|Morph="RP,,,1D,S,"|Type="Personal"|Person="First"|Case="Dative"|Number="Singular"|English="me"
400040100011|τότε|400040100021|ADV|Cat="adv"|Id="6"|morphId="400040100011"|Unicode="τότε"|Lemma="τότε"|Lang="G"|StrongNumber="G51190"|Morph="D,,,,,,,,,"|English="then"
400040100021|λέγει|None|CL|Cat="verb"|Id="9"|morphId="400040100021"|Unicode="λέγει"|Lemma="λέγω"|Lang="G"|StrongNumber="G30040"|Morph="V,IPA3,,S,"|Mood="Indicative"|Tense="Present"|Voice="Active"|Person="Third"|Number="Singular"|English="said"
400040100031|αὐτῷ|400040100021|IO|Cat="pron"|Id="12"|morphId="400040100031"|Unicode="αὐτῷ"|Lemma="αὐτός"|Lang="G"|StrongNumber="G08460"|Morph="RP,,,3DMS,"|Type="Personal"|Person="Third"|Case="Dative"|Gender="Masculine"|Number="Singular"|English="to him"
400040100041|ὁ|400040100051|det|Cat="det"|Id="15"|morphId="400040100041"|Unicode="ὁ"|Lemma="ὁ"|Lang="G"|StrongNumber="G35880"|Morph="EA,,,,NMS,"|Type="Article"|Case="Nominative"|Gender="Masculine"|Number="Singular"
400040100051|Ἰησοῦς,|400040100021|S|Cat="noun"|Id="17"|morphId="400040100051"|Unicode="Ἰησοῦς,"|Lemma="Ἰησοῦς"|Lang="G"|StrongNumber="G24240"|Morph="N,,,,,NMS,"|Case="Nominative"|Gender="Masculine"|Number="Singular"|English="Jesus"
400040100061|ὕπαγε,|400040100021|CL|Cat="verb"|Id="22"|morphId="400040100061"|Unicode="ὕπαγε,"|Lemma="ὑπάγω"|Lang="G"|StrongNumber="G52170"|Morph="V,MPA2,,S,"|Mood="Imperative"|Tense="Present"|Voice="Active"|Person="Second"|Number="Singular"|English="go away"
400040100071|Σατανᾶ;|400040100061|CL|Cat="noun"|Id="25"|morphId="400040100071"|Unicode="Σατανᾶ;"|Lemma="Σατανᾶς"|Lang="G"|StrongNumber="G45660"|Morph="N,,,,,VMS,"|Case="Vocative"|Gender="Masculine"|Number="Singular"|English="Satan"
400040100091|γάρ,|400040100081|conj|Cat="conj"|Id="27"|morphId="400040100091"|Unicode="γάρ,"|Lemma="γάρ"|Lang="G"|StrongNumber="G10630"|Morph="CC,,,,,,,,"|Type="Coordinating"|English="for"
400040100081|γέγραπται|400040100021|CL|Cat="verb"|Id="32"|morphId="400040100081"|Unicode="γέγραπται"|Lemma="γράφω"|Lang="G"|StrongNumber="G11250"|Morph="V,IEP3,,S,"|Mood="Indicative"|Tense="Perfect"|Voice="Passive"|Person="Third"|Number="Singular"|English="it is written"
400040100101|Κύριον|400040100141|O|Cat="noun"|Id="38"|morphId="400040100101"|Unicode="Κύριον"|Lemma="κύριος"|Lang="G"|StrongNumber="G29620"|Morph="N,,,,,AMS,"|Case="Accusative"|Gender="Masculine"|Number="Singular"|English="Lord"
400040100111|τὸν|400040100121|det|Cat="det"|Id="40"|morphId="400040100111"|Unicode="τὸν"|Lemma="ὁ"|Lang="G"|StrongNumber="G35880"|Morph="EA,,,,AMS,"|Type="Article"|Case="Accusative"|Gender="Masculine"|Number="Singular"|English="the"
400040100121|Θεόν|400040100101|np|Cat="noun"|Id="43"|morphId="400040100121"|Unicode="Θεόν"|Lemma="θεός"|Lang="G"|StrongNumber="G23160"|Morph="N,,,,,AMS,"|Case="Accusative"|Gender="Masculine"|Number="Singular"|English="God"
400040100131|σου|400040100121|np|Cat="pron"|Id="45"|morphId="400040100131"|Unicode="σου"|Lemma="σύ"|Lang="G"|StrongNumber="G47710"|Morph="RP,,,2G,S,"|Type="Personal"|Person="Second"|Case="Genitive"|Number="Singular"|English="of you"
400040100141|προσκυνήσεις,|400040100081|CL|Cat="verb"|Id="48"|morphId="400040100141"|Unicode="προσκυνήσεις,"|Lemma="προσκυνέω"|Lang="G"|StrongNumber="G43520"|Morph="V,IFA2,,S,"|Mood="Indicative"|Tense="Future"|Voice="Active"|Person="Second"|Number="Singular"|English="you shall worship"
400040100151|καὶ|400040100141|conj|Cat="conj"|Id="49"|morphId="400040100151"|Unicode="καὶ"|Lemma="καί"|Lang="G"|StrongNumber="G25320"|Morph="CC,,,,,,,,"|Type="Coordinating"|English="and"
400040100161|αὐτῷ|400040100181|O|Cat="pron"|Id="54"|morphId="400040100161"|Unicode="αὐτῷ"|Lemma="αὐτός"|Lang="G"|StrongNumber="G08460"|Morph="RP,,,3DMS,"|Type="Personal"|Person="Third"|Case="Dative"|Gender="Masculine"|Number="Singular"|English="him"
400040100171|μόνῳ|400040100161|adjp|Cat="det"|Id="57"|morphId="400040100171"|Unicode="μόνῳ"|Lemma="μόνος"|Lang="G"|StrongNumber="G34410"|Morph="EF,,,,DMS,"|Type="Differential"|Case="Dative"|Gender="Masculine"|Number="Singular"|English="only"
400040100181|λατρεύσεις.|400040100141|CL|Cat="verb"|Id="60"|morphId="400040100181"|Unicode="λατρεύσεις."|Lemma="λατρεύω"|Lang="G"|StrongNumber="G30000"|Morph="V,IFA2,,S,"|Mood="Indicative"|Tense="Future"|Voice="Active"|Person="Second"|Number="Singular"|English="serve"
400040110011|τότε|400040110021|ADV|Cat="adv"|Id="6"|morphId="400040110011"|Unicode="τότε"|Lemma="τότε"|Lang="G"|StrongNumber="G51190"|Morph="D,,,,,,,,,"|English="then"
400040110021|ἀφίησιν|None|CL|Cat="verb"|Id="9"|morphId="400040110021"|Unicode="ἀφίησιν"|Lemma="ἀφίημι"|Lang="G"|StrongNumber="G08630"|Morph="V,IPA3,,S,"|Mood="Indicative"|Tense="Present"|Voice="Active"|Person="Third"|Number="Singular"|English="left"
400040110031|αὐτὸν|400040110021|O|Cat="pron"|Id="12"|morphId="400040110031"|Unicode="αὐτὸν"|Lemma="αὐτός"|Lang="G"|StrongNumber="G08460"|Morph="RP,,,3AMS,"|Type="Personal"|Person="Third"|Case="Accusative"|Gender="Masculine"|Number="Singular"|English="him"
400040110041|ὁ|400040110051|det|Cat="det"|Id="15"|morphId="400040110041"|Unicode="ὁ"|Lemma="ὁ"|Lang="G"|StrongNumber="G35880"|Morph="EA,,,,NMS,"|Type="Article"|Case="Nominative"|Gender="Masculine"|Number="Singular"|English="the"
400040110051|διάβολος,|400040110021|S|Cat="noun"|Id="17"|morphId="400040110051"|Unicode="διάβολος,"|Lemma="διάβολος"|Lang="G"|StrongNumber="G12280"|Morph="NS,,,,NMS,"|Type="Substantive_Adj"|Case="Nominative"|Gender="Masculine"|Number="Singular"|English="devil"
400040110061|καὶ|400040110021|conj|Cat="conj"|Id="18"|morphId="400040110061"|Unicode="καὶ"|Lemma="καί"|Lang="G"|StrongNumber="G25320"|Morph="CC,,,,,,,,"|Type="Coordinating"|English="and"
400040110071|ἰδοὺ,|400040110091|CL|Cat="intj"|Id="23"|morphId="400040110071"|Unicode="ἰδοὺ,"|Lemma="ὁράω"|Lang="G"|StrongNumber="G37080"|Morph="IDMAA2,,S,"|Type="Directive"|Mood="Imperative"|Tense="Aorist"|Voice="Active"|Person="Second"|Number="Singular"|English="behold"
400040110081|ἄγγελοι|400040110091|S|Cat="noun"|Id="28"|morphId="400040110081"|Unicode="ἄγγελοι"|Lemma="ἄγγελος"|Lang="G"|StrongNumber="G00320"|Morph="N,,,,,NMP,"|Case="Nominative"|Gender="Masculine"|Number="Plural"|English="angels"
400040110091|προσῆλθον|400040110021|CL|Cat="verb"|Id="31"|morphId="400040110091"|Unicode="προσῆλθον"|Lemma="προσέρχομαι"|Lang="G"|StrongNumber="G43340"|Morph="V,IAA3,,P,"|Mood="Indicative"|Tense="Aorist"|Voice="Active"|Person="Third"|Number="Plural"|English="came"
400040110101|καὶ|400040110091|conj|Cat="conj"|Id="32"|morphId="400040110101"|Unicode="καὶ"|Lemma="καί"|Lang="G"|StrongNumber="G25320"|Morph="CC,,,,,,,,"|Type="Coordinating"|English="and"
400040110111|διηκόνουν|400040110091|CL|Cat="verb"|Id="36"|morphId="400040110111"|Unicode="διηκόνουν"|Lemma="διακονέω"|Lang="G"|StrongNumber="G12470"|Morph="V,IIA3,,P,"|Mood="Indicative"|Tense="Imperfect"|Voice="Active"|Person="Third"|Number="Plural"|English="waited on"
400040110121|αὐτῷ.|400040110111|O|Cat="pron"|Id="39"|morphId="400040110121"|Unicode="αὐτῷ."|Lemma="αὐτός"|Lang="G"|StrongNumber="G08460"|Morph="RP,,,3DMS,"|Type="Personal"|Person="Third"|Case="Dative"|Gender="Masculine"|Number="Singular"|English="him"
400040120021|δὲ|400040120061|conj|Cat="conj"|Id="3"|morphId="400040120021"|Unicode="δὲ"|Lemma="δέ"|Lang="G"|StrongNumber="G11610"|Morph="CC,,,,,,,,"|Type="Coordinating"|English="now"
400040120011|ἀκούσας|400040120061|ADV|Cat="verb"|Id="10"|morphId="400040120011"|Unicode="ἀκούσας"|Lemma="ἀκούω"|Lang="G"|StrongNumber="G01910"|Morph="V,PAA,NMS,"|Mood="Participle"|Tense="Aorist"|Voice="Active"|Case="Nominative"|Gender="Masculine"|Number="Singular"|English="when ~ heard"
400040120031|ὅτι|400040120051|conj|Cat="conj"|Id="12"|morphId="400040120031"|Unicode="ὅτι"|Lemma="ὅτι"|Lang="G"|StrongNumber="G37540"|Morph="CS,,,,,,,,"|Type="Subordinating"|English="that"
400040120041|Ἰωάννης|400040120051|S|Cat="noun"|Id="16"|morphId="400040120041"|Unicode="Ἰωάννης"|Lemma="Ἰωάννης"|Lang="G"|StrongNumber="G24910"|Morph="N,,,,,NMS,"|Case="Nominative"|Gender="Masculine"|Number="Singular"|English="John"
400040120051|παρεδόθη,|400040120011|CL|Cat="verb"|Id="19"|morphId="400040120051"|Unicode="παρεδόθη,"|Lemma="παραδίδωμι"|Lang="G"|StrongNumber="G38600"|Morph="V,IAP3,,S,"|Mood="Indicative"|Tense="Aorist"|Voice="Passive"|Person="Third"|Number="Singular"|English="had been arrested"
400040120061|ἀνεχώρησεν|None|CL|Cat="verb"|Id="22"|morphId="400040120061"|Unicode="ἀνεχώρησεν"|Lemma="ἀναχωρέω"|Lang="G"|StrongNumber="G04020"|Morph="V,IAA3,,S,"|Mood="Indicative"|Tense="Aorist"|Voice="Active"|Person="Third"|Number="Singular"|English="he withdrew"
400040120071|εἰς|400040120091|prep|Cat="prep"|Id="25"|morphId="400040120071"|Unicode="εἰς"|Lemma="εἰς"|Lang="G"|StrongNumber="G15190"|Morph="P,,,,,A,,,"|Case="Accusative"|English="into"
400040120081|τὴν|400040120091|det|Cat="det"|Id="27"|morphId="400040120081"|Unicode="τὴν"|Lemma="ὁ"|Lang="G"|StrongNumber="G35880"|Morph="EA,,,,AFS,"|Type="Article"|Case="Accusative"|Gender="Feminine"|Number="Singular"
400040120091|Γαλιλαίαν.|400040120061|ADV|Cat="noun"|Id="29"|morphId="400040120091"|Unicode="Γαλιλαίαν."|Lemma="Γαλιλαία"|Lang="G"|StrongNumber="G10560"|Morph="N,,,,,AFS,"|Case="Accusative"|Gender="Feminine"|Number="Singular"|English="Galilee"
400040130011|καὶ|400040130061|conj|Cat="conj"|Id="3"|morphId="400040130011"|Unicode="καὶ"|Lemma="καί"|Lang="G"|StrongNumber="G25320"|Morph="CC,,,,,,,,"|Type="Coordinating"|English="and"
400040130021|καταλιπὼν|400040130061|ADV|Cat="verb"|Id="9"|morphId="400040130021"|Unicode="καταλιπὼν"|Lemma="καταλίπω"|Lang="G"|StrongNumber="G26410"|Morph="V,PAA,NMS,"|Mood="Participle"|Tense="Aorist"|Voice="Active"|Case="Nominative"|Gender="Masculine"|Number="Singular"|English="leaving"
400040130031|τὴν|400040130041|det|Cat="det"|Id="12"|morphId="400040130031"|Unicode="τὴν"|Lemma="ὁ"|Lang="G"|StrongNumber="G35880"|Morph="EA,,,,AFS,"|Type="Article"|Case="Accusative"|Gender="Feminine"|Number="Singular"
400040130041|Ναζαρὰ,|400040130021|O|Cat="noun"|Id="14"|morphId="400040130041"|Unicode="Ναζαρὰ,"|Lemma="Ναζαρά"|Lang="G"|StrongNumber="G34780"|Morph="N,,,,,AFSI"|Case="Accusative"|Gender="Feminine"|Number="Singular"|English="Nazareth"
400040130051|ἐλθὼν|400040130061|ADV|Cat="verb"|Id="19"|morphId="400040130051"|Unicode="ἐλθὼν"|Lemma="ἔρχομαι"|Lang="G"|StrongNumber="G20640"|Morph="V,PAA,NMS,"|Mood="Participle"|Tense="Aorist"|Voice="Active"|Case="Nominative"|Gender="Masculine"|Number="Singular"|English="went"
400040130061|κατῴκησεν|None|CL|Cat="verb"|Id="22"|morphId="400040130061"|Unicode="κατῴκησεν"|Lemma="κατοικέω"|Lang="G"|StrongNumber="G27300"|Morph="V,IAA3,,S,"|Mood="Indicative"|Tense="Aorist"|Voice="Active"|Person="Third"|Number="Singular"|English="he ~ lived"
400040130071|εἰς|400040130081|prep|Cat="prep"|Id="25"|morphId="400040130071"|Unicode="εἰς"|Lemma="εἰς"|Lang="G"|StrongNumber="G15190"|Morph="P,,,,,A,,,"|Case="Accusative"|English="in"
400040130081|Καφαρναοὺμ,|400040130061|ADV|Cat="noun"|Id="28"|morphId="400040130081"|Unicode="Καφαρναοὺμ,"|Lemma="Καφαρναούμ"|Lang="G"|StrongNumber="G25840"|Morph="N,,,,,AFSI"|Case="Accusative"|Gender="Feminine"|Number="Singular"|English="Capernaum"
400040130091|τὴν|400040130101|pron|Cat="pron"|Id="31"|morphId="400040130091"|Unicode="τὴν"|Lemma="ὁ"|Lang="G"|StrongNumber="G35880"|Morph="RR,,,,AFS,"|Type="Relative"|Case="Accusative"|Gender="Feminine"|Number="Singular"|English="which"
400040130101|παραθαλασσίαν|400040130081|np|Cat="noun"|Id="33"|morphId="400040130101"|Unicode="παραθαλασσίαν"|Lemma="παραθαλάσσιος"|Lang="G"|StrongNumber="G38640"|Morph="NS,,,,AFS,"|Type="Substantive_Adj"|Case="Accusative"|Gender="Feminine"|Number="Singular"|English="by the sea"
400040130111|ἐν|400040130121|prep|Cat="prep"|Id="35"|morphId="400040130111"|Unicode="ἐν"|Lemma="ἐν"|Lang="G"|StrongNumber="G17220"|Morph="P,,,,,D,,,"|Case="Dative"|English="in"
400040130121|ὁρίοις|400040130101|pp|Cat="noun"|Id="38"|morphId="400040130121"|Unicode="ὁρίοις"|Lemma="ὅριον"|Lang="G"|StrongNumber="G37250"|Morph="N,,,,,DNP,"|Case="Dative"|Gender="Neuter"|Number="Plural"|English="region"
400040130131|Ζαβουλὼν|400040130121|np|Cat="noun"|Id="41"|morphId="400040130131"|Unicode="Ζαβουλὼν"|Lemma="Ζαβουλών"|Lang="G"|StrongNumber="G21940"|Morph="N,,,,,GMSI"|Case="Genitive"|Gender="Masculine"|Number="Singular"|English="of Zebulun"
400040130141|καὶ|400040130131|conj|Cat="conj"|Id="42"|morphId="400040130141"|Unicode="καὶ"|Lemma="καί"|Lang="G"|StrongNumber="G25320"|Morph="CC,,,,,,,,"|Type="Coordinating"|English="and"
400040130151|Νεφθαλείμ;|400040130131|np|Cat="noun"|Id="44"|morphId="400040130151"|Unicode="Νεφθαλείμ;"|Lemma="Νεφθαλείμ"|Lang="G"|StrongNumber="G35080"|Morph="N,,,,,GMSI"|Case="Genitive"|Gender="Masculine"|Number="Singular"|English="Naphtali"
400040140011|ἵνα|400040140021|conj|Cat="conj"|Id="3"|morphId="400040140011"|Unicode="ἵνα"|Lemma="ἵνα"|Lang="G"|StrongNumber="G24430"|Morph="CS,,,,,,,,"|Type="Subordinating"|English="to"
400040140021|πληρωθῇ|None|CL|Cat="verb"|Id="7"|morphId="400040140021"|Unicode="πληρωθῇ"|Lemma="πληρόω"|Lang="G"|StrongNumber="G41370"|Morph="V,SAP3,,S,"|Mood="Subjunctive"|Tense="Aorist"|Voice="Passive"|Person="Third"|Number="Singular"|English="fulfill"
400040140031|τὸ|400040140041|det|Cat="pron"|Id="11"|morphId="400040140031"|Unicode="τὸ"|Lemma="ὁ"|Lang="G"|StrongNumber="G35880"|Morph="RD,,,,NNS,"|Type="Demonstrative"|Case="Nominative"|Gender="Neuter"|Number="Singular"|English="the thing"
400040140041|ῥηθὲν|400040140021|S|Cat="verb"|Id="15"|morphId="400040140041"|Unicode="ῥηθὲν"|Lemma="λέγω"|Lang="G"|StrongNumber="G30040"|Morph="V,PAP,NNS,"|Mood="Participle"|Tense="Aorist"|Voice="Passive"|Case="Nominative"|Gender="Neuter"|Number="Singular"|English="what was spoken"
400040140051|διὰ|400040140061|prep|Cat="prep"|Id="18"|morphId="400040140051"|Unicode="διὰ"|Lemma="διά"|Lang="G"|StrongNumber="G12230"|Morph="P,,,,,G,,,"|Case="Genitive"|English="through"
400040140061|Ἠσαΐου|400040140041|ADV|Cat="noun"|Id="21"|morphId="400040140061"|Unicode="Ἠσαΐου"|Lemma="Ἠσαΐας"|Lang="G"|StrongNumber="G22680"|Morph="N,,,,,GMS,"|Case="Genitive"|Gender="Masculine"|Number="Singular"|English="Isaiah"
400040140071|τοῦ|400040140081|det|Cat="det"|Id="23"|morphId="400040140071"|Unicode="τοῦ"|Lemma="ὁ"|Lang="G"|StrongNumber="G35880"|Morph="EA,,,,GMS,"|Type="Article"|Case="Genitive"|Gender="Masculine"|Number="Singular"|English="the"
400040140081|προφήτου|400040140061|np|Cat="noun"|Id="25"|morphId="400040140081"|Unicode="προφήτου"|Lemma="προφήτης"|Lang="G"|StrongNumber="G43960"|Morph="N,,,,,GMS,"|Case="Genitive"|Gender="Masculine"|Number="Singular"|English="prophet"
400040140091|λέγοντος,|400040140041|ADV|Cat="verb"|Id="30"|morphId="400040140091"|Unicode="λέγοντος,"|Lemma="λέγω"|Lang="G"|StrongNumber="G30040"|Morph="V,PPA,GMS,"|Mood="Participle"|Tense="Present"|Voice="Active"|Case="Genitive"|Gender="Masculine"|Number="Singular"|English="who said"
400040150011|γῆ|None|np|Cat="noun"|Id="8"|morphId="400040150011"|Unicode="γῆ"|Lemma="γῆ"|Lang="G"|StrongNumber="G10930"|Morph="N,,,,,NFS,"|Case="Nominative"|Gender="Feminine"|Number="Singular"|English="land"
400040150021|Ζαβουλὼν|400040150011|np|Cat="noun"|Id="10"|morphId="400040150021"|Unicode="Ζαβουλὼν"|Lemma="Ζαβουλών"|Lang="G"|StrongNumber="G21940"|Morph="N,,,,,GMSI"|Case="Genitive"|Gender="Masculine"|Number="Singular"|English="of Zebulun"
400040150031|καὶ|400040150011|conj|Cat="conj"|Id="11"|morphId="400040150031"|Unicode="καὶ"|Lemma="καί"|Lang="G"|StrongNumber="G25320"|Morph="CC,,,,,,,,"|Type="Coordinating"|English="and"
400040150041|γῆ|400040150011|np|Cat="noun"|Id="14"|morphId="400040150041"|Unicode="γῆ"|Lemma="γῆ"|Lang="G"|StrongNumber="G10930"|Morph="N,,,,,NFS,"|Case="Nominative"|Gender="Feminine"|Number="Singular"|English="land"
400040150051|Νεφθαλείμ,|400040150041|np|Cat="noun"|Id="16"|morphId="400040150051"|Unicode="Νεφθαλείμ,"|Lemma="Νεφθαλείμ"|Lang="G"|StrongNumber="G35080"|Morph="N,,,,,GMSI"|Case="Genitive"|Gender="Masculine"|Number="Singular"|English="of Naphtali"
400040150061|ὁδὸν|400040150011|advp|Cat="noun"|Id="20"|morphId="400040150061"|Unicode="ὁδὸν"|Lemma="ὁδός"|Lang="G"|StrongNumber="G35980"|Morph="N,,,,,AFS,"|Case="Accusative"|Gender="Feminine"|Number="Singular"|English="way"
400040150071|θαλάσσης,|400040150061|np|Cat="noun"|Id="22"|morphId="400040150071"|Unicode="θαλάσσης,"|Lemma="θάλασσα"|Lang="G"|StrongNumber="G22810"|Morph="N,,,,,GFS,"|Case="Genitive"|Gender="Feminine"|Number="Singular"|English="of ~ sea"
400040150081|πέραν|400040150101|prep|Cat="prep"|Id="24"|morphId="400040150081"|Unicode="πέραν"|Lemma="πέραν"|Lang="G"|StrongNumber="G40080"|Morph="PI,,,,G,,,"|Type="Improper"|Case="Genitive"|English="beyond"
400040150091|τοῦ|400040150101|det|Cat="det"|Id="26"|morphId="400040150091"|Unicode="τοῦ"|Lemma="ὁ"|Lang="G"|StrongNumber="G35880"|Morph="EA,,,,GMS,"|Type="Article"|Case="Genitive"|Gender="Masculine"|Number="Singular"|English="the"
400040150101|Ἰορδάνου,|400040150011|pp|Cat="noun"|Id="28"|morphId="400040150101"|Unicode="Ἰορδάνου,"|Lemma="Ἰορδάνης"|Lang="G"|StrongNumber="G24460"|Morph="N,,,,,GMS,"|Case="Genitive"|Gender="Masculine"|Number="Singular"|English="Jordan"
400040150111|Γαλιλαία|400040150011|np|Cat="noun"|Id="31"|morphId="400040150111"|Unicode="Γαλιλαία"|Lemma="Γαλιλαία"|Lang="G"|StrongNumber="G10560"|Morph="N,,,,,NFS,"|Case="Nominative"|Gender="Feminine"|Number="Singular"|English="Galilee"
400040150121|τῶν|400040150131|det|Cat="det"|Id="33"|morphId="400040150121"|Unicode="τῶν"|Lemma="ὁ"|Lang="G"|StrongNumber="G35880"|Morph="EA,,,,GNP,"|Type="Article"|Case="Genitive"|Gender="Neuter"|Number="Plural"|English="the"
400040150131|ἐθνῶν.|400040150111|np|Cat="noun"|Id="35"|morphId="400040150131"|Unicode="ἐθνῶν."|Lemma="ἔθνος"|Lang="G"|StrongNumber="G14840"|Morph="N,,,,,GNP,"|Case="Genitive"|Gender="Neuter"|Number="Plural"|English="of ~ gentiles"
400040160011|ὁ|400040160021|det|Cat="det"|Id="7"|morphId="400040160011"|Unicode="ὁ"|Lemma="ὁ"|Lang="G"|StrongNumber="G35880"|Morph="EA,,,,NMS,"|Type="Article"|Case="Nominative"|Gender="Masculine"|Number="Singular"|English="the"
400040160021|λαὸς|400040160081|S|Cat="noun"|Id="9"|morphId="400040160021"|Unicode="λαὸς"|Lemma="λαός"|Lang="G"|StrongNumber="G29920"|Morph="N,,,,,NMS,"|Case="Nominative"|Gender="Masculine"|Number="Singular"|English="people"
400040160031|ὁ|400040160041|det|Cat="pron"|Id="12"|morphId="400040160031"|Unicode="ὁ"|Lemma="ὁ"|Lang="G"|StrongNumber="G35880"|Morph="RD,,,,NMS,"|Type="Demonstrative"|Case="Nominative"|Gender="Masculine"|Number="Singular"
400040160041|καθήμενος|400040160021|np|Cat="verb"|Id="16"|morphId="400040160041"|Unicode="καθήμενος"|Lemma="κάθημαι"|Lang="G"|StrongNumber="G25210"|Morph="V,PPM,NMS,"|Mood="Participle"|Tense="Present"|Voice="Middle"|Case="Nominative"|Gender="Masculine"|Number="Singular"|English="who sat"
400040160051|ἐν|400040160061|prep|Cat="prep"|Id="19"|morphId="400040160051"|Unicode="ἐν"|Lemma="ἐν"|Lang="G"|StrongNumber="G17220"|Morph="P,,,,,D,,,"|Case="Dative"|English="in"
400040160061|σκοτίᾳ|400040160041|ADV|Cat="noun"|Id="21"|morphId="400040160061"|Unicode="σκοτίᾳ"|Lemma="σκοτία"|Lang="G"|StrongNumber="G46530"|Morph="N,,,,,DFS,"|Case="Dative"|Gender="Feminine"|Number="Singular"|English="darkness"
400040160071|φῶς|400040160081|O|Cat="noun"|Id="25"|morphId="400040160071"|Unicode="φῶς"|Lemma="φῶς"|Lang="G"|StrongNumber="G54570"|Morph="N,,,,,ANS,"|Case="Accusative"|Gender="Neuter"|Number="Singular"|English="a ~ light"
400040160091|μέγα,|400040160071|np|Cat="noun"|Id="27"|morphId="400040160091"|Unicode="μέγα,"|Lemma="μέγας"|Lang="G"|StrongNumber="G31730"|Morph="NS,,,,ANS,"|Type="Substantive_Adj"|Case="Accusative"|Gender="Neuter"|Number="Singular"|English="great"
400040160081|εἶδεν|None|CL|Cat="verb"|Id="30"|morphId="400040160081"|Unicode="εἶδεν"|Lemma="ὁράω"|Lang="G"|StrongNumber="G37080"|Morph="V,IAA3,,S,"|Mood="Indicative"|Tense="Aorist"|Voice="Active"|Person="Third"|Number="Singular"|English="have seen"
400040160101|καὶ|400040160081|conj|Cat="conj"|Id="31"|morphId="400040160101"|Unicode="καὶ"|Lemma="καί"|Lang="G"|StrongNumber="G25320"|Morph="CC,,,,,,,,"|Type="Coordinating"|English="and"
400040160111|τοῖς|400040160121|det|Cat="pron"|Id="36"|morphId="400040160111"|Unicode="τοῖς"|Lemma="ὁ"|Lang="G"|StrongNumber="G35880"|Morph="RD,,,,DMP,"|Type="Demonstrative"|Case="Dative"|Gender="Masculine"|Number="Plural"|English="those"
400040160121|καθημένοις|400040160191|CL|Cat="verb"|Id="40"|morphId="400040160121"|Unicode="καθημένοις"|Lemma="κάθημαι"|Lang="G"|StrongNumber="G25210"|Morph="V,PPM,DMP,"|Mood="Participle"|Tense="Present"|Voice="Middle"|Case="Dative"|Gender="Masculine"|Number="Plural"|English="who sat"
400040160131|ἐν|400040160141|prep|Cat="prep"|Id="43"|morphId="400040160131"|Unicode="ἐν"|Lemma="ἐν"|Lang="G"|StrongNumber="G17220"|Morph="P,,,,,D,,,"|Case="Dative"|English="in"
400040160141|χώρᾳ|400040160121|ADV|Cat="noun"|Id="47"|morphId="400040160141"|Unicode="χώρᾳ"|Lemma="χώρα"|Lang="G"|StrongNumber="G55610"|Morph="N,,,,,DFS,"|Case="Dative"|Gender="Feminine"|Number="Singular"|English="land"
400040160151|καὶ|400040160141|conj|Cat="conj"|Id="48"|morphId="400040160151"|Unicode="καὶ"|Lemma="καί"|Lang="G"|StrongNumber="G25320"|Morph="CC,,,,,,,,"|Type="Coordinating"|English="and"
400040160161|σκιᾷ|400040160141|np|Cat="noun"|Id="50"|morphId="400040160161"|Unicode="σκιᾷ"|Lemma="σκιά"|Lang="G"|StrongNumber="G46390"|Morph="N,,,,,DFS,"|Case="Dative"|Gender="Feminine"|Number="Singular"|English="shadow"
400040160171|θανάτου,|400040160141|np|Cat="noun"|Id="52"|morphId="400040160171"|Unicode="θανάτου,"|Lemma="θάνατος"|Lang="G"|StrongNumber="G22880"|Morph="N,,,,,GMS,"|Case="Genitive"|Gender="Masculine"|Number="Singular"|English="of death"
400040160181|φῶς|400040160191|S|Cat="noun"|Id="56"|morphId="400040160181"|Unicode="φῶς"|Lemma="φῶς"|Lang="G"|StrongNumber="G54570"|Morph="N,,,,,NNS,"|Case="Nominative"|Gender="Neuter"|Number="Singular"|English="a light"
400040160191|ἀνέτειλεν|400040160081|CL|Cat="verb"|Id="59"|morphId="400040160191"|Unicode="ἀνέτειλεν"|Lemma="ἀνατέλλω"|Lang="G"|StrongNumber="G03930"|Morph="V,IAA3,,S,"|Mood="Indicative"|Tense="Aorist"|Voice="Active"|Person="Third"|Number="Singular"|English="has dawned"
400040160201|αὐτοῖς.|400040160191|ADV|Cat="pron"|Id="62"|morphId="400040160201"|Unicode="αὐτοῖς."|Lemma="αὐτός"|Lang="G"|StrongNumber="G08460"|Morph="RP,,,3DMP,"|Type="Personal"|Person="Third"|Case="Dative"|Gender="Masculine"|Number="Plural"|English="among them"
400040170011|ἀπὸ|400040170021|prep|Cat="prep"|Id="5"|morphId="400040170011"|Unicode="ἀπὸ"|Lemma="ἀπό"|Lang="G"|StrongNumber="G05750"|Morph="P,,,,,,,,,"|English="from"
400040170021|τότε|400040170031|ADV|Cat="adv"|Id="8"|morphId="400040170021"|Unicode="τότε"|Lemma="τότε"|Lang="G"|StrongNumber="G51190"|Morph="D,,,,,,,,,"|English="that time"
400040170031|ἤρξατο|None|CL|Cat="verb"|Id="11"|morphId="400040170031"|Unicode="ἤρξατο"|Lemma="ἄρχω"|Lang="G"|StrongNumber="G07570"|Morph="V,IAM3,,S,"|Mood="Indicative"|Tense="Aorist"|Voice="Middle"|Person="Third"|Number="Singular"|English="began"
400040170041|ὁ|400040170051|det|Cat="det"|Id="14"|morphId="400040170041"|Unicode="ὁ"|Lemma="ὁ"|Lang="G"|StrongNumber="G35880"|Morph="EA,,,,NMS,"|Type="Article"|Case="Nominative"|Gender="Masculine"|Number="Singular"
400040170051|Ἰησοῦς|400040170031|S|Cat="noun"|Id="16"|morphId="400040170051"|Unicode="Ἰησοῦς"|Lemma="Ἰησοῦς"|Lang="G"|StrongNumber="G24240"|Morph="N,,,,,NMS,"|Case="Nominative"|Gender="Masculine"|Number="Singular"|English="Jesus"
400040170061|κηρύσσειν|400040170031|O|Cat="verb"|Id="22"|morphId="400040170061"|Unicode="κηρύσσειν"|Lemma="κηρύσσω"|Lang="G"|StrongNumber="G27840"|Morph="V,NPA,,,,,"|Mood="Infinitive"|Tense="Present"|Voice="Active"|English="to preach"
400040170071|καὶ|400040170061|conj|Cat="conj"|Id="23"|morphId="400040170071"|Unicode="καὶ"|Lemma="καί"|Lang="G"|StrongNumber="G25320"|Morph="CC,,,,,,,,"|Type="Coordinating"|English="and"
400040170081|λέγειν,|400040170061|CL|Cat="verb"|Id="28"|morphId="400040170081"|Unicode="λέγειν,"|Lemma="λέγω"|Lang="G"|StrongNumber="G30040"|Morph="V,NPA,,,,,"|Mood="Infinitive"|Tense="Present"|Voice="Active"|English="to say"
400040170091|μετανοεῖτε,|400040170081|CL|Cat="verb"|Id="33"|morphId="400040170091"|Unicode="μετανοεῖτε,"|Lemma="μετανοέω"|Lang="G"|StrongNumber="G33400"|Morph="V,MPA2,,P,"|Mood="Imperative"|Tense="Present"|Voice="Active"|Person="Second"|Number="Plural"|English="repent"
400040170111|γὰρ|400040170101|conj|Cat="conj"|Id="35"|morphId="400040170111"|Unicode="γὰρ"|Lemma="γάρ"|Lang="G"|StrongNumber="G10630"|Morph="CC,,,,,,,,"|Type="Coordinating"|English="for"
400040170101|ἤγγικεν|400040170091|CL|Cat="verb"|Id="39"|morphId="400040170101"|Unicode="ἤγγικεν"|Lemma="ἐγγίζω"|Lang="G"|StrongNumber="G14480"|Morph="V,IEA3,,S,"|Mood="Indicative"|Tense="Perfect"|Voice="Active"|Person="Third"|Number="Singular"|English="is at hand"
400040170121|ἡ|400040170131|det|Cat="det"|Id="42"|morphId="400040170121"|Unicode="ἡ"|Lemma="ὁ"|Lang="G"|StrongNumber="G35880"|Morph="EA,,,,NFS,"|Type="Article"|Case="Nominative"|Gender="Feminine"|Number="Singular"|English="the"
400040170131|Βασιλεία|400040170101|S|Cat="noun"|Id="45"|morphId="400040170131"|Unicode="Βασιλεία"|Lemma="βασιλεία"|Lang="G"|StrongNumber="G09320"|Morph="N,,,,,NFS,"|Case="Nominative"|Gender="Feminine"|Number="Singular"|English="kingdom"
400040170141|τῶν|400040170151|det|Cat="det"|Id="47"|morphId="400040170141"|Unicode="τῶν"|Lemma="ὁ"|Lang="G"|StrongNumber="G35880"|Morph="EA,,,,GMP,"|Type="Article"|Case="Genitive"|Gender="Masculine"|Number="Plural"|English="of the"
400040170151|Οὐρανῶν.|400040170131|np|Cat="noun"|Id="49"|morphId="400040170151"|Unicode="Οὐρανῶν."|Lemma="οὐρανός"|Lang="G"|StrongNumber="G37720"|Morph="N,,,,,GMP,"|Case="Genitive"|Gender="Masculine"|Number="Plural"|English="of heaven"
400040180021|δὲ|400040180081|conj|Cat="conj"|Id="3"|morphId="400040180021"|Unicode="δὲ"|Lemma="δέ"|Lang="G"|StrongNumber="G11610"|Morph="CC,,,,,,,,"|Type="Coordinating"|English="now"
400040180011|περιπατῶν|400040180081|ADV|Cat="verb"|Id="9"|morphId="400040180011"|Unicode="περιπατῶν"|Lemma="περιπατέω"|Lang="G"|StrongNumber="G40430"|Morph="V,PPA,NMS,"|Mood="Participle"|Tense="Present"|Voice="Active"|Case="Nominative"|Gender="Masculine"|Number="Singular"|English="as ~ was walking"
400040180031|παρὰ|400040180051|prep|Cat="prep"|Id="12"|morphId="400040180031"|Unicode="παρὰ"|Lemma="παρά"|Lang="G"|StrongNumber="G38440"|Morph="P,,,,,A,,,"|Case="Accusative"|English="by"
400040180041|τὴν|400040180051|det|Cat="det"|Id="14"|morphId="400040180041"|Unicode="τὴν"|Lemma="ὁ"|Lang="G"|StrongNumber="G35880"|Morph="EA,,,,AFS,"|Type="Article"|Case="Accusative"|Gender="Feminine"|Number="Singular"|English="the"
400040180051|θάλασσαν|400040180011|ADV|Cat="noun"|Id="17"|morphId="400040180051"|Unicode="θάλασσαν"|Lemma="θάλασσα"|Lang="G"|StrongNumber="G22810"|Morph="N,,,,,AFS,"|Case="Accusative"|Gender="Feminine"|Number="Singular"|English="sea"
400040180061|τῆς|400040180071|det|Cat="det"|Id="19"|morphId="400040180061"|Unicode="τῆς"|Lemma="ὁ"|Lang="G"|StrongNumber="G35880"|Morph="EA,,,,GFS,"|Type="Article"|Case="Genitive"|Gender="Feminine"|Number="Singular"
400040180071|Γαλιλαίας,|400040180051|np|Cat="noun"|Id="21"|morphId="400040180071"|Unicode="Γαλιλαίας,"|Lemma="Γαλιλαία"|Lang="G"|StrongNumber="G10560"|Morph="N,,,,,GFS,"|Case="Genitive"|Gender="Feminine"|Number="Singular"|English="of Galilee"
400040180081|εἶδεν|None|CL|Cat="verb"|Id="24"|morphId="400040180081"|Unicode="εἶδεν"|Lemma="ὁράω"|Lang="G"|StrongNumber="G37080"|Morph="V,IAA3,,S,"|Mood="Indicative"|Tense="Aorist"|Voice="Active"|Person="Third"|Number="Singular"|English="he saw"
400040180091|δύο|400040180101|nump|Cat="det"|Id="32"|morphId="400040180091"|Unicode="δύο"|Lemma="δύο"|Lang="G"|StrongNumber="G14170"|Morph="EN,,,,AMP,"|Type="Number"|Case="Accusative"|Gender="Masculine"|Number="Plural"|English="two"
400040180101|ἀδελφούς,|400040180201|S|Cat="noun"|Id="34"|morphId="400040180101"|Unicode="ἀδελφούς,"|Lemma="ἀδελφός"|Lang="G"|StrongNumber="G00800"|Morph="N,,,,,AMP,"|Case="Accusative"|Gender="Masculine"|Number="Plural"|English="brothers"
400040180111|Σίμωνα|400040180101|np|Cat="noun"|Id="38"|morphId="400040180111"|Unicode="Σίμωνα"|Lemma="Σίμων"|Lang="G"|StrongNumber="G46130"|Morph="N,,,,,AMS,"|Case="Accusative"|Gender="Masculine"|Number="Singular"|English="Simon"
400040180121|τὸν|400040180141|det|Cat="pron"|Id="41"|morphId="400040180121"|Unicode="τὸν"|Lemma="ὁ"|Lang="G"|StrongNumber="G35880"|Morph="RD,,,,AMS,"|Type="Demonstrative"|Case="Accusative"|Gender="Masculine"|Number="Singular"|English="the one"
400040180131|λεγόμενον|400040180141|VC|Cat="verb"|Id="45"|morphId="400040180131"|Unicode="λεγόμενον"|Lemma="λέγω"|Lang="G"|StrongNumber="G30040"|Morph="V,PPP,AMS,"|Mood="Participle"|Tense="Present"|Voice="Passive"|Case="Accusative"|Gender="Masculine"|Number="Singular"|English="called"
400040180141|Πέτρον|400040180111|np|Cat="noun"|Id="48"|morphId="400040180141"|Unicode="Πέτρον"|Lemma="πέτρος"|Lang="G"|StrongNumber="G40740"|Morph="N,,,,,AMS,"|Case="Accusative"|Gender="Masculine"|Number="Singular"|English="Peter"
400040180151|καὶ|400040180111|conj|Cat="conj"|Id="49"|morphId="400040180151"|Unicode="καὶ"|Lemma="καί"|Lang="G"|StrongNumber="G25320"|Morph="CC,,,,,,,,"|Type="Coordinating"|English="and"
400040180161|Ἀνδρέαν|400040180111|np|Cat="noun"|Id="52"|morphId="400040180161"|Unicode="Ἀνδρέαν"|Lemma="Ἀνδρέας"|Lang="G"|StrongNumber="G04060"|Morph="N,,,,,AMS,"|Case="Accusative"|Gender="Masculine"|Number="Singular"|English="Andrew"
400040180171|τὸν|400040180181|det|Cat="det"|Id="54"|morphId="400040180171"|Unicode="τὸν"|Lemma="ὁ"|Lang="G"|StrongNumber="G35880"|Morph="EA,,,,AMS,"|Type="Article"|Case="Accusative"|Gender="Masculine"|Number="Singular"|English="the"
400040180181|ἀδελφὸν|400040180161|np|Cat="noun"|Id="57"|morphId="400040180181"|Unicode="ἀδελφὸν"|Lemma="ἀδελφός"|Lang="G"|StrongNumber="G00800"|Morph="N,,,,,AMS,"|Case="Accusative"|Gender="Masculine"|Number="Singular"|English="brother"
400040180191|αὐτοῦ,|400040180181|np|Cat="pron"|Id="59"|morphId="400040180191"|Unicode="αὐτοῦ,"|Lemma="αὐτός"|Lang="G"|StrongNumber="G08460"|Morph="RP,,,3GMS,"|Type="Personal"|Person="Third"|Case="Genitive"|Gender="Masculine"|Number="Singular"|English="of him"
400040180201|βάλλοντας|400040180081|O|Cat="verb"|Id="62"|morphId="400040180201"|Unicode="βάλλοντας"|Lemma="βάλλω"|Lang="G"|StrongNumber="G09060"|Morph="V,PPA,AMP,"|Mood="Participle"|Tense="Present"|Voice="Active"|Case="Accusative"|Gender="Masculine"|Number="Plural"|English="casting"
400040180211|ἀμφίβληστρον|400040180201|O|Cat="noun"|Id="65"|morphId="400040180211"|Unicode="ἀμφίβληστρον"|Lemma="ἀμφίβληστρον"|Lang="G"|StrongNumber="G02930"|Morph="N,,,,,ANS,"|Case="Accusative"|Gender="Neuter"|Number="Singular"|English="a net"
400040180221|εἰς|400040180241|prep|Cat="prep"|Id="68"|morphId="400040180221"|Unicode="εἰς"|Lemma="εἰς"|Lang="G"|StrongNumber="G15190"|Morph="P,,,,,A,,,"|Case="Accusative"|English="into"
400040180231|τὴν|400040180241|det|Cat="det"|Id="70"|morphId="400040180231"|Unicode="τὴν"|Lemma="ὁ"|Lang="G"|StrongNumber="G35880"|Morph="EA,,,,AFS,"|Type="Article"|Case="Accusative"|Gender="Feminine"|Number="Singular"|English="the"
400040180241|θάλασσαν;|400040180201|ADV|Cat="noun"|Id="72"|morphId="400040180241"|Unicode="θάλασσαν;"|Lemma="θάλασσα"|Lang="G"|StrongNumber="G22810"|Morph="N,,,,,AFS,"|Case="Accusative"|Gender="Feminine"|Number="Singular"|English="sea"
400040180261|γὰρ|400040180271|conj|Cat="conj"|Id="74"|morphId="400040180261"|Unicode="γὰρ"|Lemma="γάρ"|Lang="G"|StrongNumber="G10630"|Morph="CC,,,,,,,,"|Type="Coordinating"|English="for"
400040180251|ἦσαν|400040180271|VC|Cat="verb"|Id="78"|morphId="400040180251"|Unicode="ἦσαν"|Lemma="εἰμί"|Lang="G"|StrongNumber="G15100"|Morph="V,IIA3,,P,"|Mood="Indicative"|Tense="Imperfect"|Voice="Active"|Person="Third"|Number="Plural"|English="they were"
400040180271|ἁλιεῖς.|400040180081|CL|Cat="noun"|Id="81"|morphId="400040180271"|Unicode="ἁλιεῖς."|Lemma="ἁλιεύς"|Lang="G"|StrongNumber="G02310"|Morph="N,,,,,NMP,"|Case="Nominative"|Gender="Masculine"|Number="Plural"|English="fishermen"
400040190011|καὶ|400040190021|conj|Cat="conj"|Id="3"|morphId="400040190011"|Unicode="καὶ"|Lemma="καί"|Lang="G"|StrongNumber="G25320"|Morph="CC,,,,,,,,"|Type="Coordinating"|English="and"
400040190021|λέγει|None|CL|Cat="verb"|Id="8"|morphId="400040190021"|Unicode="λέγει"|Lemma="λέγω"|Lang="G"|StrongNumber="G30040"|Morph="V,IPA3,,S,"|Mood="Indicative"|Tense="Present"|Voice="Active"|Person="Third"|Number="Singular"|English="he said"
400040190031|αὐτοῖς,|400040190021|IO|Cat="pron"|Id="11"|morphId="400040190031"|Unicode="αὐτοῖς,"|Lemma="αὐτός"|Lang="G"|StrongNumber="G08460"|Morph="RP,,,3DMP,"|Type="Personal"|Person="Third"|Case="Dative"|Gender="Masculine"|Number="Plural"|English="to them"
400040190041|δεῦτε|400040190021|CL|Cat="verb"|Id="16"|morphId="400040190041"|Unicode="δεῦτε"|Lemma="δεῦτε"|Lang="G"|StrongNumber="G12050"|Morph="V,MAA2,,P,"|Mood="Imperative"|Tense="Aorist"|Voice="Active"|Person="Second"|Number="Plural"|English="come"
400040190051|ὀπίσω|400040190061|prep|Cat="prep"|Id="19"|morphId="400040190051"|Unicode="ὀπίσω"|Lemma="ὀπίσω"|Lang="G"|StrongNumber="G36940"|Morph="PI,,,,G,,,"|Type="Improper"|Case="Genitive"|English="follow"
400040190061|μου,|400040190041|ADV|Cat="pron"|Id="21"|morphId="400040190061"|Unicode="μου,"|Lemma="ἐγώ"|Lang="G"|StrongNumber="G14730"|Morph="RP,,,1G,S,"|Type="Personal"|Person="First"|Case="Genitive"|Number="Singular"|English="me"
400040190071|καὶ|400040190041|conj|Cat="conj"|Id="22"|morphId="400040190071"|Unicode="καὶ"|Lemma="καί"|Lang="G"|StrongNumber="G25320"|Morph="CC,,,,,,,,"|Type="Coordinating"|English="and"
400040190081|ποιήσω|400040190041|CL|Cat="verb"|Id="26"|morphId="400040190081"|Unicode="ποιήσω"|Lemma="ποιέω"|Lang="G"|StrongNumber="G41600"|Morph="V,IFA1,,S,"|Mood="Indicative"|Tense="Future"|Voice="Active"|Person="First"|Number="Singular"|English="I will make"
400040190091|ὑμᾶς|400040190081|O|Cat="pron"|Id="29"|morphId="400040190091"|Unicode="ὑμᾶς"|Lemma="σύ"|Lang="G"|StrongNumber="G47710"|Morph="RP,,,2A,P,"|Type="Personal"|Person="Second"|Case="Accusative"|Number="Plural"|English="you"
400040190101|ἁλιεῖς|400040190081|O2|Cat="noun"|Id="33"|morphId="400040190101"|Unicode="ἁλιεῖς"|Lemma="ἁλιεύς"|Lang="G"|StrongNumber="G02310"|Morph="N,,,,,AMP,"|Case="Accusative"|Gender="Masculine"|Number="Plural"|English="fishers"
400040190111|ἀνθρώπων.|400040190101|np|Cat="noun"|Id="35"|morphId="400040190111"|Unicode="ἀνθρώπων."|Lemma="ἄνθρωπος"|Lang="G"|StrongNumber="G04440"|Morph="N,,,,,GMP,"|Case="Genitive"|Gender="Masculine"|Number="Plural"|English="of men"
400040200021|δὲ|400040200071|conj|Cat="conj"|Id="3"|morphId="400040200021"|Unicode="δὲ"|Lemma="δέ"|Lang="G"|StrongNumber="G11610"|Morph="CC,,,,,,,,"|Type="Coordinating"|English="and"
400040200011|οἱ|400040200071|S|Cat="pron"|Id="7"|morphId="400040200011"|Unicode="οἱ"|Lemma="ὁ"|Lang="G"|StrongNumber="G35880"|Morph="RD,,,,NMP,"|Type="Demonstrative"|Case="Nominative"|Gender="Masculine"|Number="Plural"|English="they"
400040200031|εὐθέως|400040200071|ADV|Cat="adv"|Id="10"|morphId="400040200031"|Unicode="εὐθέως"|Lemma="εὐθέως"|Lang="G"|StrongNumber="G21120"|Morph="D,,,,,,,,,"|English="immediately"
400040200041|ἀφέντες|400040200071|ADV|Cat="verb"|Id="15"|morphId="400040200041"|Unicode="ἀφέντες"|Lemma="ἀφίημι"|Lang="G"|StrongNumber="G08630"|Morph="V,PAA,NMP,"|Mood="Participle"|Tense="Aorist"|Voice="Active"|Case="Nominative"|Gender="Masculine"|Number="Plural"|English="left"
400040200051|τὰ|400040200061|det|Cat="det"|Id="18"|morphId="400040200051"|Unicode="τὰ"|Lemma="ὁ"|Lang="G"|StrongNumber="G35880"|Morph="EA,,,,ANP,"|Type="Article"|Case="Accusative"|Gender="Neuter"|Number="Plural"|English="the"
400040200061|δίκτυα,|400040200041|O|Cat="noun"|Id="20"|morphId="400040200061"|Unicode="δίκτυα,"|Lemma="δίκτυον"|Lang="G"|StrongNumber="G13500"|Morph="N,,,,,ANP,"|Case="Accusative"|Gender="Neuter"|Number="Plural"|English="nets"
400040200071|ἠκολούθησαν|None|CL|Cat="verb"|Id="23"|morphId="400040200071"|Unicode="ἠκολούθησαν"|Lemma="ἀκολουθέω"|Lang="G"|StrongNumber="G01900"|Morph="V,IAA3,,P,"|Mood="Indicative"|Tense="Aorist"|Voice="Active"|Person="Third"|Number="Plural"|English="followed"
400040200081|αὐτῷ.|400040200071|O|Cat="pron"|Id="26"|morphId="400040200081"|Unicode="αὐτῷ."|Lemma="αὐτός"|Lang="G"|StrongNumber="G08460"|Morph="RP,,,3DMS,"|Type="Personal"|Person="Third"|Case="Dative"|Gender="Masculine"|Number="Singular"|English="him"
400040210011|καὶ|400040210041|conj|Cat="conj"|Id="3"|morphId="400040210011"|Unicode="καὶ"|Lemma="καί"|Lang="G"|StrongNumber="G25320"|Morph="CC,,,,,,,,"|Type="Coordinating"|English="and"
400040210021|προβὰς|400040210041|ADV|Cat="verb"|Id="9"|morphId="400040210021"|Unicode="προβὰς"|Lemma="προβαίνω"|Lang="G"|StrongNumber="G42600"|Morph="V,PAA,NMS,"|Mood="Participle"|Tense="Aorist"|Voice="Active"|Case="Nominative"|Gender="Masculine"|Number="Singular"|English="going on"
400040210031|ἐκεῖθεν,|400040210021|ADV|Cat="adv"|Id="12"|morphId="400040210031"|Unicode="ἐκεῖθεν,"|Lemma="ἐκεῖθεν"|Lang="G"|StrongNumber="G15640"|Morph="D,,,,,,,,,"|English="from there"
400040210041|εἶδεν|None|CL|Cat="verb"|Id="15"|morphId="400040210041"|Unicode="εἶδεν"|Lemma="ὁράω"|Lang="G"|StrongNumber="G37080"|Morph="V,IAA3,,S,"|Mood="Indicative"|Tense="Aorist"|Voice="Active"|Person="Third"|Number="Singular"|English="he saw"
400040210051|ἄλλους|400040210071|adjp|Cat="det"|Id="23"|morphId="400040210051"|Unicode="ἄλλους"|Lemma="ἄλλος"|Lang="G"|StrongNumber="G02430"|Morph="EF,,,,AMP,"|Type="Differential"|Case="Accusative"|Gender="Masculine"|Number="Plural"|English="other"
400040210061|δύο|400040210071|nump|Cat="det"|Id="27"|morphId="400040210061"|Unicode="δύο"|Lemma="δύο"|Lang="G"|StrongNumber="G14170"|Morph="EN,,,,AMP,"|Type="Number"|Case="Accusative"|Gender="Masculine"|Number="Plural"|English="two"
400040210071|ἀδελφούς,|400040210251|S|Cat="noun"|Id="29"|morphId="400040210071"|Unicode="ἀδελφούς,"|Lemma="ἀδελφός"|Lang="G"|StrongNumber="G00800"|Morph="N,,,,,AMP,"|Case="Accusative"|Gender="Masculine"|Number="Plural"|English="brothers"
400040210081|Ἰάκωβον|400040210071|np|Cat="noun"|Id="33"|morphId="400040210081"|Unicode="Ἰάκωβον"|Lemma="Ἰάκωβος"|Lang="G"|StrongNumber="G23850"|Morph="N,,,,,AMS,"|Case="Accusative"|Gender="Masculine"|Number="Singular"|English="James"
400040210091|τὸν|400040210081|np|Cat="pron"|Id="36"|morphId="400040210091"|Unicode="τὸν"|Lemma="ὁ"|Lang="G"|StrongNumber="G35880"|Morph="RD,,,,AMS,"|Type="Demonstrative"|Case="Accusative"|Gender="Masculine"|Number="Singular"|English="the"
400040210101|τοῦ|400040210111|det|Cat="det"|Id="38"|morphId="400040210101"|Unicode="τοῦ"|Lemma="ὁ"|Lang="G"|StrongNumber="G35880"|Morph="EA,,,,GMS,"|Type="Article"|Case="Genitive"|Gender="Masculine"|Number="Singular"
400040210111|Ζεβεδαίου|400040210091|np|Cat="noun"|Id="40"|morphId="400040210111"|Unicode="Ζεβεδαίου"|Lemma="Ζεβεδαῖος"|Lang="G"|StrongNumber="G21990"|Morph="N,,,,,GMS,"|Case="Genitive"|Gender="Masculine"|Number="Singular"|English="of Zebedee"
400040210121|καὶ|400040210081|conj|Cat="conj"|Id="41"|morphId="400040210121"|Unicode="καὶ"|Lemma="καί"|Lang="G"|StrongNumber="G25320"|Morph="CC,,,,,,,,"|Type="Coordinating"|English="and"
400040210131|Ἰωάννην|400040210081|np|Cat="noun"|Id="44"|morphId="400040210131"|Unicode="Ἰωάννην"|Lemma="Ἰωάννης"|Lang="G"|StrongNumber="G24910"|Morph="N,,,,,AMS,"|Case="Accusative"|Gender="Masculine"|Number="Singular"|English="John"
400040210141|τὸν|400040210151|det|Cat="det"|Id="46"|morphId="400040210141"|Unicode="τὸν"|Lemma="ὁ"|Lang="G"|StrongNumber="G35880"|Morph="EA,,,,AMS,"|Type="Article"|Case="Accusative"|Gender="Masculine"|Number="Singular"|English="the"
400040210151|ἀδελφὸν|400040210131|np|Cat="noun"|Id="49"|morphId="400040210151"|Unicode="ἀδελφὸν"|Lemma="ἀδελφός"|Lang="G"|StrongNumber="G00800"|Morph="N,,,,,AMS,"|Case="Accusative"|Gender="Masculine"|Number="Singular"|English="brother"
400040210161|αὐτοῦ,|400040210151|np|Cat="pron"|Id="51"|morphId="400040210161"|Unicode="αὐτοῦ,"|Lemma="αὐτός"|Lang="G"|StrongNumber="G08460"|Morph="RP,,,3GMS,"|Type="Personal"|Person="Third"|Case="Genitive"|Gender="Masculine"|Number="Singular"|English="of him"
400040210171|ἐν|400040210191|prep|Cat="prep"|Id="54"|morphId="400040210171"|Unicode="ἐν"|Lemma="ἐν"|Lang="G"|StrongNumber="G17220"|Morph="P,,,,,D,,,"|Case="Dative"|English="in"
400040210181|τῷ|400040210191|det|Cat="det"|Id="56"|morphId="400040210181"|Unicode="τῷ"|Lemma="ὁ"|Lang="G"|StrongNumber="G35880"|Morph="EA,,,,DNS,"|Type="Article"|Case="Dative"|Gender="Neuter"|Number="Singular"|English="the"
400040210191|πλοίῳ|400040210251|ADV|Cat="noun"|Id="58"|morphId="400040210191"|Unicode="πλοίῳ"|Lemma="πλοῖον"|Lang="G"|StrongNumber="G41430"|Morph="N,,,,,DNS,"|Case="Dative"|Gender="Neuter"|Number="Singular"|English="boat"
400040210201|μετὰ|400040210211|prep|Cat="prep"|Id="61"|morphId="400040210201"|Unicode="μετὰ"|Lemma="μετά"|Lang="G"|StrongNumber="G33260"|Morph="P,,,,,G,,,"|Case="Genitive"|English="with"
400040210211|Ζεβεδαίου|400040210251|ADV|Cat="noun"|Id="64"|morphId="400040210211"|Unicode="Ζεβεδαίου"|Lemma="Ζεβεδαῖος"|Lang="G"|StrongNumber="G21990"|Morph="N,,,,,GMS,"|Case="Genitive"|Gender="Masculine"|Number="Singular"|English="Zebedee"
400040210221|τοῦ|400040210231|det|Cat="det"|Id="66"|morphId="400040210221"|Unicode="τοῦ"|Lemma="ὁ"|Lang="G"|StrongNumber="G35880"|Morph="EA,,,,GMS,"|Type="Article"|Case="Genitive"|Gender="Masculine"|Number="Singular"|English="the"
400040210231|πατρὸς|400040210211|np|Cat="noun"|Id="69"|morphId="400040210231"|Unicode="πατρὸς"|Lemma="πατήρ"|Lang="G"|StrongNumber="G39620"|Morph="N,,,,,GMS,"|Case="Genitive"|Gender="Masculine"|Number="Singular"|English="father"
400040210241|αὐτῶν,|400040210231|np|Cat="pron"|Id="71"|morphId="400040210241"|Unicode="αὐτῶν,"|Lemma="αὐτός"|Lang="G"|StrongNumber="G08460"|Morph="RP,,,3GMP,"|Type="Personal"|Person="Third"|Case="Genitive"|Gender="Masculine"|Number="Plural"|English="of them"
400040210251|καταρτίζοντας|400040210041|O|Cat="verb"|Id="74"|morphId="400040210251"|Unicode="καταρτίζοντας"|Lemma="καταρτίζω"|Lang="G"|StrongNumber="G26750"|Morph="V,PPA,AMP,"|Mood="Participle"|Tense="Present"|Voice="Active"|Case="Accusative"|Gender="Masculine"|Number="Plural"|English="mending"
400040210261|τὰ|400040210271|det|Cat="det"|Id="77"|morphId="400040210261"|Unicode="τὰ"|Lemma="ὁ"|Lang="G"|StrongNumber="G35880"|Morph="EA,,,,ANP,"|Type="Article"|Case="Accusative"|Gender="Neuter"|Number="Plural"|English="the"
400040210271|δίκτυα|400040210251|O|Cat="noun"|Id="80"|morphId="400040210271"|Unicode="δίκτυα"|Lemma="δίκτυον"|Lang="G"|StrongNumber="G13500"|Morph="N,,,,,ANP,"|Case="Accusative"|Gender="Neuter"|Number="Plural"|English="nets"
400040210281|αὐτῶν;|400040210271|np|Cat="pron"|Id="82"|morphId="400040210281"|Unicode="αὐτῶν;"|Lemma="αὐτός"|Lang="G"|StrongNumber="G08460"|Morph="RP,,,3GMP,"|Type="Personal"|Person="Third"|Case="Genitive"|Gender="Masculine"|Number="Plural"|English="of them"
400040210291|καὶ|400040210301|conj|Cat="conj"|Id="84"|morphId="400040210291"|Unicode="καὶ"|Lemma="καί"|Lang="G"|StrongNumber="G25320"|Morph="CC,,,,,,,,"|Type="Coordinating"|English="and"
400040210301|ἐκάλεσεν|400040210041|CL|Cat="verb"|Id="88"|morphId="400040210301"|Unicode="ἐκάλεσεν"|Lemma="καλέω"|Lang="G"|StrongNumber="G25640"|Morph="V,IAA3,,S,"|Mood="Indicative"|Tense="Aorist"|Voice="Active"|Person="Third"|Number="Singular"|English="he called"
400040210311|αὐτούς.|400040210301|O|Cat="pron"|Id="91"|morphId="400040210311"|Unicode="αὐτούς."|Lemma="αὐτός"|Lang="G"|StrongNumber="G08460"|Morph="RP,,,3AMP,"|Type="Personal"|Person="Third"|Case="Accusative"|Gender="Masculine"|Number="Plural"|English="them"
400040220021|δὲ|400040220111|conj|Cat="conj"|Id="3"|morphId="400040220021"|Unicode="δὲ"|Lemma="δέ"|Lang="G"|StrongNumber="G11610"|Morph="CC,,,,,,,,"|Type="Coordinating"|English="and"
400040220011|οἱ|400040220111|S|Cat="pron"|Id="7"|morphId="400040220011"|Unicode="οἱ"|Lemma="ὁ"|Lang="G"|StrongNumber="G35880"|Morph="RD,,,,NMP,"|Type="Demonstrative"|Case="Nominative"|Gender="Masculine"|Number="Plural"|English="they"
400040220031|εὐθέως|400040220111|ADV|Cat="adv"|Id="10"|morphId="400040220031"|Unicode="εὐθέως"|Lemma="εὐθέως"|Lang="G"|StrongNumber="G21120"|Morph="D,,,,,,,,,"|English="immediately"
400040220041|ἀφέντες|400040220111|ADV|Cat="verb"|Id="15"|morphId="400040220041"|Unicode="ἀφέντες"|Lemma="ἀφίημι"|Lang="G"|StrongNumber="G08630"|Morph="V,PAA,NMP,"|Mood="Participle"|Tense="Aorist"|Voice="Active"|Case="Nominative"|Gender="Masculine"|Number="Plural"|English="left"
400040220051|τὸ|400040220061|det|Cat="det"|Id="19"|morphId="400040220051"|Unicode="τὸ"|Lemma="ὁ"|Lang="G"|StrongNumber="G35880"|Morph="EA,,,,ANS,"|Type="Article"|Case="Accusative"|Gender="Neuter"|Number="Singular"|English="the"
400040220061|πλοῖον|400040220041|O|Cat="noun"|Id="21"|morphId="400040220061"|Unicode="πλοῖον"|Lemma="πλοῖον"|Lang="G"|StrongNumber="G41430"|Morph="N,,,,,ANS,"|Case="Accusative"|Gender="Neuter"|Number="Singular"|English="boat"
400040220071|καὶ|400040220061|conj|Cat="conj"|Id="22"|morphId="400040220071"|Unicode="καὶ"|Lemma="καί"|Lang="G"|StrongNumber="G25320"|Morph="CC,,,,,,,,"|Type="Coordinating"|English="and"
400040220081|τὸν|400040220091|det|Cat="det"|Id="24"|morphId="400040220081"|Unicode="τὸν"|Lemma="ὁ"|Lang="G"|StrongNumber="G35880"|Morph="EA,,,,AMS,"|Type="Article"|Case="Accusative"|Gender="Masculine"|Number="Singular"|English="the"
400040220091|πατέρα|400040220061|np|Cat="noun"|Id="27"|morphId="400040220091"|Unicode="πατέρα"|Lemma="πατήρ"|Lang="G"|StrongNumber="G39620"|Morph="N,,,,,AMS,"|Case="Accusative"|Gender="Masculine"|Number="Singular"|English="father"
400040220101|αὐτῶν,|400040220091|np|Cat="pron"|Id="29"|morphId="400040220101"|Unicode="αὐτῶν,"|Lemma="αὐτός"|Lang="G"|StrongNumber="G08460"|Morph="RP,,,3GMP,"|Type="Personal"|Person="Third"|Case="Genitive"|Gender="Masculine"|Number="Plural"|English="of them"
400040220111|ἠκολούθησαν|None|CL|Cat="verb"|Id="32"|morphId="400040220111"|Unicode="ἠκολούθησαν"|Lemma="ἀκολουθέω"|Lang="G"|StrongNumber="G01900"|Morph="V,IAA3,,P,"|Mood="Indicative"|Tense="Aorist"|Voice="Active"|Person="Third"|Number="Plural"|English="followed"
400040220121|αὐτῷ.|400040220111|O|Cat="pron"|Id="35"|morphId="400040220121"|Unicode="αὐτῷ."|Lemma="αὐτός"|Lang="G"|StrongNumber="G08460"|Morph="RP,,,3DMS,"|Type="Personal"|Person="Third"|Case="Dative"|Gender="Masculine"|Number="Singular"|English="him"
400040230011|καὶ|400040230021|conj|Cat="conj"|Id="3"|morphId="400040230011"|Unicode="καὶ"|Lemma="καί"|Lang="G"|StrongNumber="G25320"|Morph="CC,,,,,,,,"|Type="Coordinating"|English="and"
400040230021|περιῆγεν|None|CL|Cat="verb"|Id="7"|morphId="400040230021"|Unicode="περιῆγεν"|Lemma="περιάγω"|Lang="G"|StrongNumber="G40130"|Morph="V,IIA3,,S,"|Mood="Indicative"|Tense="Imperfect"|Voice="Active"|Person="Third"|Number="Singular"|English="jesus went"
400040230031|ἐν|400040230061|prep|Cat="prep"|Id="10"|morphId="400040230031"|Unicode="ἐν"|Lemma="ἐν"|Lang="G"|StrongNumber="G17220"|Morph="P,,,,,D,,,"|Case="Dative"|English="throughout"
400040230041|ὅλῃ|400040230061|adjp|Cat="det"|Id="14"|morphId="400040230041"|Unicode="ὅλῃ"|Lemma="ὅλος"|Lang="G"|StrongNumber="G36500"|Morph="EQ,,,,DFS,"|Type="Quantifier"|Case="Dative"|Gender="Feminine"|Number="Singular"|English="all"
400040230051|τῇ|400040230061|det|Cat="det"|Id="16"|morphId="400040230051"|Unicode="τῇ"|Lemma="ὁ"|Lang="G"|StrongNumber="G35880"|Morph="EA,,,,DFS,"|Type="Article"|Case="Dative"|Gender="Feminine"|Number="Singular"
400040230061|Γαλιλαίᾳ,|400040230021|ADV|Cat="noun"|Id="18"|morphId="400040230061"|Unicode="Γαλιλαίᾳ,"|Lemma="Γαλιλαία"|Lang="G"|StrongNumber="G10560"|Morph="N,,,,,DFS,"|Case="Dative"|Gender="Feminine"|Number="Singular"|English="Galilee"
400040230071|διδάσκων|400040230021|ADV|Cat="verb"|Id="24"|morphId="400040230071"|Unicode="διδάσκων"|Lemma="διδάσκω"|Lang="G"|StrongNumber="G13210"|Morph="V,PPA,NMS,"|Mood="Participle"|Tense="Present"|Voice="Active"|Case="Nominative"|Gender="Masculine"|Number="Singular"|English="teaching"
400040230081|ἐν|400040230101|prep|Cat="prep"|Id="27"|morphId="400040230081"|Unicode="ἐν"|Lemma="ἐν"|Lang="G"|StrongNumber="G17220"|Morph="P,,,,,D,,,"|Case="Dative"|English="in"
400040230091|ταῖς|400040230101|det|Cat="det"|Id="29"|morphId="400040230091"|Unicode="ταῖς"|Lemma="ὁ"|Lang="G"|StrongNumber="G35880"|Morph="EA,,,,DFP,"|Type="Article"|Case="Dative"|Gender="Feminine"|Number="Plural"|English="the"
400040230101|συναγωγαῖς|400040230071|ADV|Cat="noun"|Id="32"|morphId="400040230101"|Unicode="συναγωγαῖς"|Lemma="συναγωγή"|Lang="G"|StrongNumber="G48640"|Morph="N,,,,,DFP,"|Case="Dative"|Gender="Feminine"|Number="Plural"|English="synagogues"
400040230111|αὐτῶν,|400040230101|np|Cat="pron"|Id="34"|morphId="400040230111"|Unicode="αὐτῶν,"|Lemma="αὐτός"|Lang="G"|StrongNumber="G08460"|Morph="RP,,,3GMP,"|Type="Personal"|Person="Third"|Case="Genitive"|Gender="Masculine"|Number="Plural"|English="of them"
400040230121|καὶ|400040230071|conj|Cat="conj"|Id="35"|morphId="400040230121"|Unicode="καὶ"|Lemma="καί"|Lang="G"|StrongNumber="G25320"|Morph="CC,,,,,,,,"|Type="Coordinating"|English="and"
400040230131|κηρύσσων|400040230071|CL|Cat="verb"|Id="39"|morphId="400040230131"|Unicode="κηρύσσων"|Lemma="κηρύσσω"|Lang="G"|StrongNumber="G27840"|Morph="V,PPA,NMS,"|Mood="Participle"|Tense="Present"|Voice="Active"|Case="Nominative"|Gender="Masculine"|Number="Singular"|English="proclaiming"
400040230141|τὸ|400040230151|det|Cat="det"|Id="42"|morphId="400040230141"|Unicode="τὸ"|Lemma="ὁ"|Lang="G"|StrongNumber="G35880"|Morph="EA,,,,ANS,"|Type="Article"|Case="Accusative"|Gender="Neuter"|Number="Singular"|English="the"
400040230151|εὐαγγέλιον|400040230131|O|Cat="noun"|Id="45"|morphId="400040230151"|Unicode="εὐαγγέλιον"|Lemma="εὐαγγέλιον"|Lang="G"|StrongNumber="G20980"|Morph="N,,,,,ANS,"|Case="Accusative"|Gender="Neuter"|Number="Singular"|English="good news"
400040230161|τῆς|400040230171|det|Cat="det"|Id="47"|morphId="400040230161"|Unicode="τῆς"|Lemma="ὁ"|Lang="G"|StrongNumber="G35880"|Morph="EA,,,,GFS,"|Type="Article"|Case="Genitive"|Gender="Feminine"|Number="Singular"|English="the"
400040230171|βασιλείας,|400040230151|np|Cat="noun"|Id="49"|morphId="400040230171"|Unicode="βασιλείας,"|Lemma="βασιλεία"|Lang="G"|StrongNumber="G09320"|Morph="N,,,,,GFS,"|Case="Genitive"|Gender="Feminine"|Number="Singular"|English="of ~ kingdom"
400040230181|καὶ|400040230071|conj|Cat="conj"|Id="50"|morphId="400040230181"|Unicode="καὶ"|Lemma="καί"|Lang="G"|StrongNumber="G25320"|Morph="CC,,,,,,,,"|Type="Coordinating"|English="and"
400040230191|θεραπεύων|400040230071|CL|Cat="verb"|Id="54"|morphId="400040230191"|Unicode="θεραπεύων"|Lemma="θεραπεύω"|Lang="G"|StrongNumber="G23230"|Morph="V,PPA,NMS,"|Mood="Participle"|Tense="Present"|Voice="Active"|Case="Nominative"|Gender="Masculine"|Number="Singular"|English="healing"
400040230201|πᾶσαν|400040230211|adjp|Cat="det"|Id="60"|morphId="400040230201"|Unicode="πᾶσαν"|Lemma="πᾶς"|Lang="G"|StrongNumber="G39560"|Morph="EQ,,,,AFS,"|Type="Quantifier"|Case="Accusative"|Gender="Feminine"|Number="Singular"|English="every"
400040230211|νόσον|400040230191|O|Cat="noun"|Id="62"|morphId="400040230211"|Unicode="νόσον"|Lemma="νόσος"|Lang="G"|StrongNumber="G35540"|Morph="N,,,,,AFS,"|Case="Accusative"|Gender="Feminine"|Number="Singular"|English="disease"
400040230221|καὶ|400040230211|conj|Cat="conj"|Id="63"|morphId="400040230221"|Unicode="καὶ"|Lemma="καί"|Lang="G"|StrongNumber="G25320"|Morph="CC,,,,,,,,"|Type="Coordinating"|English="and"
400040230231|πᾶσαν|400040230241|adjp|Cat="det"|Id="67"|morphId="400040230231"|Unicode="πᾶσαν"|Lemma="πᾶς"|Lang="G"|StrongNumber="G39560"|Morph="EQ,,,,AFS,"|Type="Quantifier"|Case="Accusative"|Gender="Feminine"|Number="Singular"|English="every"
400040230241|μαλακίαν|400040230211|np|Cat="noun"|Id="69"|morphId="400040230241"|Unicode="μαλακίαν"|Lemma="μαλακία"|Lang="G"|StrongNumber="G31190"|Morph="N,,,,,AFS,"|Case="Accusative"|Gender="Feminine"|Number="Singular"|English="sickness"
400040230251|ἐν|400040230271|prep|Cat="prep"|Id="72"|morphId="400040230251"|Unicode="ἐν"|Lemma="ἐν"|Lang="G"|StrongNumber="G17220"|Morph="P,,,,,D,,,"|Case="Dative"|English="among"
400040230261|τῷ|400040230271|det|Cat="det"|Id="74"|morphId="400040230261"|Unicode="τῷ"|Lemma="ὁ"|Lang="G"|StrongNumber="G35880"|Morph="EA,,,,DMS,"|Type="Article"|Case="Dative"|Gender="Masculine"|Number="Singular"|English="the"
400040230271|λαῷ.|400040230191|ADV|Cat="noun"|Id="76"|morphId="400040230271"|Unicode="λαῷ."|Lemma="λαός"|Lang="G"|StrongNumber="G29920"|Morph="N,,,,,DMS,"|Case="Dative"|Gender="Masculine"|Number="Singular"|English="people"
400040240011|καὶ|400040240021|conj|Cat="conj"|Id="3"|morphId="400040240011"|Unicode="καὶ"|Lemma="καί"|Lang="G"|StrongNumber="G25320"|Morph="CC,,,,,,,,"|Type="Coordinating"|English="so"
400040240021|ἀπῆλθεν|None|CL|Cat="verb"|Id="7"|morphId="400040240021"|Unicode="ἀπῆλθεν"|Lemma="ἀπέρχομαι"|Lang="G"|StrongNumber="G05650"|Morph="V,IAA3,,S,"|Mood="Indicative"|Tense="Aorist"|Voice="Active"|Person="Third"|Number="Singular"|English="spread"
400040240031|ἡ|400040240041|det|Cat="det"|Id="10"|morphId="400040240031"|Unicode="ἡ"|Lemma="ὁ"|Lang="G"|StrongNumber="G35880"|Morph="EA,,,,NFS,"|Type="Article"|Case="Nominative"|Gender="Feminine"|Number="Singular"|English="the"
400040240041|ἀκοὴ|400040240021|S|Cat="noun"|Id="13"|morphId="400040240041"|Unicode="ἀκοὴ"|Lemma="ἀκοή"|Lang="G"|StrongNumber="G01890"|Morph="N,,,,,NFS,"|Case="Nominative"|Gender="Feminine"|Number="Singular"|English="fame"
400040240051|αὐτοῦ|400040240041|np|Cat="pron"|Id="15"|morphId="400040240051"|Unicode="αὐτοῦ"|Lemma="αὐτός"|Lang="G"|StrongNumber="G08460"|Morph="RP,,,3GMS,"|Type="Personal"|Person="Third"|Case="Genitive"|Gender="Masculine"|Number="Singular"|English="of him"
400040240061|εἰς|400040240091|prep|Cat="prep"|Id="18"|morphId="400040240061"|Unicode="εἰς"|Lemma="εἰς"|Lang="G"|StrongNumber="G15190"|Morph="P,,,,,A,,,"|Case="Accusative"|English="throughout"
400040240071|ὅλην|400040240091|adjp|Cat="det"|Id="22"|morphId="400040240071"|Unicode="ὅλην"|Lemma="ὅλος"|Lang="G"|StrongNumber="G36500"|Morph="EQ,,,,AFS,"|Type="Quantifier"|Case="Accusative"|Gender="Feminine"|Number="Singular"|English="all"
400040240081|τὴν|400040240091|det|Cat="det"|Id="24"|morphId="400040240081"|Unicode="τὴν"|Lemma="ὁ"|Lang="G"|StrongNumber="G35880"|Morph="EA,,,,AFS,"|Type="Article"|Case="Accusative"|Gender="Feminine"|Number="Singular"
400040240091|Συρίαν.|400040240021|ADV|Cat="noun"|Id="26"|morphId="400040240091"|Unicode="Συρίαν."|Lemma="Συρία"|Lang="G"|StrongNumber="G49470"|Morph="N,,,,,AFS,"|Case="Accusative"|Gender="Feminine"|Number="Singular"|English="Syria"
400040240101|καὶ|400040240111|conj|Cat="conj"|Id="28"|morphId="400040240101"|Unicode="καὶ"|Lemma="καί"|Lang="G"|StrongNumber="G25320"|Morph="CC,,,,,,,,"|Type="Coordinating"|English="and"
400040240111|προσήνεγκαν|400040240021|CL|Cat="verb"|Id="33"|morphId="400040240111"|Unicode="προσήνεγκαν"|Lemma="προσφέρω"|Lang="G"|StrongNumber="G43740"|Morph="V,IAA3,,P,"|Mood="Indicative"|Tense="Aorist"|Voice="Active"|Person="Third"|Number="Plural"|English="they brought"
400040240121|αὐτῷ|400040240111|IO|Cat="pron"|Id="36"|morphId="400040240121"|Unicode="αὐτῷ"|Lemma="αὐτός"|Lang="G"|StrongNumber="G08460"|Morph="RP,,,3DMS,"|Type="Personal"|Person="Third"|Case="Dative"|Gender="Masculine"|Number="Singular"|English="to him"
400040240131|πάντας|400040240161|adjp|Cat="det"|Id="42"|morphId="400040240131"|Unicode="πάντας"|Lemma="πᾶς"|Lang="G"|StrongNumber="G39560"|Morph="EQ,,,,AMP,"|Type="Quantifier"|Case="Accusative"|Gender="Masculine"|Number="Plural"|English="all"
400040240141|τοὺς|400040240161|det|Cat="pron"|Id="45"|morphId="400040240141"|Unicode="τοὺς"|Lemma="ὁ"|Lang="G"|StrongNumber="G35880"|Morph="RD,,,,AMP,"|Type="Demonstrative"|Case="Accusative"|Gender="Masculine"|Number="Plural"|English="those"
400040240151|κακῶς,|400040240161|ADV|Cat="adv"|Id="49"|morphId="400040240151"|Unicode="κακῶς,"|Lemma="κακῶς"|Lang="G"|StrongNumber="G25600"|Morph="D,,,,,,,,,"|English="illness"
400040240161|ἔχοντας|400040240111|O|Cat="verb"|Id="52"|morphId="400040240161"|Unicode="ἔχοντας"|Lemma="ἔχω"|Lang="G"|StrongNumber="G21920"|Morph="V,PPA,AMP,"|Mood="Participle"|Tense="Present"|Voice="Active"|Case="Accusative"|Gender="Masculine"|Number="Plural"|English="having"
400040240171|ποικίλαις|400040240181|adjp|Cat="adj"|Id="59"|morphId="400040240171"|Unicode="ποικίλαις"|Lemma="ποικίλος"|Lang="G"|StrongNumber="G41640"|Morph="AA,,,,DFP,"|Type="Ascriptive"|Case="Dative"|Gender="Feminine"|Number="Plural"|English="various"
400040240181|νόσοις,|400040240211|ADV|Cat="noun"|Id="62"|morphId="400040240181"|Unicode="νόσοις,"|Lemma="νόσος"|Lang="G"|StrongNumber="G35540"|Morph="N,,,,,DFP,"|Case="Dative"|Gender="Feminine"|Number="Plural"|English="with ~ diseases"
400040240191|καὶ|400040240181|conj|Cat="conj"|Id="63"|morphId="400040240191"|Unicode="καὶ"|Lemma="καί"|Lang="G"|StrongNumber="G25320"|Morph="CC,,,,,,,,"|Type="Coordinating"|English="and"
400040240201|βασάνοις|400040240181|np|Cat="noun"|Id="65"|morphId="400040240201"|Unicode="βασάνοις"|Lemma="βάσανος"|Lang="G"|StrongNumber="G09310"|Morph="N,,,,,DFP,"|Case="Dative"|Gender="Feminine"|Number="Plural"|English="pains"
400040240211|συνεχομένους,|400040240161|np|Cat="verb"|Id="68"|morphId="400040240211"|Unicode="συνεχομένους,"|Lemma="συνέχω"|Lang="G"|StrongNumber="G49120"|Morph="V,PPP,AMP,"|Mood="Participle"|Tense="Present"|Voice="Passive"|Case="Accusative"|Gender="Masculine"|Number="Plural"|English="those suffering"
400040240221|καὶ|400040240211|conj|Cat="conj"|Id="69"|morphId="400040240221"|Unicode="καὶ"|Lemma="καί"|Lang="G"|StrongNumber="G25320"|Morph="CC,,,,,,,,"|Type="Coordinating"|English="and"
400040240231|δαιμονιζομένους,|400040240211|np|Cat="verb"|Id="74"|morphId="400040240231"|Unicode="δαιμονιζομένους,"|Lemma="δαιμονίζομαι"|Lang="G"|StrongNumber="G11390"|Morph="V,PPM,AMP,"|Mood="Participle"|Tense="Present"|Voice="Middle"|Case="Accusative"|Gender="Masculine"|Number="Plural"|English="demon-possessed"
400040240241|καὶ|400040240211|conj|Cat="conj"|Id="75"|morphId="400040240241"|Unicode="καὶ"|Lemma="καί"|Lang="G"|StrongNumber="G25320"|Morph="CC,,,,,,,,"|Type="Coordinating"|English="and"
400040240251|σεληνιαζομένους,|400040240211|np|Cat="verb"|Id="80"|morphId="400040240251"|Unicode="σεληνιαζομένους,"|Lemma="σεληνιάζομαι"|Lang="G"|StrongNumber="G45830"|Morph="V,PPM,AMP,"|Mood="Participle"|Tense="Present"|Voice="Middle"|Case="Accusative"|Gender="Masculine"|Number="Plural"|English="epileptics"
400040240261|καὶ|400040240211|conj|Cat="conj"|Id="81"|morphId="400040240261"|Unicode="καὶ"|Lemma="καί"|Lang="G"|StrongNumber="G25320"|Morph="CC,,,,,,,,"|Type="Coordinating"|English="and"
400040240271|παραλυτικούς;|400040240211|np|Cat="noun"|Id="83"|morphId="400040240271"|Unicode="παραλυτικούς;"|Lemma="παραλυτικός"|Lang="G"|StrongNumber="G38850"|Morph="NS,,,,AMP,"|Type="Substantive_Adj"|Case="Accusative"|Gender="Masculine"|Number="Plural"|English="paralytics"
400040240281|καὶ|400040240111|conj|Cat="conj"|Id="84"|morphId="400040240281"|Unicode="καὶ"|Lemma="καί"|Lang="G"|StrongNumber="G25320"|Morph="CC,,,,,,,,"|Type="Coordinating"|English="and"
400040240291|ἐθεράπευσεν|400040240111|CL|Cat="verb"|Id="88"|morphId="400040240291"|Unicode="ἐθεράπευσεν"|Lemma="θεραπεύω"|Lang="G"|StrongNumber="G23230"|Morph="V,IAA3,,S,"|Mood="Indicative"|Tense="Aorist"|Voice="Active"|Person="Third"|Number="Singular"|English="he healed"
400040240301|αὐτούς.|400040240291|O|Cat="pron"|Id="91"|morphId="400040240301"|Unicode="αὐτούς."|Lemma="αὐτός"|Lang="G"|StrongNumber="G08460"|Morph="RP,,,3AMP,"|Type="Personal"|Person="Third"|Case="Accusative"|Gender="Masculine"|Number="Plural"|English="them"
400040250011|καὶ|400040250021|conj|Cat="conj"|Id="3"|morphId="400040250011"|Unicode="καὶ"|Lemma="καί"|Lang="G"|StrongNumber="G25320"|Morph="CC,,,,,,,,"|Type="Coordinating"|English="and"
400040250021|ἠκολούθησαν|None|CL|Cat="verb"|Id="7"|morphId="400040250021"|Unicode="ἠκολούθησαν"|Lemma="ἀκολουθέω"|Lang="G"|StrongNumber="G01900"|Morph="V,IAA3,,P,"|Mood="Indicative"|Tense="Aorist"|Voice="Active"|Person="Third"|Number="Plural"|English="followed"
400040250031|αὐτῷ|400040250021|O|Cat="pron"|Id="10"|morphId="400040250031"|Unicode="αὐτῷ"|Lemma="αὐτός"|Lang="G"|StrongNumber="G08460"|Morph="RP,,,3DMS,"|Type="Personal"|Person="Third"|Case="Dative"|Gender="Masculine"|Number="Singular"|English="him"
400040250041|ὄχλοι|400040250021|S|Cat="noun"|Id="15"|morphId="400040250041"|Unicode="ὄχλοι"|Lemma="ὄχλος"|Lang="G"|StrongNumber="G37930"|Morph="N,,,,,NMP,"|Case="Nominative"|Gender="Masculine"|Number="Plural"|English="crowds"
400040250051|πολλοὶ|400040250041|adjp|Cat="det"|Id="18"|morphId="400040250051"|Unicode="πολλοὶ"|Lemma="πολλός"|Lang="G"|StrongNumber="G41830"|Morph="EQ,,,,NMP,"|Type="Quantifier"|Case="Nominative"|Gender="Masculine"|Number="Plural"|English="large"
400040250061|ἀπὸ|400040250081|prep|Cat="prep"|Id="21"|morphId="400040250061"|Unicode="ἀπὸ"|Lemma="ἀπό"|Lang="G"|StrongNumber="G05750"|Morph="P,,,,,G,,,"|Case="Genitive"|English="from"
400040250071|τῆς|400040250081|det|Cat="det"|Id="23"|morphId="400040250071"|Unicode="τῆς"|Lemma="ὁ"|Lang="G"|StrongNumber="G35880"|Morph="EA,,,,GFS,"|Type="Article"|Case="Genitive"|Gender="Feminine"|Number="Singular"
400040250081|Γαλιλαίας,|400040250041|pp|Cat="noun"|Id="26"|morphId="400040250081"|Unicode="Γαλιλαίας,"|Lemma="Γαλιλαία"|Lang="G"|StrongNumber="G10560"|Morph="N,,,,,GFS,"|Case="Genitive"|Gender="Feminine"|Number="Singular"|English="Galilee"
400040250091|καὶ|400040250081|conj|Cat="conj"|Id="27"|morphId="400040250091"|Unicode="καὶ"|Lemma="καί"|Lang="G"|StrongNumber="G25320"|Morph="CC,,,,,,,,"|Type="Coordinating"|English="and"
400040250101|Δεκαπόλεως,|400040250081|np|Cat="noun"|Id="29"|morphId="400040250101"|Unicode="Δεκαπόλεως,"|Lemma="Δεκάπολις"|Lang="G"|StrongNumber="G11790"|Morph="N,,,,,GFS,"|Case="Genitive"|Gender="Feminine"|Number="Singular"|English="Decapolis"
400040250111|καὶ|400040250081|conj|Cat="conj"|Id="30"|morphId="400040250111"|Unicode="καὶ"|Lemma="καί"|Lang="G"|StrongNumber="G25320"|Morph="CC,,,,,,,,"|Type="Coordinating"|English="and"
400040250121|Ἱεροσολύμων,|400040250081|np|Cat="noun"|Id="32"|morphId="400040250121"|Unicode="Ἱεροσολύμων,"|Lemma="Ἱεροσόλυμα"|Lang="G"|StrongNumber="G24140"|Morph="N,,,,,GNP,"|Case="Genitive"|Gender="Neuter"|Number="Plural"|English="Jerusalem"
400040250131|καὶ|400040250081|conj|Cat="conj"|Id="33"|morphId="400040250131"|Unicode="καὶ"|Lemma="καί"|Lang="G"|StrongNumber="G25320"|Morph="CC,,,,,,,,"|Type="Coordinating"|English="and"
400040250141|Ἰουδαίας,|400040250081|np|Cat="noun"|Id="35"|morphId="400040250141"|Unicode="Ἰουδαίας,"|Lemma="Ἰουδαία"|Lang="G"|StrongNumber="G24490"|Morph="N,,,,,GFS,"|Case="Genitive"|Gender="Feminine"|Number="Singular"|English="Judea"
400040250151|καὶ|400040250081|conj|Cat="conj"|Id="36"|morphId="400040250151"|Unicode="καὶ"|Lemma="καί"|Lang="G"|StrongNumber="G25320"|Morph="CC,,,,,,,,"|Type="Coordinating"|English="and"
400040250161|πέραν|400040250181|prep|Cat="prep"|Id="38"|morphId="400040250161"|Unicode="πέραν"|Lemma="πέραν"|Lang="G"|StrongNumber="G40080"|Morph="PI,,,,G,,,"|Type="Improper"|Case="Genitive"|English="beyond"
400040250171|τοῦ|400040250181|det|Cat="det"|Id="40"|morphId="400040250171"|Unicode="τοῦ"|Lemma="ὁ"|Lang="G"|StrongNumber="G35880"|Morph="EA,,,,GMS,"|Type="Article"|Case="Genitive"|Gender="Masculine"|Number="Singular"|English="the"
400040250181|Ἰορδάνου.|400040250081|pp|Cat="noun"|Id="42"|morphId="400040250181"|Unicode="Ἰορδάνου."|Lemma="Ἰορδάνης"|Lang="G"|StrongNumber="G24460"|Morph="N,,,,,GMS,"|Case="Genitive"|Gender="Masculine"|Number="Singular"|English="Jordan"
