410160010011|καὶ|410160010151|conj|Cat="conj"|Id="3"|morphId="410160010011"|Unicode="καὶ"|Lemma="καί"|Lang="G"|StrongNumber="G25320"|Morph="CC,,,,,,,,"|Type="Coordinating"|English="and"
410160010021|διαγενομένου|410160010151|CL|Cat="verb"|Id="8"|morphId="410160010021"|Unicode="διαγενομένου"|Lemma="διαγίνομαι"|Lang="G"|StrongNumber="G12300"|Morph="V,PAM,GNS,"|Mood="Participle"|Tense="Aorist"|Voice="Middle"|Case="Genitive"|Gender="Neuter"|Number="Singular"|English="when ~ was over"
410160010031|τοῦ|410160010041|det|Cat="det"|Id="11"|morphId="410160010031"|Unicode="τοῦ"|Lemma="ὁ"|Lang="G"|StrongNumber="G35880"|Morph="EA,,,,GNS,"|Type="Article"|Case="Genitive"|Gender="Neuter"|Number="Singular"|English="the"
410160010041|Σαββάτου,|410160010021|S|Cat="noun"|Id="13"|morphId="410160010041"|Unicode="Σαββάτου,"|Lemma="σάββατον"|Lang="G"|StrongNumber="G45210"|Morph="N,,,,,GNS,"|Case="Genitive"|Gender="Neuter"|Number="Singular"|English="sabbath"
410160010051|ἡ|410160010061|det|Cat="det"|Id="20"|morphId="410160010051"|Unicode="ἡ"|Lemma="ὁ"|Lang="G"|StrongNumber="G35880"|Morph="EA,,,,NFS,"|Type="Article"|Case="Nominative"|Gender="Feminine"|Number="Singular"|English="-"
410160010061|Μαρία|410160010151|S|Cat="noun"|Id="22"|morphId="410160010061"|Unicode="Μαρία"|Lemma="Μαρία"|Lang="G"|StrongNumber="G31370"|Morph="N,,,,,NFS,"|Case="Nominative"|Gender="Feminine"|Number="Singular"|English="Mary"
410160010071|ἡ|410160010081|det|Cat="det"|Id="24"|morphId="410160010071"|Unicode="ἡ"|Lemma="ὁ"|Lang="G"|StrongNumber="G35880"|Morph="EA,,,,NFS,"|Type="Article"|Case="Nominative"|Gender="Feminine"|Number="Singular"
410160010081|Μαγδαληνὴ,|410160010061|np|Cat="noun"|Id="26"|morphId="410160010081"|Unicode="Μαγδαληνὴ,"|Lemma="Μαγδαληνή"|Lang="G"|StrongNumber="G30940"|Morph="N,,,,,NFS,"|Case="Nominative"|Gender="Feminine"|Number="Singular"|English="Magdalene"
410160010091|καὶ|410160010061|conj|Cat="conj"|Id="27"|morphId="410160010091"|Unicode="καὶ"|Lemma="καί"|Lang="G"|StrongNumber="G25320"|Morph="CC,,,,,,,,"|Type="Coordinating"|English="and"
410160010101|Μαρία|410160010061|np|Cat="noun"|Id="30"|morphId="410160010101"|Unicode="Μαρία"|Lemma="Μαρία"|Lang="G"|StrongNumber="G31370"|Morph="N,,,,,NFS,"|Case="Nominative"|Gender="Feminine"|Number="Singular"|English="Mary"
410160010111|ἡ|410160010101|np|Cat="pron"|Id="33"|morphId="410160010111"|Unicode="ἡ"|Lemma="ὁ"|Lang="G"|StrongNumber="G35880"|Morph="RD,,,,NFS,"|Type="Demonstrative"|Case="Nominative"|Gender="Feminine"|Number="Singular"|English="the mother"
410160010121|Ἰακώβου,|410160010111|np|Cat="noun"|Id="35"|morphId="410160010121"|Unicode="Ἰακώβου,"|Lemma="Ἰάκωβος"|Lang="G"|StrongNumber="G23850"|Morph="N,,,,,GMS,"|Case="Genitive"|Gender="Masculine"|Number="Singular"|English="of James"
410160010131|καὶ|410160010061|conj|Cat="conj"|Id="36"|morphId="410160010131"|Unicode="καὶ"|Lemma="καί"|Lang="G"|StrongNumber="G25320"|Morph="CC,,,,,,,,"|Type="Coordinating"|English="and"
410160010141|Σαλώμη,|410160010061|np|Cat="noun"|Id="38"|morphId="410160010141"|Unicode="Σαλώμη,"|Lemma="Σαλώμη"|Lang="G"|StrongNumber="G45390"|Morph="N,,,,,NFS,"|Case="Nominative"|Gender="Feminine"|Number="Singular"|English="Salome"
410160010151|ἠγόρασαν|None|CL|Cat="verb"|Id="41"|morphId="410160010151"|Unicode="ἠγόρασαν"|Lemma="ἀγοράζω"|Lang="G"|StrongNumber="G00590"|Morph="V,IAA3,,P,"|Mood="Indicative"|Tense="Aorist"|Voice="Active"|Person="Third"|Number="Plural"|English="bought"
410160010161|ἀρώματα,|410160010151|O|Cat="noun"|Id="44"|morphId="410160010161"|Unicode="ἀρώματα,"|Lemma="ἄρωμα"|Lang="G"|StrongNumber="G07590"|Morph="N,,,,,ANP,"|Case="Accusative"|Gender="Neuter"|Number="Plural"|English="spices"
410160010171|ἵνα|410160010191|conj|Cat="conj"|Id="46"|morphId="410160010171"|Unicode="ἵνα"|Lemma="ἵνα"|Lang="G"|StrongNumber="G24430"|Morph="CS,,,,,,,,"|Type="Subordinating"|English="so that"
410160010181|ἐλθοῦσαι|410160010191|ADV|Cat="verb"|Id="52"|morphId="410160010181"|Unicode="ἐλθοῦσαι"|Lemma="ἔρχομαι"|Lang="G"|StrongNumber="G20640"|Morph="V,PAA,NFP,"|Mood="Participle"|Tense="Aorist"|Voice="Active"|Case="Nominative"|Gender="Feminine"|Number="Plural"|English="could go"
410160010191|ἀλείψωσιν|410160010151|CL|Cat="verb"|Id="55"|morphId="410160010191"|Unicode="ἀλείψωσιν"|Lemma="ἀλείφω"|Lang="G"|StrongNumber="G02180"|Morph="V,SAA3,,P,"|Mood="Subjunctive"|Tense="Aorist"|Voice="Active"|Person="Third"|Number="Plural"|English="they might ~ anoint"
410160010201|αὐτόν.|410160010191|O|Cat="pron"|Id="58"|morphId="410160010201"|Unicode="αὐτόν."|Lemma="αὐτός"|Lang="G"|StrongNumber="G08460"|Morph="RP,,,3AMS,"|Type="Personal"|Person="Third"|Case="Accusative"|Gender="Masculine"|Number="Singular"|English="him"
410160020011|καὶ|410160020081|conj|Cat="conj"|Id="3"|morphId="410160020011"|Unicode="καὶ"|Lemma="καί"|Lang="G"|StrongNumber="G25320"|Morph="CC,,,,,,,,"|Type="Coordinating"|English="and"
410160020021|λείαν|410160020081|ADV|Cat="adv"|Id="9"|morphId="410160020021"|Unicode="λείαν"|Lemma="λείαν"|Lang="G"|StrongNumber="G30290"|Morph="D,,,,,,,,,"|English="very"
410160020031|πρωῒ|410160020021|ADV|Cat="adv"|Id="12"|morphId="410160020031"|Unicode="πρωῒ"|Lemma="πρωΐ"|Lang="G"|StrongNumber="G44040"|Morph="D,,,,,,,,,"|English="early"
410160020041|τῇ|410160020051|det|Cat="det"|Id="15"|morphId="410160020041"|Unicode="τῇ"|Lemma="ὁ"|Lang="G"|StrongNumber="G35880"|Morph="EA,,,,DFS,"|Type="Article"|Case="Dative"|Gender="Feminine"|Number="Singular"|English="the"
410160020051|μιᾷ|410160020081|ADV|Cat="noun"|Id="18"|morphId="410160020051"|Unicode="μιᾷ"|Lemma="εἷς"|Lang="G"|StrongNumber="G15200"|Morph="NS,,,,DFS,"|Type="Substantive_Adj"|Case="Dative"|Gender="Feminine"|Number="Singular"|English="on ~ first day"
410160020061|τῶν|410160020071|det|Cat="det"|Id="20"|morphId="410160020061"|Unicode="τῶν"|Lemma="ὁ"|Lang="G"|StrongNumber="G35880"|Morph="EA,,,,GNP,"|Type="Article"|Case="Genitive"|Gender="Neuter"|Number="Plural"|English="the"
410160020071|σαββάτων,|410160020051|np|Cat="noun"|Id="22"|morphId="410160020071"|Unicode="σαββάτων,"|Lemma="σάββατον"|Lang="G"|StrongNumber="G45210"|Morph="N,,,,,GNP,"|Case="Genitive"|Gender="Neuter"|Number="Plural"|English="of ~ week"
410160020081|ἔρχονται|None|CL|Cat="verb"|Id="25"|morphId="410160020081"|Unicode="ἔρχονται"|Lemma="ἔρχομαι"|Lang="G"|StrongNumber="G20640"|Morph="V,IPM3,,P,"|Mood="Indicative"|Tense="Present"|Voice="Middle"|Person="Third"|Number="Plural"|English="they came"
410160020091|ἐπὶ|410160020111|prep|Cat="prep"|Id="28"|morphId="410160020091"|Unicode="ἐπὶ"|Lemma="ἐπί"|Lang="G"|StrongNumber="G19090"|Morph="P,,,,,A,,,"|Case="Accusative"|English="to"
410160020101|τὸ|410160020111|det|Cat="det"|Id="30"|morphId="410160020101"|Unicode="τὸ"|Lemma="ὁ"|Lang="G"|StrongNumber="G35880"|Morph="EA,,,,ANS,"|Type="Article"|Case="Accusative"|Gender="Neuter"|Number="Singular"|English="the"
410160020111|μνημεῖον,|410160020081|ADV|Cat="noun"|Id="32"|morphId="410160020111"|Unicode="μνημεῖον,"|Lemma="μνημεῖον"|Lang="G"|StrongNumber="G34190"|Morph="N,,,,,ANS,"|Case="Accusative"|Gender="Neuter"|Number="Singular"|English="tomb"
410160020121|ἀνατείλαντος|410160020081|CL|Cat="verb"|Id="36"|morphId="410160020121"|Unicode="ἀνατείλαντος"|Lemma="ἀνατέλλω"|Lang="G"|StrongNumber="G03930"|Morph="V,PAA,GMS,"|Mood="Participle"|Tense="Aorist"|Voice="Active"|Case="Genitive"|Gender="Masculine"|Number="Singular"|English="when ~ had risen"
410160020131|τοῦ|410160020141|det|Cat="det"|Id="39"|morphId="410160020131"|Unicode="τοῦ"|Lemma="ὁ"|Lang="G"|StrongNumber="G35880"|Morph="EA,,,,GMS,"|Type="Article"|Case="Genitive"|Gender="Masculine"|Number="Singular"|English="the"
410160020141|ἡλίου.|410160020121|S|Cat="noun"|Id="41"|morphId="410160020141"|Unicode="ἡλίου."|Lemma="ἥλιος"|Lang="G"|StrongNumber="G22460"|Morph="N,,,,,GMS,"|Case="Genitive"|Gender="Masculine"|Number="Singular"|English="sun"
410160030011|καὶ|410160030021|conj|Cat="conj"|Id="3"|morphId="410160030011"|Unicode="καὶ"|Lemma="καί"|Lang="G"|StrongNumber="G25320"|Morph="CC,,,,,,,,"|Type="Coordinating"|English="and"
410160030021|ἔλεγον|None|CL|Cat="verb"|Id="8"|morphId="410160030021"|Unicode="ἔλεγον"|Lemma="λέγω"|Lang="G"|StrongNumber="G30040"|Morph="V,IIA3,,P,"|Mood="Indicative"|Tense="Imperfect"|Voice="Active"|Person="Third"|Number="Plural"|English="they were saying"
410160030031|πρὸς|410160030041|prep|Cat="prep"|Id="11"|morphId="410160030031"|Unicode="πρὸς"|Lemma="πρός"|Lang="G"|StrongNumber="G43140"|Morph="P,,,,,A,,,"|Case="Accusative"|English="to"
410160030041|ἑαυτάς,|410160030021|ADV|Cat="pron"|Id="13"|morphId="410160030041"|Unicode="ἑαυτάς,"|Lemma="ἑαυτοῦ"|Lang="G"|StrongNumber="G14380"|Morph="RE,,,3AFP,"|Type="Reflexive"|Person="Third"|Case="Accusative"|Gender="Feminine"|Number="Plural"|English="themselves"
410160030051|τίς|410160030061|S|Cat="pron"|Id="17"|morphId="410160030051"|Unicode="τίς"|Lemma="τίς"|Lang="G"|StrongNumber="G51010"|Morph="RT,,,,NMS,"|Type="Interrogative"|Case="Nominative"|Gender="Masculine"|Number="Singular"|English="who"
410160030061|ἀποκυλίσει|410160030021|CL|Cat="verb"|Id="20"|morphId="410160030061"|Unicode="ἀποκυλίσει"|Lemma="ἀποκυλίω"|Lang="G"|StrongNumber="G06170"|Morph="V,IFA3,,S,"|Mood="Indicative"|Tense="Future"|Voice="Active"|Person="Third"|Number="Singular"|English="will roll away"
410160030071|ἡμῖν|410160030061|IO|Cat="pron"|Id="23"|morphId="410160030071"|Unicode="ἡμῖν"|Lemma="ἐγώ"|Lang="G"|StrongNumber="G14730"|Morph="RP,,,1D,P,"|Type="Personal"|Person="First"|Case="Dative"|Number="Plural"|English="for us"
410160030081|τὸν|410160030091|det|Cat="det"|Id="26"|morphId="410160030081"|Unicode="τὸν"|Lemma="ὁ"|Lang="G"|StrongNumber="G35880"|Morph="EA,,,,AMS,"|Type="Article"|Case="Accusative"|Gender="Masculine"|Number="Singular"|English="the"
410160030091|λίθον|410160030061|O|Cat="noun"|Id="28"|morphId="410160030091"|Unicode="λίθον"|Lemma="λίθος"|Lang="G"|StrongNumber="G30370"|Morph="N,,,,,AMS,"|Case="Accusative"|Gender="Masculine"|Number="Singular"|English="stone"
410160030101|ἐκ|410160030121|prep|Cat="prep"|Id="31"|morphId="410160030101"|Unicode="ἐκ"|Lemma="ἐκ"|Lang="G"|StrongNumber="G15370"|Morph="P,,,,,G,,,"|Case="Genitive"|English="from"
410160030111|τῆς|410160030121|det|Cat="det"|Id="33"|morphId="410160030111"|Unicode="τῆς"|Lemma="ὁ"|Lang="G"|StrongNumber="G35880"|Morph="EA,,,,GFS,"|Type="Article"|Case="Genitive"|Gender="Feminine"|Number="Singular"|English="the"
410160030121|θύρας|410160030061|ADV|Cat="noun"|Id="36"|morphId="410160030121"|Unicode="θύρας"|Lemma="θύρα"|Lang="G"|StrongNumber="G23740"|Morph="N,,,,,GFS,"|Case="Genitive"|Gender="Feminine"|Number="Singular"|English="entrance"
410160030131|τοῦ|410160030141|det|Cat="det"|Id="38"|morphId="410160030131"|Unicode="τοῦ"|Lemma="ὁ"|Lang="G"|StrongNumber="G35880"|Morph="EA,,,,GNS,"|Type="Article"|Case="Genitive"|Gender="Neuter"|Number="Singular"|English="the"
410160030141|μνημείου?|410160030121|np|Cat="noun"|Id="40"|morphId="410160030141"|Unicode="μνημείου?"|Lemma="μνημεῖον"|Lang="G"|StrongNumber="G34190"|Morph="N,,,,,GNS,"|Case="Genitive"|Gender="Neuter"|Number="Singular"|English="of ~ tomb"
410160040011|καὶ|410160040031|conj|Cat="conj"|Id="3"|morphId="410160040011"|Unicode="καὶ"|Lemma="καί"|Lang="G"|StrongNumber="G25320"|Morph="CC,,,,,,,,"|Type="Coordinating"|English="but"
410160040021|ἀναβλέψασαι|410160040031|ADV|Cat="verb"|Id="11"|morphId="410160040021"|Unicode="ἀναβλέψασαι"|Lemma="ἀναβλέπω"|Lang="G"|StrongNumber="G03080"|Morph="V,PAA,NFP,"|Mood="Participle"|Tense="Aorist"|Voice="Active"|Case="Nominative"|Gender="Feminine"|Number="Plural"|English="looking up"
410160040031|θεωροῦσιν|None|CL|Cat="verb"|Id="14"|morphId="410160040031"|Unicode="θεωροῦσιν"|Lemma="θεωρέω"|Lang="G"|StrongNumber="G23340"|Morph="V,IPA3,,P,"|Mood="Indicative"|Tense="Present"|Voice="Active"|Person="Third"|Number="Plural"|English="they saw"
410160040041|ὅτι|410160040051|conj|Cat="conj"|Id="16"|morphId="410160040041"|Unicode="ὅτι"|Lemma="ὅτι"|Lang="G"|StrongNumber="G37540"|Morph="CS,,,,,,,,"|Type="Subordinating"|English="that"
410160040051|ἀποκεκύλισται|410160040031|CL|Cat="verb"|Id="20"|morphId="410160040051"|Unicode="ἀποκεκύλισται"|Lemma="ἀποκυλίω"|Lang="G"|StrongNumber="G06170"|Morph="V,IEP3,,S,"|Mood="Indicative"|Tense="Perfect"|Voice="Passive"|Person="Third"|Number="Singular"|English="had been rolled away"
410160040061|ὁ|410160040071|det|Cat="det"|Id="23"|morphId="410160040061"|Unicode="ὁ"|Lemma="ὁ"|Lang="G"|StrongNumber="G35880"|Morph="EA,,,,NMS,"|Type="Article"|Case="Nominative"|Gender="Masculine"|Number="Singular"|English="the"
410160040071|λίθος;|410160040051|S|Cat="noun"|Id="25"|morphId="410160040071"|Unicode="λίθος;"|Lemma="λίθος"|Lang="G"|StrongNumber="G30370"|Morph="N,,,,,NMS,"|Case="Nominative"|Gender="Masculine"|Number="Singular"|English="stone"
410160040091|γὰρ|410160040101|conj|Cat="conj"|Id="27"|morphId="410160040091"|Unicode="γὰρ"|Lemma="γάρ"|Lang="G"|StrongNumber="G10630"|Morph="CC,,,,,,,,"|Type="Coordinating"|English="for"
410160040081|ἦν|410160040101|VC|Cat="verb"|Id="31"|morphId="410160040081"|Unicode="ἦν"|Lemma="εἰμί"|Lang="G"|StrongNumber="G15100"|Morph="V,IIA3,,S,"|Mood="Indicative"|Tense="Imperfect"|Voice="Active"|Person="Third"|Number="Singular"|English="it was"
410160040101|μέγας|410160040031|CL|Cat="noun"|Id="36"|morphId="410160040101"|Unicode="μέγας"|Lemma="μέγας"|Lang="G"|StrongNumber="G31730"|Morph="NS,,,,NMS,"|Type="Substantive_Adj"|Case="Nominative"|Gender="Masculine"|Number="Singular"|English="large"
410160040111|σφόδρα.|410160040101|advp|Cat="adv"|Id="38"|morphId="410160040111"|Unicode="σφόδρα."|Lemma="σφόδρα"|Lang="G"|StrongNumber="G49700"|Morph="D,,,,,,,,,"|English="very"
410160050011|καὶ|410160050061|conj|Cat="conj"|Id="3"|morphId="410160050011"|Unicode="καὶ"|Lemma="καί"|Lang="G"|StrongNumber="G25320"|Morph="CC,,,,,,,,"|Type="Coordinating"|English="and"
410160050021|εἰσελθοῦσαι|410160050061|ADV|Cat="verb"|Id="10"|morphId="410160050021"|Unicode="εἰσελθοῦσαι"|Lemma="εἰσέρχομαι"|Lang="G"|StrongNumber="G15250"|Morph="V,PAA,NFP,"|Mood="Participle"|Tense="Aorist"|Voice="Active"|Case="Nominative"|Gender="Feminine"|Number="Plural"|English="were going"
410160050031|εἰς|410160050051|prep|Cat="prep"|Id="13"|morphId="410160050031"|Unicode="εἰς"|Lemma="εἰς"|Lang="G"|StrongNumber="G15190"|Morph="P,,,,,A,,,"|Case="Accusative"|English="into"
410160050041|τὸ|410160050051|det|Cat="det"|Id="15"|morphId="410160050041"|Unicode="τὸ"|Lemma="ὁ"|Lang="G"|StrongNumber="G35880"|Morph="EA,,,,ANS,"|Type="Article"|Case="Accusative"|Gender="Neuter"|Number="Singular"|English="the"
410160050051|μνημεῖον,|410160050021|ADV|Cat="noun"|Id="17"|morphId="410160050051"|Unicode="μνημεῖον,"|Lemma="μνημεῖον"|Lang="G"|StrongNumber="G34190"|Morph="N,,,,,ANS,"|Case="Accusative"|Gender="Neuter"|Number="Singular"|English="tomb"
410160050061|εἶδον|None|CL|Cat="verb"|Id="20"|morphId="410160050061"|Unicode="εἶδον"|Lemma="ὁράω"|Lang="G"|StrongNumber="G37080"|Morph="V,IAA3,,P,"|Mood="Indicative"|Tense="Aorist"|Voice="Active"|Person="Third"|Number="Plural"|English="they saw"
410160050071|νεανίσκον|410160050081|S|Cat="noun"|Id="25"|morphId="410160050071"|Unicode="νεανίσκον"|Lemma="νεανίσκος"|Lang="G"|StrongNumber="G34950"|Morph="N,,,,,AMSD"|Case="Accusative"|Gender="Masculine"|Number="Singular"|English="a young man"
410160050081|καθήμενον|410160050061|O|Cat="verb"|Id="28"|morphId="410160050081"|Unicode="καθήμενον"|Lemma="κάθημαι"|Lang="G"|StrongNumber="G25210"|Morph="V,PPM,AMS,"|Mood="Participle"|Tense="Present"|Voice="Middle"|Case="Accusative"|Gender="Masculine"|Number="Singular"|English="sitting"
410160050091|ἐν|410160050111|prep|Cat="prep"|Id="31"|morphId="410160050091"|Unicode="ἐν"|Lemma="ἐν"|Lang="G"|StrongNumber="G17220"|Morph="P,,,,,D,,,"|Case="Dative"|English="on"
410160050101|τοῖς|410160050111|det|Cat="det"|Id="33"|morphId="410160050101"|Unicode="τοῖς"|Lemma="ὁ"|Lang="G"|StrongNumber="G35880"|Morph="EA,,,,DNP,"|Type="Article"|Case="Dative"|Gender="Neuter"|Number="Plural"|English="the"
410160050111|δεξιοῖς,|410160050081|ADV|Cat="noun"|Id="35"|morphId="410160050111"|Unicode="δεξιοῖς,"|Lemma="δεξιός"|Lang="G"|StrongNumber="G11880"|Morph="NS,,,,DNP,"|Type="Substantive_Adj"|Case="Dative"|Gender="Neuter"|Number="Plural"|English="right side"
410160050121|περιβεβλημένον|410160050081|ADV|Cat="verb"|Id="40"|morphId="410160050121"|Unicode="περιβεβλημένον"|Lemma="περιβάλλω"|Lang="G"|StrongNumber="G40160"|Morph="V,PEM,AMS,"|Mood="Participle"|Tense="Perfect"|Voice="Middle"|Case="Accusative"|Gender="Masculine"|Number="Singular"|English="dressed in"
410160050131|στολὴν|410160050121|O|Cat="noun"|Id="44"|morphId="410160050131"|Unicode="στολὴν"|Lemma="στολή"|Lang="G"|StrongNumber="G47490"|Morph="N,,,,,AFS,"|Case="Accusative"|Gender="Feminine"|Number="Singular"|English="a ~ robe"
410160050141|λευκήν,|410160050131|adjp|Cat="adj"|Id="46"|morphId="410160050141"|Unicode="λευκήν,"|Lemma="λευκός"|Lang="G"|StrongNumber="G30220"|Morph="AA,,,,AFS,"|Type="Ascriptive"|Case="Accusative"|Gender="Feminine"|Number="Singular"|English="white"
410160050151|καὶ|410160050061|conj|Cat="conj"|Id="47"|morphId="410160050151"|Unicode="καὶ"|Lemma="καί"|Lang="G"|StrongNumber="G25320"|Morph="CC,,,,,,,,"|Type="Coordinating"|English="and"
410160050161|ἐξεθαμβήθησαν.|410160050061|CL|Cat="verb"|Id="51"|morphId="410160050161"|Unicode="ἐξεθαμβήθησαν."|Lemma="ἐκθαμβέω"|Lang="G"|StrongNumber="G15680"|Morph="V,IAP3,,P,"|Mood="Indicative"|Tense="Aorist"|Voice="Passive"|Person="Third"|Number="Plural"|English="they were alarmed"
410160060021|δὲ|410160060031|conj|Cat="conj"|Id="3"|morphId="410160060021"|Unicode="δὲ"|Lemma="δέ"|Lang="G"|StrongNumber="G11610"|Morph="CC,,,,,,,,"|Type="Coordinating"|English="but"
410160060011|ὁ|410160060031|S|Cat="pron"|Id="8"|morphId="410160060011"|Unicode="ὁ"|Lemma="ὁ"|Lang="G"|StrongNumber="G35880"|Morph="RP,,,,NMS,"|Type="Personal"|Case="Nominative"|Gender="Masculine"|Number="Singular"|English="he"
410160060031|λέγει|None|CL|Cat="verb"|Id="11"|morphId="410160060031"|Unicode="λέγει"|Lemma="λέγω"|Lang="G"|StrongNumber="G30040"|Morph="V,IPA3,,S,"|Mood="Indicative"|Tense="Present"|Voice="Active"|Person="Third"|Number="Singular"|English="he said"
410160060041|αὐταῖς,|410160060031|IO|Cat="pron"|Id="14"|morphId="410160060041"|Unicode="αὐταῖς,"|Lemma="αὐτός"|Lang="G"|StrongNumber="G08460"|Morph="RP,,,3DFP,"|Type="Personal"|Person="Third"|Case="Dative"|Gender="Feminine"|Number="Plural"|English="to them"
410160060051|μὴ|410160060061|ADV|Cat="adv"|Id="18"|morphId="410160060051"|Unicode="μὴ"|Lemma="μή"|Lang="G"|StrongNumber="G33610"|Morph="D,,,,,,,,,"|English="not"
410160060061|ἐκθαμβεῖσθε.|410160060031|CL|Cat="verb"|Id="21"|morphId="410160060061"|Unicode="ἐκθαμβεῖσθε."|Lemma="ἐκθαμβέω"|Lang="G"|StrongNumber="G15680"|Morph="V,MPP2,,P,"|Mood="Imperative"|Tense="Present"|Voice="Passive"|Person="Second"|Number="Plural"|English="do ~ be alarmed"
410160060081|ζητεῖτε|410160060031|CL|Cat="verb"|Id="25"|morphId="410160060081"|Unicode="ζητεῖτε"|Lemma="ζητέω"|Lang="G"|StrongNumber="G22120"|Morph="V,IPA2,,P,"|Mood="Indicative"|Tense="Present"|Voice="Active"|Person="Second"|Number="Plural"|English="you are looking for"
410160060071|Ἰησοῦν|410160060081|O|Cat="noun"|Id="30"|morphId="410160060071"|Unicode="Ἰησοῦν"|Lemma="Ἰησοῦς"|Lang="G"|StrongNumber="G24240"|Morph="N,,,,,AMS,"|Case="Accusative"|Gender="Masculine"|Number="Singular"|English="Jesus"
410160060091|τὸν|410160060101|det|Cat="det"|Id="32"|morphId="410160060091"|Unicode="τὸν"|Lemma="ὁ"|Lang="G"|StrongNumber="G35880"|Morph="EA,,,,AMS,"|Type="Article"|Case="Accusative"|Gender="Masculine"|Number="Singular"|English="the"
410160060101|Ναζαρηνὸν,|410160060071|np|Cat="noun"|Id="34"|morphId="410160060101"|Unicode="Ναζαρηνὸν,"|Lemma="Ναζαρηνός"|Lang="G"|StrongNumber="G34790"|Morph="NS,,,,AMS,"|Type="Substantive_Adj"|Case="Accusative"|Gender="Masculine"|Number="Singular"|English="of nazareth"
410160060111|τὸν|410160060121|det|Cat="pron"|Id="37"|morphId="410160060111"|Unicode="τὸν"|Lemma="ὁ"|Lang="G"|StrongNumber="G35880"|Morph="RD,,,,AMS,"|Type="Demonstrative"|Case="Accusative"|Gender="Masculine"|Number="Singular"|English="the one"
410160060121|ἐσταυρωμένον.|410160060071|np|Cat="verb"|Id="41"|morphId="410160060121"|Unicode="ἐσταυρωμένον."|Lemma="σταυρόω"|Lang="G"|StrongNumber="G47170"|Morph="V,PEP,AMS,"|Mood="Participle"|Tense="Perfect"|Voice="Passive"|Case="Accusative"|Gender="Masculine"|Number="Singular"|English="who was crucified"
410160060131|ἠγέρθη!|410160060031|CL|Cat="verb"|Id="46"|morphId="410160060131"|Unicode="ἠγέρθη!"|Lemma="ἐγείρω"|Lang="G"|StrongNumber="G14530"|Morph="V,IAP3,,S,"|Mood="Indicative"|Tense="Aorist"|Voice="Passive"|Person="Third"|Number="Singular"|English="he has risen"
410160060141|οὐκ|410160060161|ADV|Cat="adv"|Id="50"|morphId="410160060141"|Unicode="οὐκ"|Lemma="οὐ"|Lang="G"|StrongNumber="G37560"|Morph="D,,,,,,,,,"|English="not"
410160060151|ἔστιν|410160060161|VC|Cat="verb"|Id="53"|morphId="410160060151"|Unicode="ἔστιν"|Lemma="εἰμί"|Lang="G"|StrongNumber="G15100"|Morph="V,IPA3,,S,"|Mood="Indicative"|Tense="Present"|Voice="Active"|Person="Third"|Number="Singular"|English="he is"
410160060161|ὧδε;|410160060131|CL|Cat="adv"|Id="56"|morphId="410160060161"|Unicode="ὧδε;"|Lemma="ὧδε"|Lang="G"|StrongNumber="G56020"|Morph="D,,,,,,,,,"|English="here"
410160060171|ἴδε,|410160060191|CL|Cat="intj"|Id="61"|morphId="410160060171"|Unicode="ἴδε,"|Lemma="ὁράω"|Lang="G"|StrongNumber="G37080"|Morph="IDMAA2,,S,"|Type="Directive"|Mood="Imperative"|Tense="Aorist"|Voice="Active"|Person="Second"|Number="Singular"|English="see"
410160060181|ὁ|410160060191|det|Cat="det"|Id="65"|morphId="410160060181"|Unicode="ὁ"|Lemma="ὁ"|Lang="G"|StrongNumber="G35880"|Morph="EA,,,,NMS,"|Type="Article"|Case="Nominative"|Gender="Masculine"|Number="Singular"|English="the"
410160060191|τόπος|410160060031|CL|Cat="noun"|Id="68"|morphId="410160060191"|Unicode="τόπος"|Lemma="τόπος"|Lang="G"|StrongNumber="G51170"|Morph="N,,,,,NMS,"|Case="Nominative"|Gender="Masculine"|Number="Singular"|English="place"
410160060201|ὅπου|410160060211|ADV|Cat="adv"|Id="72"|morphId="410160060201"|Unicode="ὅπου"|Lemma="ὅπου"|Lang="G"|StrongNumber="G36990"|Morph="D,,,,,,,,,"|English="where"
410160060211|ἔθηκαν|410160060191|CL|Cat="verb"|Id="75"|morphId="410160060211"|Unicode="ἔθηκαν"|Lemma="τίθημι"|Lang="G"|StrongNumber="G50870"|Morph="V,IAA3,,P,"|Mood="Indicative"|Tense="Aorist"|Voice="Active"|Person="Third"|Number="Plural"|English="they laid"
410160060221|αὐτόν.|410160060211|O|Cat="pron"|Id="78"|morphId="410160060221"|Unicode="αὐτόν."|Lemma="αὐτός"|Lang="G"|StrongNumber="G08460"|Morph="RP,,,3AMS,"|Type="Personal"|Person="Third"|Case="Accusative"|Gender="Masculine"|Number="Singular"|English="him"
410160070011|ἀλλὰ|410160070021|conj|Cat="conj"|Id="3"|morphId="410160070011"|Unicode="ἀλλὰ"|Lemma="ἀλλά"|Lang="G"|StrongNumber="G02350"|Morph="CC,,,,,,,,"|Type="Coordinating"|English="but"
410160070021|ὑπάγετε,|None|CL|Cat="verb"|Id="8"|morphId="410160070021"|Unicode="ὑπάγετε,"|Lemma="ὑπάγω"|Lang="G"|StrongNumber="G52170"|Morph="V,MPA2,,P,"|Mood="Imperative"|Tense="Present"|Voice="Active"|Person="Second"|Number="Plural"|English="go"
410160070031|εἴπατε|410160070021|CL|Cat="verb"|Id="13"|morphId="410160070031"|Unicode="εἴπατε"|Lemma="λέγω"|Lang="G"|StrongNumber="G30040"|Morph="V,MAA2,,P,"|Mood="Imperative"|Tense="Aorist"|Voice="Active"|Person="Second"|Number="Plural"|English="tell"
410160070041|τοῖς|410160070051|det|Cat="det"|Id="17"|morphId="410160070041"|Unicode="τοῖς"|Lemma="ὁ"|Lang="G"|StrongNumber="G35880"|Morph="EA,,,,DMP,"|Type="Article"|Case="Dative"|Gender="Masculine"|Number="Plural"|English="the"
410160070051|μαθηταῖς|410160070031|IO|Cat="noun"|Id="20"|morphId="410160070051"|Unicode="μαθηταῖς"|Lemma="μαθητής"|Lang="G"|StrongNumber="G31010"|Morph="N,,,,,DMP,"|Case="Dative"|Gender="Masculine"|Number="Plural"|English="disciples"
410160070061|αὐτοῦ|410160070051|np|Cat="pron"|Id="22"|morphId="410160070061"|Unicode="αὐτοῦ"|Lemma="αὐτός"|Lang="G"|StrongNumber="G08460"|Morph="RP,,,3GMS,"|Type="Personal"|Person="Third"|Case="Genitive"|Gender="Masculine"|Number="Singular"|English="of him"
410160070071|καὶ|410160070051|conj|Cat="conj"|Id="23"|morphId="410160070071"|Unicode="καὶ"|Lemma="καί"|Lang="G"|StrongNumber="G25320"|Morph="CC,,,,,,,,"|Type="Coordinating"|English="and"
410160070081|τῷ|410160070091|det|Cat="det"|Id="25"|morphId="410160070081"|Unicode="τῷ"|Lemma="ὁ"|Lang="G"|StrongNumber="G35880"|Morph="EA,,,,DMS,"|Type="Article"|Case="Dative"|Gender="Masculine"|Number="Singular"
410160070091|Πέτρῳ,|410160070051|np|Cat="noun"|Id="27"|morphId="410160070091"|Unicode="Πέτρῳ,"|Lemma="πέτρος"|Lang="G"|StrongNumber="G40740"|Morph="N,,,,,DMS,"|Case="Dative"|Gender="Masculine"|Number="Singular"|English="Peter"
410160070101|ὅτι|410160070111|conj|Cat="conj"|Id="29"|morphId="410160070101"|Unicode="ὅτι"|Lemma="ὅτι"|Lang="G"|StrongNumber="G37540"|Morph="CS,,,,,,,,"|Type="Subordinating"|English="that"
410160070111|προάγει|410160070031|CL|Cat="verb"|Id="35"|morphId="410160070111"|Unicode="προάγει"|Lemma="προάγω"|Lang="G"|StrongNumber="G42540"|Morph="V,IPA3,,S,"|Mood="Indicative"|Tense="Present"|Voice="Active"|Person="Third"|Number="Singular"|English="he is going ahead of"
410160070121|ὑμᾶς|410160070111|ADV|Cat="pron"|Id="38"|morphId="410160070121"|Unicode="ὑμᾶς"|Lemma="σύ"|Lang="G"|StrongNumber="G47710"|Morph="RP,,,2A,P,"|Type="Personal"|Person="Second"|Case="Accusative"|Number="Plural"|English="you"
410160070131|εἰς|410160070151|prep|Cat="prep"|Id="41"|morphId="410160070131"|Unicode="εἰς"|Lemma="εἰς"|Lang="G"|StrongNumber="G15190"|Morph="P,,,,,A,,,"|Case="Accusative"|English="to"
410160070141|τὴν|410160070151|det|Cat="det"|Id="43"|morphId="410160070141"|Unicode="τὴν"|Lemma="ὁ"|Lang="G"|StrongNumber="G35880"|Morph="EA,,,,AFS,"|Type="Article"|Case="Accusative"|Gender="Feminine"|Number="Singular"
410160070151|Γαλιλαίαν;|410160070111|ADV|Cat="noun"|Id="45"|morphId="410160070151"|Unicode="Γαλιλαίαν;"|Lemma="Γαλιλαία"|Lang="G"|StrongNumber="G10560"|Morph="N,,,,,AFS,"|Case="Accusative"|Gender="Feminine"|Number="Singular"|English="Galilee"
410160070161|ἐκεῖ|410160070181|ADV|Cat="adv"|Id="49"|morphId="410160070161"|Unicode="ἐκεῖ"|Lemma="ἐκεῖ"|Lang="G"|StrongNumber="G15630"|Morph="D,,,,,,,,,"|English="there"
410160070171|αὐτὸν|410160070181|O|Cat="pron"|Id="52"|morphId="410160070171"|Unicode="αὐτὸν"|Lemma="αὐτός"|Lang="G"|StrongNumber="G08460"|Morph="RP,,,3AMS,"|Type="Personal"|Person="Third"|Case="Accusative"|Gender="Masculine"|Number="Singular"|English="him"
410160070181|ὄψεσθε,|410160070111|CL|Cat="verb"|Id="55"|morphId="410160070181"|Unicode="ὄψεσθε,"|Lemma="ὁράω"|Lang="G"|StrongNumber="G37080"|Morph="V,IFM2,,P,"|Mood="Indicative"|Tense="Future"|Voice="Middle"|Person="Second"|Number="Plural"|English="you will see"
410160070191|καθὼς|410160070201|conj|Cat="adv"|Id="58"|morphId="410160070191"|Unicode="καθὼς"|Lemma="καθώς"|Lang="G"|StrongNumber="G25310"|Morph="D,,,,,,,,,"|English="just as"
410160070201|εἶπεν|410160070111|CL|Cat="verb"|Id="62"|morphId="410160070201"|Unicode="εἶπεν"|Lemma="λέγω"|Lang="G"|StrongNumber="G30040"|Morph="V,IAA3,,S,"|Mood="Indicative"|Tense="Aorist"|Voice="Active"|Person="Third"|Number="Singular"|English="he told"
410160070211|ὑμῖν.|410160070201|IO|Cat="pron"|Id="65"|morphId="410160070211"|Unicode="ὑμῖν."|Lemma="σύ"|Lang="G"|StrongNumber="G47710"|Morph="RP,,,2D,P,"|Type="Personal"|Person="Second"|Case="Dative"|Number="Plural"|English="you"
410160080011|καὶ|410160080031|conj|Cat="conj"|Id="3"|morphId="410160080011"|Unicode="καὶ"|Lemma="καί"|Lang="G"|StrongNumber="G25320"|Morph="CC,,,,,,,,"|Type="Coordinating"|English="so"
410160080021|ἐξελθοῦσαι,|410160080031|ADV|Cat="verb"|Id="10"|morphId="410160080021"|Unicode="ἐξελθοῦσαι,"|Lemma="ἐξέρχομαι"|Lang="G"|StrongNumber="G18310"|Morph="V,PAA,NFP,"|Mood="Participle"|Tense="Aorist"|Voice="Active"|Case="Nominative"|Gender="Feminine"|Number="Plural"|English="went out"
410160080031|ἔφυγον|None|CL|Cat="verb"|Id="13"|morphId="410160080031"|Unicode="ἔφυγον"|Lemma="φεύγω"|Lang="G"|StrongNumber="G53430"|Morph="V,IAA3,,P,"|Mood="Indicative"|Tense="Aorist"|Voice="Active"|Person="Third"|Number="Plural"|English="they ~ fled"
410160080041|ἀπὸ|410160080061|prep|Cat="prep"|Id="16"|morphId="410160080041"|Unicode="ἀπὸ"|Lemma="ἀπό"|Lang="G"|StrongNumber="G05750"|Morph="P,,,,,G,,,"|Case="Genitive"|English="from"
410160080051|τοῦ|410160080061|det|Cat="det"|Id="18"|morphId="410160080051"|Unicode="τοῦ"|Lemma="ὁ"|Lang="G"|StrongNumber="G35880"|Morph="EA,,,,GNS,"|Type="Article"|Case="Genitive"|Gender="Neuter"|Number="Singular"|English="the"
410160080061|μνημείου;|410160080031|ADV|Cat="noun"|Id="20"|morphId="410160080061"|Unicode="μνημείου;"|Lemma="μνημεῖον"|Lang="G"|StrongNumber="G34190"|Morph="N,,,,,GNS,"|Case="Genitive"|Gender="Neuter"|Number="Singular"|English="tomb"
410160080081|γὰρ|410160080071|conj|Cat="conj"|Id="22"|morphId="410160080081"|Unicode="γὰρ"|Lemma="γάρ"|Lang="G"|StrongNumber="G10630"|Morph="CC,,,,,,,,"|Type="Coordinating"|English="for"
410160080071|εἶχεν|410160080031|CL|Cat="verb"|Id="26"|morphId="410160080071"|Unicode="εἶχεν"|Lemma="ἔχω"|Lang="G"|StrongNumber="G21920"|Morph="V,IIA3,,S,"|Mood="Indicative"|Tense="Imperfect"|Voice="Active"|Person="Third"|Number="Singular"|English="had seized"
410160080091|αὐτὰς|410160080071|O|Cat="pron"|Id="29"|morphId="410160080091"|Unicode="αὐτὰς"|Lemma="αὐτός"|Lang="G"|StrongNumber="G08460"|Morph="RP,,,3AFP,"|Type="Personal"|Person="Third"|Case="Accusative"|Gender="Feminine"|Number="Plural"|English="them"
410160080101|τρόμος|410160080071|S|Cat="noun"|Id="33"|morphId="410160080101"|Unicode="τρόμος"|Lemma="τρόμος"|Lang="G"|StrongNumber="G51560"|Morph="N,,,,,NMS,"|Case="Nominative"|Gender="Masculine"|Number="Singular"|English="trembling"
410160080111|καὶ|410160080101|conj|Cat="conj"|Id="34"|morphId="410160080111"|Unicode="καὶ"|Lemma="καί"|Lang="G"|StrongNumber="G25320"|Morph="CC,,,,,,,,"|Type="Coordinating"|English="and"
410160080121|ἔκστασις,|410160080101|np|Cat="noun"|Id="36"|morphId="410160080121"|Unicode="ἔκστασις,"|Lemma="ἔκστασις"|Lang="G"|StrongNumber="G16110"|Morph="N,,,,,NFS,"|Case="Nominative"|Gender="Feminine"|Number="Singular"|English="astonishment"
410160080131|καὶ|410160080161|conj|Cat="conj"|Id="38"|morphId="410160080131"|Unicode="καὶ"|Lemma="καί"|Lang="G"|StrongNumber="G25320"|Morph="CC,,,,,,,,"|Type="Coordinating"|English="and"
410160080141|οὐδενὶ|410160080161|IO|Cat="pron"|Id="43"|morphId="410160080141"|Unicode="οὐδενὶ"|Lemma="οὐδείς"|Lang="G"|StrongNumber="G37620"|Morph="RI,,,,DMS,"|Type="Indefinite"|Case="Dative"|Gender="Masculine"|Number="Singular"|English="to anyone"
410160080151|οὐδὲν|410160080161|O|Cat="pron"|Id="46"|morphId="410160080151"|Unicode="οὐδὲν"|Lemma="οὐδείς"|Lang="G"|StrongNumber="G37620"|Morph="RI,,,,ANS,"|Type="Indefinite"|Case="Accusative"|Gender="Neuter"|Number="Singular"|English="nothing"
410160080161|εἶπον;|410160080031|CL|Cat="verb"|Id="49"|morphId="410160080161"|Unicode="εἶπον;"|Lemma="λέγω"|Lang="G"|StrongNumber="G30040"|Morph="V,IAA3,,P,"|Mood="Indicative"|Tense="Aorist"|Voice="Active"|Person="Third"|Number="Plural"|English="they said"
410160080181|γάρ.|410160080171|conj|Cat="conj"|Id="51"|morphId="410160080181"|Unicode="γάρ."|Lemma="γάρ"|Lang="G"|StrongNumber="G10630"|Morph="CC,,,,,,,,"|Type="Coordinating"|English="for"
410160080171|ἐφοβοῦντο|410160080161|CL|Cat="verb"|Id="55"|morphId="410160080171"|Unicode="ἐφοβοῦντο"|Lemma="φοβέω"|Lang="G"|StrongNumber="G53990"|Morph="V,IIM3,,P,"|Mood="Indicative"|Tense="Imperfect"|Voice="Middle"|Person="Third"|Number="Plural"|English="they were afraid"
410160090021|δὲ|410160090061|conj|Cat="conj"|Id="3"|morphId="410160090021"|Unicode="δὲ"|Lemma="δέ"|Lang="G"|StrongNumber="G11610"|Morph="CC,,,,,,,,"|Type="Coordinating"|English="now"
410160090011|[Ἀναστὰς|410160090061|ADV|Cat="verb"|Id="9"|morphId="410160090011"|Unicode="[Ἀναστὰς"|Lemma="ἀνίστημι"|Lang="G"|StrongNumber="G04500"|Morph="V,PAA,NMS,"|Mood="Participle"|Tense="Aorist"|Voice="Active"|Case="Nominative"|Gender="Masculine"|Number="Singular"|English="when ~ rose"
410160090031|πρωῒ|410160090011|ADV|Cat="adv"|Id="12"|morphId="410160090031"|Unicode="πρωῒ"|Lemma="πρωΐ"|Lang="G"|StrongNumber="G44040"|Morph="D,,,,,,,,,"|English="early"
410160090041|πρώτῃ|410160090011|ADV|Cat="adj"|Id="17"|morphId="410160090041"|Unicode="πρώτῃ"|Lemma="πρῶτος"|Lang="G"|StrongNumber="G44130"|Morph="AA,,,,DFS,"|Type="Ascriptive"|Case="Dative"|Gender="Feminine"|Number="Singular"|English="on ~ first day"
410160090051|σαββάτου|410160090041|np|Cat="noun"|Id="19"|morphId="410160090051"|Unicode="σαββάτου"|Lemma="σάββατον"|Lang="G"|StrongNumber="G45210"|Morph="N,,,,,GNS,"|Case="Genitive"|Gender="Neuter"|Number="Singular"|English="of ~ week"
410160090061|ἐφάνη|None|CL|Cat="verb"|Id="22"|morphId="410160090061"|Unicode="ἐφάνη"|Lemma="φαίνω"|Lang="G"|StrongNumber="G53160"|Morph="V,IAP3,,S,"|Mood="Indicative"|Tense="Aorist"|Voice="Passive"|Person="Third"|Number="Singular"|English="he appeared"
410160090071|πρῶτον|410160090061|ADV|Cat="adv"|Id="25"|morphId="410160090071"|Unicode="πρῶτον"|Lemma="πρῶτον"|Lang="G"|StrongNumber="G44120"|Morph="D,,,,,,,,,"|English="first"
410160090081|Μαρίᾳ|410160090061|IO|Cat="noun"|Id="30"|morphId="410160090081"|Unicode="Μαρίᾳ"|Lemma="Μαρία"|Lang="G"|StrongNumber="G31370"|Morph="N,,,,,DFS,"|Case="Dative"|Gender="Feminine"|Number="Singular"|English="to Mary"
410160090091|τῇ|410160090101|det|Cat="det"|Id="32"|morphId="410160090091"|Unicode="τῇ"|Lemma="ὁ"|Lang="G"|StrongNumber="G35880"|Morph="EA,,,,DFS,"|Type="Article"|Case="Dative"|Gender="Feminine"|Number="Singular"
410160090101|Μαγδαληνῇ|410160090081|np|Cat="noun"|Id="34"|morphId="410160090101"|Unicode="Μαγδαληνῇ"|Lemma="Μαγδαληνή"|Lang="G"|StrongNumber="G30940"|Morph="N,,,,,DFS,"|Case="Dative"|Gender="Feminine"|Number="Singular"|English="Magdalene"
410160090111|παρ’|410160090121|prep|Cat="prep"|Id="38"|morphId="410160090111"|Unicode="παρ’"|Lemma="παρά"|Lang="G"|StrongNumber="G38440"|Morph="P,,,,,G,,,"|Case="Genitive"|English="from"
410160090121|ἧς|410160090131|ADV|Cat="pron"|Id="40"|morphId="410160090121"|Unicode="ἧς"|Lemma="ὅς"|Lang="G"|StrongNumber="G37390"|Morph="RR,,,,GFS,"|Type="Relative"|Case="Genitive"|Gender="Feminine"|Number="Singular"|English="whom"
410160090131|ἐκβεβλήκει|410160090081|CL|Cat="verb"|Id="43"|morphId="410160090131"|Unicode="ἐκβεβλήκει"|Lemma="ἐκβάλλω"|Lang="G"|StrongNumber="G15440"|Morph="V,ILA3,,S,"|Mood="Indicative"|Tense="Pluperfect"|Voice="Active"|Person="Third"|Number="Singular"|English="he had cast out"
410160090141|ἑπτὰ|410160090151|nump|Cat="det"|Id="48"|morphId="410160090141"|Unicode="ἑπτὰ"|Lemma="ἑπτά"|Lang="G"|StrongNumber="G20330"|Morph="EN,,,,NMPI"|Type="Number"|Case="Nominative"|Gender="Masculine"|Number="Plural"|English="seven"
410160090151|δαιμόνια.|410160090131|O|Cat="noun"|Id="50"|morphId="410160090151"|Unicode="δαιμόνια."|Lemma="δαιμόνιον"|Lang="G"|StrongNumber="G11400"|Morph="N,,,,,ANP,"|Case="Accusative"|Gender="Neuter"|Number="Plural"|English="demons"
410160100011|Ἐκείνη|410160100031|S|Cat="pron"|Id="5"|morphId="410160100011"|Unicode="Ἐκείνη"|Lemma="ἐκεῖνος"|Lang="G"|StrongNumber="G15650"|Morph="RD,,,,NFS,"|Type="Demonstrative"|Case="Nominative"|Gender="Feminine"|Number="Singular"|English="that one"
410160100021|πορευθεῖσα|410160100031|ADV|Cat="verb"|Id="10"|morphId="410160100021"|Unicode="πορευθεῖσα"|Lemma="πορεύω"|Lang="G"|StrongNumber="G41980"|Morph="V,PAP,NFS,"|Mood="Participle"|Tense="Aorist"|Voice="Passive"|Case="Nominative"|Gender="Feminine"|Number="Singular"|English="went"
410160100031|ἀπήγγειλεν|None|CL|Cat="verb"|Id="13"|morphId="410160100031"|Unicode="ἀπήγγειλεν"|Lemma="ἀπαγγέλλω"|Lang="G"|StrongNumber="G05180"|Morph="V,IAA3,,S,"|Mood="Indicative"|Tense="Aorist"|Voice="Active"|Person="Third"|Number="Singular"|English="told"
410160100041|τοῖς|410160100061|det|Cat="det"|Id="16"|morphId="410160100041"|Unicode="τοῖς"|Lemma="ὁ"|Lang="G"|StrongNumber="G35880"|Morph="EA,,,,DMP,"|Type="Article"|Case="Dative"|Gender="Masculine"|Number="Plural"|English="those"
410160100051|μετ’|410160100061|prep|Cat="prep"|Id="20"|morphId="410160100051"|Unicode="μετ’"|Lemma="μετά"|Lang="G"|StrongNumber="G33260"|Morph="P,,,,,G,,,"|Case="Genitive"|English="with"
410160100061|αὐτοῦ|410160100031|IO|Cat="pron"|Id="22"|morphId="410160100061"|Unicode="αὐτοῦ"|Lemma="αὐτός"|Lang="G"|StrongNumber="G08460"|Morph="RP,,,,GMS,"|Type="Personal"|Case="Genitive"|Gender="Masculine"|Number="Singular"|English="him"
410160100071|γενομένοις|410160100061|VC|Cat="verb"|Id="25"|morphId="410160100071"|Unicode="γενομένοις"|Lemma="γίνομαι"|Lang="G"|StrongNumber="G10960"|Morph="V,PAM,DMP,"|Mood="Participle"|Tense="Aorist"|Voice="Middle"|Case="Dative"|Gender="Masculine"|Number="Plural"|English="who had been"
410160100081|πενθοῦσιν|410160100031|ADV|Cat="verb"|Id="31"|morphId="410160100081"|Unicode="πενθοῦσιν"|Lemma="πενθέω"|Lang="G"|StrongNumber="G39960"|Morph="V,PPA,DMP,"|Mood="Participle"|Tense="Present"|Voice="Active"|Case="Dative"|Gender="Masculine"|Number="Plural"|English="as ~ mourned"
410160100091|καὶ|410160100081|conj|Cat="conj"|Id="32"|morphId="410160100091"|Unicode="καὶ"|Lemma="καί"|Lang="G"|StrongNumber="G25320"|Morph="CC,,,,,,,,"|Type="Coordinating"|English="and"
410160100101|κλαίουσιν.|410160100081|CL|Cat="verb"|Id="36"|morphId="410160100101"|Unicode="κλαίουσιν."|Lemma="κλαίω"|Lang="G"|StrongNumber="G27990"|Morph="V,PPA,DMP,"|Mood="Participle"|Tense="Present"|Voice="Active"|Case="Dative"|Gender="Masculine"|Number="Plural"|English="weeping"
410160110011|Κἀκεῖνοι|410160110091|S|Cat="pron"|Id="5"|morphId="410160110011"|Unicode="Κἀκεῖνοι"|Lemma="κἀκεῖνος"|Lang="G"|StrongNumber="G25480"|Morph="RD,,,,NMP,"|Type="Demonstrative"|Case="Nominative"|Gender="Masculine"|Number="Plural"|English="and those"
410160110021|ἀκούσαντες|410160110091|ADV|Cat="verb"|Id="11"|morphId="410160110021"|Unicode="ἀκούσαντες"|Lemma="ἀκούω"|Lang="G"|StrongNumber="G01910"|Morph="V,PAA,NMP,"|Mood="Participle"|Tense="Aorist"|Voice="Active"|Case="Nominative"|Gender="Masculine"|Number="Plural"|English="when ~ heard"
410160110031|ὅτι|410160110041|conj|Cat="conj"|Id="13"|morphId="410160110031"|Unicode="ὅτι"|Lemma="ὅτι"|Lang="G"|StrongNumber="G37540"|Morph="CS,,,,,,,,"|Type="Subordinating"|English="that"
410160110041|ζῇ|410160110021|CL|Cat="verb"|Id="18"|morphId="410160110041"|Unicode="ζῇ"|Lemma="ζάω"|Lang="G"|StrongNumber="G21980"|Morph="V,IPA3,,S,"|Mood="Indicative"|Tense="Present"|Voice="Active"|Person="Third"|Number="Singular"|English="he was alive"
410160110051|καὶ|410160110041|conj|Cat="conj"|Id="19"|morphId="410160110051"|Unicode="καὶ"|Lemma="καί"|Lang="G"|StrongNumber="G25320"|Morph="CC,,,,,,,,"|Type="Coordinating"|English="and"
410160110061|ἐθεάθη|410160110041|CL|Cat="verb"|Id="23"|morphId="410160110061"|Unicode="ἐθεάθη"|Lemma="θεάομαι"|Lang="G"|StrongNumber="G23000"|Morph="V,IAP3,,S,"|Mood="Indicative"|Tense="Aorist"|Voice="Passive"|Person="Third"|Number="Singular"|English="had been seen"
410160110071|ὑπ’|410160110081|prep|Cat="prep"|Id="26"|morphId="410160110071"|Unicode="ὑπ’"|Lemma="ὑπό"|Lang="G"|StrongNumber="G52590"|Morph="P,,,,,G,,,"|Case="Genitive"|English="by"
410160110081|αὐτῆς|410160110061|ADV|Cat="pron"|Id="28"|morphId="410160110081"|Unicode="αὐτῆς"|Lemma="αὐτός"|Lang="G"|StrongNumber="G08460"|Morph="RP,,,,GFS,"|Type="Personal"|Case="Genitive"|Gender="Feminine"|Number="Singular"|English="her"
410160110091|ἠπίστησαν.|None|CL|Cat="verb"|Id="31"|morphId="410160110091"|Unicode="ἠπίστησαν."|Lemma="ἀπιστέω"|Lang="G"|StrongNumber="G05690"|Morph="V,IAA3,,P,"|Mood="Indicative"|Tense="Aorist"|Voice="Active"|Person="Third"|Number="Plural"|English="they did not believe"
410160120021|δὲ|410160120081|conj|Cat="conj"|Id="3"|morphId="410160120021"|Unicode="δὲ"|Lemma="δέ"|Lang="G"|StrongNumber="G11610"|Morph="CC,,,,,,,,"|Type="Coordinating"|English="and"
410160120011|Μετὰ|410160120031|prep|Cat="prep"|Id="7"|morphId="410160120011"|Unicode="Μετὰ"|Lemma="μετά"|Lang="G"|StrongNumber="G33260"|Morph="P,,,,,G,,,"|Case="Genitive"|English="after"
410160120031|ταῦτα|410160120081|ADV|Cat="pron"|Id="9"|morphId="410160120031"|Unicode="ταῦτα"|Lemma="οὗτος"|Lang="G"|StrongNumber="G37780"|Morph="RD,,,,ANP,"|Type="Demonstrative"|Case="Accusative"|Gender="Neuter"|Number="Plural"|English="these things"
410160120041|δυσὶν|410160120071|S|Cat="adj"|Id="16"|morphId="410160120041"|Unicode="δυσὶν"|Lemma="δύο"|Lang="G"|StrongNumber="G14170"|Morph="AA,,,,DMP,"|Type="Ascriptive"|Case="Dative"|Gender="Masculine"|Number="Plural"|English="to two"
410160120051|ἐξ|410160120061|prep|Cat="prep"|Id="18"|morphId="410160120051"|Unicode="ἐξ"|Lemma="ἐκ"|Lang="G"|StrongNumber="G15370"|Morph="P,,,,,G,,,"|Case="Genitive"|English="of"
410160120061|αὐτῶν|410160120041|pp|Cat="pron"|Id="20"|morphId="410160120061"|Unicode="αὐτῶν"|Lemma="αὐτός"|Lang="G"|StrongNumber="G08460"|Morph="RP,,,,GMP,"|Type="Personal"|Case="Genitive"|Gender="Masculine"|Number="Plural"|English="them"
410160120071|περιπατοῦσιν|410160120081|ADV|Cat="verb"|Id="23"|morphId="410160120071"|Unicode="περιπατοῦσιν"|Lemma="περιπατέω"|Lang="G"|StrongNumber="G40430"|Morph="V,PPA,DMP,"|Mood="Participle"|Tense="Present"|Voice="Active"|Case="Dative"|Gender="Masculine"|Number="Plural"|English="were walking"
410160120081|ἐφανερώθη|None|CL|Cat="verb"|Id="26"|morphId="410160120081"|Unicode="ἐφανερώθη"|Lemma="φανερόω"|Lang="G"|StrongNumber="G53190"|Morph="V,IAP3,,S,"|Mood="Indicative"|Tense="Aorist"|Voice="Passive"|Person="Third"|Number="Singular"|English="he appeared"
410160120091|ἐν|410160120111|prep|Cat="prep"|Id="29"|morphId="410160120091"|Unicode="ἐν"|Lemma="ἐν"|Lang="G"|StrongNumber="G17220"|Morph="P,,,,,D,,,"|Case="Dative"|English="in"
410160120101|ἑτέρᾳ|410160120111|adjp|Cat="adj"|Id="32"|morphId="410160120101"|Unicode="ἑτέρᾳ"|Lemma="ἕτερος"|Lang="G"|StrongNumber="G20870"|Morph="AA,,,,DFS,"|Type="Ascriptive"|Case="Dative"|Gender="Feminine"|Number="Singular"|English="another"
410160120111|μορφῇ|410160120081|ADV|Cat="noun"|Id="34"|morphId="410160120111"|Unicode="μορφῇ"|Lemma="μορφή"|Lang="G"|StrongNumber="G34440"|Morph="N,,,,,DFS,"|Case="Dative"|Gender="Feminine"|Number="Singular"|English="form"
410160120121|πορευομένοις|410160120081|ADV|Cat="verb"|Id="39"|morphId="410160120121"|Unicode="πορευομένοις"|Lemma="πορεύω"|Lang="G"|StrongNumber="G41980"|Morph="V,PPM,DMP,"|Mood="Participle"|Tense="Present"|Voice="Middle"|Case="Dative"|Gender="Masculine"|Number="Plural"|English="as ~ were walking"
410160120131|εἰς|410160120141|prep|Cat="prep"|Id="42"|morphId="410160120131"|Unicode="εἰς"|Lemma="εἰς"|Lang="G"|StrongNumber="G15190"|Morph="P,,,,,A,,,"|Case="Accusative"|English="into"
410160120141|ἀγρόν.|410160120121|ADV|Cat="noun"|Id="44"|morphId="410160120141"|Unicode="ἀγρόν."|Lemma="ἀγρός"|Lang="G"|StrongNumber="G00680"|Morph="N,,,,,AMS,"|Case="Accusative"|Gender="Masculine"|Number="Singular"|English="country"
410160130011|Κἀκεῖνοι|410160130031|S|Cat="pron"|Id="6"|morphId="410160130011"|Unicode="Κἀκεῖνοι"|Lemma="κἀκεῖνος"|Lang="G"|StrongNumber="G25480"|Morph="RD,,,,NMP,"|Type="Demonstrative"|Case="Nominative"|Gender="Masculine"|Number="Plural"|English="and those"
410160130021|ἀπελθόντες|410160130031|ADV|Cat="verb"|Id="11"|morphId="410160130021"|Unicode="ἀπελθόντες"|Lemma="ἀπέρχομαι"|Lang="G"|StrongNumber="G05650"|Morph="V,PAA,NMP,"|Mood="Participle"|Tense="Aorist"|Voice="Active"|Case="Nominative"|Gender="Masculine"|Number="Plural"|English="went"
410160130031|ἀπήγγειλαν|None|CL|Cat="verb"|Id="14"|morphId="410160130031"|Unicode="ἀπήγγειλαν"|Lemma="ἀπαγγέλλω"|Lang="G"|StrongNumber="G05180"|Morph="V,IAA3,,P,"|Mood="Indicative"|Tense="Aorist"|Voice="Active"|Person="Third"|Number="Plural"|English="reported"
410160130041|τοῖς|410160130051|det|Cat="det"|Id="17"|morphId="410160130041"|Unicode="τοῖς"|Lemma="ὁ"|Lang="G"|StrongNumber="G35880"|Morph="EA,,,,DMP,"|Type="Article"|Case="Dative"|Gender="Masculine"|Number="Plural"|English="the"
410160130051|λοιποῖς;|410160130031|IO|Cat="adj"|Id="19"|morphId="410160130051"|Unicode="λοιποῖς;"|Lemma="λοιπός"|Lang="G"|StrongNumber="G30620"|Morph="AA,,,,DMP,"|Type="Ascriptive"|Case="Dative"|Gender="Masculine"|Number="Plural"|English="to ~ rest"
410160130061|οὐδὲ|410160130081|ADV|Cat="conj"|Id="24"|morphId="410160130061"|Unicode="οὐδὲ"|Lemma="οὐδέ"|Lang="G"|StrongNumber="G37610"|Morph="CC,,,,,,,,"|Type="Coordinating"|English="not"
410160130071|ἐκείνοις|410160130081|O|Cat="pron"|Id="27"|morphId="410160130071"|Unicode="ἐκείνοις"|Lemma="ἐκεῖνος"|Lang="G"|StrongNumber="G15650"|Morph="RD,,,,DMP,"|Type="Demonstrative"|Case="Dative"|Gender="Masculine"|Number="Plural"|English="those"
410160130081|ἐπίστευσαν.|410160130031|CL|Cat="verb"|Id="30"|morphId="410160130081"|Unicode="ἐπίστευσαν."|Lemma="πιστεύω"|Lang="G"|StrongNumber="G41000"|Morph="V,IAA3,,P,"|Mood="Indicative"|Tense="Aorist"|Voice="Active"|Person="Third"|Number="Plural"|English="they did ~ believe"
410160140021|δὲ|410160140071|conj|Cat="conj"|Id="3"|morphId="410160140021"|Unicode="δὲ"|Lemma="δέ"|Lang="G"|StrongNumber="G11610"|Morph="CC,,,,,,,,"|Type="Coordinating"|English="and"
410160140011|Ὕστερον|410160140071|ADV|Cat="adv"|Id="8"|morphId="410160140011"|Unicode="Ὕστερον"|Lemma="ὕστερον"|Lang="G"|StrongNumber="G53050"|Morph="D,,,,,,,,,"|English="later"
410160140031|ἀνακειμένοις|410160140071|ADV|Cat="verb"|Id="13"|morphId="410160140031"|Unicode="ἀνακειμένοις"|Lemma="ἀνάκειμαι"|Lang="G"|StrongNumber="G03450"|Morph="V,PPM,DMP,"|Mood="Participle"|Tense="Present"|Voice="Middle"|Case="Dative"|Gender="Masculine"|Number="Plural"|English="as ~ were sitting at the table"
410160140041|αὐτοῖς|410160140061|pron|Cat="pron"|Id="16"|morphId="410160140041"|Unicode="αὐτοῖς"|Lemma="αὐτός"|Lang="G"|StrongNumber="G08460"|Morph="RP,,,,DMP,"|Type="Personal"|Case="Dative"|Gender="Masculine"|Number="Plural"|English="themselves"
410160140051|τοῖς|410160140061|det|Cat="det"|Id="18"|morphId="410160140051"|Unicode="τοῖς"|Lemma="ὁ"|Lang="G"|StrongNumber="G35880"|Morph="EA,,,,DMP,"|Type="Article"|Case="Dative"|Gender="Masculine"|Number="Plural"|English="the"
410160140061|ἕνδεκα|410160140071|IO|Cat="noun"|Id="21"|morphId="410160140061"|Unicode="ἕνδεκα"|Lemma="ἕνδεκα"|Lang="G"|StrongNumber="G17330"|Morph="NS,,,,AMPI"|Type="Substantive_Adj"|Case="Accusative"|Gender="Masculine"|Number="Plural"|English="to ~ eleven"
410160140071|ἐφανερώθη|None|CL|Cat="verb"|Id="24"|morphId="410160140071"|Unicode="ἐφανερώθη"|Lemma="φανερόω"|Lang="G"|StrongNumber="G53190"|Morph="V,IAP3,,S,"|Mood="Indicative"|Tense="Aorist"|Voice="Passive"|Person="Third"|Number="Singular"|English="he appeared"
410160140081|καὶ|410160140071|conj|Cat="conj"|Id="25"|morphId="410160140081"|Unicode="καὶ"|Lemma="καί"|Lang="G"|StrongNumber="G25320"|Morph="CC,,,,,,,,"|Type="Coordinating"|English="and"
410160140091|ὠνείδισεν|410160140071|CL|Cat="verb"|Id="30"|morphId="410160140091"|Unicode="ὠνείδισεν"|Lemma="ὀνειδίζω"|Lang="G"|StrongNumber="G36790"|Morph="V,IAA3,,S,"|Mood="Indicative"|Tense="Aorist"|Voice="Active"|Person="Third"|Number="Singular"|English="he rebuked"
410160140101|τὴν|410160140111|det|Cat="det"|Id="34"|morphId="410160140101"|Unicode="τὴν"|Lemma="ὁ"|Lang="G"|StrongNumber="G35880"|Morph="EA,,,,AFS,"|Type="Article"|Case="Accusative"|Gender="Feminine"|Number="Singular"|English="them"
410160140111|ἀπιστίαν|410160140091|O|Cat="noun"|Id="37"|morphId="410160140111"|Unicode="ἀπιστίαν"|Lemma="ἀπιστία"|Lang="G"|StrongNumber="G05700"|Morph="N,,,,,AFS,"|Case="Accusative"|Gender="Feminine"|Number="Singular"|English="unbelief"
410160140121|αὐτῶν|410160140111|np|Cat="pron"|Id="39"|morphId="410160140121"|Unicode="αὐτῶν"|Lemma="αὐτός"|Lang="G"|StrongNumber="G08460"|Morph="RP,,,,GMP,"|Type="Personal"|Case="Genitive"|Gender="Masculine"|Number="Plural"|English="of them"
410160140131|καὶ|410160140111|conj|Cat="conj"|Id="40"|morphId="410160140131"|Unicode="καὶ"|Lemma="καί"|Lang="G"|StrongNumber="G25320"|Morph="CC,,,,,,,,"|Type="Coordinating"|English="and"
410160140141|σκληροκαρδίαν|410160140111|np|Cat="noun"|Id="42"|morphId="410160140141"|Unicode="σκληροκαρδίαν"|Lemma="σκληροκαρδία"|Lang="G"|StrongNumber="G46410"|Morph="N,,,,,AFS,"|Case="Accusative"|Gender="Feminine"|Number="Singular"|English="hardness of heart"
410160140151|ὅτι|410160140231|conj|Cat="conj"|Id="44"|morphId="410160140151"|Unicode="ὅτι"|Lemma="ὅτι"|Lang="G"|StrongNumber="G37540"|Morph="CS,,,,,,,,"|Type="Subordinating"|English="because"
410160140161|τοῖς|410160140171|det|Cat="det"|Id="48"|morphId="410160140161"|Unicode="τοῖς"|Lemma="ὁ"|Lang="G"|StrongNumber="G35880"|Morph="EA,,,,DMP,"|Type="Article"|Case="Dative"|Gender="Masculine"|Number="Plural"|English="those"
410160140171|θεασαμένοις|410160140231|O|Cat="verb"|Id="52"|morphId="410160140171"|Unicode="θεασαμένοις"|Lemma="θεάομαι"|Lang="G"|StrongNumber="G23000"|Morph="V,PAM,DMP,"|Mood="Participle"|Tense="Aorist"|Voice="Middle"|Case="Dative"|Gender="Masculine"|Number="Plural"|English="who had seen"
410160140181|αὐτὸν|410160140191|S|Cat="pron"|Id="57"|morphId="410160140181"|Unicode="αὐτὸν"|Lemma="αὐτός"|Lang="G"|StrongNumber="G08460"|Morph="RP,,,,AMS,"|Type="Personal"|Case="Accusative"|Gender="Masculine"|Number="Singular"|English="him"
410160140191|ἐγηγερμένον|410160140171|O|Cat="verb"|Id="60"|morphId="410160140191"|Unicode="ἐγηγερμένον"|Lemma="ἐγείρω"|Lang="G"|StrongNumber="G14530"|Morph="V,PEP,AMS,"|Mood="Participle"|Tense="Perfect"|Voice="Passive"|Case="Accusative"|Gender="Masculine"|Number="Singular"|English="after ~ had risen"
410160140201|ἐκ|410160140211|prep|Cat="prep"|Id="63"|morphId="410160140201"|Unicode="ἐκ"|Lemma="ἐκ"|Lang="G"|StrongNumber="G15370"|Morph="P,,,,,G,,,"|Case="Genitive"|English="from"
410160140211|νεκρῶν|410160140191|ADV|Cat="noun"|Id="65"|morphId="410160140211"|Unicode="νεκρῶν"|Lemma="νεκρός"|Lang="G"|StrongNumber="G34980"|Morph="N,,,,,GMP,"|Case="Genitive"|Gender="Masculine"|Number="Plural"|English="death"
410160140221|οὐκ|410160140231|ADV|Cat="adv"|Id="68"|morphId="410160140221"|Unicode="οὐκ"|Lemma="οὐ"|Lang="G"|StrongNumber="G37560"|Morph="D,,,,,,,,,"|English="not"
410160140231|ἐπίστευσαν.|410160140091|CL|Cat="verb"|Id="71"|morphId="410160140231"|Unicode="ἐπίστευσαν."|Lemma="πιστεύω"|Lang="G"|StrongNumber="G41000"|Morph="V,IAA3,,P,"|Mood="Indicative"|Tense="Aorist"|Voice="Active"|Person="Third"|Number="Plural"|English="they did ~ believe"
410160150011|Καὶ|410160150021|conj|Cat="conj"|Id="3"|morphId="410160150011"|Unicode="Καὶ"|Lemma="καί"|Lang="G"|StrongNumber="G25320"|Morph="CC,,,,,,,,"|Type="Coordinating"|English="and"
410160150021|εἶπεν|None|CL|Cat="verb"|Id="8"|morphId="410160150021"|Unicode="εἶπεν"|Lemma="λέγω"|Lang="G"|StrongNumber="G30040"|Morph="V,IAA3,,S,"|Mood="Indicative"|Tense="Aorist"|Voice="Active"|Person="Third"|Number="Singular"|English="he said"
410160150031|αὐτοῖς|410160150021|IO|Cat="pron"|Id="11"|morphId="410160150031"|Unicode="αὐτοῖς"|Lemma="αὐτός"|Lang="G"|StrongNumber="G08460"|Morph="RP,,,,DMP,"|Type="Personal"|Case="Dative"|Gender="Masculine"|Number="Plural"|English="to them"
410160150041|Πορευθέντες|410160150091|ADV|Cat="verb"|Id="17"|morphId="410160150041"|Unicode="Πορευθέντες"|Lemma="πορεύω"|Lang="G"|StrongNumber="G41980"|Morph="V,PAP,NMP,"|Mood="Participle"|Tense="Aorist"|Voice="Passive"|Case="Nominative"|Gender="Masculine"|Number="Plural"|English="go"
410160150051|εἰς|410160150071|prep|Cat="prep"|Id="20"|morphId="410160150051"|Unicode="εἰς"|Lemma="εἰς"|Lang="G"|StrongNumber="G15190"|Morph="P,,,,,A,,,"|Case="Accusative"|English="into"
410160150061|τὸν|410160150071|det|Cat="det"|Id="23"|morphId="410160150061"|Unicode="τὸν"|Lemma="ὁ"|Lang="G"|StrongNumber="G35880"|Morph="EA,,,,AMS,"|Type="Article"|Case="Accusative"|Gender="Masculine"|Number="Singular"|English="the"
410160150071|κόσμον|410160150041|ADV|Cat="noun"|Id="25"|morphId="410160150071"|Unicode="κόσμον"|Lemma="κόσμος"|Lang="G"|StrongNumber="G28890"|Morph="N,,,,,AMS,"|Case="Accusative"|Gender="Masculine"|Number="Singular"|English="world"
410160150081|ἅπαντα|410160150071|adjp|Cat="adj"|Id="27"|morphId="410160150081"|Unicode="ἅπαντα"|Lemma="ἅπας"|Lang="G"|StrongNumber="G05370"|Morph="AA,,,,AMS,"|Type="Ascriptive"|Case="Accusative"|Gender="Masculine"|Number="Singular"|English="all"
410160150091|κηρύξατε|410160150021|CL|Cat="verb"|Id="30"|morphId="410160150091"|Unicode="κηρύξατε"|Lemma="κηρύσσω"|Lang="G"|StrongNumber="G27840"|Morph="V,MAA2,,P,"|Mood="Imperative"|Tense="Aorist"|Voice="Active"|Person="Second"|Number="Plural"|English="preach"
410160150101|τὸ|410160150111|det|Cat="det"|Id="33"|morphId="410160150101"|Unicode="τὸ"|Lemma="ὁ"|Lang="G"|StrongNumber="G35880"|Morph="EA,,,,ANS,"|Type="Article"|Case="Accusative"|Gender="Neuter"|Number="Singular"|English="the"
410160150111|εὐαγγέλιον|410160150091|O|Cat="noun"|Id="35"|morphId="410160150111"|Unicode="εὐαγγέλιον"|Lemma="εὐαγγέλιον"|Lang="G"|StrongNumber="G20980"|Morph="N,,,,,ANS,"|Case="Accusative"|Gender="Neuter"|Number="Singular"|English="gospel"
410160150121|πάσῃ|410160150141|adjp|Cat="adj"|Id="39"|morphId="410160150121"|Unicode="πάσῃ"|Lemma="πᾶς"|Lang="G"|StrongNumber="G39560"|Morph="AA,,,,DFS,"|Type="Ascriptive"|Case="Dative"|Gender="Feminine"|Number="Singular"|English="all"
410160150131|τῇ|410160150141|det|Cat="det"|Id="41"|morphId="410160150131"|Unicode="τῇ"|Lemma="ὁ"|Lang="G"|StrongNumber="G35880"|Morph="EA,,,,DFS,"|Type="Article"|Case="Dative"|Gender="Feminine"|Number="Singular"|English="the"
410160150141|κτίσει.|410160150091|IO|Cat="noun"|Id="43"|morphId="410160150141"|Unicode="κτίσει."|Lemma="κτίσις"|Lang="G"|StrongNumber="G29370"|Morph="N,,,,,DFS,"|Case="Dative"|Gender="Feminine"|Number="Singular"|English="to ~ creation"
410160160011|Ὁ|410160160021|det|Cat="det"|Id="6"|morphId="410160160011"|Unicode="Ὁ"|Lemma="ὁ"|Lang="G"|StrongNumber="G35880"|Morph="EA,,,,NMS,"|Type="Article"|Case="Nominative"|Gender="Masculine"|Number="Singular"|English="he"
410160160021|πιστεύσας|410160160051|S|Cat="verb"|Id="11"|morphId="410160160021"|Unicode="πιστεύσας"|Lemma="πιστεύω"|Lang="G"|StrongNumber="G41000"|Morph="V,PAA,NMS,"|Mood="Participle"|Tense="Aorist"|Voice="Active"|Case="Nominative"|Gender="Masculine"|Number="Singular"|English="whoever believes"
410160160031|καὶ|410160160021|conj|Cat="conj"|Id="12"|morphId="410160160031"|Unicode="καὶ"|Lemma="καί"|Lang="G"|StrongNumber="G25320"|Morph="CC,,,,,,,,"|Type="Coordinating"|English="and"
410160160041|βαπτισθεὶς|410160160021|CL|Cat="verb"|Id="16"|morphId="410160160041"|Unicode="βαπτισθεὶς"|Lemma="βαπτίζω"|Lang="G"|StrongNumber="G09070"|Morph="V,PAP,NMS,"|Mood="Participle"|Tense="Aorist"|Voice="Passive"|Case="Nominative"|Gender="Masculine"|Number="Singular"|English="is baptized"
410160160051|σωθήσεται;|None|CL|Cat="verb"|Id="19"|morphId="410160160051"|Unicode="σωθήσεται;"|Lemma="σῴζω"|Lang="G"|StrongNumber="G49820"|Morph="V,IFP3,,S,"|Mood="Indicative"|Tense="Future"|Voice="Passive"|Person="Third"|Number="Singular"|English="will be saved"
410160160071|δὲ|410160160051|conj|Cat="conj"|Id="20"|morphId="410160160071"|Unicode="δὲ"|Lemma="δέ"|Lang="G"|StrongNumber="G11610"|Morph="CC,,,,,,,,"|Type="Coordinating"|English="but"
410160160061|ὁ|410160160081|det|Cat="det"|Id="24"|morphId="410160160061"|Unicode="ὁ"|Lemma="ὁ"|Lang="G"|StrongNumber="G35880"|Morph="EA,,,,NMS,"|Type="Article"|Case="Nominative"|Gender="Masculine"|Number="Singular"|English="he"
410160160081|ἀπιστήσας|410160160091|S|Cat="verb"|Id="28"|morphId="410160160081"|Unicode="ἀπιστήσας"|Lemma="ἀπιστέω"|Lang="G"|StrongNumber="G05690"|Morph="V,PAA,NMS,"|Mood="Participle"|Tense="Aorist"|Voice="Active"|Case="Nominative"|Gender="Masculine"|Number="Singular"|English="whoever does not believe"
410160160091|κατακριθήσεται.|410160160051|CL|Cat="verb"|Id="31"|morphId="410160160091"|Unicode="κατακριθήσεται."|Lemma="κατακρίνω"|Lang="G"|StrongNumber="G26320"|Morph="V,IFP3,,S,"|Mood="Indicative"|Tense="Future"|Voice="Passive"|Person="Third"|Number="Singular"|English="will be condemned"
410160170021|δὲ|410160170051|conj|Cat="conj"|Id="3"|morphId="410160170021"|Unicode="δὲ"|Lemma="δέ"|Lang="G"|StrongNumber="G11610"|Morph="CC,,,,,,,,"|Type="Coordinating"|English="and"
410160170011|Σημεῖα|410160170051|S|Cat="noun"|Id="8"|morphId="410160170011"|Unicode="Σημεῖα"|Lemma="σημεῖον"|Lang="G"|StrongNumber="G45920"|Morph="N,,,,,NNP,"|Case="Nominative"|Gender="Neuter"|Number="Plural"|English="signs"
410160170061|ταῦτα;|410160170011|np|Cat="pron"|Id="10"|morphId="410160170061"|Unicode="ταῦτα;"|Lemma="οὗτος"|Lang="G"|StrongNumber="G37780"|Morph="RD,,,,NNP,"|Type="Demonstrative"|Case="Nominative"|Gender="Neuter"|Number="Plural"|English="these"
410160170031|τοῖς|410160170041|det|Cat="det"|Id="13"|morphId="410160170031"|Unicode="τοῖς"|Lemma="ὁ"|Lang="G"|StrongNumber="G35880"|Morph="EA,,,,DMP,"|Type="Article"|Case="Dative"|Gender="Masculine"|Number="Plural"|English="those"
410160170041|πιστεύσασιν|410160170051|O|Cat="verb"|Id="17"|morphId="410160170041"|Unicode="πιστεύσασιν"|Lemma="πιστεύω"|Lang="G"|StrongNumber="G41000"|Morph="V,PAA,DMP,"|Mood="Participle"|Tense="Aorist"|Voice="Active"|Case="Dative"|Gender="Masculine"|Number="Plural"|English="who believe"
410160170051|παρακολουθήσει|None|CL|Cat="verb"|Id="20"|morphId="410160170051"|Unicode="παρακολουθήσει"|Lemma="παρακολουθέω"|Lang="G"|StrongNumber="G38770"|Morph="V,IFA3,,S,"|Mood="Indicative"|Tense="Future"|Voice="Active"|Person="Third"|Number="Singular"|English="will accompany"
410160170071|ἐν|410160170091|prep|Cat="prep"|Id="25"|morphId="410160170071"|Unicode="ἐν"|Lemma="ἐν"|Lang="G"|StrongNumber="G17220"|Morph="P,,,,,D,,,"|Case="Dative"|English="in"
410160170081|τῷ|410160170091|det|Cat="det"|Id="27"|morphId="410160170081"|Unicode="τῷ"|Lemma="ὁ"|Lang="G"|StrongNumber="G35880"|Morph="EA,,,,DNS,"|Type="Article"|Case="Dative"|Gender="Neuter"|Number="Singular"|English="the"
410160170091|ὀνόματί|410160170121|ADV|Cat="noun"|Id="30"|morphId="410160170091"|Unicode="ὀνόματί"|Lemma="ὄνομα"|Lang="G"|StrongNumber="G36860"|Morph="N,,,,,DNS,"|Case="Dative"|Gender="Neuter"|Number="Singular"|English="name"
410160170101|μου|410160170091|np|Cat="pron"|Id="32"|morphId="410160170101"|Unicode="μου"|Lemma="ἐγώ"|Lang="G"|StrongNumber="G14730"|Morph="RP,,,1G,S,"|Type="Personal"|Person="First"|Case="Genitive"|Number="Singular"|English="of me"
410160170111|δαιμόνια|410160170121|O|Cat="noun"|Id="35"|morphId="410160170111"|Unicode="δαιμόνια"|Lemma="δαιμόνιον"|Lang="G"|StrongNumber="G11400"|Morph="N,,,,,ANP,"|Case="Accusative"|Gender="Neuter"|Number="Plural"|English="demons"
410160170121|ἐκβαλοῦσιν;|410160170051|CL|Cat="verb"|Id="38"|morphId="410160170121"|Unicode="ἐκβαλοῦσιν;"|Lemma="ἐκβάλλω"|Lang="G"|StrongNumber="G15440"|Morph="V,IFA3,,P,"|Mood="Indicative"|Tense="Future"|Voice="Active"|Person="Third"|Number="Plural"|English="they will cast out"
410160170131|γλώσσαις|410160170141|ADV|Cat="noun"|Id="43"|morphId="410160170131"|Unicode="γλώσσαις"|Lemma="γλῶσσα"|Lang="G"|StrongNumber="G11000"|Morph="N,,,,,DFP,"|Case="Dative"|Gender="Feminine"|Number="Plural"|English="in ~ tongues"
410160170151|καιναῖς;|410160170131|adjp|Cat="adj"|Id="45"|morphId="410160170151"|Unicode="καιναῖς;"|Lemma="καινός"|Lang="G"|StrongNumber="G25370"|Morph="AA,,,,DFP,"|Type="Ascriptive"|Case="Dative"|Gender="Feminine"|Number="Plural"|English="new"
410160170141|λαλήσουσιν|410160170121|CL|Cat="verb"|Id="48"|morphId="410160170141"|Unicode="λαλήσουσιν"|Lemma="λαλέω"|Lang="G"|StrongNumber="G29800"|Morph="V,IFA3,,P,"|Mood="Indicative"|Tense="Future"|Voice="Active"|Person="Third"|Number="Plural"|English="they will speak"
410160180011|ὄφεις|410160180021|O|Cat="noun"|Id="6"|morphId="410160180011"|Unicode="ὄφεις"|Lemma="ὄφις"|Lang="G"|StrongNumber="G37890"|Morph="N,,,,,AMP,"|Case="Accusative"|Gender="Masculine"|Number="Plural"|English="snakes"
410160180021|ἀροῦσιν;|None|CL|Cat="verb"|Id="9"|morphId="410160180021"|Unicode="ἀροῦσιν;"|Lemma="αἴρω"|Lang="G"|StrongNumber="G01420"|Morph="V,IFA3,,P,"|Mood="Indicative"|Tense="Future"|Voice="Active"|Person="Third"|Number="Plural"|English="they will pick up"
410160180031|κἂν|410160180061|conj|Cat="conj"|Id="12"|morphId="410160180031"|Unicode="κἂν"|Lemma="κἄν"|Lang="G"|StrongNumber="G25790"|Morph="CS,,,,,,,,"|Type="Subordinating"|English="and if"
410160180041|θανάσιμόν|410160180051|adjp|Cat="adj"|Id="17"|morphId="410160180041"|Unicode="θανάσιμόν"|Lemma="θανάσιμος"|Lang="G"|StrongNumber="G22860"|Morph="AA,,,,ANS,"|Type="Ascriptive"|Case="Accusative"|Gender="Neuter"|Number="Singular"|English="deadly"
410160180051|τι|410160180061|O|Cat="pron"|Id="19"|morphId="410160180051"|Unicode="τι"|Lemma="τὶς"|Lang="G"|StrongNumber="G51000"|Morph="RI,,,,ANS,"|Type="Indefinite"|Case="Accusative"|Gender="Neuter"|Number="Singular"|English="any"
410160180061|πίωσιν|410160180101|CL|Cat="verb"|Id="22"|morphId="410160180061"|Unicode="πίωσιν"|Lemma="πίνω"|Lang="G"|StrongNumber="G40950"|Morph="V,SAA3,,P,"|Mood="Subjunctive"|Tense="Aorist"|Voice="Active"|Person="Third"|Number="Plural"|English="they drink"
410160180071|οὐ|410160180101|ADV|Cat="adv"|Id="27"|morphId="410160180071"|Unicode="οὐ"|Lemma="οὐ"|Lang="G"|StrongNumber="G37560"|Morph="D,,,,,,,,,"|English="in no way"
410160180081|μὴ|410160180071|advp|Cat="adv"|Id="29"|morphId="410160180081"|Unicode="μὴ"|Lemma="μή"|Lang="G"|StrongNumber="G33610"|Morph="D,,,,,,,,,"
410160180091|αὐτοὺς|410160180101|O|Cat="pron"|Id="32"|morphId="410160180091"|Unicode="αὐτοὺς"|Lemma="αὐτός"|Lang="G"|StrongNumber="G08460"|Morph="RP,,,,AMP,"|Type="Personal"|Case="Accusative"|Gender="Masculine"|Number="Plural"|English="them"
410160180101|βλάψῃ;|410160180021|CL|Cat="verb"|Id="35"|morphId="410160180101"|Unicode="βλάψῃ;"|Lemma="βλάπτω"|Lang="G"|StrongNumber="G09840"|Morph="V,SAA3,,S,"|Mood="Subjunctive"|Tense="Aorist"|Voice="Active"|Person="Third"|Number="Singular"|English="it will ~ hurt"
410160180111|ἐπὶ|410160180121|prep|Cat="prep"|Id="40"|morphId="410160180111"|Unicode="ἐπὶ"|Lemma="ἐπί"|Lang="G"|StrongNumber="G19090"|Morph="P,,,,,A,,,"|Case="Accusative"|English="on"
410160180121|ἀρρώστους|410160180141|ADV|Cat="adj"|Id="43"|morphId="410160180121"|Unicode="ἀρρώστους"|Lemma="ἄρρωστος"|Lang="G"|StrongNumber="G07320"|Morph="AA,,,,AMP,"|Type="Ascriptive"|Case="Accusative"|Gender="Masculine"|Number="Plural"|English="sick"
410160180131|χεῖρας|410160180141|O|Cat="noun"|Id="46"|morphId="410160180131"|Unicode="χεῖρας"|Lemma="χείρ"|Lang="G"|StrongNumber="G54950"|Morph="N,,,,,AFP,"|Case="Accusative"|Gender="Feminine"|Number="Plural"|English="hands"
410160180141|ἐπιθήσουσιν|410160180021|CL|Cat="verb"|Id="49"|morphId="410160180141"|Unicode="ἐπιθήσουσιν"|Lemma="ἐπιτίθημι"|Lang="G"|StrongNumber="G20070"|Morph="V,IFA3,,P,"|Mood="Indicative"|Tense="Future"|Voice="Active"|Person="Third"|Number="Plural"|English="they will lay"
410160180151|καὶ|410160180141|conj|Cat="conj"|Id="50"|morphId="410160180151"|Unicode="καὶ"|Lemma="καί"|Lang="G"|StrongNumber="G25320"|Morph="CC,,,,,,,,"|Type="Coordinating"|English="and"
410160180161|καλῶς|410160180141|CL|Cat="adv"|Id="54"|morphId="410160180161"|Unicode="καλῶς"|Lemma="καλῶς"|Lang="G"|StrongNumber="G25730"|Morph="D,,,,,,,,,"|English="well"
410160180171|ἕξουσιν.|410160180161|VC|Cat="verb"|Id="57"|morphId="410160180171"|Unicode="ἕξουσιν."|Lemma="ἔχω"|Lang="G"|StrongNumber="G21920"|Morph="V,IFA3,,P,"|Mood="Indicative"|Tense="Future"|Voice="Active"|Person="Third"|Number="Plural"|English="they will get"
410160190021|μὲν|410160190091|advp|Cat="adv"|Id="4"|morphId="410160190021"|Unicode="μὲν"|Lemma="μέν"|Lang="G"|StrongNumber="G33030"|Morph="DO,,,,,,,,"|Type="Correlative"|English="so"
410160190011|Ὁ|410160190031|det|Cat="det"|Id="10"|morphId="410160190011"|Unicode="Ὁ"|Lemma="ὁ"|Lang="G"|StrongNumber="G35880"|Morph="EA,,,,NMS,"|Type="Article"|Case="Nominative"|Gender="Masculine"|Number="Singular"|English="the"
410160190031|κύριος|410160190091|S|Cat="noun"|Id="12"|morphId="410160190031"|Unicode="κύριος"|Lemma="κύριος"|Lang="G"|StrongNumber="G29620"|Morph="N,,,,,NMS,"|Case="Nominative"|Gender="Masculine"|Number="Singular"|English="Lord"
410160190041|Ἰησοῦς|410160190031|np|Cat="noun"|Id="14"|morphId="410160190041"|Unicode="Ἰησοῦς"|Lemma="Ἰησοῦς"|Lang="G"|StrongNumber="G24240"|Morph="N,,,,,NMS,"|Case="Nominative"|Gender="Masculine"|Number="Singular"|English="Jesus"
410160190051|μετὰ|410160190071|prep|Cat="prep"|Id="17"|morphId="410160190051"|Unicode="μετὰ"|Lemma="μετά"|Lang="G"|StrongNumber="G33260"|Morph="P,,,,,G,,,"|Case="Genitive"|English="after"
410160190061|τὸ|410160190071|det|Cat="det"|Id="19"|morphId="410160190061"|Unicode="τὸ"|Lemma="ὁ"|Lang="G"|StrongNumber="G35880"|Morph="EA,,,,ANS,"|Type="Article"|Case="Accusative"|Gender="Neuter"|Number="Singular"
410160190071|λαλῆσαι|410160190091|ADV|Cat="verb"|Id="23"|morphId="410160190071"|Unicode="λαλῆσαι"|Lemma="λαλέω"|Lang="G"|StrongNumber="G29800"|Morph="V,NAA,,,,,"|Mood="Infinitive"|Tense="Aorist"|Voice="Active"|English="had spoken"
410160190081|αὐτοῖς|410160190071|IO|Cat="pron"|Id="26"|morphId="410160190081"|Unicode="αὐτοῖς"|Lemma="αὐτός"|Lang="G"|StrongNumber="G08460"|Morph="RP,,,,DMP,"|Type="Personal"|Case="Dative"|Gender="Masculine"|Number="Plural"|English="to them"
410160190091|ἀνελήφθη|None|CL|Cat="verb"|Id="29"|morphId="410160190091"|Unicode="ἀνελήφθη"|Lemma="ἀναλαμβάνω"|Lang="G"|StrongNumber="G03530"|Morph="V,IAP3,,S,"|Mood="Indicative"|Tense="Aorist"|Voice="Passive"|Person="Third"|Number="Singular"|English="was taken up"
410160190101|εἰς|410160190121|prep|Cat="prep"|Id="32"|morphId="410160190101"|Unicode="εἰς"|Lemma="εἰς"|Lang="G"|StrongNumber="G15190"|Morph="P,,,,,A,,,"|Case="Accusative"|English="into"
410160190111|τὸν|410160190121|det|Cat="det"|Id="34"|morphId="410160190111"|Unicode="τὸν"|Lemma="ὁ"|Lang="G"|StrongNumber="G35880"|Morph="EA,,,,AMS,"|Type="Article"|Case="Accusative"|Gender="Masculine"|Number="Singular"
410160190121|οὐρανόν|410160190091|ADV|Cat="noun"|Id="36"|morphId="410160190121"|Unicode="οὐρανόν"|Lemma="οὐρανός"|Lang="G"|StrongNumber="G37720"|Morph="N,,,,,AMS,"|Case="Accusative"|Gender="Masculine"|Number="Singular"|English="heaven"
410160190131|καὶ|410160190091|conj|Cat="conj"|Id="37"|morphId="410160190131"|Unicode="καὶ"|Lemma="καί"|Lang="G"|StrongNumber="G25320"|Morph="CC,,,,,,,,"|Type="Coordinating"|English="and"
410160190141|ἐκάθισεν|410160190091|CL|Cat="verb"|Id="41"|morphId="410160190141"|Unicode="ἐκάθισεν"|Lemma="καθίζω"|Lang="G"|StrongNumber="G25230"|Morph="V,IAA3,,S,"|Mood="Indicative"|Tense="Aorist"|Voice="Active"|Person="Third"|Number="Singular"|English="sat down"
410160190151|ἐκ|410160190161|prep|Cat="prep"|Id="44"|morphId="410160190151"|Unicode="ἐκ"|Lemma="ἐκ"|Lang="G"|StrongNumber="G15370"|Morph="P,,,,,G,,,"|Case="Genitive"|English="at"
410160190161|δεξιῶν|410160190141|ADV|Cat="adj"|Id="48"|morphId="410160190161"|Unicode="δεξιῶν"|Lemma="δεξιός"|Lang="G"|StrongNumber="G11880"|Morph="AA,,,,GNP,"|Type="Ascriptive"|Case="Genitive"|Gender="Neuter"|Number="Plural"|English="right hand"
410160190171|τοῦ|410160190181|det|Cat="det"|Id="50"|morphId="410160190171"|Unicode="τοῦ"|Lemma="ὁ"|Lang="G"|StrongNumber="G35880"|Morph="EA,,,,GMS,"|Type="Article"|Case="Genitive"|Gender="Masculine"|Number="Singular"
410160190181|θεοῦ.|410160190161|np|Cat="noun"|Id="52"|morphId="410160190181"|Unicode="θεοῦ."|Lemma="θεός"|Lang="G"|StrongNumber="G23160"|Morph="N,,,,,GMS,"|Case="Genitive"|Gender="Masculine"|Number="Singular"|English="of God"
410160200021|δὲ|410160200041|conj|Cat="conj"|Id="4"|morphId="410160200021"|Unicode="δὲ"|Lemma="δέ"|Lang="G"|StrongNumber="G11610"|Morph="CC,,,,,,,,"|Type="Coordinating"|English="and"
410160200011|Ἐκεῖνοι|410160200041|S|Cat="pron"|Id="9"|morphId="410160200011"|Unicode="Ἐκεῖνοι"|Lemma="ἐκεῖνος"|Lang="G"|StrongNumber="G15650"|Morph="RD,,,,NMP,"|Type="Demonstrative"|Case="Nominative"|Gender="Masculine"|Number="Plural"|English="those"
410160200031|ἐξελθόντες|410160200041|ADV|Cat="verb"|Id="14"|morphId="410160200031"|Unicode="ἐξελθόντες"|Lemma="ἐξέρχομαι"|Lang="G"|StrongNumber="G18310"|Morph="V,PAA,NMP,"|Mood="Participle"|Tense="Aorist"|Voice="Active"|Case="Nominative"|Gender="Masculine"|Number="Plural"|English="went out"
410160200041|ἐκήρυξαν|None|CL|Cat="verb"|Id="17"|morphId="410160200041"|Unicode="ἐκήρυξαν"|Lemma="κηρύσσω"|Lang="G"|StrongNumber="G27840"|Morph="V,IAA3,,P,"|Mood="Indicative"|Tense="Aorist"|Voice="Active"|Person="Third"|Number="Plural"|English="preached"
410160200051|πανταχοῦ|410160200041|ADV|Cat="adv"|Id="20"|morphId="410160200051"|Unicode="πανταχοῦ"|Lemma="πανταχοῦ"|Lang="G"|StrongNumber="G38370"|Morph="D,,,,,,,,,"|English="everywhere"
410160200061|τοῦ|410160200071|det|Cat="det"|Id="25"|morphId="410160200061"|Unicode="τοῦ"|Lemma="ὁ"|Lang="G"|StrongNumber="G35880"|Morph="EA,,,,GMS,"|Type="Article"|Case="Genitive"|Gender="Masculine"|Number="Singular"|English="the"
410160200071|κυρίου|410160200081|S|Cat="noun"|Id="27"|morphId="410160200071"|Unicode="κυρίου"|Lemma="κύριος"|Lang="G"|StrongNumber="G29620"|Morph="N,,,,,GMS,"|Case="Genitive"|Gender="Masculine"|Number="Singular"|English="Lord"
410160200081|συνεργοῦντος|410160200041|CL|Cat="verb"|Id="30"|morphId="410160200081"|Unicode="συνεργοῦντος"|Lemma="συνεργέω"|Lang="G"|StrongNumber="G49030"|Morph="V,PPA,GMS,"|Mood="Participle"|Tense="Present"|Voice="Active"|Case="Genitive"|Gender="Masculine"|Number="Singular"|English="while ~ worked with"
410160200091|καὶ|410160200081|conj|Cat="conj"|Id="31"|morphId="410160200091"|Unicode="καὶ"|Lemma="καί"|Lang="G"|StrongNumber="G25320"|Morph="CC,,,,,,,,"|Type="Coordinating"|English="and"
410160200101|τὸν|410160200111|det|Cat="det"|Id="35"|morphId="410160200101"|Unicode="τὸν"|Lemma="ὁ"|Lang="G"|StrongNumber="G35880"|Morph="EA,,,,AMS,"|Type="Article"|Case="Accusative"|Gender="Masculine"|Number="Singular"|English="the"
410160200111|λόγον|410160200121|O|Cat="noun"|Id="37"|morphId="410160200111"|Unicode="λόγον"|Lemma="λόγος"|Lang="G"|StrongNumber="G30560"|Morph="N,,,,,AMS,"|Case="Accusative"|Gender="Masculine"|Number="Singular"|English="word"
410160200121|βεβαιοῦντος|410160200081|CL|Cat="verb"|Id="40"|morphId="410160200121"|Unicode="βεβαιοῦντος"|Lemma="βεβαιόω"|Lang="G"|StrongNumber="G09500"|Morph="V,PPA,GMS,"|Mood="Participle"|Tense="Present"|Voice="Active"|Case="Genitive"|Gender="Masculine"|Number="Singular"|English="confirmed"
410160200131|διὰ|410160200161|prep|Cat="prep"|Id="43"|morphId="410160200131"|Unicode="διὰ"|Lemma="διά"|Lang="G"|StrongNumber="G12230"|Morph="P,,,,,G,,,"|Case="Genitive"|English="by"
410160200141|τῶν|410160200161|det|Cat="det"|Id="45"|morphId="410160200141"|Unicode="τῶν"|Lemma="ὁ"|Lang="G"|StrongNumber="G35880"|Morph="EA,,,,GNP,"|Type="Article"|Case="Genitive"|Gender="Neuter"|Number="Plural"|English="the"
410160200151|ἐπακολουθούντων|410160200161|adjp|Cat="verb"|Id="51"|morphId="410160200151"|Unicode="ἐπακολουθούντων"|Lemma="ἐπακολουθέω"|Lang="G"|StrongNumber="G18720"|Morph="V,PPA,GNP,"|Mood="Participle"|Tense="Present"|Voice="Active"|Case="Genitive"|Gender="Neuter"|Number="Plural"|English="accompanying"
410160200161|σημείων.|410160200121|ADV|Cat="noun"|Id="53"|morphId="410160200161"|Unicode="σημείων."|Lemma="σημεῖον"|Lang="G"|StrongNumber="G45920"|Morph="N,,,,,GNP,"|Case="Genitive"|Gender="Neuter"|Number="Plural"|English="signs"
410160200171|Ἀμήν.]|410160200041|CL|Cat="ptcl"|Id="56"|morphId="410160200171"|Unicode="Ἀμήν.]"|Lang="G"|StrongNumber="G02810"|Morph="TF,,,,,,,,"|Type="Foreign"|English="Amen"
