500040010011|ὥστε,|500040010121|conj|Cat="conj"|Id="3"|morphId="500040010011"|Unicode="ὥστε,"|Lemma="ὥστε"|Lang="G"|StrongNumber="G56200"|Morph="CS,,,,,,,,"|Type="Subordinating"|English="therefore"
500040010021|ἀδελφοί|500040010121|CL|Cat="noun"|Id="10"|morphId="500040010021"|Unicode="ἀδελφοί"|Lemma="ἀδελφός"|Lang="G"|StrongNumber="G00800"|Morph="N,,,,,VMP,"|Case="Vocative"|Gender="Masculine"|Number="Plural"|English="brothers"
500040010031|μου|500040010021|np|Cat="pron"|Id="12"|morphId="500040010031"|Unicode="μου"|Lemma="ἐγώ"|Lang="G"|StrongNumber="G14730"|Morph="RP,,,1G,S,"|Type="Personal"|Person="First"|Case="Genitive"|Number="Singular"|English="of me"
500040010041|ἀγαπητοὶ|500040010021|adjp|Cat="adj"|Id="15"|morphId="500040010041"|Unicode="ἀγαπητοὶ"|Lemma="ἀγαπητός"|Lang="G"|StrongNumber="G00270"|Morph="AA,,,,VMP,"|Type="Ascriptive"|Case="Vocative"|Gender="Masculine"|Number="Plural"|English="love"
500040010051|καὶ|500040010041|conj|Cat="conj"|Id="16"|morphId="500040010051"|Unicode="καὶ"|Lemma="καί"|Lang="G"|StrongNumber="G25320"|Morph="CC,,,,,,,,"|Type="Coordinating"|English="and"
500040010061|ἐπιπόθητοι,|500040010041|adjp|Cat="adj"|Id="18"|morphId="500040010061"|Unicode="ἐπιπόθητοι,"|Lemma="ἐπιπόθητος"|Lang="G"|StrongNumber="G19730"|Morph="AA,,,,VMP,"|Type="Ascriptive"|Case="Vocative"|Gender="Masculine"|Number="Plural"|English="long for"
500040010071|χαρὰ|500040010021|np|Cat="noun"|Id="22"|morphId="500040010071"|Unicode="χαρὰ"|Lemma="χαρά"|Lang="G"|StrongNumber="G54790"|Morph="N,,,,,VFS,"|Case="Vocative"|Gender="Feminine"|Number="Singular"|English="joy"
500040010081|καὶ|500040010071|conj|Cat="conj"|Id="23"|morphId="500040010081"|Unicode="καὶ"|Lemma="καί"|Lang="G"|StrongNumber="G25320"|Morph="CC,,,,,,,,"|Type="Coordinating"|English="and"
500040010091|στέφανός|500040010071|np|Cat="noun"|Id="25"|morphId="500040010091"|Unicode="στέφανός"|Lemma="στέφανος"|Lang="G"|StrongNumber="G47350"|Morph="N,,,,,VMS,"|Case="Vocative"|Gender="Masculine"|Number="Singular"|English="crown"
500040010101|μου,|500040010071|np|Cat="pron"|Id="27"|morphId="500040010101"|Unicode="μου,"|Lemma="ἐγώ"|Lang="G"|StrongNumber="G14730"|Morph="RP,,,1G,S,"|Type="Personal"|Person="First"|Case="Genitive"|Number="Singular"|English="of me"
500040010111|οὕτως|500040010121|ADV|Cat="adv"|Id="32"|morphId="500040010111"|Unicode="οὕτως"|Lemma="οὕτως"|Lang="G"|StrongNumber="G37790"|Morph="D,,,,,,,,,"|English="in this way"
500040010121|στήκετε|None|CL|Cat="verb"|Id="35"|morphId="500040010121"|Unicode="στήκετε"|Lemma="στήκω"|Lang="G"|StrongNumber="G47390"|Morph="V,MPA2,,P,"|Mood="Imperative"|Tense="Present"|Voice="Active"|Person="Second"|Number="Plural"|English="stand firm"
500040010131|ἐν|500040010141|prep|Cat="prep"|Id="38"|morphId="500040010131"|Unicode="ἐν"|Lemma="ἐν"|Lang="G"|StrongNumber="G17220"|Morph="P,,,,,D,,,"|Case="Dative"|English="in"
500040010141|Κυρίῳ,|500040010121|ADV|Cat="noun"|Id="40"|morphId="500040010141"|Unicode="Κυρίῳ,"|Lemma="κύριος"|Lang="G"|StrongNumber="G29620"|Morph="N,,,,,DMS,"|Case="Dative"|Gender="Masculine"|Number="Singular"|English="Lord"
500040010151|ἀγαπητοί.|500040010121|CL|Cat="noun"|Id="43"|morphId="500040010151"|Unicode="ἀγαπητοί."|Lemma="ἀγαπητός"|Lang="G"|StrongNumber="G00270"|Morph="NS,,,,VMP,"|Type="Substantive_Adj"|Case="Vocative"|Gender="Masculine"|Number="Plural"|English="beloved"
500040020011|Εὐοδίαν|500040020021|O|Cat="noun"|Id="7"|morphId="500040020011"|Unicode="Εὐοδίαν"|Lemma="Εὐοδία"|Lang="G"|StrongNumber="G21360"|Morph="N,,,,,AFS,"|Case="Accusative"|Gender="Feminine"|Number="Singular"|English="Euodia"
500040020021|παρακαλῶ,|None|CL|Cat="verb"|Id="10"|morphId="500040020021"|Unicode="παρακαλῶ,"|Lemma="παρακαλέω"|Lang="G"|StrongNumber="G38700"|Morph="V,IPA1,,S,"|Mood="Indicative"|Tense="Present"|Voice="Active"|Person="First"|Number="Singular"|English="I urge"
500040020031|καὶ|500040020021|conj|Cat="conj"|Id="11"|morphId="500040020031"|Unicode="καὶ"|Lemma="καί"|Lang="G"|StrongNumber="G25320"|Morph="CC,,,,,,,,"|Type="Coordinating"|English="and"
500040020041|Συντύχην|500040020051|O|Cat="noun"|Id="15"|morphId="500040020041"|Unicode="Συντύχην"|Lemma="Συντύχη"|Lang="G"|StrongNumber="G49410"|Morph="N,,,,,AFS,"|Case="Accusative"|Gender="Feminine"|Number="Singular"|English="Syntyche"
500040020051|παρακαλῶ,|500040020021|CL|Cat="verb"|Id="18"|morphId="500040020051"|Unicode="παρακαλῶ,"|Lemma="παρακαλέω"|Lang="G"|StrongNumber="G38700"|Morph="V,IPA1,,S,"|Mood="Indicative"|Tense="Present"|Voice="Active"|Person="First"|Number="Singular"|English="I urge"
500040020061|τὸ|500040020071|det|Cat="det"|Id="22"|morphId="500040020061"|Unicode="τὸ"|Lemma="ὁ"|Lang="G"|StrongNumber="G35880"|Morph="EA,,,,ANS,"|Type="Article"|Case="Accusative"|Gender="Neuter"|Number="Singular"|English="the"
500040020071|αὐτὸ|500040020081|O|Cat="pron"|Id="24"|morphId="500040020071"|Unicode="αὐτὸ"|Lemma="αὐτός"|Lang="G"|StrongNumber="G08460"|Morph="RD,,,,ANS,"|Type="Demonstrative"|Case="Accusative"|Gender="Neuter"|Number="Singular"|English="same thing"
500040020081|φρονεῖν|500040020021|CL|Cat="verb"|Id="27"|morphId="500040020081"|Unicode="φρονεῖν"|Lemma="φρονέω"|Lang="G"|StrongNumber="G54260"|Morph="V,NPA,,,,,"|Mood="Infinitive"|Tense="Present"|Voice="Active"|English="to be of ~ mind"
500040020091|ἐν|500040020101|prep|Cat="prep"|Id="30"|morphId="500040020091"|Unicode="ἐν"|Lemma="ἐν"|Lang="G"|StrongNumber="G17220"|Morph="P,,,,,D,,,"|Case="Dative"|English="in"
500040020101|Κυρίῳ.|500040020081|ADV|Cat="noun"|Id="32"|morphId="500040020101"|Unicode="Κυρίῳ."|Lemma="κύριος"|Lang="G"|StrongNumber="G29620"|Morph="N,,,,,DMS,"|Case="Dative"|Gender="Masculine"|Number="Singular"|English="Lord"
500040030011|ναὶ,|500040030021|CL|Cat="intj"|Id="4"|morphId="500040030011"|Unicode="ναὶ,"|Lemma="ναί"|Lang="G"|StrongNumber="G34830"|Morph="IR,,,,,,,,"|Type="Response"|English="yes"
500040030021|ἐρωτῶ|None|CL|Cat="verb"|Id="10"|morphId="500040030021"|Unicode="ἐρωτῶ"|Lemma="ἐρωτάω"|Lang="G"|StrongNumber="G20650"|Morph="V,IPA1,,S,"|Mood="Indicative"|Tense="Present"|Voice="Active"|Person="First"|Number="Singular"|English="I ask"
500040030031|καὶ|500040030041|advp|Cat="adv"|Id="14"|morphId="500040030031"|Unicode="καὶ"|Lemma="καί"|Lang="G"|StrongNumber="G25320"|Morph="D,,,,,,,,,"|English="also"
500040030041|σέ,|500040030021|O|Cat="pron"|Id="16"|morphId="500040030041"|Unicode="σέ,"|Lemma="σύ"|Lang="G"|StrongNumber="G47710"|Morph="RP,,,2A,S,"|Type="Personal"|Person="Second"|Case="Accusative"|Number="Singular"|English="you"
500040030051|γνήσιε|500040030061|adjp|Cat="adj"|Id="20"|morphId="500040030051"|Unicode="γνήσιε"|Lemma="γνήσιος"|Lang="G"|StrongNumber="G11030"|Morph="AA,,,,VMS,"|Type="Ascriptive"|Case="Vocative"|Gender="Masculine"|Number="Singular"|English="true"
500040030061|σύνζυγε,|500040030021|CL|Cat="noun"|Id="22"|morphId="500040030061"|Unicode="σύνζυγε,"|Lemma="σύνζυγος"|Lang="G"|StrongNumber="G48050"|Morph="NS,,,,VMS,"|Type="Substantive_Adj"|Case="Vocative"|Gender="Masculine"|Number="Singular"|English="companion"
500040030071|συνλαμβάνου|500040030021|CL|Cat="verb"|Id="26"|morphId="500040030071"|Unicode="συνλαμβάνου"|Lemma="συνλαμβάνω"|Lang="G"|StrongNumber="G48150"|Morph="V,MPM2,,S,"|Mood="Imperative"|Tense="Present"|Voice="Middle"|Person="Second"|Number="Singular"|English="help"
500040030081|αὐταῖς,|500040030071|ADV|Cat="pron"|Id="30"|morphId="500040030081"|Unicode="αὐταῖς,"|Lemma="αὐτός"|Lang="G"|StrongNumber="G08460"|Morph="RP,,,,DFP,"|Type="Personal"|Case="Dative"|Gender="Feminine"|Number="Plural"|English="them"
500040030091|αἵτινες|500040030131|S|Cat="pron"|Id="34"|morphId="500040030091"|Unicode="αἵτινες"|Lemma="ὅστις"|Lang="G"|StrongNumber="G37480"|Morph="RR,,,,NFP,"|Type="Relative"|Case="Nominative"|Gender="Feminine"|Number="Plural"|English="who"
500040030101|ἐν|500040030121|prep|Cat="prep"|Id="37"|morphId="500040030101"|Unicode="ἐν"|Lemma="ἐν"|Lang="G"|StrongNumber="G17220"|Morph="P,,,,,D,,,"|Case="Dative"|English="in"
500040030111|τῷ|500040030121|det|Cat="det"|Id="39"|morphId="500040030111"|Unicode="τῷ"|Lemma="ὁ"|Lang="G"|StrongNumber="G35880"|Morph="EA,,,,DNS,"|Type="Article"|Case="Dative"|Gender="Neuter"|Number="Singular"|English="the"
500040030121|εὐαγγελίῳ|500040030131|ADV|Cat="noun"|Id="41"|morphId="500040030121"|Unicode="εὐαγγελίῳ"|Lemma="εὐαγγέλιον"|Lang="G"|StrongNumber="G20980"|Morph="N,,,,,DNS,"|Case="Dative"|Gender="Neuter"|Number="Singular"|English="gospel"
500040030131|συνήθλησάν|500040030081|CL|Cat="verb"|Id="44"|morphId="500040030131"|Unicode="συνήθλησάν"|Lemma="συναθλέω"|Lang="G"|StrongNumber="G48660"|Morph="V,IAA3,,P,"|Mood="Indicative"|Tense="Aorist"|Voice="Active"|Person="Third"|Number="Plural"|English="they have struggled beside"
500040030141|μοι,|500040030131|ADV|Cat="pron"|Id="47"|morphId="500040030141"|Unicode="μοι,"|Lemma="ἐγώ"|Lang="G"|StrongNumber="G14730"|Morph="RP,,,1D,S,"|Type="Personal"|Person="First"|Case="Dative"|Number="Singular"|English="me"
500040030151|μετὰ|500040030171|prep|Cat="prep"|Id="50"|morphId="500040030151"|Unicode="μετὰ"|Lemma="μετά"|Lang="G"|StrongNumber="G33260"|Morph="P,,,,,G,,,"|Case="Genitive"|English="together with"
500040030161|καὶ|500040030171|conj|Cat="adv"|Id="53"|morphId="500040030161"|Unicode="καὶ"|Lemma="καί"|Lang="G"|StrongNumber="G25320"|Morph="DO,,,,,,,,"|Type="Correlative"|English="also"
500040030171|Κλήμεντος|500040030131|ADV|Cat="noun"|Id="55"|morphId="500040030171"|Unicode="Κλήμεντος"|Lemma="Κλήμης"|Lang="G"|StrongNumber="G28150"|Morph="N,,,,,GMS,"|Case="Genitive"|Gender="Masculine"|Number="Singular"|English="clement"
500040030181|καὶ|500040030171|conj|Cat="conj"|Id="56"|morphId="500040030181"|Unicode="καὶ"|Lemma="καί"|Lang="G"|StrongNumber="G25320"|Morph="CO,,,,,,,,"|Type="Correlative"|English="and"
500040030191|τῶν|500040030211|det|Cat="det"|Id="58"|morphId="500040030191"|Unicode="τῶν"|Lemma="ὁ"|Lang="G"|StrongNumber="G35880"|Morph="EA,,,,GMP,"|Type="Article"|Case="Genitive"|Gender="Masculine"|Number="Plural"|English="the"
500040030201|λοιπῶν|500040030211|adjp|Cat="det"|Id="62"|morphId="500040030201"|Unicode="λοιπῶν"|Lemma="λοιπός"|Lang="G"|StrongNumber="G30620"|Morph="EQ,,,,GMP,"|Type="Quantifier"|Case="Genitive"|Gender="Masculine"|Number="Plural"|English="rest"
500040030211|συνεργῶν|500040030171|np|Cat="noun"|Id="66"|morphId="500040030211"|Unicode="συνεργῶν"|Lemma="συνεργός"|Lang="G"|StrongNumber="G49040"|Morph="NS,,,,GMP,"|Type="Substantive_Adj"|Case="Genitive"|Gender="Masculine"|Number="Plural"|English="of ~ fellow workers"
500040030221|μου,|500040030211|np|Cat="pron"|Id="68"|morphId="500040030221"|Unicode="μου,"|Lemma="ἐγώ"|Lang="G"|StrongNumber="G14730"|Morph="RP,,,1G,S,"|Type="Personal"|Person="First"|Case="Genitive"|Number="Singular"|English="of me"
500040030231|ὧν|500040030251|np|Cat="pron"|Id="73"|morphId="500040030231"|Unicode="ὧν"|Lemma="ὅς"|Lang="G"|StrongNumber="G37390"|Morph="RR,,,,GMP,"|Type="Relative"|Case="Genitive"|Gender="Masculine"|Number="Plural"|English="of whom"
500040030241|τὰ|500040030251|det|Cat="det"|Id="75"|morphId="500040030241"|Unicode="τὰ"|Lemma="ὁ"|Lang="G"|StrongNumber="G35880"|Morph="EA,,,,NNP,"|Type="Article"|Case="Nominative"|Gender="Neuter"|Number="Plural"|English="the"
500040030251|ὀνόματα|500040030271|S|Cat="noun"|Id="77"|morphId="500040030251"|Unicode="ὀνόματα"|Lemma="ὄνομα"|Lang="G"|StrongNumber="G36860"|Morph="N,,,,,NNP,"|Case="Nominative"|Gender="Neuter"|Number="Plural"|English="names"
500040030261|ἐν|500040030271|prep|Cat="prep"|Id="80"|morphId="500040030261"|Unicode="ἐν"|Lemma="ἐν"|Lang="G"|StrongNumber="G17220"|Morph="P,,,,,D,,,"|Case="Dative"|English="in"
500040030271|βίβλῳ|500040030211|CL|Cat="noun"|Id="83"|morphId="500040030271"|Unicode="βίβλῳ"|Lemma="βίβλος"|Lang="G"|StrongNumber="G09760"|Morph="N,,,,,DFS,"|Case="Dative"|Gender="Feminine"|Number="Singular"|English="book"
500040030281|ζωῆς.|500040030271|np|Cat="noun"|Id="85"|morphId="500040030281"|Unicode="ζωῆς."|Lemma="ζωή"|Lang="G"|StrongNumber="G22220"|Morph="N,,,,,GFS,"|Case="Genitive"|Gender="Feminine"|Number="Singular"|English="of life"
500040040011|χαίρετε|None|CL|Cat="verb"|Id="5"|morphId="500040040011"|Unicode="χαίρετε"|Lemma="χαίρω"|Lang="G"|StrongNumber="G54630"|Morph="V,MPA2,,P,"|Mood="Imperative"|Tense="Present"|Voice="Active"|Person="Second"|Number="Plural"|English="rejoice"
500040040021|ἐν|500040040031|prep|Cat="prep"|Id="8"|morphId="500040040021"|Unicode="ἐν"|Lemma="ἐν"|Lang="G"|StrongNumber="G17220"|Morph="P,,,,,D,,,"|Case="Dative"|English="in"
500040040031|Κυρίῳ|500040040011|ADV|Cat="noun"|Id="10"|morphId="500040040031"|Unicode="Κυρίῳ"|Lemma="κύριος"|Lang="G"|StrongNumber="G29620"|Morph="N,,,,,DMS,"|Case="Dative"|Gender="Masculine"|Number="Singular"|English="Lord"
500040040041|πάντοτε,|500040040011|ADV|Cat="adv"|Id="13"|morphId="500040040041"|Unicode="πάντοτε,"|Lemma="πάντοτε"|Lang="G"|StrongNumber="G38420"|Morph="D,,,,,,,,,"|English="always"
500040040051|πάλιν|500040040061|ADV|Cat="adv"|Id="18"|morphId="500040040051"|Unicode="πάλιν"|Lemma="πάλιν"|Lang="G"|StrongNumber="G38250"|Morph="D,,,,,,,,,"|English="again"
500040040061|ἐρῶ,|500040040011|CL|Cat="verb"|Id="21"|morphId="500040040061"|Unicode="ἐρῶ,"|Lemma="λέγω"|Lang="G"|StrongNumber="G30040"|Morph="V,IFA1,,S,"|Mood="Indicative"|Tense="Future"|Voice="Active"|Person="First"|Number="Singular"|English="I will say"
500040040071|χαίρετε!|500040040061|CL|Cat="verb"|Id="25"|morphId="500040040071"|Unicode="χαίρετε!"|Lemma="χαίρω"|Lang="G"|StrongNumber="G54630"|Morph="V,MPA2,,P,"|Mood="Imperative"|Tense="Present"|Voice="Active"|Person="Second"|Number="Plural"|English="rejoice"
500040050011|τὸ|500040050021|det|Cat="det"|Id="5"|morphId="500040050011"|Unicode="τὸ"|Lemma="ὁ"|Lang="G"|StrongNumber="G35880"|Morph="EA,,,,NNS,"|Type="Article"|Case="Nominative"|Gender="Neuter"|Number="Singular"|English="The"
500040050021|ἐπιεικὲς|500040050041|S|Cat="noun"|Id="8"|morphId="500040050021"|Unicode="ἐπιεικὲς"|Lemma="ἐπιεικής"|Lang="G"|StrongNumber="G19330"|Morph="NS,,,,NNS,"|Type="Substantive_Adj"|Case="Nominative"|Gender="Neuter"|Number="Singular"|English="gentleness"
500040050031|ὑμῶν|500040050021|np|Cat="pron"|Id="10"|morphId="500040050031"|Unicode="ὑμῶν"|Lemma="σύ"|Lang="G"|StrongNumber="G47710"|Morph="RP,,,2G,P,"|Type="Personal"|Person="Second"|Case="Genitive"|Number="Plural"|English="of you"
500040050041|γνωσθήτω|None|CL|Cat="verb"|Id="13"|morphId="500040050041"|Unicode="γνωσθήτω"|Lemma="γινώσκω"|Lang="G"|StrongNumber="G10970"|Morph="V,MAP3,,S,"|Mood="Imperative"|Tense="Aorist"|Voice="Passive"|Person="Third"|Number="Singular"|English="let ~ be known"
500040050051|πᾶσιν|500040050061|adjp|Cat="det"|Id="18"|morphId="500040050051"|Unicode="πᾶσιν"|Lemma="πᾶς"|Lang="G"|StrongNumber="G39560"|Morph="EQ,,,,DMP,"|Type="Quantifier"|Case="Dative"|Gender="Masculine"|Number="Plural"|English="all"
500040050061|ἀνθρώποις.|500040050041|IO|Cat="noun"|Id="20"|morphId="500040050061"|Unicode="ἀνθρώποις."|Lemma="ἄνθρωπος"|Lang="G"|StrongNumber="G04440"|Morph="N,,,,,DMP,"|Case="Dative"|Gender="Masculine"|Number="Plural"|English="to ~ men"
500040050071|ὁ|500040050081|det|Cat="det"|Id="24"|morphId="500040050071"|Unicode="ὁ"|Lemma="ὁ"|Lang="G"|StrongNumber="G35880"|Morph="EA,,,,NMS,"|Type="Article"|Case="Nominative"|Gender="Masculine"|Number="Singular"|English="the"
500040050081|Κύριος|500040050091|S|Cat="noun"|Id="26"|morphId="500040050081"|Unicode="Κύριος"|Lemma="κύριος"|Lang="G"|StrongNumber="G29620"|Morph="N,,,,,NMS,"|Case="Nominative"|Gender="Masculine"|Number="Singular"|English="Lord"
500040050091|ἐγγύς.|500040050041|CL|Cat="adv"|Id="29"|morphId="500040050091"|Unicode="ἐγγύς."|Lemma="ἐγγύς"|Lang="G"|StrongNumber="G14510"|Morph="D,,,,,,,,,"|English="near"
500040060011|μηδὲν|500040060021|O|Cat="pron"|Id="6"|morphId="500040060011"|Unicode="μηδὲν"|Lemma="μηδείς"|Lang="G"|StrongNumber="G33670"|Morph="RI,,,,ANS,"|Type="Indefinite"|Case="Accusative"|Gender="Neuter"|Number="Singular"|English="for nothing"
500040060021|μεριμνᾶτε,|None|CL|Cat="verb"|Id="9"|morphId="500040060021"|Unicode="μεριμνᾶτε,"|Lemma="μεριμνάω"|Lang="G"|StrongNumber="G33090"|Morph="V,MPA2,,P,"|Mood="Imperative"|Tense="Present"|Voice="Active"|Person="Second"|Number="Plural"|English="be anxious"
500040060031|ἀλλ’|500040060021|conj|Cat="conj"|Id="10"|morphId="500040060031"|Unicode="ἀλλ’"|Lemma="ἀλλά"|Lang="G"|StrongNumber="G02350"|Morph="CC,,,,,,,,"|Type="Coordinating"|English="but"
500040060041|ἐν|500040060051|prep|Cat="prep"|Id="14"|morphId="500040060041"|Unicode="ἐν"|Lemma="ἐν"|Lang="G"|StrongNumber="G17220"|Morph="P,,,,,D,,,"|Case="Dative"|English="in"
500040060051|παντὶ,|500040060161|ADV|Cat="pron"|Id="16"|morphId="500040060051"|Unicode="παντὶ,"|Lemma="πᾶς"|Lang="G"|StrongNumber="G39560"|Morph="RI,,,,DNS,"|Type="Indefinite"|Case="Dative"|Gender="Neuter"|Number="Singular"|English="everything"
500040060061|τῇ|500040060071|det|Cat="det"|Id="20"|morphId="500040060061"|Unicode="τῇ"|Lemma="ὁ"|Lang="G"|StrongNumber="G35880"|Morph="EA,,,,DFS,"|Type="Article"|Case="Dative"|Gender="Feminine"|Number="Singular"
500040060071|προσευχῇ|500040060161|ADV|Cat="noun"|Id="22"|morphId="500040060071"|Unicode="προσευχῇ"|Lemma="προσευχή"|Lang="G"|StrongNumber="G43350"|Morph="N,,,,,DFS,"|Case="Dative"|Gender="Feminine"|Number="Singular"|English="by prayer"
500040060081|καὶ|500040060071|conj|Cat="conj"|Id="23"|morphId="500040060081"|Unicode="καὶ"|Lemma="καί"|Lang="G"|StrongNumber="G25320"|Morph="CC,,,,,,,,"|Type="Coordinating"|English="and"
500040060091|τῇ|500040060101|det|Cat="det"|Id="25"|morphId="500040060091"|Unicode="τῇ"|Lemma="ὁ"|Lang="G"|StrongNumber="G35880"|Morph="EA,,,,DFS,"|Type="Article"|Case="Dative"|Gender="Feminine"|Number="Singular"
500040060101|δεήσει|500040060071|np|Cat="noun"|Id="27"|morphId="500040060101"|Unicode="δεήσει"|Lemma="δέησις"|Lang="G"|StrongNumber="G11620"|Morph="N,,,,,DFS,"|Case="Dative"|Gender="Feminine"|Number="Singular"|English="supplication"
500040060111|μετὰ|500040060121|prep|Cat="prep"|Id="30"|morphId="500040060111"|Unicode="μετὰ"|Lemma="μετά"|Lang="G"|StrongNumber="G33260"|Morph="P,,,,,G,,,"|Case="Genitive"|English="with"
500040060121|εὐχαριστίας,|500040060161|ADV|Cat="noun"|Id="32"|morphId="500040060121"|Unicode="εὐχαριστίας,"|Lemma="εὐχαριστία"|Lang="G"|StrongNumber="G21690"|Morph="N,,,,,GFS,"|Case="Genitive"|Gender="Feminine"|Number="Singular"|English="thanksgiving"
500040060131|τὰ|500040060141|det|Cat="det"|Id="35"|morphId="500040060131"|Unicode="τὰ"|Lemma="ὁ"|Lang="G"|StrongNumber="G35880"|Morph="EA,,,,ANP,"|Type="Article"|Case="Accusative"|Gender="Neuter"|Number="Plural"|English="the"
500040060141|αἰτήματα|500040060161|S|Cat="noun"|Id="38"|morphId="500040060141"|Unicode="αἰτήματα"|Lemma="αἴτημα"|Lang="G"|StrongNumber="G01550"|Morph="N,,,,,ANP,"|Case="Accusative"|Gender="Neuter"|Number="Plural"|English="requests"
500040060151|ὑμῶν|500040060141|np|Cat="pron"|Id="40"|morphId="500040060151"|Unicode="ὑμῶν"|Lemma="σύ"|Lang="G"|StrongNumber="G47710"|Morph="RP,,,2G,P,"|Type="Personal"|Person="Second"|Case="Genitive"|Number="Plural"|English="of you"
500040060161|γνωριζέσθω|500040060021|CL|Cat="verb"|Id="43"|morphId="500040060161"|Unicode="γνωριζέσθω"|Lemma="γνωρίζω"|Lang="G"|StrongNumber="G11070"|Morph="V,MPP3,,S,"|Mood="Imperative"|Tense="Present"|Voice="Passive"|Person="Third"|Number="Singular"|English="let ~ be made known"
500040060171|πρὸς|500040060191|prep|Cat="prep"|Id="46"|morphId="500040060171"|Unicode="πρὸς"|Lemma="πρός"|Lang="G"|StrongNumber="G43140"|Morph="P,,,,,A,,,"|Case="Accusative"|English="to"
500040060181|τὸν|500040060191|det|Cat="det"|Id="48"|morphId="500040060181"|Unicode="τὸν"|Lemma="ὁ"|Lang="G"|StrongNumber="G35880"|Morph="EA,,,,AMS,"|Type="Article"|Case="Accusative"|Gender="Masculine"|Number="Singular"
500040060191|Θεόν.|500040060161|ADV|Cat="noun"|Id="50"|morphId="500040060191"|Unicode="Θεόν."|Lemma="θεός"|Lang="G"|StrongNumber="G23160"|Morph="N,,,,,AMS,"|Case="Accusative"|Gender="Masculine"|Number="Singular"|English="God"
500040070011|καὶ|500040070101|conj|Cat="conj"|Id="3"|morphId="500040070011"|Unicode="καὶ"|Lemma="καί"|Lang="G"|StrongNumber="G25320"|Morph="CC,,,,,,,,"|Type="Coordinating"|English="and"
500040070021|ἡ|500040070031|det|Cat="det"|Id="8"|morphId="500040070021"|Unicode="ἡ"|Lemma="ὁ"|Lang="G"|StrongNumber="G35880"|Morph="EA,,,,NFS,"|Type="Article"|Case="Nominative"|Gender="Feminine"|Number="Singular"|English="the"
500040070031|εἰρήνη|500040070101|S|Cat="noun"|Id="11"|morphId="500040070031"|Unicode="εἰρήνη"|Lemma="εἰρήνη"|Lang="G"|StrongNumber="G15150"|Morph="N,,,,,NFS,"|Case="Nominative"|Gender="Feminine"|Number="Singular"|English="peace"
500040070041|τοῦ|500040070051|det|Cat="det"|Id="13"|morphId="500040070041"|Unicode="τοῦ"|Lemma="ὁ"|Lang="G"|StrongNumber="G35880"|Morph="EA,,,,GMS,"|Type="Article"|Case="Genitive"|Gender="Masculine"|Number="Singular"
500040070051|Θεοῦ|500040070031|np|Cat="noun"|Id="15"|morphId="500040070051"|Unicode="Θεοῦ"|Lemma="θεός"|Lang="G"|StrongNumber="G23160"|Morph="N,,,,,GMS,"|Case="Genitive"|Gender="Masculine"|Number="Singular"|English="of God"
500040070061|ἡ|500040070071|det|Cat="pron"|Id="18"|morphId="500040070061"|Unicode="ἡ"|Lemma="ὁ"|Lang="G"|StrongNumber="G35880"|Morph="RD,,,,NFS,"|Type="Demonstrative"|Case="Nominative"|Gender="Feminine"|Number="Singular"
500040070071|ὑπερέχουσα|500040070031|np|Cat="verb"|Id="22"|morphId="500040070071"|Unicode="ὑπερέχουσα"|Lemma="ὑπερέχω"|Lang="G"|StrongNumber="G52420"|Morph="V,PPA,NFS,"|Mood="Participle"|Tense="Present"|Voice="Active"|Case="Nominative"|Gender="Feminine"|Number="Singular"|English="which surpasses"
500040070081|πάντα|500040070091|adjp|Cat="det"|Id="27"|morphId="500040070081"|Unicode="πάντα"|Lemma="πᾶς"|Lang="G"|StrongNumber="G39560"|Morph="EQ,,,,AMS,"|Type="Quantifier"|Case="Accusative"|Gender="Masculine"|Number="Singular"|English="all"
500040070091|νοῦν,|500040070071|ADV|Cat="noun"|Id="29"|morphId="500040070091"|Unicode="νοῦν,"|Lemma="νοῦς"|Lang="G"|StrongNumber="G35630"|Morph="N,,,,,AMS,"|Case="Accusative"|Gender="Masculine"|Number="Singular"|English="understanding"
500040070101|φρουρήσει|None|CL|Cat="verb"|Id="32"|morphId="500040070101"|Unicode="φρουρήσει"|Lemma="φρουρέω"|Lang="G"|StrongNumber="G54320"|Morph="V,IFA3,,S,"|Mood="Indicative"|Tense="Future"|Voice="Active"|Person="Third"|Number="Singular"|English="will guard"
500040070111|τὰς|500040070121|det|Cat="det"|Id="36"|morphId="500040070111"|Unicode="τὰς"|Lemma="ὁ"|Lang="G"|StrongNumber="G35880"|Morph="EA,,,,AFP,"|Type="Article"|Case="Accusative"|Gender="Feminine"|Number="Plural"|English="the"
500040070121|καρδίας|500040070101|O|Cat="noun"|Id="39"|morphId="500040070121"|Unicode="καρδίας"|Lemma="καρδία"|Lang="G"|StrongNumber="G25880"|Morph="N,,,,,AFP,"|Case="Accusative"|Gender="Feminine"|Number="Plural"|English="hearts"
500040070131|ὑμῶν|500040070121|np|Cat="pron"|Id="41"|morphId="500040070131"|Unicode="ὑμῶν"|Lemma="σύ"|Lang="G"|StrongNumber="G47710"|Morph="RP,,,2G,P,"|Type="Personal"|Person="Second"|Case="Genitive"|Number="Plural"|English="of you"
500040070141|καὶ|500040070121|conj|Cat="conj"|Id="42"|morphId="500040070141"|Unicode="καὶ"|Lemma="καί"|Lang="G"|StrongNumber="G25320"|Morph="CC,,,,,,,,"|Type="Coordinating"|English="and"
500040070151|τὰ|500040070161|det|Cat="det"|Id="44"|morphId="500040070151"|Unicode="τὰ"|Lemma="ὁ"|Lang="G"|StrongNumber="G35880"|Morph="EA,,,,ANP,"|Type="Article"|Case="Accusative"|Gender="Neuter"|Number="Plural"|English="the"
500040070161|νοήματα|500040070121|np|Cat="noun"|Id="47"|morphId="500040070161"|Unicode="νοήματα"|Lemma="νόημα"|Lang="G"|StrongNumber="G35400"|Morph="N,,,,,ANP,"|Case="Accusative"|Gender="Neuter"|Number="Plural"|English="minds"
500040070171|ὑμῶν|500040070161|np|Cat="pron"|Id="49"|morphId="500040070171"|Unicode="ὑμῶν"|Lemma="σύ"|Lang="G"|StrongNumber="G47710"|Morph="RP,,,2G,P,"|Type="Personal"|Person="Second"|Case="Genitive"|Number="Plural"|English="of you"
500040070181|ἐν|500040070191|prep|Cat="prep"|Id="52"|morphId="500040070181"|Unicode="ἐν"|Lemma="ἐν"|Lang="G"|StrongNumber="G17220"|Morph="P,,,,,D,,,"|Case="Dative"|English="in"
500040070191|Χριστῷ|500040070101|ADV|Cat="noun"|Id="55"|morphId="500040070191"|Unicode="Χριστῷ"|Lemma="χριστός"|Lang="G"|StrongNumber="G55470"|Morph="N,,,,,DMS,"|Case="Dative"|Gender="Masculine"|Number="Singular"|English="Christ"
500040070201|Ἰησοῦ.|500040070191|np|Cat="noun"|Id="57"|morphId="500040070201"|Unicode="Ἰησοῦ."|Lemma="Ἰησοῦς"|Lang="G"|StrongNumber="G24240"|Morph="N,,,,,DMS,"|Case="Dative"|Gender="Masculine"|Number="Singular"|English="Jesus"
500040080031|ἀδελφοί,|500040080251|CL|Cat="noun"|Id="5"|morphId="500040080031"|Unicode="ἀδελφοί,"|Lemma="ἀδελφός"|Lang="G"|StrongNumber="G00800"|Morph="N,,,,,VMP,"|Case="Vocative"|Gender="Masculine"|Number="Plural"|English="brothers"
500040080011|τὸ|500040080021|det|Cat="det"|Id="9"|morphId="500040080011"|Unicode="τὸ"|Lemma="ὁ"|Lang="G"|StrongNumber="G35880"|Morph="EA,,,,ANS,"|Type="Article"|Case="Accusative"|Gender="Neuter"|Number="Singular"|English="as to the"
500040080021|λοιπόν,|500040080251|advp|Cat="pron"|Id="11"|morphId="500040080021"|Unicode="λοιπόν,"|Lemma="λοιπός"|Lang="G"|StrongNumber="G30620"|Morph="RI,,,,ANS,"|Type="Indefinite"|Case="Accusative"|Gender="Neuter"|Number="Singular"|English="finally"
500040080041|ὅσα|500040080061|S|Cat="pron"|Id="19"|morphId="500040080041"|Unicode="ὅσα"|Lemma="ὅσος"|Lang="G"|StrongNumber="G37450"|Morph="RR,,,,NNP,"|Type="Relative"|Case="Nominative"|Gender="Neuter"|Number="Plural"|English="whatever things"
500040080051|ἐστὶν|500040080061|VC|Cat="verb"|Id="22"|morphId="500040080051"|Unicode="ἐστὶν"|Lemma="εἰμί"|Lang="G"|StrongNumber="G15100"|Morph="V,IPA3,,S,"|Mood="Indicative"|Tense="Present"|Voice="Active"|Person="Third"|Number="Singular"|English="is"
500040080061|ἀληθῆ,|500040080251|CL|Cat="noun"|Id="25"|morphId="500040080061"|Unicode="ἀληθῆ,"|Lemma="ἀληθής"|Lang="G"|StrongNumber="G02270"|Morph="NP,,,,NNP,"|Type="Predicate_Adj"|Case="Nominative"|Gender="Neuter"|Number="Plural"|English="true"
500040080071|ὅσα|500040080081|S|Cat="pron"|Id="30"|morphId="500040080071"|Unicode="ὅσα"|Lemma="ὅσος"|Lang="G"|StrongNumber="G37450"|Morph="RR,,,,NNP,"|Type="Relative"|Case="Nominative"|Gender="Neuter"|Number="Plural"|English="whatever"
500040080081|σεμνά,|500040080061|np|Cat="noun"|Id="33"|morphId="500040080081"|Unicode="σεμνά,"|Lemma="σεμνός"|Lang="G"|StrongNumber="G45860"|Morph="NP,,,,NNP,"|Type="Predicate_Adj"|Case="Nominative"|Gender="Neuter"|Number="Plural"|English="honorable"
500040080091|ὅσα|500040080101|S|Cat="pron"|Id="38"|morphId="500040080091"|Unicode="ὅσα"|Lemma="ὅσος"|Lang="G"|StrongNumber="G37450"|Morph="RR,,,,NNP,"|Type="Relative"|Case="Nominative"|Gender="Neuter"|Number="Plural"|English="whatever"
500040080101|δίκαια,|500040080061|np|Cat="noun"|Id="41"|morphId="500040080101"|Unicode="δίκαια,"|Lemma="δίκαιος"|Lang="G"|StrongNumber="G13420"|Morph="NP,,,,NNP,"|Type="Predicate_Adj"|Case="Nominative"|Gender="Neuter"|Number="Plural"|English="just"
500040080111|ὅσα|500040080121|S|Cat="pron"|Id="46"|morphId="500040080111"|Unicode="ὅσα"|Lemma="ὅσος"|Lang="G"|StrongNumber="G37450"|Morph="RR,,,,NNP,"|Type="Relative"|Case="Nominative"|Gender="Neuter"|Number="Plural"|English="whatever"
500040080121|ἁγνά,|500040080061|np|Cat="noun"|Id="49"|morphId="500040080121"|Unicode="ἁγνά,"|Lemma="ἁγνός"|Lang="G"|StrongNumber="G00530"|Morph="NP,,,,NNP,"|Type="Predicate_Adj"|Case="Nominative"|Gender="Neuter"|Number="Plural"|English="pure"
500040080131|ὅσα|500040080141|S|Cat="pron"|Id="54"|morphId="500040080131"|Unicode="ὅσα"|Lemma="ὅσος"|Lang="G"|StrongNumber="G37450"|Morph="RR,,,,NNP,"|Type="Relative"|Case="Nominative"|Gender="Neuter"|Number="Plural"|English="whatever"
500040080141|προσφιλῆ,|500040080061|np|Cat="noun"|Id="57"|morphId="500040080141"|Unicode="προσφιλῆ,"|Lemma="προσφιλής"|Lang="G"|StrongNumber="G43750"|Morph="NP,,,,NNP,"|Type="Predicate_Adj"|Case="Nominative"|Gender="Neuter"|Number="Plural"|English="lovely"
500040080151|ὅσα|500040080161|S|Cat="pron"|Id="62"|morphId="500040080151"|Unicode="ὅσα"|Lemma="ὅσος"|Lang="G"|StrongNumber="G37450"|Morph="RR,,,,NNP,"|Type="Relative"|Case="Nominative"|Gender="Neuter"|Number="Plural"|English="whatever"
500040080161|εὔφημα,|500040080061|np|Cat="noun"|Id="65"|morphId="500040080161"|Unicode="εὔφημα,"|Lemma="εὔφημος"|Lang="G"|StrongNumber="G21630"|Morph="NP,,,,NNP,"|Type="Predicate_Adj"|Case="Nominative"|Gender="Neuter"|Number="Plural"|English="commendable"
500040080171|εἴ|500040080191|conj|Cat="conj"|Id="69"|morphId="500040080171"|Unicode="εἴ"|Lemma="εἰ"|Lang="G"|StrongNumber="G14870"|Morph="CS,,,,,,,,"|Type="Subordinating"|English="if"
500040080181|τις|500040080191|S|Cat="det"|Id="73"|morphId="500040080181"|Unicode="τις"|Lemma="τις"|Lang="G"|StrongNumber="G51000"|Morph="EQ,,,,NFS,"|Type="Quantifier"|Case="Nominative"|Gender="Feminine"|Number="Singular"|English="any"
500040080191|ἀρετὴ,|500040080251|CL|Cat="noun"|Id="76"|morphId="500040080191"|Unicode="ἀρετὴ,"|Lemma="ἀρετή"|Lang="G"|StrongNumber="G07030"|Morph="N,,,,,NFS,"|Case="Nominative"|Gender="Feminine"|Number="Singular"|English="excellence"
500040080201|καὶ|500040080191|conj|Cat="conj"|Id="77"|morphId="500040080201"|Unicode="καὶ"|Lemma="καί"|Lang="G"|StrongNumber="G25320"|Morph="CC,,,,,,,,"|Type="Coordinating"|English="and"
500040080211|εἴ|500040080231|conj|Cat="conj"|Id="79"|morphId="500040080211"|Unicode="εἴ"|Lemma="εἰ"|Lang="G"|StrongNumber="G14870"|Morph="CS,,,,,,,,"|Type="Subordinating"|English="if"
500040080221|τις|500040080231|S|Cat="det"|Id="83"|morphId="500040080221"|Unicode="τις"|Lemma="τις"|Lang="G"|StrongNumber="G51000"|Morph="EQ,,,,NMS,"|Type="Quantifier"|Case="Nominative"|Gender="Masculine"|Number="Singular"|English="any"
500040080231|ἔπαινος,|500040080191|CL|Cat="noun"|Id="86"|morphId="500040080231"|Unicode="ἔπαινος,"|Lemma="ἔπαινος"|Lang="G"|StrongNumber="G18680"|Morph="N,,,,,NMS,"|Case="Nominative"|Gender="Masculine"|Number="Singular"|English="praiseworthy"
500040080241|ταῦτα|500040080251|O|Cat="pron"|Id="90"|morphId="500040080241"|Unicode="ταῦτα"|Lemma="οὗτος"|Lang="G"|StrongNumber="G37780"|Morph="RD,,,,ANP,"|Type="Demonstrative"|Case="Accusative"|Gender="Neuter"|Number="Plural"|English="these things"
500040080251|λογίζεσθε.|None|CL|Cat="verb"|Id="93"|morphId="500040080251"|Unicode="λογίζεσθε."|Lemma="λογίζομαι"|Lang="G"|StrongNumber="G30490"|Morph="V,MPM2,,P,"|Mood="Imperative"|Tense="Present"|Voice="Middle"|Person="Second"|Number="Plural"|English="think about"
500040090011|ἃ|500040090031|O|Cat="pron"|Id="6"|morphId="500040090011"|Unicode="ἃ"|Lemma="ὅς"|Lang="G"|StrongNumber="G37390"|Morph="RR,,,,ANP,"|Type="Relative"|Case="Accusative"|Gender="Neuter"|Number="Plural"|English="Which things"
500040090021|καὶ|500040090031|conj|Cat="adv"|Id="10"|morphId="500040090021"|Unicode="καὶ"|Lemma="καί"|Lang="G"|StrongNumber="G25320"|Morph="DO,,,,,,,,"|Type="Correlative"|English="and"
500040090031|ἐμάθετε|500040090131|CL|Cat="verb"|Id="12"|morphId="500040090031"|Unicode="ἐμάθετε"|Lemma="μανθάνω"|Lang="G"|StrongNumber="G31290"|Morph="V,IAA2,,P,"|Mood="Indicative"|Tense="Aorist"|Voice="Active"|Person="Second"|Number="Plural"|English="you have learned"
500040090041|καὶ|500040090031|conj|Cat="conj"|Id="13"|morphId="500040090041"|Unicode="καὶ"|Lemma="καί"|Lang="G"|StrongNumber="G25320"|Morph="CO,,,,,,,,"|Type="Correlative"|English="and"
500040090051|παρελάβετε,|500040090031|vp|Cat="verb"|Id="15"|morphId="500040090051"|Unicode="παρελάβετε,"|Lemma="παραλαμβάνω"|Lang="G"|StrongNumber="G38800"|Morph="V,IAA2,,P,"|Mood="Indicative"|Tense="Aorist"|Voice="Active"|Person="Second"|Number="Plural"|English="received"
500040090061|καὶ|500040090031|conj|Cat="adv"|Id="17"|morphId="500040090061"|Unicode="καὶ"|Lemma="καί"|Lang="G"|StrongNumber="G25320"|Morph="DO,,,,,,,,"|Type="Correlative"|English="and"
500040090071|ἠκούσατε|500040090031|vp|Cat="verb"|Id="19"|morphId="500040090071"|Unicode="ἠκούσατε"|Lemma="ἀκούω"|Lang="G"|StrongNumber="G01910"|Morph="V,IAA2,,P,"|Mood="Indicative"|Tense="Aorist"|Voice="Active"|Person="Second"|Number="Plural"|English="heard"
500040090081|καὶ|500040090031|conj|Cat="conj"|Id="20"|morphId="500040090081"|Unicode="καὶ"|Lemma="καί"|Lang="G"|StrongNumber="G25320"|Morph="CO,,,,,,,,"|Type="Correlative"|English="and"
500040090091|εἴδετε,|500040090031|vp|Cat="verb"|Id="22"|morphId="500040090091"|Unicode="εἴδετε,"|Lemma="ὁράω"|Lang="G"|StrongNumber="G37080"|Morph="V,IAA2,,P,"|Mood="Indicative"|Tense="Aorist"|Voice="Active"|Person="Second"|Number="Plural"|English="seen"
500040090101|ἐν|500040090111|prep|Cat="prep"|Id="25"|morphId="500040090101"|Unicode="ἐν"|Lemma="ἐν"|Lang="G"|StrongNumber="G17220"|Morph="P,,,,,D,,,"|Case="Dative"|English="in"
500040090111|ἐμοί,|500040090031|ADV|Cat="pron"|Id="27"|morphId="500040090111"|Unicode="ἐμοί,"|Lemma="ἐγώ"|Lang="G"|StrongNumber="G14730"|Morph="RP,,,1D,S,"|Type="Personal"|Person="First"|Case="Dative"|Number="Singular"|English="me"
500040090121|ταῦτα|500040090131|O|Cat="pron"|Id="31"|morphId="500040090121"|Unicode="ταῦτα"|Lemma="οὗτος"|Lang="G"|StrongNumber="G37780"|Morph="RD,,,,ANP,"|Type="Demonstrative"|Case="Accusative"|Gender="Neuter"|Number="Plural"|English="these"
500040090131|πράσσετε;|None|CL|Cat="verb"|Id="34"|morphId="500040090131"|Unicode="πράσσετε;"|Lemma="πράσσω"|Lang="G"|StrongNumber="G42380"|Morph="V,MPA2,,P,"|Mood="Imperative"|Tense="Present"|Voice="Active"|Person="Second"|Number="Plural"|English="practice"
500040090141|καὶ|500040090211|conj|Cat="conj"|Id="36"|morphId="500040090141"|Unicode="καὶ"|Lemma="καί"|Lang="G"|StrongNumber="G25320"|Morph="CC,,,,,,,,"|Type="Coordinating"|English="and"
500040090151|ὁ|500040090161|det|Cat="det"|Id="40"|morphId="500040090151"|Unicode="ὁ"|Lemma="ὁ"|Lang="G"|StrongNumber="G35880"|Morph="EA,,,,NMS,"|Type="Article"|Case="Nominative"|Gender="Masculine"|Number="Singular"|English="the"
500040090161|Θεὸς|500040090211|S|Cat="noun"|Id="43"|morphId="500040090161"|Unicode="Θεὸς"|Lemma="θεός"|Lang="G"|StrongNumber="G23160"|Morph="N,,,,,NMS,"|Case="Nominative"|Gender="Masculine"|Number="Singular"|English="God"
500040090171|τῆς|500040090181|det|Cat="det"|Id="45"|morphId="500040090171"|Unicode="τῆς"|Lemma="ὁ"|Lang="G"|StrongNumber="G35880"|Morph="EA,,,,GFS,"|Type="Article"|Case="Genitive"|Gender="Feminine"|Number="Singular"
500040090181|εἰρήνης|500040090161|np|Cat="noun"|Id="47"|morphId="500040090181"|Unicode="εἰρήνης"|Lemma="εἰρήνη"|Lang="G"|StrongNumber="G15150"|Morph="N,,,,,GFS,"|Case="Genitive"|Gender="Feminine"|Number="Singular"|English="of peace"
500040090191|ἔσται|500040090211|VC|Cat="verb"|Id="50"|morphId="500040090191"|Unicode="ἔσται"|Lemma="εἰμί"|Lang="G"|StrongNumber="G15100"|Morph="V,IFM3,,S,"|Mood="Indicative"|Tense="Future"|Voice="Middle"|Person="Third"|Number="Singular"|English="will be"
500040090201|μεθ’|500040090211|prep|Cat="prep"|Id="53"|morphId="500040090201"|Unicode="μεθ’"|Lemma="μετά"|Lang="G"|StrongNumber="G33260"|Morph="P,,,,,G,,,"|Case="Genitive"|English="with"
500040090211|ὑμῶν.|500040090131|CL|Cat="pron"|Id="55"|morphId="500040090211"|Unicode="ὑμῶν."|Lemma="σύ"|Lang="G"|StrongNumber="G47710"|Morph="RP,,,2G,P,"|Type="Personal"|Person="Second"|Case="Genitive"|Number="Plural"|English="you"
500040100021|δὲ|500040100011|conj|Cat="conj"|Id="3"|morphId="500040100021"|Unicode="δὲ"|Lemma="δέ"|Lang="G"|StrongNumber="G11610"|Morph="CC,,,,,,,,"|Type="Coordinating"|English="but"
500040100011|ἐχάρην|None|CL|Cat="verb"|Id="8"|morphId="500040100011"|Unicode="ἐχάρην"|Lemma="χαίρω"|Lang="G"|StrongNumber="G54630"|Morph="V,IAP1,,S,"|Mood="Indicative"|Tense="Aorist"|Voice="Passive"|Person="First"|Number="Singular"|English="I rejoiced"
500040100031|ἐν|500040100041|prep|Cat="prep"|Id="11"|morphId="500040100031"|Unicode="ἐν"|Lemma="ἐν"|Lang="G"|StrongNumber="G17220"|Morph="P,,,,,D,,,"|Case="Dative"|English="in"
500040100041|Κυρίῳ|500040100011|ADV|Cat="noun"|Id="13"|morphId="500040100041"|Unicode="Κυρίῳ"|Lemma="κύριος"|Lang="G"|StrongNumber="G29620"|Morph="N,,,,,DMS,"|Case="Dative"|Gender="Masculine"|Number="Singular"|English="Lord"
500040100051|μεγάλως,|500040100011|ADV|Cat="adv"|Id="16"|morphId="500040100051"|Unicode="μεγάλως,"|Lemma="μεγάλως"|Lang="G"|StrongNumber="G31710"|Morph="D,,,,,,,,,"|English="greatly"
500040100061|ὅτι|500040100091|conj|Cat="conj"|Id="18"|morphId="500040100061"|Unicode="ὅτι"|Lemma="ὅτι"|Lang="G"|StrongNumber="G37540"|Morph="CS,,,,,,,,"|Type="Subordinating"|English="that"
500040100071|ἤδη|500040100091|ADV|Cat="adv"|Id="23"|morphId="500040100071"|Unicode="ἤδη"|Lemma="ἤδη"|Lang="G"|StrongNumber="G22350"|Morph="D,,,,,,,,,"|English="now"
500040100081|ποτὲ|500040100091|ADV|Cat="adv"|Id="26"|morphId="500040100081"|Unicode="ποτὲ"|Lemma="ποτέ"|Lang="G"|StrongNumber="G42180"|Morph="D,,,,,,,,,"|English="at last"
500040100091|ἀνεθάλετε|500040100011|CL|Cat="verb"|Id="29"|morphId="500040100091"|Unicode="ἀνεθάλετε"|Lemma="ἀναθάλλω"|Lang="G"|StrongNumber="G03300"|Morph="V,IAA2,,P,"|Mood="Indicative"|Tense="Aorist"|Voice="Active"|Person="Second"|Number="Plural"|English="you have revived"
500040100101|τὸ|500040100131|det|Cat="pron"|Id="33"|morphId="500040100101"|Unicode="τὸ"|Lemma="ὁ"|Lang="G"|StrongNumber="G35880"|Morph="RD,,,,ANS,"|Type="Demonstrative"|Case="Accusative"|Gender="Neuter"|Number="Singular"
500040100111|ὑπὲρ|500040100121|prep|Cat="prep"|Id="37"|morphId="500040100111"|Unicode="ὑπὲρ"|Lemma="ὑπέρ"|Lang="G"|StrongNumber="G52280"|Morph="P,,,,,G,,,"|Case="Genitive"|English="for"
500040100121|ἐμοῦ|500040100131|ADV|Cat="pron"|Id="39"|morphId="500040100121"|Unicode="ἐμοῦ"|Lemma="ἐγώ"|Lang="G"|StrongNumber="G14730"|Morph="RP,,,1G,S,"|Type="Personal"|Person="First"|Case="Genitive"|Number="Singular"|English="me"
500040100131|φρονεῖν;|500040100091|O|Cat="verb"|Id="42"|morphId="500040100131"|Unicode="φρονεῖν;"|Lemma="φρονέω"|Lang="G"|StrongNumber="G54260"|Morph="V,NPA,,,,,"|Mood="Infinitive"|Tense="Present"|Voice="Active"|English="concern"
500040100141|ἐφ’|500040100151|prep|Cat="prep"|Id="47"|morphId="500040100141"|Unicode="ἐφ’"|Lemma="ἐπί"|Lang="G"|StrongNumber="G19090"|Morph="P,,,,,D,,,"|Case="Dative"|English="for"
500040100151|ᾧ|500040100171|ADV|Cat="pron"|Id="49"|morphId="500040100151"|Unicode="ᾧ"|Lemma="ὅς"|Lang="G"|StrongNumber="G37390"|Morph="RR,,,,DNS,"|Type="Relative"|Case="Dative"|Gender="Neuter"|Number="Singular"|English="whom"
500040100161|καὶ|500040100171|ADV|Cat="adv"|Id="52"|morphId="500040100161"|Unicode="καὶ"|Lemma="καί"|Lang="G"|StrongNumber="G25320"|Morph="D,,,,,,,,,"|English="indeed"
500040100171|ἐφρονεῖτε,|500040100091|CL|Cat="verb"|Id="55"|morphId="500040100171"|Unicode="ἐφρονεῖτε,"|Lemma="φρονέω"|Lang="G"|StrongNumber="G54260"|Morph="V,IIA2,,P,"|Mood="Indicative"|Tense="Imperfect"|Voice="Active"|Person="Second"|Number="Plural"|English="you were concerned"
500040100191|δέ.|500040100171|conj|Cat="conj"|Id="56"|morphId="500040100191"|Unicode="δέ."|Lemma="δέ"|Lang="G"|StrongNumber="G11610"|Morph="CC,,,,,,,,"|Type="Coordinating"|English="but"
500040100181|ἠκαιρεῖσθε|500040100171|CL|Cat="verb"|Id="60"|morphId="500040100181"|Unicode="ἠκαιρεῖσθε"|Lemma="ἀκαιρέομαι"|Lang="G"|StrongNumber="G01700"|Morph="V,IIM2,,P,"|Mood="Indicative"|Tense="Imperfect"|Voice="Middle"|Person="Second"|Number="Plural"|English="you had no opportunity"
500040110011|οὐχ|None|CL|Cat="adv"|Id="6"|morphId="500040110011"|Unicode="οὐχ"|Lemma="οὐ"|Lang="G"|StrongNumber="G37560"|Morph="D,,,,,,,,,"|English="not"
500040110021|ὅτι|500040110051|conj|Cat="conj"|Id="9"|morphId="500040110021"|Unicode="ὅτι"|Lemma="ὅτι"|Lang="G"|StrongNumber="G37540"|Morph="CS,,,,,,,,"|Type="Subordinating"|English="that"
500040110031|καθ’|500040110041|prep|Cat="prep"|Id="13"|morphId="500040110031"|Unicode="καθ’"|Lemma="κατά"|Lang="G"|StrongNumber="G25960"|Morph="P,,,,,A,,,"|Case="Accusative"|English="from"
500040110041|ὑστέρησιν|500040110051|ADV|Cat="noun"|Id="15"|morphId="500040110041"|Unicode="ὑστέρησιν"|Lemma="ὑστέρησις"|Lang="G"|StrongNumber="G53040"|Morph="N,,,,,AFS,"|Case="Accusative"|Gender="Feminine"|Number="Singular"|English="need"
500040110051|λέγω;|500040110011|S|Cat="verb"|Id="18"|morphId="500040110051"|Unicode="λέγω;"|Lemma="λέγω"|Lang="G"|StrongNumber="G30040"|Morph="V,IPA1,,S,"|Mood="Indicative"|Tense="Present"|Voice="Active"|Person="First"|Number="Singular"|English="I speak"
500040110071|γὰρ|500040110081|conj|Cat="conj"|Id="20"|morphId="500040110071"|Unicode="γὰρ"|Lemma="γάρ"|Lang="G"|StrongNumber="G10630"|Morph="CC,,,,,,,,"|Type="Coordinating"|English="for"
500040110061|ἐγὼ|500040110081|S|Cat="pron"|Id="24"|morphId="500040110061"|Unicode="ἐγὼ"|Lemma="ἐγώ"|Lang="G"|StrongNumber="G14730"|Morph="RP,,,1N,S,"|Type="Personal"|Person="First"|Case="Nominative"|Number="Singular"|English="I"
500040110081|ἔμαθον|500040110011|CL|Cat="verb"|Id="27"|morphId="500040110081"|Unicode="ἔμαθον"|Lemma="μανθάνω"|Lang="G"|StrongNumber="G31290"|Morph="V,IAA1,,S,"|Mood="Indicative"|Tense="Aorist"|Voice="Active"|Person="First"|Number="Singular"|English="have learned"
500040110091|ἐν|500040110101|prep|Cat="prep"|Id="35"|morphId="500040110091"|Unicode="ἐν"|Lemma="ἐν"|Lang="G"|StrongNumber="G17220"|Morph="P,,,,,D,,,"|Case="Dative"|English="in"
500040110101|οἷς|500040110121|ADV|Cat="pron"|Id="37"|morphId="500040110101"|Unicode="οἷς"|Lemma="ὅς"|Lang="G"|StrongNumber="G37390"|Morph="RR,,,,DNP,"|Type="Relative"|Case="Dative"|Gender="Neuter"|Number="Plural"|English="whatever circumstances"
500040110111|εἰμι,|500040110101|VC|Cat="verb"|Id="40"|morphId="500040110111"|Unicode="εἰμι,"|Lemma="εἰμί"|Lang="G"|StrongNumber="G15100"|Morph="V,IPA1,,S,"|Mood="Indicative"|Tense="Present"|Voice="Active"|Person="First"|Number="Singular"|English="I am"
500040110121|αὐτάρκης|500040110081|O|Cat="noun"|Id="43"|morphId="500040110121"|Unicode="αὐτάρκης"|Lemma="αὐτάρκης"|Lang="G"|StrongNumber="G08420"|Morph="NP,,,,NMS,"|Type="Predicate_Adj"|Case="Nominative"|Gender="Masculine"|Number="Singular"|English="content"
500040110131|εἶναι.|500040110121|VC|Cat="verb"|Id="46"|morphId="500040110131"|Unicode="εἶναι."|Lemma="εἰμί"|Lang="G"|StrongNumber="G15100"|Morph="V,NPA,,,,,"|Mood="Infinitive"|Tense="Present"|Voice="Active"|English="to be"
500040120011|οἶδα|None|CL|Cat="verb"|Id="6"|morphId="500040120011"|Unicode="οἶδα"|Lemma="οἶδα"|Lang="G"|StrongNumber="G14920"|Morph="V,IEA1,,S,"|Mood="Indicative"|Tense="Perfect"|Voice="Active"|Person="First"|Number="Singular"|English="I know"
500040120021|καὶ|500040120031|ADV|Cat="adv"|Id="11"|morphId="500040120021"|Unicode="καὶ"|Lemma="καί"|Lang="G"|StrongNumber="G25320"|Morph="DO,,,,,,,,"|Type="Correlative"|English="both"
500040120031|ταπεινοῦσθαι,|500040120011|O|Cat="verb"|Id="14"|morphId="500040120031"|Unicode="ταπεινοῦσθαι,"|Lemma="ταπεινόω"|Lang="G"|StrongNumber="G50130"|Morph="V,NPP,,,,,"|Mood="Infinitive"|Tense="Present"|Voice="Passive"|English="to make do with little"
500040120041|οἶδα|500040120011|CL|Cat="verb"|Id="18"|morphId="500040120041"|Unicode="οἶδα"|Lemma="οἶδα"|Lang="G"|StrongNumber="G14920"|Morph="V,IEA1,,S,"|Mood="Indicative"|Tense="Perfect"|Voice="Active"|Person="First"|Number="Singular"|English="I know"
500040120051|καὶ|500040120061|ADV|Cat="conj"|Id="24"|morphId="500040120051"|Unicode="καὶ"|Lemma="καί"|Lang="G"|StrongNumber="G25320"|Morph="CO,,,,,,,,"|Type="Correlative"|English="and"
500040120061|περισσεύειν.|500040120041|O|Cat="verb"|Id="27"|morphId="500040120061"|Unicode="περισσεύειν."|Lemma="περισσεύω"|Lang="G"|StrongNumber="G40520"|Morph="V,NPA,,,,,"|Mood="Infinitive"|Tense="Present"|Voice="Active"|English="to abound"
500040120071|ἐν|500040120081|prep|Cat="prep"|Id="32"|morphId="500040120071"|Unicode="ἐν"|Lemma="ἐν"|Lang="G"|StrongNumber="G17220"|Morph="P,,,,,D,,,"|Case="Dative"|English="in"
500040120081|παντὶ|500040120121|ADV|Cat="pron"|Id="34"|morphId="500040120081"|Unicode="παντὶ"|Lemma="πᾶς"|Lang="G"|StrongNumber="G39560"|Morph="RI,,,,DNS,"|Type="Indefinite"|Case="Dative"|Gender="Neuter"|Number="Singular"|English="any"
500040120091|καὶ|500040120081|conj|Cat="conj"|Id="35"|morphId="500040120091"|Unicode="καὶ"|Lemma="καί"|Lang="G"|StrongNumber="G25320"|Morph="CC,,,,,,,,"|Type="Coordinating"|English="and"
500040120101|ἐν|500040120111|prep|Cat="prep"|Id="37"|morphId="500040120101"|Unicode="ἐν"|Lemma="ἐν"|Lang="G"|StrongNumber="G17220"|Morph="P,,,,,D,,,"|Case="Dative"|English="in"
500040120111|πᾶσιν|500040120081|pp|Cat="pron"|Id="39"|morphId="500040120111"|Unicode="πᾶσιν"|Lemma="πᾶς"|Lang="G"|StrongNumber="G39560"|Morph="RI,,,,DNP,"|Type="Indefinite"|Case="Dative"|Gender="Neuter"|Number="Plural"|English="all"
500040120121|μεμύημαι,|500040120011|CL|Cat="verb"|Id="42"|morphId="500040120121"|Unicode="μεμύημαι,"|Lemma="μυέω"|Lang="G"|StrongNumber="G34530"|Morph="V,IEP1,,S,"|Mood="Indicative"|Tense="Perfect"|Voice="Passive"|Person="First"|Number="Singular"|English="I have learned the secret"
500040120131|καὶ|500040120141|conj|Cat="adv"|Id="47"|morphId="500040120131"|Unicode="καὶ"|Lemma="καί"|Lang="G"|StrongNumber="G25320"|Morph="DO,,,,,,,,"|Type="Correlative"|English="whether"
500040120141|χορτάζεσθαι|500040120121|ADV|Cat="verb"|Id="51"|morphId="500040120141"|Unicode="χορτάζεσθαι"|Lemma="χορτάζω"|Lang="G"|StrongNumber="G55260"|Morph="V,NPP,,,,,"|Mood="Infinitive"|Tense="Present"|Voice="Passive"|English="well fed"
500040120151|καὶ|500040120141|conj|Cat="conj"|Id="52"|morphId="500040120151"|Unicode="καὶ"|Lemma="καί"|Lang="G"|StrongNumber="G25320"|Morph="CO,,,,,,,,"|Type="Correlative"|English="and"
500040120161|πεινᾶν,|500040120141|CL|Cat="verb"|Id="56"|morphId="500040120161"|Unicode="πεινᾶν,"|Lemma="πεινάω"|Lang="G"|StrongNumber="G39830"|Morph="V,NPA,,,,,"|Mood="Infinitive"|Tense="Present"|Voice="Active"|English="to be hungry"
500040120171|καὶ|500040120181|conj|Cat="adv"|Id="59"|morphId="500040120171"|Unicode="καὶ"|Lemma="καί"|Lang="G"|StrongNumber="G25320"|Morph="DO,,,,,,,,"|Type="Correlative"|English="whether"
500040120181|περισσεύειν|500040120141|CL|Cat="verb"|Id="63"|morphId="500040120181"|Unicode="περισσεύειν"|Lemma="περισσεύω"|Lang="G"|StrongNumber="G40520"|Morph="V,NPA,,,,,"|Mood="Infinitive"|Tense="Present"|Voice="Active"|English="having plenty"
500040120191|καὶ|500040120181|conj|Cat="conj"|Id="64"|morphId="500040120191"|Unicode="καὶ"|Lemma="καί"|Lang="G"|StrongNumber="G25320"|Morph="CO,,,,,,,,"|Type="Correlative"|English="and"
500040120201|ὑστερεῖσθαι.|500040120181|CL|Cat="verb"|Id="68"|morphId="500040120201"|Unicode="ὑστερεῖσθαι."|Lemma="ὑστερέω"|Lang="G"|StrongNumber="G53020"|Morph="V,NPP,,,,,"|Mood="Infinitive"|Tense="Present"|Voice="Passive"|English="being in need"
500040130011|πάντα|500040130021|O|Cat="pron"|Id="5"|morphId="500040130011"|Unicode="πάντα"|Lemma="πᾶς"|Lang="G"|StrongNumber="G39560"|Morph="RI,,,,ANP,"|Type="Indefinite"|Case="Accusative"|Gender="Neuter"|Number="Plural"|English="all things"
500040130021|ἰσχύω|None|CL|Cat="verb"|Id="8"|morphId="500040130021"|Unicode="ἰσχύω"|Lemma="ἰσχύω"|Lang="G"|StrongNumber="G24800"|Morph="V,IPA1,,S,"|Mood="Indicative"|Tense="Present"|Voice="Active"|Person="First"|Number="Singular"|English="I can do"
500040130031|ἐν|500040130051|prep|Cat="prep"|Id="11"|morphId="500040130031"|Unicode="ἐν"|Lemma="ἐν"|Lang="G"|StrongNumber="G17220"|Morph="P,,,,,D,,,"|Case="Dative"|English="through"
500040130041|τῷ|500040130051|det|Cat="pron"|Id="14"|morphId="500040130041"|Unicode="τῷ"|Lemma="ὁ"|Lang="G"|StrongNumber="G35880"|Morph="RD,,,,DMS,"|Type="Demonstrative"|Case="Dative"|Gender="Masculine"|Number="Singular"|English="him"
500040130051|ἐνδυναμοῦντί|500040130021|ADV|Cat="verb"|Id="18"|morphId="500040130051"|Unicode="ἐνδυναμοῦντί"|Lemma="ἐνδυναμόω"|Lang="G"|StrongNumber="G17430"|Morph="V,PPA,DMS,"|Mood="Participle"|Tense="Present"|Voice="Active"|Case="Dative"|Gender="Masculine"|Number="Singular"|English="who strengthens"
500040130061|με.|500040130051|O|Cat="pron"|Id="21"|morphId="500040130061"|Unicode="με."|Lemma="ἐγώ"|Lang="G"|StrongNumber="G14730"|Morph="RP,,,1A,S,"|Type="Personal"|Person="First"|Case="Accusative"|Number="Singular"|English="me"
500040140011|πλὴν|500040140031|conj|Cat="conj"|Id="3"|morphId="500040140011"|Unicode="πλὴν"|Lemma="πλήν"|Lang="G"|StrongNumber="G41330"|Morph="CC,,,,,,,,"|Type="Coordinating"|English="nevertheless"
500040140021|καλῶς|500040140031|ADV|Cat="adv"|Id="7"|morphId="500040140021"|Unicode="καλῶς"|Lemma="καλῶς"|Lang="G"|StrongNumber="G25730"|Morph="D,,,,,,,,,"|English="well"
500040140031|ἐποιήσατε,|None|CL|Cat="verb"|Id="10"|morphId="500040140031"|Unicode="ἐποιήσατε,"|Lemma="ποιέω"|Lang="G"|StrongNumber="G41600"|Morph="V,IAA2,,P,"|Mood="Indicative"|Tense="Aorist"|Voice="Active"|Person="Second"|Number="Plural"|English="you have done"
500040140041|συνκοινωνήσαντές|500040140031|ADV|Cat="verb"|Id="15"|morphId="500040140041"|Unicode="συνκοινωνήσαντές"|Lemma="συνκοινωνέω"|Lang="G"|StrongNumber="G47900"|Morph="V,PAA,NMP,"|Mood="Participle"|Tense="Aorist"|Voice="Active"|Case="Nominative"|Gender="Masculine"|Number="Plural"|English="share"
500040140051|μου|500040140071|np|Cat="pron"|Id="19"|morphId="500040140051"|Unicode="μου"|Lemma="ἐγώ"|Lang="G"|StrongNumber="G14730"|Morph="RP,,,1G,S,"|Type="Personal"|Person="First"|Case="Genitive"|Number="Singular"|English="of me"
500040140061|τῇ|500040140071|det|Cat="det"|Id="21"|morphId="500040140061"|Unicode="τῇ"|Lemma="ὁ"|Lang="G"|StrongNumber="G35880"|Morph="EA,,,,DFS,"|Type="Article"|Case="Dative"|Gender="Feminine"|Number="Singular"|English="the"
500040140071|θλίψει.|500040140041|ADV|Cat="noun"|Id="23"|morphId="500040140071"|Unicode="θλίψει."|Lemma="θλῖψις"|Lang="G"|StrongNumber="G23470"|Morph="N,,,,,DFS,"|Case="Dative"|Gender="Feminine"|Number="Singular"|English="in ~ affliction"
500040150021|δὲ|500040150011|conj|Cat="conj"|Id="3"|morphId="500040150021"|Unicode="δὲ"|Lemma="δέ"|Lang="G"|StrongNumber="G11610"|Morph="CC,,,,,,,,"|Type="Coordinating"|English="now"
500040150051|Φιλιππήσιοι,|500040150011|CL|Cat="noun"|Id="7"|morphId="500040150051"|Unicode="Φιλιππήσιοι,"|Lemma="Φιλιππήσιος"|Lang="G"|StrongNumber="G53740"|Morph="N,,,,,VMP,"|Case="Vocative"|Gender="Masculine"|Number="Plural"|English="Philippians"
500040150011|οἴδατε|None|CL|Cat="verb"|Id="12"|morphId="500040150011"|Unicode="οἴδατε"|Lemma="οἶδα"|Lang="G"|StrongNumber="G14920"|Morph="V,IEA2,,P,"|Mood="Indicative"|Tense="Perfect"|Voice="Active"|Person="Second"|Number="Plural"|English="know"
500040150031|καὶ|500040150041|advp|Cat="adv"|Id="16"|morphId="500040150031"|Unicode="καὶ"|Lemma="καί"|Lang="G"|StrongNumber="G25320"|Morph="D,,,,,,,,,"|English="also"
500040150041|ὑμεῖς,|500040150011|S|Cat="pron"|Id="18"|morphId="500040150041"|Unicode="ὑμεῖς,"|Lemma="σύ"|Lang="G"|StrongNumber="G47710"|Morph="RP,,,2N,P,"|Type="Personal"|Person="Second"|Case="Nominative"|Number="Plural"|English="you"
500040150061|ὅτι|500040150181|conj|Cat="conj"|Id="20"|morphId="500040150061"|Unicode="ὅτι"|Lemma="ὅτι"|Lang="G"|StrongNumber="G37540"|Morph="CS,,,,,,,,"|Type="Subordinating"|English="that"
500040150111|ὅτε|500040150121|conj|Cat="adv"|Id="24"|morphId="500040150111"|Unicode="ὅτε"|Lemma="ὅτε"|Lang="G"|StrongNumber="G37530"|Morph="D,,,,,,,,,"|English="when"
500040150121|ἐξῆλθον|500040150181|CL|Cat="verb"|Id="28"|morphId="500040150121"|Unicode="ἐξῆλθον"|Lemma="ἐξέρχομαι"|Lang="G"|StrongNumber="G18310"|Morph="V,IAA1,,S,"|Mood="Indicative"|Tense="Aorist"|Voice="Active"|Person="First"|Number="Singular"|English="I left"
500040150131|ἀπὸ|500040150141|prep|Cat="prep"|Id="31"|morphId="500040150131"|Unicode="ἀπὸ"|Lemma="ἀπό"|Lang="G"|StrongNumber="G05750"|Morph="P,,,,,G,,,"|Case="Genitive"|English="from"
500040150141|Μακεδονίας,|500040150121|ADV|Cat="noun"|Id="33"|morphId="500040150141"|Unicode="Μακεδονίας,"|Lemma="Μακεδονία"|Lang="G"|StrongNumber="G31090"|Morph="N,,,,,GFS,"|Case="Genitive"|Gender="Feminine"|Number="Singular"|English="Macedonia"
500040150071|ἐν|500040150081|prep|Cat="prep"|Id="38"|morphId="500040150071"|Unicode="ἐν"|Lemma="ἐν"|Lang="G"|StrongNumber="G17220"|Morph="P,,,,,D,,,"|Case="Dative"|English="in"
500040150081|ἀρχῇ|500040150181|ADV|Cat="noun"|Id="41"|morphId="500040150081"|Unicode="ἀρχῇ"|Lemma="ἀρχή"|Lang="G"|StrongNumber="G07460"|Morph="N,,,,,DFS,"|Case="Dative"|Gender="Feminine"|Number="Singular"|English="early days"
500040150091|τοῦ|500040150101|det|Cat="det"|Id="43"|morphId="500040150091"|Unicode="τοῦ"|Lemma="ὁ"|Lang="G"|StrongNumber="G35880"|Morph="EA,,,,GNS,"|Type="Article"|Case="Genitive"|Gender="Neuter"|Number="Singular"|English="the"
500040150101|εὐαγγελίου,|500040150081|np|Cat="noun"|Id="45"|morphId="500040150101"|Unicode="εὐαγγελίου,"|Lemma="εὐαγγέλιον"|Lang="G"|StrongNumber="G20980"|Morph="N,,,,,GNS,"|Case="Genitive"|Gender="Neuter"|Number="Singular"|English="of ~ gospel"
500040150151|οὐδεμία|500040150171|adjp|Cat="det"|Id="50"|morphId="500040150151"|Unicode="οὐδεμία"|Lemma="οὐδείς"|Lang="G"|StrongNumber="G37620"|Morph="EQ,,,,NFS,"|Type="Quantifier"|Case="Nominative"|Gender="Feminine"|Number="Singular"|English="no"
500040150171|ἐκκλησία|500040150181|S|Cat="noun"|Id="52"|morphId="500040150171"|Unicode="ἐκκλησία"|Lemma="ἐκκλησία"|Lang="G"|StrongNumber="G15770"|Morph="N,,,,,NFS,"|Case="Nominative"|Gender="Feminine"|Number="Singular"|English="church"
500040150161|μοι|500040150181|ADV|Cat="pron"|Id="55"|morphId="500040150161"|Unicode="μοι"|Lemma="ἐγώ"|Lang="G"|StrongNumber="G14730"|Morph="RP,,,1D,S,"|Type="Personal"|Person="First"|Case="Dative"|Number="Singular"|English="me"
500040150181|ἐκοινώνησεν|500040150011|CL|Cat="verb"|Id="58"|morphId="500040150181"|Unicode="ἐκοινώνησεν"|Lemma="κοινωνέω"|Lang="G"|StrongNumber="G28410"|Morph="V,IAA3,,S,"|Mood="Indicative"|Tense="Aorist"|Voice="Active"|Person="Third"|Number="Singular"|English="shared"
500040150191|εἰς|500040150201|prep|Cat="prep"|Id="61"|morphId="500040150191"|Unicode="εἰς"|Lemma="εἰς"|Lang="G"|StrongNumber="G15190"|Morph="P,,,,,A,,,"|Case="Accusative"|English="in"
500040150201|λόγον|500040150181|ADV|Cat="noun"|Id="64"|morphId="500040150201"|Unicode="λόγον"|Lemma="λόγος"|Lang="G"|StrongNumber="G30560"|Morph="N,,,,,AMS,"|Case="Accusative"|Gender="Masculine"|Number="Singular"|English="matter"
500040150211|δόσεως|500040150201|np|Cat="noun"|Id="67"|morphId="500040150211"|Unicode="δόσεως"|Lemma="δόσις"|Lang="G"|StrongNumber="G13940"|Morph="N,,,,,GFS,"|Case="Genitive"|Gender="Feminine"|Number="Singular"|English="of giving"
500040150221|καὶ|500040150211|conj|Cat="conj"|Id="68"|morphId="500040150221"|Unicode="καὶ"|Lemma="καί"|Lang="G"|StrongNumber="G25320"|Morph="CC,,,,,,,,"|Type="Coordinating"|English="and"
500040150231|λήμψεως,|500040150211|np|Cat="noun"|Id="70"|morphId="500040150231"|Unicode="λήμψεως,"|Lemma="λῆμψις"|Lang="G"|StrongNumber="G30280"|Morph="N,,,,,GFS,"|Case="Genitive"|Gender="Feminine"|Number="Singular"|English="receiving"
500040150241|εἰ|500040150261|conj|Cat="prep"|Id="73"|morphId="500040150241"|Unicode="εἰ"|Lemma="εἰ"|Lang="G"|StrongNumber="G14870"|Morph="PI,,,,,,,,"|Type="Improper"|English="except"
500040150251|μὴ|500040150261|ADV|Cat="adv"|Id="77"|morphId="500040150251"|Unicode="μὴ"|Lemma="μή"|Lang="G"|StrongNumber="G33610"|Morph="D,,,,,,,,,"
500040150261|ὑμεῖς|500040150181|CL|Cat="pron"|Id="81"|morphId="500040150261"|Unicode="ὑμεῖς"|Lemma="σύ"|Lang="G"|StrongNumber="G47710"|Morph="RP,,,2N,P,"|Type="Personal"|Person="Second"|Case="Nominative"|Number="Plural"|English="you"
500040150271|μόνοι.|500040150261|adjp|Cat="det"|Id="84"|morphId="500040150271"|Unicode="μόνοι."|Lemma="μόνος"|Lang="G"|StrongNumber="G34410"|Morph="EF,,,,NMP,"|Type="Differential"|Case="Nominative"|Gender="Masculine"|Number="Plural"|English="alone"
500040160011|ὅτι|500040160131|conj|Cat="conj"|Id="3"|morphId="500040160011"|Unicode="ὅτι"|Lemma="ὅτι"|Lang="G"|StrongNumber="G37540"|Morph="CS,,,,,,,,"|Type="Subordinating"|English="for"
500040160021|καὶ|500040160041|advp|Cat="adv"|Id="8"|morphId="500040160021"|Unicode="καὶ"|Lemma="καί"|Lang="G"|StrongNumber="G25320"|Morph="D,,,,,,,,,"|English="even"
500040160031|ἐν|500040160041|prep|Cat="prep"|Id="10"|morphId="500040160031"|Unicode="ἐν"|Lemma="ἐν"|Lang="G"|StrongNumber="G17220"|Morph="P,,,,,D,,,"|Case="Dative"|English="in"
500040160041|Θεσσαλονίκῃ,|500040160131|ADV|Cat="noun"|Id="12"|morphId="500040160041"|Unicode="Θεσσαλονίκῃ,"|Lemma="Θεσσαλονίκη"|Lang="G"|StrongNumber="G23320"|Morph="N,,,,,DFS,"|Case="Dative"|Gender="Feminine"|Number="Singular"|English="Thessalonica"
500040160051|καὶ|500040160061|conj|Cat="adv"|Id="16"|morphId="500040160051"|Unicode="καὶ"|Lemma="καί"|Lang="G"|StrongNumber="G25320"|Morph="DO,,,,,,,,"|Type="Correlative"|English="both"
500040160061|ἅπαξ|500040160131|ADV|Cat="adv"|Id="18"|morphId="500040160061"|Unicode="ἅπαξ"|Lemma="ἅπαξ"|Lang="G"|StrongNumber="G05300"|Morph="D,,,,,,,,,"|English="once"
500040160071|καὶ|500040160061|conj|Cat="conj"|Id="19"|morphId="500040160071"|Unicode="καὶ"|Lemma="καί"|Lang="G"|StrongNumber="G25320"|Morph="CO,,,,,,,,"|Type="Correlative"|English="and"
500040160081|δὶς,|500040160061|advp|Cat="adv"|Id="21"|morphId="500040160081"|Unicode="δὶς,"|Lemma="δίς"|Lang="G"|StrongNumber="G13640"|Morph="D,,,,,,,,,"|English="again"
500040160091|εἰς|500040160111|prep|Cat="prep"|Id="24"|morphId="500040160091"|Unicode="εἰς"|Lemma="εἰς"|Lang="G"|StrongNumber="G15190"|Morph="P,,,,,A,,,"|Case="Accusative"|English="for"
500040160101|τὴν|500040160111|det|Cat="det"|Id="26"|morphId="500040160101"|Unicode="τὴν"|Lemma="ὁ"|Lang="G"|StrongNumber="G35880"|Morph="EA,,,,AFS,"|Type="Article"|Case="Accusative"|Gender="Feminine"|Number="Singular"|English="the"
500040160111|χρείαν|500040160131|ADV|Cat="noun"|Id="29"|morphId="500040160111"|Unicode="χρείαν"|Lemma="χρεία"|Lang="G"|StrongNumber="G55320"|Morph="N,,,,,AFS,"|Case="Accusative"|Gender="Feminine"|Number="Singular"|English="needs"
500040160121|μοι|500040160111|advp|Cat="pron"|Id="32"|morphId="500040160121"|Unicode="μοι"|Lemma="ἐγώ"|Lang="G"|StrongNumber="G14730"|Morph="RP,,,1D,S,"|Type="Personal"|Person="First"|Case="Dative"|Number="Singular"|English="of me"
500040160131|ἐπέμψατε.|None|CL|Cat="verb"|Id="35"|morphId="500040160131"|Unicode="ἐπέμψατε."|Lemma="πέμπω"|Lang="G"|StrongNumber="G39920"|Morph="V,IAA2,,P,"|Mood="Indicative"|Tense="Aorist"|Voice="Active"|Person="Second"|Number="Plural"|English="you sent"
500040170011|οὐχ|500040170071|advp|Cat="adv"|Id="4"|morphId="500040170011"|Unicode="οὐχ"|Lemma="οὐ"|Lang="G"|StrongNumber="G37560"|Morph="DO,,,,,,,,"|Type="Correlative"|English="not"
500040170021|ὅτι|500040170031|conj|Cat="conj"|Id="6"|morphId="500040170021"|Unicode="ὅτι"|Lemma="ὅτι"|Lang="G"|StrongNumber="G37540"|Morph="CS,,,,,,,,"|Type="Subordinating"|English="that"
500040170031|ἐπιζητῶ|500040170071|CL|Cat="verb"|Id="10"|morphId="500040170031"|Unicode="ἐπιζητῶ"|Lemma="ἐπιζητέω"|Lang="G"|StrongNumber="G19340"|Morph="V,IPA1,,S,"|Mood="Indicative"|Tense="Present"|Voice="Active"|Person="First"|Number="Singular"|English="I seek"
500040170041|τὸ|500040170051|det|Cat="det"|Id="13"|morphId="500040170041"|Unicode="τὸ"|Lemma="ὁ"|Lang="G"|StrongNumber="G35880"|Morph="EA,,,,ANS,"|Type="Article"|Case="Accusative"|Gender="Neuter"|Number="Singular"|English="the"
500040170051|δόμα,|500040170031|O|Cat="noun"|Id="15"|morphId="500040170051"|Unicode="δόμα,"|Lemma="δόμα"|Lang="G"|StrongNumber="G13900"|Morph="N,,,,,ANS,"|Case="Accusative"|Gender="Neuter"|Number="Singular"|English="gift"
500040170061|ἀλλὰ|500040170071|conj|Cat="conj"|Id="16"|morphId="500040170061"|Unicode="ἀλλὰ"|Lemma="ἀλλά"|Lang="G"|StrongNumber="G02350"|Morph="CO,,,,,,,,"|Type="Correlative"|English="but"
500040170071|ἐπιζητῶ|None|CL|Cat="verb"|Id="20"|morphId="500040170071"|Unicode="ἐπιζητῶ"|Lemma="ἐπιζητέω"|Lang="G"|StrongNumber="G19340"|Morph="V,IPA1,,S,"|Mood="Indicative"|Tense="Present"|Voice="Active"|Person="First"|Number="Singular"|English="I seek"
500040170081|τὸν|500040170091|det|Cat="det"|Id="24"|morphId="500040170081"|Unicode="τὸν"|Lemma="ὁ"|Lang="G"|StrongNumber="G35880"|Morph="EA,,,,AMS,"|Type="Article"|Case="Accusative"|Gender="Masculine"|Number="Singular"|English="the"
500040170091|καρπὸν|500040170071|O|Cat="noun"|Id="26"|morphId="500040170091"|Unicode="καρπὸν"|Lemma="καρπός"|Lang="G"|StrongNumber="G25900"|Morph="N,,,,,AMS,"|Case="Accusative"|Gender="Masculine"|Number="Singular"|English="profit"
500040170101|τὸν|500040170111|det|Cat="pron"|Id="29"|morphId="500040170101"|Unicode="τὸν"|Lemma="ὁ"|Lang="G"|StrongNumber="G35880"|Morph="RD,,,,AMS,"|Type="Demonstrative"|Case="Accusative"|Gender="Masculine"|Number="Singular"|English="that"
500040170111|πλεονάζοντα|500040170091|np|Cat="verb"|Id="33"|morphId="500040170111"|Unicode="πλεονάζοντα"|Lemma="πλεονάζω"|Lang="G"|StrongNumber="G41210"|Morph="V,PPA,AMS,"|Mood="Participle"|Tense="Present"|Voice="Active"|Case="Accusative"|Gender="Masculine"|Number="Singular"|English="that increases"
500040170121|εἰς|500040170131|prep|Cat="prep"|Id="36"|morphId="500040170121"|Unicode="εἰς"|Lemma="εἰς"|Lang="G"|StrongNumber="G15190"|Morph="P,,,,,A,,,"|Case="Accusative"|English="to"
500040170131|λόγον|500040170111|ADV|Cat="noun"|Id="39"|morphId="500040170131"|Unicode="λόγον"|Lemma="λόγος"|Lang="G"|StrongNumber="G30560"|Morph="N,,,,,AMS,"|Case="Accusative"|Gender="Masculine"|Number="Singular"|English="account"
500040170141|ὑμῶν.|500040170131|np|Cat="pron"|Id="41"|morphId="500040170141"|Unicode="ὑμῶν."|Lemma="σύ"|Lang="G"|StrongNumber="G47710"|Morph="RP,,,2G,P,"|Type="Personal"|Person="Second"|Case="Genitive"|Number="Plural"|English="of you"
500040180021|δὲ|500040180011|conj|Cat="conj"|Id="3"|morphId="500040180021"|Unicode="δὲ"|Lemma="δέ"|Lang="G"|StrongNumber="G11610"|Morph="CC,,,,,,,,"|Type="Coordinating"|English="but"
500040180011|ἀπέχω|None|CL|Cat="verb"|Id="8"|morphId="500040180011"|Unicode="ἀπέχω"|Lemma="ἀπέχω"|Lang="G"|StrongNumber="G05680"|Morph="V,IPA1,,S,"|Mood="Indicative"|Tense="Present"|Voice="Active"|Person="First"|Number="Singular"|English="I have received"
500040180031|πάντα,|500040180011|O|Cat="pron"|Id="11"|morphId="500040180031"|Unicode="πάντα,"|Lemma="πᾶς"|Lang="G"|StrongNumber="G39560"|Morph="RI,,,,ANP,"|Type="Indefinite"|Case="Accusative"|Gender="Neuter"|Number="Plural"|English="everything"
500040180041|καὶ|500040180011|conj|Cat="conj"|Id="12"|morphId="500040180041"|Unicode="καὶ"|Lemma="καί"|Lang="G"|StrongNumber="G25320"|Morph="CC,,,,,,,,"|Type="Coordinating"|English="and"
500040180051|περισσεύω;|500040180011|CL|Cat="verb"|Id="16"|morphId="500040180051"|Unicode="περισσεύω;"|Lemma="περισσεύω"|Lang="G"|StrongNumber="G40520"|Morph="V,IPA1,,S,"|Mood="Indicative"|Tense="Present"|Voice="Active"|Person="First"|Number="Singular"|English="have an abundance"
500040180061|πεπλήρωμαι,|500040180011|CL|Cat="verb"|Id="20"|morphId="500040180061"|Unicode="πεπλήρωμαι,"|Lemma="πληρόω"|Lang="G"|StrongNumber="G41370"|Morph="V,IEP1,,S,"|Mood="Indicative"|Tense="Perfect"|Voice="Passive"|Person="First"|Number="Singular"|English="I am amply supplied"
500040180071|δεξάμενος|500040180061|ADV|Cat="verb"|Id="25"|morphId="500040180071"|Unicode="δεξάμενος"|Lemma="δέχομαι"|Lang="G"|StrongNumber="G12090"|Morph="V,PAM,NMS,"|Mood="Participle"|Tense="Aorist"|Voice="Middle"|Case="Nominative"|Gender="Masculine"|Number="Singular"|English="having received"
500040180081|παρὰ|500040180091|prep|Cat="prep"|Id="28"|morphId="500040180081"|Unicode="παρὰ"|Lemma="παρά"|Lang="G"|StrongNumber="G38440"|Morph="P,,,,,G,,,"|Case="Genitive"|English="from"
500040180091|Ἐπαφροδίτου|500040180071|ADV|Cat="noun"|Id="30"|morphId="500040180091"|Unicode="Ἐπαφροδίτου"|Lemma="Ἐπαφρόδιτος"|Lang="G"|StrongNumber="G18910"|Morph="N,,,,,GMS,"|Case="Genitive"|Gender="Masculine"|Number="Singular"|English="Epaphroditus"
500040180101|τὰ|500040180071|O|Cat="pron"|Id="35"|morphId="500040180101"|Unicode="τὰ"|Lemma="ὁ"|Lang="G"|StrongNumber="G35880"|Morph="RD,,,,ANP,"|Type="Demonstrative"|Case="Accusative"|Gender="Neuter"|Number="Plural"|English="the gifts"
500040180111|παρ’|500040180121|prep|Cat="prep"|Id="37"|morphId="500040180111"|Unicode="παρ’"|Lemma="παρά"|Lang="G"|StrongNumber="G38440"|Morph="P,,,,,G,,,"|Case="Genitive"|English="from"
500040180121|ὑμῶν,|500040180101|pp|Cat="pron"|Id="39"|morphId="500040180121"|Unicode="ὑμῶν,"|Lemma="σύ"|Lang="G"|StrongNumber="G47710"|Morph="RP,,,2G,P,"|Type="Personal"|Person="Second"|Case="Genitive"|Number="Plural"|English="you"
500040180131|ὀσμὴν|500040180101|np|Cat="noun"|Id="43"|morphId="500040180131"|Unicode="ὀσμὴν"|Lemma="ὀσμή"|Lang="G"|StrongNumber="G37440"|Morph="N,,,,,AFS,"|Case="Accusative"|Gender="Feminine"|Number="Singular"|English="a ~ aroma"
500040180141|εὐωδίας,|500040180131|np|Cat="noun"|Id="45"|morphId="500040180141"|Unicode="εὐωδίας,"|Lemma="εὐωδία"|Lang="G"|StrongNumber="G21750"|Morph="N,,,,,GFS,"|Case="Genitive"|Gender="Feminine"|Number="Singular"|English="sweet smelling"
500040180151|θυσίαν|500040180131|np|Cat="noun"|Id="48"|morphId="500040180151"|Unicode="θυσίαν"|Lemma="θυσία"|Lang="G"|StrongNumber="G23780"|Morph="N,,,,,AFS,"|Case="Accusative"|Gender="Feminine"|Number="Singular"|English="an ~ sacrifice"
500040180161|δεκτήν,|500040180151|adjp|Cat="adj"|Id="50"|morphId="500040180161"|Unicode="δεκτήν,"|Lemma="δεκτός"|Lang="G"|StrongNumber="G11840"|Morph="AA,,,,AFS,"|Type="Ascriptive"|Case="Accusative"|Gender="Feminine"|Number="Singular"|English="acceptable"
500040180171|εὐάρεστον|500040180131|np|Cat="noun"|Id="53"|morphId="500040180171"|Unicode="εὐάρεστον"|Lemma="εὐάρεστος"|Lang="G"|StrongNumber="G21010"|Morph="NS,,,,AFS,"|Type="Substantive_Adj"|Case="Accusative"|Gender="Feminine"|Number="Singular"|English="pleasing"
500040180181|τῷ|500040180191|det|Cat="det"|Id="56"|morphId="500040180181"|Unicode="τῷ"|Lemma="ὁ"|Lang="G"|StrongNumber="G35880"|Morph="EA,,,,DMS,"|Type="Article"|Case="Dative"|Gender="Masculine"|Number="Singular"
500040180191|Θεῷ.|500040180171|advp|Cat="noun"|Id="58"|morphId="500040180191"|Unicode="Θεῷ."|Lemma="θεός"|Lang="G"|StrongNumber="G23160"|Morph="N,,,,,DMS,"|Case="Dative"|Gender="Masculine"|Number="Singular"|English="to God"
500040190021|δὲ|500040190051|conj|Cat="conj"|Id="3"|morphId="500040190021"|Unicode="δὲ"|Lemma="δέ"|Lang="G"|StrongNumber="G11610"|Morph="CC,,,,,,,,"|Type="Coordinating"|English="and"
500040190011|ὁ|500040190031|det|Cat="det"|Id="7"|morphId="500040190011"|Unicode="ὁ"|Lemma="ὁ"|Lang="G"|StrongNumber="G35880"|Morph="EA,,,,NMS,"|Type="Article"|Case="Nominative"|Gender="Masculine"|Number="Singular"|English="the"
500040190031|Θεός|500040190051|S|Cat="noun"|Id="10"|morphId="500040190031"|Unicode="Θεός"|Lemma="θεός"|Lang="G"|StrongNumber="G23160"|Morph="N,,,,,NMS,"|Case="Nominative"|Gender="Masculine"|Number="Singular"|English="God"
500040190041|μου|500040190031|np|Cat="pron"|Id="12"|morphId="500040190041"|Unicode="μου"|Lemma="ἐγώ"|Lang="G"|StrongNumber="G14730"|Morph="RP,,,1G,S,"|Type="Personal"|Person="First"|Case="Genitive"|Number="Singular"|English="of me"
500040190051|πληρώσει|None|CL|Cat="verb"|Id="15"|morphId="500040190051"|Unicode="πληρώσει"|Lemma="πληρόω"|Lang="G"|StrongNumber="G41370"|Morph="V,IFA3,,S,"|Mood="Indicative"|Tense="Future"|Voice="Active"|Person="Third"|Number="Singular"|English="will supply"
500040190061|πᾶσαν|500040190071|adjp|Cat="det"|Id="20"|morphId="500040190061"|Unicode="πᾶσαν"|Lemma="πᾶς"|Lang="G"|StrongNumber="G39560"|Morph="EQ,,,,AFS,"|Type="Quantifier"|Case="Accusative"|Gender="Feminine"|Number="Singular"|English="all"
500040190071|χρείαν|500040190051|O|Cat="noun"|Id="23"|morphId="500040190071"|Unicode="χρείαν"|Lemma="χρεία"|Lang="G"|StrongNumber="G55320"|Morph="N,,,,,AFS,"|Case="Accusative"|Gender="Feminine"|Number="Singular"|English="need"
500040190081|ὑμῶν,|500040190071|np|Cat="pron"|Id="25"|morphId="500040190081"|Unicode="ὑμῶν,"|Lemma="σύ"|Lang="G"|StrongNumber="G47710"|Morph="RP,,,2G,P,"|Type="Personal"|Person="Second"|Case="Genitive"|Number="Plural"|English="of you"
500040190091|κατὰ|500040190111|prep|Cat="prep"|Id="28"|morphId="500040190091"|Unicode="κατὰ"|Lemma="κατά"|Lang="G"|StrongNumber="G25960"|Morph="P,,,,,A,,,"|Case="Accusative"|English="according to"
500040190101|τὸ|500040190111|det|Cat="det"|Id="30"|morphId="500040190101"|Unicode="τὸ"|Lemma="ὁ"|Lang="G"|StrongNumber="G35880"|Morph="EA,,,,ANS,"|Type="Article"|Case="Accusative"|Gender="Neuter"|Number="Singular"|English="the"
500040190111|πλοῦτος|500040190051|ADV|Cat="noun"|Id="34"|morphId="500040190111"|Unicode="πλοῦτος"|Lemma="πλοῦτος"|Lang="G"|StrongNumber="G41490"|Morph="N,,,,,ANS,"|Case="Accusative"|Gender="Neuter"|Number="Singular"|English="riches"
500040190121|αὐτοῦ|500040190111|np|Cat="pron"|Id="36"|morphId="500040190121"|Unicode="αὐτοῦ"|Lemma="αὐτός"|Lang="G"|StrongNumber="G08460"|Morph="RP,,,3GMS,"|Type="Personal"|Person="Third"|Case="Genitive"|Gender="Masculine"|Number="Singular"|English="of Him"
500040190131|ἐν|500040190141|prep|Cat="prep"|Id="38"|morphId="500040190131"|Unicode="ἐν"|Lemma="ἐν"|Lang="G"|StrongNumber="G17220"|Morph="P,,,,,D,,,"|Case="Dative"|English="in"
500040190141|δόξῃ|500040190111|pp|Cat="noun"|Id="41"|morphId="500040190141"|Unicode="δόξῃ"|Lemma="δόξα"|Lang="G"|StrongNumber="G13910"|Morph="N,,,,,DFS,"|Case="Dative"|Gender="Feminine"|Number="Singular"|English="glory"
500040190151|ἐν|500040190161|prep|Cat="prep"|Id="43"|morphId="500040190151"|Unicode="ἐν"|Lemma="ἐν"|Lang="G"|StrongNumber="G17220"|Morph="P,,,,,D,,,"|Case="Dative"|English="in"
500040190161|Χριστῷ|500040190141|pp|Cat="noun"|Id="46"|morphId="500040190161"|Unicode="Χριστῷ"|Lemma="χριστός"|Lang="G"|StrongNumber="G55470"|Morph="N,,,,,DMS,"|Case="Dative"|Gender="Masculine"|Number="Singular"|English="Christ"
500040190171|Ἰησοῦ.|500040190161|np|Cat="noun"|Id="48"|morphId="500040190171"|Unicode="Ἰησοῦ."|Lemma="Ἰησοῦς"|Lang="G"|StrongNumber="G24240"|Morph="N,,,,,DMS,"|Case="Dative"|Gender="Masculine"|Number="Singular"|English="Jesus"
500040200021|δὲ|500040200081|conj|Cat="conj"|Id="3"|morphId="500040200021"|Unicode="δὲ"|Lemma="δέ"|Lang="G"|StrongNumber="G11610"|Morph="CC,,,,,,,,"|Type="Coordinating"|English="now"
500040200011|τῷ|500040200031|det|Cat="det"|Id="8"|morphId="500040200011"|Unicode="τῷ"|Lemma="ὁ"|Lang="G"|StrongNumber="G35880"|Morph="EA,,,,DMS,"|Type="Article"|Case="Dative"|Gender="Masculine"|Number="Singular"|English="to the"
500040200031|Θεῷ|500040200081|IO|Cat="noun"|Id="12"|morphId="500040200031"|Unicode="Θεῷ"|Lemma="θεός"|Lang="G"|StrongNumber="G23160"|Morph="N,,,,,DMS,"|Case="Dative"|Gender="Masculine"|Number="Singular"|English="to ~ God"
500040200041|καὶ|500040200031|conj|Cat="conj"|Id="13"|morphId="500040200041"|Unicode="καὶ"|Lemma="καί"|Lang="G"|StrongNumber="G25320"|Morph="CC,,,,,,,,"|Type="Coordinating"|English="and"
500040200051|Πατρὶ|500040200031|np|Cat="noun"|Id="15"|morphId="500040200051"|Unicode="Πατρὶ"|Lemma="πατήρ"|Lang="G"|StrongNumber="G39620"|Morph="N,,,,,DMS,"|Case="Dative"|Gender="Masculine"|Number="Singular"|English="father"
500040200061|ἡμῶν|500040200031|np|Cat="pron"|Id="17"|morphId="500040200061"|Unicode="ἡμῶν"|Lemma="ἐγώ"|Lang="G"|StrongNumber="G14730"|Morph="RP,,,1G,P,"|Type="Personal"|Person="First"|Case="Genitive"|Number="Plural"|English="of us"
500040200071|ἡ|500040200081|det|Cat="det"|Id="20"|morphId="500040200071"|Unicode="ἡ"|Lemma="ὁ"|Lang="G"|StrongNumber="G35880"|Morph="EA,,,,NFS,"|Type="Article"|Case="Nominative"|Gender="Feminine"|Number="Singular"|English="the"
500040200081|δόξα|None|CL|Cat="noun"|Id="22"|morphId="500040200081"|Unicode="δόξα"|Lemma="δόξα"|Lang="G"|StrongNumber="G13910"|Morph="N,,,,,NFS,"|Case="Nominative"|Gender="Feminine"|Number="Singular"|English="glory"
500040200091|εἰς|500040200111|prep|Cat="prep"|Id="25"|morphId="500040200091"|Unicode="εἰς"|Lemma="εἰς"|Lang="G"|StrongNumber="G15190"|Morph="P,,,,,A,,,"|Case="Accusative"|English="into"
500040200101|τοὺς|500040200111|det|Cat="det"|Id="27"|morphId="500040200101"|Unicode="τοὺς"|Lemma="ὁ"|Lang="G"|StrongNumber="G35880"|Morph="EA,,,,AMP,"|Type="Article"|Case="Accusative"|Gender="Masculine"|Number="Plural"|English="the"
500040200111|αἰῶνας|500040200081|ADV|Cat="noun"|Id="30"|morphId="500040200111"|Unicode="αἰῶνας"|Lemma="αἰών"|Lang="G"|StrongNumber="G01650"|Morph="N,,,,,AMP,"|Case="Accusative"|Gender="Masculine"|Number="Plural"|English="ages"
500040200121|τῶν|500040200131|det|Cat="det"|Id="32"|morphId="500040200121"|Unicode="τῶν"|Lemma="ὁ"|Lang="G"|StrongNumber="G35880"|Morph="EA,,,,GMP,"|Type="Article"|Case="Genitive"|Gender="Masculine"|Number="Plural"|English="of the"
500040200131|αἰώνων.|500040200111|np|Cat="noun"|Id="34"|morphId="500040200131"|Unicode="αἰώνων."|Lemma="αἰών"|Lang="G"|StrongNumber="G01650"|Morph="N,,,,,GMP,"|Case="Genitive"|Gender="Masculine"|Number="Plural"|English="ages"
500040200141|ἀμήν!|500040200081|CL|Cat="intj"|Id="36"|morphId="500040200141"|Unicode="ἀμήν!"|Lemma="ἀμήν"|Lang="G"|StrongNumber="G02810"|Morph="IE,,,,,,,,"|Type="Exclamation"|English="amen"
500040210011|ἀσπάσασθε|None|CL|Cat="verb"|Id="5"|morphId="500040210011"|Unicode="ἀσπάσασθε"|Lemma="ἀσπάζομαι"|Lang="G"|StrongNumber="G07820"|Morph="V,MAM2,,P,"|Mood="Imperative"|Tense="Aorist"|Voice="Middle"|Person="Second"|Number="Plural"|English="greet"
500040210021|πάντα|500040210031|adjp|Cat="det"|Id="10"|morphId="500040210021"|Unicode="πάντα"|Lemma="πᾶς"|Lang="G"|StrongNumber="G39560"|Morph="EQ,,,,AMS,"|Type="Quantifier"|Case="Accusative"|Gender="Masculine"|Number="Singular"|English="every"
500040210031|ἅγιον|500040210011|O|Cat="noun"|Id="12"|morphId="500040210031"|Unicode="ἅγιον"|Lemma="ἅγιος"|Lang="G"|StrongNumber="G00400"|Morph="NS,,,,AMS,"|Type="Substantive_Adj"|Case="Accusative"|Gender="Masculine"|Number="Singular"|English="saint"
500040210041|ἐν|500040210051|prep|Cat="prep"|Id="15"|morphId="500040210041"|Unicode="ἐν"|Lemma="ἐν"|Lang="G"|StrongNumber="G17220"|Morph="P,,,,,D,,,"|Case="Dative"|English="in"
500040210051|Χριστῷ|500040210011|ADV|Cat="noun"|Id="18"|morphId="500040210051"|Unicode="Χριστῷ"|Lemma="χριστός"|Lang="G"|StrongNumber="G55470"|Morph="N,,,,,DMS,"|Case="Dative"|Gender="Masculine"|Number="Singular"|English="Christ"
500040210061|Ἰησοῦ,|500040210051|np|Cat="noun"|Id="20"|morphId="500040210061"|Unicode="Ἰησοῦ,"|Lemma="Ἰησοῦς"|Lang="G"|StrongNumber="G24240"|Morph="N,,,,,DMS,"|Case="Dative"|Gender="Masculine"|Number="Singular"|English="Jesus"
500040210071|ἀσπάζονται|500040210011|CL|Cat="verb"|Id="24"|morphId="500040210071"|Unicode="ἀσπάζονται"|Lemma="ἀσπάζομαι"|Lang="G"|StrongNumber="G07820"|Morph="V,IPM3,,P,"|Mood="Indicative"|Tense="Present"|Voice="Middle"|Person="Third"|Number="Plural"|English="greet"
500040210081|ὑμᾶς|500040210071|O|Cat="pron"|Id="27"|morphId="500040210081"|Unicode="ὑμᾶς"|Lemma="σύ"|Lang="G"|StrongNumber="G47710"|Morph="RP,,,2A,P,"|Type="Personal"|Person="Second"|Case="Accusative"|Number="Plural"|English="you"
500040210091|οἱ|500040210121|det|Cat="det"|Id="30"|morphId="500040210091"|Unicode="οἱ"|Lemma="ὁ"|Lang="G"|StrongNumber="G35880"|Morph="EA,,,,NMP,"|Type="Article"|Case="Nominative"|Gender="Masculine"|Number="Plural"|English="who"
500040210101|σὺν|500040210111|prep|Cat="prep"|Id="33"|morphId="500040210101"|Unicode="σὺν"|Lemma="σύν"|Lang="G"|StrongNumber="G48620"|Morph="P,,,,,D,,,"|Case="Dative"|English="with"
500040210111|ἐμοὶ|500040210121|pp|Cat="pron"|Id="35"|morphId="500040210111"|Unicode="ἐμοὶ"|Lemma="ἐγώ"|Lang="G"|StrongNumber="G14730"|Morph="RP,,,1D,S,"|Type="Personal"|Person="First"|Case="Dative"|Number="Singular"|English="me"
500040210121|ἀδελφοί,|500040210071|S|Cat="noun"|Id="37"|morphId="500040210121"|Unicode="ἀδελφοί,"|Lemma="ἀδελφός"|Lang="G"|StrongNumber="G00800"|Morph="N,,,,,NMP,"|Case="Nominative"|Gender="Masculine"|Number="Plural"|English="brothers"
500040220011|ἀσπάζονται|None|CL|Cat="verb"|Id="6"|morphId="500040220011"|Unicode="ἀσπάζονται"|Lemma="ἀσπάζομαι"|Lang="G"|StrongNumber="G07820"|Morph="V,IPM3,,P,"|Mood="Indicative"|Tense="Present"|Voice="Middle"|Person="Third"|Number="Plural"|English="greet"
500040220021|ὑμᾶς|500040220011|O|Cat="pron"|Id="9"|morphId="500040220021"|Unicode="ὑμᾶς"|Lemma="σύ"|Lang="G"|StrongNumber="G47710"|Morph="RP,,,2A,P,"|Type="Personal"|Person="Second"|Case="Accusative"|Number="Plural"|English="you"
500040220031|πάντες|500040220051|adjp|Cat="det"|Id="14"|morphId="500040220031"|Unicode="πάντες"|Lemma="πᾶς"|Lang="G"|StrongNumber="G39560"|Morph="EQ,,,,NMP,"|Type="Quantifier"|Case="Nominative"|Gender="Masculine"|Number="Plural"|English="all"
500040220041|οἱ|500040220051|det|Cat="det"|Id="16"|morphId="500040220041"|Unicode="οἱ"|Lemma="ὁ"|Lang="G"|StrongNumber="G35880"|Morph="EA,,,,NMP,"|Type="Article"|Case="Nominative"|Gender="Masculine"|Number="Plural"|English="the"
500040220051|ἅγιοι,|500040220011|S|Cat="noun"|Id="18"|morphId="500040220051"|Unicode="ἅγιοι,"|Lemma="ἅγιος"|Lang="G"|StrongNumber="G00400"|Morph="NS,,,,NMP,"|Type="Substantive_Adj"|Case="Nominative"|Gender="Masculine"|Number="Plural"|English="saints"
500040220071|δὲ|500040220011|conj|Cat="conj"|Id="19"|morphId="500040220071"|Unicode="δὲ"|Lemma="δέ"|Lang="G"|StrongNumber="G11610"|Morph="CC,,,,,,,,"|Type="Coordinating"|English="and"
500040220061|μάλιστα|500040220081|ADV|Cat="adv"|Id="23"|morphId="500040220061"|Unicode="μάλιστα"|Lemma="μάλιστα"|Lang="G"|StrongNumber="G31220"|Morph="D,,,,,,,,S"|English="especially"
500040220081|οἱ|500040220011|CL|Cat="pron"|Id="27"|morphId="500040220081"|Unicode="οἱ"|Lemma="ὁ"|Lang="G"|StrongNumber="G35880"|Morph="RD,,,,NMP,"|Type="Demonstrative"|Case="Nominative"|Gender="Masculine"|Number="Plural"|English="those"
500040220091|ἐκ|500040220121|prep|Cat="prep"|Id="29"|morphId="500040220091"|Unicode="ἐκ"|Lemma="ἐκ"|Lang="G"|StrongNumber="G15370"|Morph="P,,,,,G,,,"|Case="Genitive"|English="of"
500040220101|τῆς|500040220121|det|Cat="det"|Id="31"|morphId="500040220101"|Unicode="τῆς"|Lemma="ὁ"|Lang="G"|StrongNumber="G35880"|Morph="EA,,,,GFS,"|Type="Article"|Case="Genitive"|Gender="Feminine"|Number="Singular"|English="the"
500040220111|Καίσαρος|500040220121|np|Cat="noun"|Id="34"|morphId="500040220111"|Unicode="Καίσαρος"|Lemma="Καῖσαρ"|Lang="G"|StrongNumber="G25410"|Morph="N,,,,,GMS,"|Case="Genitive"|Gender="Masculine"|Number="Singular"|English="Caesar’s"
500040220121|οἰκίας.|500040220081|pp|Cat="noun"|Id="36"|morphId="500040220121"|Unicode="οἰκίας."|Lemma="οἰκία"|Lang="G"|StrongNumber="G36140"|Morph="N,,,,,GFS,"|Case="Genitive"|Gender="Feminine"|Number="Singular"|English="household"
500040230011|ἡ|500040230021|det|Cat="det"|Id="6"|morphId="500040230011"|Unicode="ἡ"|Lemma="ὁ"|Lang="G"|StrongNumber="G35880"|Morph="EA,,,,NFS,"|Type="Article"|Case="Nominative"|Gender="Feminine"|Number="Singular"|English="the"
500040230021|χάρις|500040230091|S|Cat="noun"|Id="9"|morphId="500040230021"|Unicode="χάρις"|Lemma="χάρις"|Lang="G"|StrongNumber="G54850"|Morph="N,,,,,NFS,"|Case="Nominative"|Gender="Feminine"|Number="Singular"|English="grace"
500040230031|τοῦ|500040230041|det|Cat="det"|Id="12"|morphId="500040230031"|Unicode="τοῦ"|Lemma="ὁ"|Lang="G"|StrongNumber="G35880"|Morph="EA,,,,GMS,"|Type="Article"|Case="Genitive"|Gender="Masculine"|Number="Singular"|English="the"
500040230041|Κυρίου|500040230021|np|Cat="noun"|Id="14"|morphId="500040230041"|Unicode="Κυρίου"|Lemma="κύριος"|Lang="G"|StrongNumber="G29620"|Morph="N,,,,,GMS,"|Case="Genitive"|Gender="Masculine"|Number="Singular"|English="of ~ Lord"
500040230051|Ἰησοῦ|500040230041|np|Cat="noun"|Id="17"|morphId="500040230051"|Unicode="Ἰησοῦ"|Lemma="Ἰησοῦς"|Lang="G"|StrongNumber="G24240"|Morph="N,,,,,GMS,"|Case="Genitive"|Gender="Masculine"|Number="Singular"|English="Jesus"
500040230061|Χριστοῦ|500040230051|np|Cat="noun"|Id="19"|morphId="500040230061"|Unicode="Χριστοῦ"|Lemma="χριστός"|Lang="G"|StrongNumber="G55470"|Morph="N,,,,,GMS,"|Case="Genitive"|Gender="Masculine"|Number="Singular"|English="Christ"
500040230071|μετὰ|500040230091|prep|Cat="prep"|Id="22"|morphId="500040230071"|Unicode="μετὰ"|Lemma="μετά"|Lang="G"|StrongNumber="G33260"|Morph="P,,,,,G,,,"|Case="Genitive"|English="with"
500040230081|τοῦ|500040230091|det|Cat="det"|Id="24"|morphId="500040230081"|Unicode="τοῦ"|Lemma="ὁ"|Lang="G"|StrongNumber="G35880"|Morph="EA,,,,GNS,"|Type="Article"|Case="Genitive"|Gender="Neuter"|Number="Singular"|English="the"
500040230091|πνεύματος|None|CL|Cat="noun"|Id="27"|morphId="500040230091"|Unicode="πνεύματος"|Lemma="πνεῦμα"|Lang="G"|StrongNumber="G41510"|Morph="N,,,,,GNS,"|Case="Genitive"|Gender="Neuter"|Number="Singular"|English="spirit"
500040230101|ὑμῶν.|500040230091|np|Cat="pron"|Id="29"|morphId="500040230101"|Unicode="ὑμῶν."|Lemma="σύ"|Lang="G"|StrongNumber="G47710"|Morph="RP,,,2G,P,"|Type="Personal"|Person="Second"|Case="Genitive"|Number="Plural"|English="of you"
500040230111|ἀμήν!|500040230091|CL|Cat="intj"|Id="31"|morphId="500040230111"|Unicode="ἀμήν!"|Lang="G"|StrongNumber="G02810"|Morph="IE,,,,,,,,"|Type="Exclamation"|English="Amen!"
