660120010011|καὶ|660120010041|conj|Cat="conj"|Id="3"|morphId="660120010011"|Unicode="καὶ"|Lemma="καί"|Lang="G"|StrongNumber="G25320"|Morph="CC,,,,,,,,"|Type="Coordinating"|English="and"
660120010021|σημεῖον|660120010041|S|Cat="noun"|Id="9"|morphId="660120010021"|Unicode="σημεῖον"|Lemma="σημεῖον"|Lang="G"|StrongNumber="G45920"|Morph="N,,,,,NNS,"|Case="Nominative"|Gender="Neuter"|Number="Singular"|English="a ~ sign"
660120010031|μέγα|660120010021|adjp|Cat="adj"|Id="11"|morphId="660120010031"|Unicode="μέγα"|Lemma="μέγας"|Lang="G"|StrongNumber="G31730"|Morph="AA,,,,NNS,"|Type="Ascriptive"|Case="Nominative"|Gender="Neuter"|Number="Singular"|English="great"
660120010041|ὤφθη|None|CL|Cat="verb"|Id="14"|morphId="660120010041"|Unicode="ὤφθη"|Lemma="ὁράω"|Lang="G"|StrongNumber="G37080"|Morph="V,IAP3,,S,"|Mood="Indicative"|Tense="Aorist"|Voice="Passive"|Person="Third"|Number="Singular"|English="appeared"
660120010051|ἐν|660120010071|prep|Cat="prep"|Id="17"|morphId="660120010051"|Unicode="ἐν"|Lemma="ἐν"|Lang="G"|StrongNumber="G17220"|Morph="P,,,,,D,,,"|Case="Dative"|English="in"
660120010061|τῷ|660120010071|det|Cat="det"|Id="19"|morphId="660120010061"|Unicode="τῷ"|Lemma="ὁ"|Lang="G"|StrongNumber="G35880"|Morph="EA,,,,DMS,"|Type="Article"|Case="Dative"|Gender="Masculine"|Number="Singular"|English="the"
660120010071|οὐρανῷ:|660120010041|ADV|Cat="noun"|Id="21"|morphId="660120010071"|Unicode="οὐρανῷ:"|Lemma="οὐρανός"|Lang="G"|StrongNumber="G37720"|Morph="N,,,,,DMS,"|Case="Dative"|Gender="Masculine"|Number="Singular"|English="heaven"
660120010081|γυνὴ|660120010091|S|Cat="noun"|Id="26"|morphId="660120010081"|Unicode="γυνὴ"|Lemma="γυνή"|Lang="G"|StrongNumber="G11350"|Morph="N,,,,,NFS,"|Case="Nominative"|Gender="Feminine"|Number="Singular"|English="a woman"
660120010091|περιβεβλημένη|660120010041|CL|Cat="verb"|Id="29"|morphId="660120010091"|Unicode="περιβεβλημένη"|Lemma="περιβάλλω"|Lang="G"|StrongNumber="G40160"|Morph="V,PEP,NFS,"|Mood="Participle"|Tense="Perfect"|Voice="Passive"|Case="Nominative"|Gender="Feminine"|Number="Singular"|English="clothed with"
660120010101|τὸν|660120010111|det|Cat="det"|Id="32"|morphId="660120010101"|Unicode="τὸν"|Lemma="ὁ"|Lang="G"|StrongNumber="G35880"|Morph="EA,,,,AMS,"|Type="Article"|Case="Accusative"|Gender="Masculine"|Number="Singular"|English="the"
660120010111|ἥλιον,|660120010091|O|Cat="noun"|Id="34"|morphId="660120010111"|Unicode="ἥλιον,"|Lemma="ἥλιος"|Lang="G"|StrongNumber="G22460"|Morph="N,,,,,AMS,"|Case="Accusative"|Gender="Masculine"|Number="Singular"|English="sun"
660120010121|καὶ|660120010091|conj|Cat="conj"|Id="35"|morphId="660120010121"|Unicode="καὶ"|Lemma="καί"|Lang="G"|StrongNumber="G25320"|Morph="CC,,,,,,,,"|Type="Coordinating"|English="with"
660120010131|ἡ|660120010141|det|Cat="det"|Id="39"|morphId="660120010131"|Unicode="ἡ"|Lemma="ὁ"|Lang="G"|StrongNumber="G35880"|Morph="EA,,,,NFS,"|Type="Article"|Case="Nominative"|Gender="Feminine"|Number="Singular"|English="the"
660120010141|σελήνη|660120010171|S|Cat="noun"|Id="41"|morphId="660120010141"|Unicode="σελήνη"|Lemma="σελήνη"|Lang="G"|StrongNumber="G45820"|Morph="N,,,,,NFS,"|Case="Nominative"|Gender="Feminine"|Number="Singular"|English="moon"
660120010151|ὑποκάτω|660120010171|prep|Cat="prep"|Id="44"|morphId="660120010151"|Unicode="ὑποκάτω"|Lemma="ὑποκάτω"|Lang="G"|StrongNumber="G52700"|Morph="PI,,,,G,,,"|Type="Improper"|Case="Genitive"|English="under"
660120010161|τῶν|660120010171|det|Cat="det"|Id="46"|morphId="660120010161"|Unicode="τῶν"|Lemma="ὁ"|Lang="G"|StrongNumber="G35880"|Morph="EA,,,,GMP,"|Type="Article"|Case="Genitive"|Gender="Masculine"|Number="Plural"|English="the"
660120010171|ποδῶν|660120010091|CL|Cat="noun"|Id="49"|morphId="660120010171"|Unicode="ποδῶν"|Lemma="πούς"|Lang="G"|StrongNumber="G42280"|Morph="N,,,,,GMP,"|Case="Genitive"|Gender="Masculine"|Number="Plural"|English="feet"
660120010181|αὐτῆς,|660120010171|np|Cat="pron"|Id="51"|morphId="660120010181"|Unicode="αὐτῆς,"|Lemma="αὐτός"|Lang="G"|StrongNumber="G08460"|Morph="RP,,,3GFS,"|Type="Personal"|Person="Third"|Case="Genitive"|Gender="Feminine"|Number="Singular"|English="of her"
660120010191|καὶ|660120010091|conj|Cat="conj"|Id="52"|morphId="660120010191"|Unicode="καὶ"|Lemma="καί"|Lang="G"|StrongNumber="G25320"|Morph="CC,,,,,,,,"|Type="Coordinating"|English="and"
660120010201|ἐπὶ|660120010221|prep|Cat="prep"|Id="56"|morphId="660120010201"|Unicode="ἐπὶ"|Lemma="ἐπί"|Lang="G"|StrongNumber="G19090"|Morph="P,,,,,G,,,"|Case="Genitive"|English="on"
660120010211|τῆς|660120010221|det|Cat="det"|Id="58"|morphId="660120010211"|Unicode="τῆς"|Lemma="ὁ"|Lang="G"|StrongNumber="G35880"|Morph="EA,,,,GFS,"|Type="Article"|Case="Genitive"|Gender="Feminine"|Number="Singular"|English="the"
660120010221|κεφαλῆς|660120010091|CL|Cat="noun"|Id="61"|morphId="660120010221"|Unicode="κεφαλῆς"|Lemma="κεφαλή"|Lang="G"|StrongNumber="G27760"|Morph="N,,,,,GFS,"|Case="Genitive"|Gender="Feminine"|Number="Singular"|English="head"
660120010231|αὐτῆς|660120010221|np|Cat="pron"|Id="63"|morphId="660120010231"|Unicode="αὐτῆς"|Lemma="αὐτός"|Lang="G"|StrongNumber="G08460"|Morph="RP,,,3GFS,"|Type="Personal"|Person="Third"|Case="Genitive"|Gender="Feminine"|Number="Singular"|English="of her"
660120010241|στέφανος|660120010221|S|Cat="noun"|Id="67"|morphId="660120010241"|Unicode="στέφανος"|Lemma="στέφανος"|Lang="G"|StrongNumber="G47350"|Morph="N,,,,,NMS,"|Case="Nominative"|Gender="Masculine"|Number="Singular"|English="a crown"
660120010251|ἀστέρων|660120010241|np|Cat="noun"|Id="70"|morphId="660120010251"|Unicode="ἀστέρων"|Lemma="ἀστήρ"|Lang="G"|StrongNumber="G07920"|Morph="N,,,,,GMP,"|Case="Genitive"|Gender="Masculine"|Number="Plural"|English="of ~ stars"
660120010261|δώδεκα,|660120010251|nump|Cat="det"|Id="73"|morphId="660120010261"|Unicode="δώδεκα,"|Lemma="δώδεκα"|Lang="G"|StrongNumber="G14270"|Morph="EN,,,,GMP,"|Type="Number"|Case="Genitive"|Gender="Masculine"|Number="Plural"|English="twelve"
660120020011|καὶ|660120020041|conj|Cat="conj"|Id="4"|morphId="660120020011"|Unicode="καὶ"|Lemma="καί"|Lang="G"|StrongNumber="G25320"|Morph="CC,,,,,,,,"|Type="Coordinating"|English="and"
660120020021|ἐν|660120020031|prep|Cat="prep"|Id="8"|morphId="660120020021"|Unicode="ἐν"|Lemma="ἐν"|Lang="G"|StrongNumber="G17220"|Morph="P,,,,,D,,,"|Case="Dative"|English="in"
660120020031|γαστρὶ|660120020041|ADV|Cat="noun"|Id="10"|morphId="660120020031"|Unicode="γαστρὶ"|Lemma="γαστήρ"|Lang="G"|StrongNumber="G10640"|Morph="N,,,,,DFS,"|Case="Dative"|Gender="Feminine"|Number="Singular"|English="womb"
660120020041|ἔχουσα,|None|CL|Cat="verb"|Id="13"|morphId="660120020041"|Unicode="ἔχουσα,"|Lemma="ἔχω"|Lang="G"|StrongNumber="G21920"|Morph="V,PPA,NFS,"|Mood="Participle"|Tense="Present"|Voice="Active"|Case="Nominative"|Gender="Feminine"|Number="Singular"|English="having"
660120020051|καὶ|660120020041|conj|Cat="conj"|Id="14"|morphId="660120020051"|Unicode="καὶ"|Lemma="καί"|Lang="G"|StrongNumber="G25320"|Morph="CC,,,,,,,,"|Type="Coordinating"|English="and"
660120020061|κράζει|660120020041|CL|Cat="verb"|Id="18"|morphId="660120020061"|Unicode="κράζει"|Lemma="κράζω"|Lang="G"|StrongNumber="G28960"|Morph="V,IPA3,,S,"|Mood="Indicative"|Tense="Present"|Voice="Active"|Person="Third"|Number="Singular"|English="she cried out"
660120020071|ὠδίνουσα,|660120020061|ADV|Cat="verb"|Id="24"|morphId="660120020071"|Unicode="ὠδίνουσα,"|Lemma="ὠδίνω"|Lang="G"|StrongNumber="G56050"|Morph="V,PPA,NFS,"|Mood="Participle"|Tense="Present"|Voice="Active"|Case="Nominative"|Gender="Feminine"|Number="Singular"|English="in labor"
660120020081|καὶ|660120020071|conj|Cat="conj"|Id="25"|morphId="660120020081"|Unicode="καὶ"|Lemma="καί"|Lang="G"|StrongNumber="G25320"|Morph="CC,,,,,,,,"|Type="Coordinating"|English="and"
660120020091|βασανιζομένη|660120020071|CL|Cat="verb"|Id="29"|morphId="660120020091"|Unicode="βασανιζομένη"|Lemma="βασανίζω"|Lang="G"|StrongNumber="G09280"|Morph="V,PPP,NFS,"|Mood="Participle"|Tense="Present"|Voice="Passive"|Case="Nominative"|Gender="Feminine"|Number="Singular"|English="agony"
660120020101|τεκεῖν.|660120020091|ADV|Cat="verb"|Id="34"|morphId="660120020101"|Unicode="τεκεῖν."|Lemma="τίκτω"|Lang="G"|StrongNumber="G50880"|Morph="V,NAA,,,,,"|Mood="Infinitive"|Tense="Aorist"|Voice="Active"|English="to give birth"
660120030011|καὶ|660120030021|conj|Cat="conj"|Id="3"|morphId="660120030011"|Unicode="καὶ"|Lemma="καί"|Lang="G"|StrongNumber="G25320"|Morph="CC,,,,,,,,"|Type="Coordinating"|English="then"
660120030021|ὤφθη|None|CL|Cat="verb"|Id="8"|morphId="660120030021"|Unicode="ὤφθη"|Lemma="ὁράω"|Lang="G"|StrongNumber="G37080"|Morph="V,IAP3,,S,"|Mood="Indicative"|Tense="Aorist"|Voice="Passive"|Person="Third"|Number="Singular"|English="appeared"
660120030031|ἄλλο|660120030041|adjp|Cat="det"|Id="13"|morphId="660120030031"|Unicode="ἄλλο"|Lemma="ἄλλος"|Lang="G"|StrongNumber="G02430"|Morph="EF,,,,NNS,"|Type="Differential"|Case="Nominative"|Gender="Neuter"|Number="Singular"|English="another"
660120030041|σημεῖον|660120030021|S|Cat="noun"|Id="15"|morphId="660120030041"|Unicode="σημεῖον"|Lemma="σημεῖον"|Lang="G"|StrongNumber="G45920"|Morph="N,,,,,NNS,"|Case="Nominative"|Gender="Neuter"|Number="Singular"|English="sign"
660120030051|ἐν|660120030071|prep|Cat="prep"|Id="18"|morphId="660120030051"|Unicode="ἐν"|Lemma="ἐν"|Lang="G"|StrongNumber="G17220"|Morph="P,,,,,D,,,"|Case="Dative"|English="in"
660120030061|τῷ|660120030071|det|Cat="det"|Id="20"|morphId="660120030061"|Unicode="τῷ"|Lemma="ὁ"|Lang="G"|StrongNumber="G35880"|Morph="EA,,,,DMS,"|Type="Article"|Case="Dative"|Gender="Masculine"|Number="Singular"|English="the"
660120030071|οὐρανῷ:|660120030021|ADV|Cat="noun"|Id="22"|morphId="660120030071"|Unicode="οὐρανῷ:"|Lemma="οὐρανός"|Lang="G"|StrongNumber="G37720"|Morph="N,,,,,DMS,"|Case="Dative"|Gender="Masculine"|Number="Singular"|English="heaven"
660120030081|καὶ|660120030021|conj|Cat="conj"|Id="23"|morphId="660120030081"|Unicode="καὶ"|Lemma="καί"|Lang="G"|StrongNumber="G25320"|Morph="CC,,,,,,,,"|Type="Coordinating"|English="and"
660120030091|ἰδοὺ,|660120030131|CL|Cat="intj"|Id="28"|morphId="660120030091"|Unicode="ἰδοὺ,"|Lemma="ὁράω"|Lang="G"|StrongNumber="G37080"|Morph="IDMAA2,,S,"|Type="Directive"|Mood="Imperative"|Tense="Aorist"|Voice="Active"|Person="Second"|Number="Singular"|English="behold"
660120030101|δράκων|660120030131|S|Cat="noun"|Id="35"|morphId="660120030101"|Unicode="δράκων"|Lemma="δράκων"|Lang="G"|StrongNumber="G14040"|Morph="N,,,,,NMS,"|Case="Nominative"|Gender="Masculine"|Number="Singular"|English="a ~ dragon"
660120030111|πυρρός|660120030101|adjp|Cat="adj"|Id="37"|morphId="660120030111"|Unicode="πυρρός"|Lemma="πυρρός"|Lang="G"|StrongNumber="G44500"|Morph="AA,,,,NMS,"|Type="Ascriptive"|Case="Nominative"|Gender="Masculine"|Number="Singular"|English="red"
660120030121|μέγας|660120030101|adjp|Cat="adj"|Id="39"|morphId="660120030121"|Unicode="μέγας"|Lemma="μέγας"|Lang="G"|StrongNumber="G31730"|Morph="AA,,,,NMS,"|Type="Ascriptive"|Case="Nominative"|Gender="Masculine"|Number="Singular"|English="great"
660120030131|ἔχων|660120030021|CL|Cat="verb"|Id="42"|morphId="660120030131"|Unicode="ἔχων"|Lemma="ἔχω"|Lang="G"|StrongNumber="G21920"|Morph="V,PPA,NMS,"|Mood="Participle"|Tense="Present"|Voice="Active"|Case="Nominative"|Gender="Masculine"|Number="Singular"|English="having"
660120030141|κεφαλὰς|660120030131|O|Cat="noun"|Id="47"|morphId="660120030141"|Unicode="κεφαλὰς"|Lemma="κεφαλή"|Lang="G"|StrongNumber="G27760"|Morph="N,,,,,AFP,"|Case="Accusative"|Gender="Feminine"|Number="Plural"|English="heads"
660120030151|ἑπτὰ,|660120030141|nump|Cat="det"|Id="50"|morphId="660120030151"|Unicode="ἑπτὰ,"|Lemma="ἑπτά"|Lang="G"|StrongNumber="G20330"|Morph="EN,,,,AFP,"|Type="Number"|Case="Accusative"|Gender="Feminine"|Number="Plural"|English="seven"
660120030161|καὶ|660120030141|conj|Cat="conj"|Id="51"|morphId="660120030161"|Unicode="καὶ"|Lemma="καί"|Lang="G"|StrongNumber="G25320"|Morph="CC,,,,,,,,"|Type="Coordinating"|English="and"
660120030171|κέρατα|660120030141|np|Cat="noun"|Id="54"|morphId="660120030171"|Unicode="κέρατα"|Lemma="κέρας"|Lang="G"|StrongNumber="G27680"|Morph="N,,,,,ANP,"|Case="Accusative"|Gender="Neuter"|Number="Plural"|English="horns"
660120030181|δέκα,|660120030171|nump|Cat="det"|Id="57"|morphId="660120030181"|Unicode="δέκα,"|Lemma="δέκα"|Lang="G"|StrongNumber="G11760"|Morph="EN,,,,ANP,"|Type="Number"|Case="Accusative"|Gender="Neuter"|Number="Plural"|English="ten"
660120030191|καὶ|660120030131|conj|Cat="conj"|Id="58"|morphId="660120030191"|Unicode="καὶ"|Lemma="καί"|Lang="G"|StrongNumber="G25320"|Morph="CC,,,,,,,,"|Type="Coordinating"|English="and"
660120030201|ἐπὶ|660120030221|prep|Cat="prep"|Id="62"|morphId="660120030201"|Unicode="ἐπὶ"|Lemma="ἐπί"|Lang="G"|StrongNumber="G19090"|Morph="P,,,,,A,,,"|Case="Accusative"|English="on"
660120030211|τὰς|660120030221|det|Cat="det"|Id="64"|morphId="660120030211"|Unicode="τὰς"|Lemma="ὁ"|Lang="G"|StrongNumber="G35880"|Morph="EA,,,,AFP,"|Type="Article"|Case="Accusative"|Gender="Feminine"|Number="Plural"|English="the"
660120030221|κεφαλὰς|660120030131|CL|Cat="noun"|Id="67"|morphId="660120030221"|Unicode="κεφαλὰς"|Lemma="κεφαλή"|Lang="G"|StrongNumber="G27760"|Morph="N,,,,,AFP,"|Case="Accusative"|Gender="Feminine"|Number="Plural"|English="heads"
660120030231|αὐτοῦ|660120030221|np|Cat="pron"|Id="69"|morphId="660120030231"|Unicode="αὐτοῦ"|Lemma="αὐτός"|Lang="G"|StrongNumber="G08460"|Morph="RP,,,3GMS,"|Type="Personal"|Person="Third"|Case="Genitive"|Gender="Masculine"|Number="Singular"|English="of him"
660120030241|ἑπτὰ|660120030251|nump|Cat="det"|Id="74"|morphId="660120030241"|Unicode="ἑπτὰ"|Lemma="ἑπτά"|Lang="G"|StrongNumber="G20330"|Morph="EN,,,,ANP,"|Type="Number"|Case="Accusative"|Gender="Neuter"|Number="Plural"|English="seven"
660120030251|διαδήματα,|660120030221|S|Cat="noun"|Id="76"|morphId="660120030251"|Unicode="διαδήματα,"|Lemma="διάδημα"|Lang="G"|StrongNumber="G12380"|Morph="N,,,,,ANP,"|Case="Accusative"|Gender="Neuter"|Number="Plural"|English="diadems"
660120040011|καὶ|660120040051|conj|Cat="conj"|Id="3"|morphId="660120040011"|Unicode="καὶ"|Lemma="καί"|Lang="G"|StrongNumber="G25320"|Morph="CC,,,,,,,,"|Type="Coordinating"|English="and"
660120040021|ἡ|660120040031|det|Cat="det"|Id="8"|morphId="660120040021"|Unicode="ἡ"|Lemma="ὁ"|Lang="G"|StrongNumber="G35880"|Morph="EA,,,,NFS,"|Type="Article"|Case="Nominative"|Gender="Feminine"|Number="Singular"|English="the"
660120040031|οὐρὰ|660120040051|S|Cat="noun"|Id="11"|morphId="660120040031"|Unicode="οὐρὰ"|Lemma="οὐρά"|Lang="G"|StrongNumber="G37690"|Morph="N,,,,,NFS,"|Case="Nominative"|Gender="Feminine"|Number="Singular"|English="tail"
660120040041|αὐτοῦ|660120040031|np|Cat="pron"|Id="13"|morphId="660120040041"|Unicode="αὐτοῦ"|Lemma="αὐτός"|Lang="G"|StrongNumber="G08460"|Morph="RP,,,3GMS,"|Type="Personal"|Person="Third"|Case="Genitive"|Gender="Masculine"|Number="Singular"|English="of him"
660120040051|σύρει|None|CL|Cat="verb"|Id="16"|morphId="660120040051"|Unicode="σύρει"|Lemma="σύρω"|Lang="G"|StrongNumber="G49510"|Morph="V,IPA3,,S,"|Mood="Indicative"|Tense="Present"|Voice="Active"|Person="Third"|Number="Singular"|English="swept away"
660120040061|τὸ|660120040071|det|Cat="det"|Id="19"|morphId="660120040061"|Unicode="τὸ"|Lemma="ὁ"|Lang="G"|StrongNumber="G35880"|Morph="EA,,,,ANS,"|Type="Article"|Case="Accusative"|Gender="Neuter"|Number="Singular"|English="the"
660120040071|τρίτον|660120040051|O|Cat="noun"|Id="22"|morphId="660120040071"|Unicode="τρίτον"|Lemma="τρίτος"|Lang="G"|StrongNumber="G51540"|Morph="NS,,,,ANS,"|Type="Substantive_Adj"|Case="Accusative"|Gender="Neuter"|Number="Singular"|English="a third"
660120040081|τῶν|660120040091|det|Cat="det"|Id="24"|morphId="660120040081"|Unicode="τῶν"|Lemma="ὁ"|Lang="G"|StrongNumber="G35880"|Morph="EA,,,,GMP,"|Type="Article"|Case="Genitive"|Gender="Masculine"|Number="Plural"|English="the"
660120040091|ἀστέρων|660120040071|np|Cat="noun"|Id="27"|morphId="660120040091"|Unicode="ἀστέρων"|Lemma="ἀστήρ"|Lang="G"|StrongNumber="G07920"|Morph="N,,,,,GMP,"|Case="Genitive"|Gender="Masculine"|Number="Plural"|English="of ~ stars"
660120040101|τοῦ|660120040111|det|Cat="det"|Id="29"|morphId="660120040101"|Unicode="τοῦ"|Lemma="ὁ"|Lang="G"|StrongNumber="G35880"|Morph="EA,,,,GMS,"|Type="Article"|Case="Genitive"|Gender="Masculine"|Number="Singular"|English="the"
660120040111|οὐρανοῦ,|660120040091|np|Cat="noun"|Id="31"|morphId="660120040111"|Unicode="οὐρανοῦ,"|Lemma="οὐρανός"|Lang="G"|StrongNumber="G37720"|Morph="N,,,,,GMS,"|Case="Genitive"|Gender="Masculine"|Number="Singular"|English="of heaven"
660120040121|καὶ|660120040051|conj|Cat="conj"|Id="32"|morphId="660120040121"|Unicode="καὶ"|Lemma="καί"|Lang="G"|StrongNumber="G25320"|Morph="CC,,,,,,,,"|Type="Coordinating"|English="and"
660120040131|ἔβαλεν|660120040051|CL|Cat="verb"|Id="36"|morphId="660120040131"|Unicode="ἔβαλεν"|Lemma="βάλλω"|Lang="G"|StrongNumber="G09060"|Morph="V,IAA3,,S,"|Mood="Indicative"|Tense="Aorist"|Voice="Active"|Person="Third"|Number="Singular"|English="threw"
660120040141|αὐτοὺς|660120040131|O|Cat="pron"|Id="39"|morphId="660120040141"|Unicode="αὐτοὺς"|Lemma="αὐτός"|Lang="G"|StrongNumber="G08460"|Morph="RP,,,3AMP,"|Type="Personal"|Person="Third"|Case="Accusative"|Gender="Masculine"|Number="Plural"|English="them"
660120040151|εἰς|660120040171|prep|Cat="prep"|Id="42"|morphId="660120040151"|Unicode="εἰς"|Lemma="εἰς"|Lang="G"|StrongNumber="G15190"|Morph="P,,,,,A,,,"|Case="Accusative"|English="to"
660120040161|τὴν|660120040171|det|Cat="det"|Id="44"|morphId="660120040161"|Unicode="τὴν"|Lemma="ὁ"|Lang="G"|StrongNumber="G35880"|Morph="EA,,,,AFS,"|Type="Article"|Case="Accusative"|Gender="Feminine"|Number="Singular"|English="the"
660120040171|γῆν.|660120040131|ADV|Cat="noun"|Id="46"|morphId="660120040171"|Unicode="γῆν."|Lemma="γῆ"|Lang="G"|StrongNumber="G10930"|Morph="N,,,,,AFS,"|Case="Accusative"|Gender="Feminine"|Number="Singular"|English="earth"
660120040181|καὶ|660120040211|conj|Cat="conj"|Id="48"|morphId="660120040181"|Unicode="καὶ"|Lemma="καί"|Lang="G"|StrongNumber="G25320"|Morph="CC,,,,,,,,"|Type="Coordinating"|English="and"
660120040191|ὁ|660120040201|det|Cat="det"|Id="53"|morphId="660120040191"|Unicode="ὁ"|Lemma="ὁ"|Lang="G"|StrongNumber="G35880"|Morph="EA,,,,NMS,"|Type="Article"|Case="Nominative"|Gender="Masculine"|Number="Singular"|English="the"
660120040201|δράκων|660120040211|S|Cat="noun"|Id="55"|morphId="660120040201"|Unicode="δράκων"|Lemma="δράκων"|Lang="G"|StrongNumber="G14040"|Morph="N,,,,,NMS,"|Case="Nominative"|Gender="Masculine"|Number="Singular"|English="dragon"
660120040211|ἕστηκεν|660120040051|CL|Cat="verb"|Id="58"|morphId="660120040211"|Unicode="ἕστηκεν"|Lemma="ἵστημι"|Lang="G"|StrongNumber="G24760"|Morph="V,IIA3,,S,"|Mood="Indicative"|Tense="Imperfect"|Voice="Active"|Person="Third"|Number="Singular"|English="stood"
660120040221|ἐνώπιον|660120040241|prep|Cat="prep"|Id="61"|morphId="660120040221"|Unicode="ἐνώπιον"|Lemma="ἐνώπιον"|Lang="G"|StrongNumber="G17990"|Morph="PI,,,,G,,,"|Type="Improper"|Case="Genitive"|English="before"
660120040231|τῆς|660120040241|det|Cat="det"|Id="64"|morphId="660120040231"|Unicode="τῆς"|Lemma="ὁ"|Lang="G"|StrongNumber="G35880"|Morph="EA,,,,GFS,"|Type="Article"|Case="Genitive"|Gender="Feminine"|Number="Singular"|English="the"
660120040241|γυναικὸς|660120040211|ADV|Cat="noun"|Id="66"|morphId="660120040241"|Unicode="γυναικὸς"|Lemma="γυνή"|Lang="G"|StrongNumber="G11350"|Morph="N,,,,,GFS,"|Case="Genitive"|Gender="Feminine"|Number="Singular"|English="woman"
660120040251|τῆς|660120040261|det|Cat="pron"|Id="69"|morphId="660120040251"|Unicode="τῆς"|Lemma="ὁ"|Lang="G"|StrongNumber="G35880"|Morph="RD,,,,GFS,"|Type="Demonstrative"|Case="Genitive"|Gender="Feminine"|Number="Singular"
660120040261|μελλούσης|660120040241|np|Cat="verb"|Id="73"|morphId="660120040261"|Unicode="μελλούσης"|Lemma="μέλλω"|Lang="G"|StrongNumber="G31950"|Morph="V,PPA,GFS,"|Mood="Participle"|Tense="Present"|Voice="Active"|Case="Genitive"|Gender="Feminine"|Number="Singular"|English="who was about to"
660120040271|τεκεῖν,|660120040261|O|Cat="verb"|Id="78"|morphId="660120040271"|Unicode="τεκεῖν,"|Lemma="τίκτω"|Lang="G"|StrongNumber="G50880"|Morph="V,NAA,,,,,"|Mood="Infinitive"|Tense="Aorist"|Voice="Active"|English="give birth"
660120040281|ἵνα|660120040341|conj|Cat="conj"|Id="80"|morphId="660120040281"|Unicode="ἵνα"|Lemma="ἵνα"|Lang="G"|StrongNumber="G24430"|Morph="CS,,,,,,,,"|Type="Subordinating"|English="so that"
660120040291|ὅταν|660120040301|conj|Cat="conj"|Id="83"|morphId="660120040291"|Unicode="ὅταν"|Lemma="ὅταν"|Lang="G"|StrongNumber="G37520"|Morph="CS,,,,,,,,"|Type="Subordinating"|English="when"
660120040301|τέκῃ,|660120040341|CL|Cat="verb"|Id="87"|morphId="660120040301"|Unicode="τέκῃ,"|Lemma="τίκτω"|Lang="G"|StrongNumber="G50880"|Morph="V,SAA3,,S,"|Mood="Subjunctive"|Tense="Aorist"|Voice="Active"|Person="Third"|Number="Singular"|English="it was born"
660120040311|τὸ|660120040321|det|Cat="det"|Id="90"|morphId="660120040311"|Unicode="τὸ"|Lemma="ὁ"|Lang="G"|StrongNumber="G35880"|Morph="EA,,,,ANS,"|Type="Article"|Case="Accusative"|Gender="Neuter"|Number="Singular"|English="the"
660120040321|τέκνον|660120040301|O|Cat="noun"|Id="93"|morphId="660120040321"|Unicode="τέκνον"|Lemma="τέκνον"|Lang="G"|StrongNumber="G50430"|Morph="N,,,,,ANS,"|Case="Accusative"|Gender="Neuter"|Number="Singular"|English="child"
660120040331|αὐτῆς|660120040321|np|Cat="pron"|Id="95"|morphId="660120040331"|Unicode="αὐτῆς"|Lemma="αὐτός"|Lang="G"|StrongNumber="G08460"|Morph="RP,,,3GFS,"|Type="Personal"|Person="Third"|Case="Genitive"|Gender="Feminine"|Number="Singular"|English="of her"
660120040341|καταφάγῃ.|660120040211|CL|Cat="verb"|Id="99"|morphId="660120040341"|Unicode="καταφάγῃ."|Lemma="κατεσθίω"|Lang="G"|StrongNumber="G27190"|Morph="V,SAA3,,S,"|Mood="Subjunctive"|Tense="Aorist"|Voice="Active"|Person="Third"|Number="Singular"|English="he might devour"
660120050011|καὶ|660120050021|conj|Cat="conj"|Id="3"|morphId="660120050011"|Unicode="καὶ"|Lemma="καί"|Lang="G"|StrongNumber="G25320"|Morph="CC,,,,,,,,"|Type="Coordinating"|English="and"
660120050021|ἔτεκεν|None|CL|Cat="verb"|Id="7"|morphId="660120050021"|Unicode="ἔτεκεν"|Lemma="τίκτω"|Lang="G"|StrongNumber="G50880"|Morph="V,IAA3,,S,"|Mood="Indicative"|Tense="Aorist"|Voice="Active"|Person="Third"|Number="Singular"|English="she gave birth"
660120050031|υἱόν|660120050021|O|Cat="noun"|Id="12"|morphId="660120050031"|Unicode="υἱόν"|Lemma="υἱός"|Lang="G"|StrongNumber="G52070"|Morph="N,,,,,AMS,"|Case="Accusative"|Gender="Masculine"|Number="Singular"|English="a son"
660120050041|ἄρρενα,|660120050031|adjp|Cat="adj"|Id="14"|morphId="660120050041"|Unicode="ἄρρενα,"|Lemma="ἄρρην"|Lang="G"|StrongNumber="G07300"|Morph="AA,,,,AMS,"|Type="Ascriptive"|Case="Accusative"|Gender="Masculine"|Number="Singular"|English="a male"
660120050051|ὃς|660120050061|S|Cat="pron"|Id="18"|morphId="660120050051"|Unicode="ὃς"|Lemma="ὅς"|Lang="G"|StrongNumber="G37390"|Morph="RR,,,,NMS,"|Type="Relative"|Case="Nominative"|Gender="Masculine"|Number="Singular"|English="who"
660120050061|μέλλει|660120050031|CL|Cat="verb"|Id="21"|morphId="660120050061"|Unicode="μέλλει"|Lemma="μέλλω"|Lang="G"|StrongNumber="G31950"|Morph="V,IPA3,,S,"|Mood="Indicative"|Tense="Present"|Voice="Active"|Person="Third"|Number="Singular"|English="is to"
660120050071|ποιμαίνειν|660120050061|O|Cat="verb"|Id="26"|morphId="660120050071"|Unicode="ποιμαίνειν"|Lemma="ποιμαίνω"|Lang="G"|StrongNumber="G41650"|Morph="V,NPA,,,,,"|Mood="Infinitive"|Tense="Present"|Voice="Active"|English="rule"
660120050081|πάντα|660120050101|adjp|Cat="det"|Id="31"|morphId="660120050081"|Unicode="πάντα"|Lemma="πᾶς"|Lang="G"|StrongNumber="G39560"|Morph="EQ,,,,ANP,"|Type="Quantifier"|Case="Accusative"|Gender="Neuter"|Number="Plural"|English="all"
660120050091|τὰ|660120050101|det|Cat="det"|Id="33"|morphId="660120050091"|Unicode="τὰ"|Lemma="ὁ"|Lang="G"|StrongNumber="G35880"|Morph="EA,,,,ANP,"|Type="Article"|Case="Accusative"|Gender="Neuter"|Number="Plural"|English="the"
660120050101|ἔθνη|660120050071|O|Cat="noun"|Id="35"|morphId="660120050101"|Unicode="ἔθνη"|Lemma="ἔθνος"|Lang="G"|StrongNumber="G14840"|Morph="N,,,,,ANP,"|Case="Accusative"|Gender="Neuter"|Number="Plural"|English="nations"
660120050111|ἐν|660120050121|prep|Cat="prep"|Id="38"|morphId="660120050111"|Unicode="ἐν"|Lemma="ἐν"|Lang="G"|StrongNumber="G17220"|Morph="P,,,,,D,,,"|Case="Dative"|English="with"
660120050121|ῥάβδῳ|660120050071|ADV|Cat="noun"|Id="41"|morphId="660120050121"|Unicode="ῥάβδῳ"|Lemma="ῥάβδος"|Lang="G"|StrongNumber="G44640"|Morph="N,,,,,DFS,"|Case="Dative"|Gender="Feminine"|Number="Singular"|English="a rod"
660120050131|σιδηρᾷ;|660120050121|adjp|Cat="adj"|Id="43"|morphId="660120050131"|Unicode="σιδηρᾷ;"|Lemma="σιδηροῦς"|Lang="G"|StrongNumber="G46030"|Morph="AA,,,,DFS,"|Type="Ascriptive"|Case="Dative"|Gender="Feminine"|Number="Singular"|English="iron"
660120050141|καὶ|660120050151|conj|Cat="conj"|Id="45"|morphId="660120050141"|Unicode="καὶ"|Lemma="καί"|Lang="G"|StrongNumber="G25320"|Morph="CC,,,,,,,,"|Type="Coordinating"|English="and"
660120050151|ἡρπάσθη|660120050021|CL|Cat="verb"|Id="49"|morphId="660120050151"|Unicode="ἡρπάσθη"|Lemma="ἁρπάζω"|Lang="G"|StrongNumber="G07260"|Morph="V,IAP3,,S,"|Mood="Indicative"|Tense="Aorist"|Voice="Passive"|Person="Third"|Number="Singular"|English="was caught up"
660120050161|τὸ|660120050171|det|Cat="det"|Id="52"|morphId="660120050161"|Unicode="τὸ"|Lemma="ὁ"|Lang="G"|StrongNumber="G35880"|Morph="EA,,,,NNS,"|Type="Article"|Case="Nominative"|Gender="Neuter"|Number="Singular"|English="the"
660120050171|τέκνον|660120050151|S|Cat="noun"|Id="55"|morphId="660120050171"|Unicode="τέκνον"|Lemma="τέκνον"|Lang="G"|StrongNumber="G50430"|Morph="N,,,,,NNS,"|Case="Nominative"|Gender="Neuter"|Number="Singular"|English="child"
660120050181|αὐτῆς|660120050171|np|Cat="pron"|Id="57"|morphId="660120050181"|Unicode="αὐτῆς"|Lemma="αὐτός"|Lang="G"|StrongNumber="G08460"|Morph="RP,,,3GFS,"|Type="Personal"|Person="Third"|Case="Genitive"|Gender="Feminine"|Number="Singular"|English="of her"
660120050191|πρὸς|660120050211|prep|Cat="prep"|Id="61"|morphId="660120050191"|Unicode="πρὸς"|Lemma="πρός"|Lang="G"|StrongNumber="G43140"|Morph="P,,,,,A,,,"|Case="Accusative"|English="to"
660120050201|τὸν|660120050211|det|Cat="det"|Id="63"|morphId="660120050201"|Unicode="τὸν"|Lemma="ὁ"|Lang="G"|StrongNumber="G35880"|Morph="EA,,,,AMS,"|Type="Article"|Case="Accusative"|Gender="Masculine"|Number="Singular"
660120050211|Θεὸν,|660120050151|ADV|Cat="noun"|Id="65"|morphId="660120050211"|Unicode="Θεὸν,"|Lemma="θεός"|Lang="G"|StrongNumber="G23160"|Morph="N,,,,,AMS,"|Case="Accusative"|Gender="Masculine"|Number="Singular"|English="God"
660120050221|καὶ|660120050211|conj|Cat="conj"|Id="66"|morphId="660120050221"|Unicode="καὶ"|Lemma="καί"|Lang="G"|StrongNumber="G25320"|Morph="CC,,,,,,,,"|Type="Coordinating"|English="and"
660120050231|πρὸς|660120050251|prep|Cat="prep"|Id="68"|morphId="660120050231"|Unicode="πρὸς"|Lemma="πρός"|Lang="G"|StrongNumber="G43140"|Morph="P,,,,,A,,,"|Case="Accusative"|English="to"
660120050241|τὸν|660120050251|det|Cat="det"|Id="70"|morphId="660120050241"|Unicode="τὸν"|Lemma="ὁ"|Lang="G"|StrongNumber="G35880"|Morph="EA,,,,AMS,"|Type="Article"|Case="Accusative"|Gender="Masculine"|Number="Singular"|English="the"
660120050251|θρόνον|660120050211|pp|Cat="noun"|Id="73"|morphId="660120050251"|Unicode="θρόνον"|Lemma="θρόνος"|Lang="G"|StrongNumber="G23620"|Morph="N,,,,,AMS,"|Case="Accusative"|Gender="Masculine"|Number="Singular"|English="throne"
660120050261|αὐτοῦ.|660120050251|np|Cat="pron"|Id="75"|morphId="660120050261"|Unicode="αὐτοῦ."|Lemma="αὐτός"|Lang="G"|StrongNumber="G08460"|Morph="RP,,,3GMS,"|Type="Personal"|Person="Third"|Case="Genitive"|Gender="Masculine"|Number="Singular"|English="of Him"
660120060011|καὶ|660120060041|conj|Cat="conj"|Id="3"|morphId="660120060011"|Unicode="καὶ"|Lemma="καί"|Lang="G"|StrongNumber="G25320"|Morph="CC,,,,,,,,"|Type="Coordinating"|English="and"
660120060021|ἡ|660120060031|det|Cat="det"|Id="8"|morphId="660120060021"|Unicode="ἡ"|Lemma="ὁ"|Lang="G"|StrongNumber="G35880"|Morph="EA,,,,NFS,"|Type="Article"|Case="Nominative"|Gender="Feminine"|Number="Singular"|English="the"
660120060031|γυνὴ|660120060041|S|Cat="noun"|Id="10"|morphId="660120060031"|Unicode="γυνὴ"|Lemma="γυνή"|Lang="G"|StrongNumber="G11350"|Morph="N,,,,,NFS,"|Case="Nominative"|Gender="Feminine"|Number="Singular"|English="woman"
660120060041|ἔφυγεν|None|CL|Cat="verb"|Id="13"|morphId="660120060041"|Unicode="ἔφυγεν"|Lemma="φεύγω"|Lang="G"|StrongNumber="G53430"|Morph="V,IAA3,,S,"|Mood="Indicative"|Tense="Aorist"|Voice="Active"|Person="Third"|Number="Singular"|English="fled"
660120060051|εἰς|660120060071|prep|Cat="prep"|Id="16"|morphId="660120060051"|Unicode="εἰς"|Lemma="εἰς"|Lang="G"|StrongNumber="G15190"|Morph="P,,,,,A,,,"|Case="Accusative"|English="into"
660120060061|τὴν|660120060071|det|Cat="det"|Id="19"|morphId="660120060061"|Unicode="τὴν"|Lemma="ὁ"|Lang="G"|StrongNumber="G35880"|Morph="EA,,,,AFS,"|Type="Article"|Case="Accusative"|Gender="Feminine"|Number="Singular"|English="the"
660120060071|ἔρημον,|660120060041|ADV|Cat="noun"|Id="21"|morphId="660120060071"|Unicode="ἔρημον,"|Lemma="ἔρημος"|Lang="G"|StrongNumber="G20480"|Morph="NS,,,,AFS,"|Type="Substantive_Adj"|Case="Accusative"|Gender="Feminine"|Number="Singular"|English="wilderness"
660120060081|ὅπου|660120060091|ADV|Cat="adv"|Id="25"|morphId="660120060081"|Unicode="ὅπου"|Lemma="ὅπου"|Lang="G"|StrongNumber="G36990"|Morph="D,,,,,,,,,"|English="where"
660120060091|ἔχει|660120060071|CL|Cat="verb"|Id="28"|morphId="660120060091"|Unicode="ἔχει"|Lemma="ἔχω"|Lang="G"|StrongNumber="G21920"|Morph="V,IPA3,,S,"|Mood="Indicative"|Tense="Present"|Voice="Active"|Person="Third"|Number="Singular"|English="she had"
660120060101|ἐκεῖ|660120060091|ADV|Cat="adv"|Id="31"|morphId="660120060101"|Unicode="ἐκεῖ"|Lemma="ἐκεῖ"|Lang="G"|StrongNumber="G15630"|Morph="D,,,,,,,,,"|English="there"
660120060111|τόπον|660120060091|O|Cat="noun"|Id="35"|morphId="660120060111"|Unicode="τόπον"|Lemma="τόπος"|Lang="G"|StrongNumber="G51170"|Morph="N,,,,,AMS,"|Case="Accusative"|Gender="Masculine"|Number="Singular"|English="a place"
660120060121|ἡτοιμασμένον|660120060111|adjp|Cat="verb"|Id="40"|morphId="660120060121"|Unicode="ἡτοιμασμένον"|Lemma="ἑτοιμάζω"|Lang="G"|StrongNumber="G20900"|Morph="V,PEP,AMS,"|Mood="Participle"|Tense="Perfect"|Voice="Passive"|Case="Accusative"|Gender="Masculine"|Number="Singular"|English="prepared"
660120060131|ἀπὸ|660120060151|prep|Cat="prep"|Id="43"|morphId="660120060131"|Unicode="ἀπὸ"|Lemma="ἀπό"|Lang="G"|StrongNumber="G05750"|Morph="P,,,,,G,,,"|Case="Genitive"|English="by"
660120060141|τοῦ|660120060151|det|Cat="det"|Id="45"|morphId="660120060141"|Unicode="τοῦ"|Lemma="ὁ"|Lang="G"|StrongNumber="G35880"|Morph="EA,,,,GMS,"|Type="Article"|Case="Genitive"|Gender="Masculine"|Number="Singular"
660120060151|Θεοῦ,|660120060121|ADV|Cat="noun"|Id="47"|morphId="660120060151"|Unicode="Θεοῦ,"|Lemma="θεός"|Lang="G"|StrongNumber="G23160"|Morph="N,,,,,GMS,"|Case="Genitive"|Gender="Masculine"|Number="Singular"|English="God"
660120060161|ἵνα|660120060181|conj|Cat="conj"|Id="49"|morphId="660120060161"|Unicode="ἵνα"|Lemma="ἵνα"|Lang="G"|StrongNumber="G24430"|Morph="CS,,,,,,,,"|Type="Subordinating"|English="so that"
660120060171|ἐκεῖ|660120060181|ADV|Cat="adv"|Id="53"|morphId="660120060171"|Unicode="ἐκεῖ"|Lemma="ἐκεῖ"|Lang="G"|StrongNumber="G15630"|Morph="D,,,,,,,,,"|English="there"
660120060181|τρέφωσιν|660120060041|CL|Cat="verb"|Id="56"|morphId="660120060181"|Unicode="τρέφωσιν"|Lemma="τρέφω"|Lang="G"|StrongNumber="G51420"|Morph="V,SPA3,,P,"|Mood="Subjunctive"|Tense="Present"|Voice="Active"|Person="Third"|Number="Plural"|English="can be nourished"
660120060191|αὐτὴν|660120060181|O|Cat="pron"|Id="59"|morphId="660120060191"|Unicode="αὐτὴν"|Lemma="αὐτός"|Lang="G"|StrongNumber="G08460"|Morph="RP,,,3AFS,"|Type="Personal"|Person="Third"|Case="Accusative"|Gender="Feminine"|Number="Singular"|English="her"
660120060201|ἡμέρας|660120060181|ADV|Cat="noun"|Id="63"|morphId="660120060201"|Unicode="ἡμέρας"|Lemma="ἡμέρα"|Lang="G"|StrongNumber="G22500"|Morph="N,,,,,AFP,"|Case="Accusative"|Gender="Feminine"|Number="Plural"|English="for ~ days"
660120060211|χιλίας|660120060201|nump|Cat="det"|Id="67"|morphId="660120060211"|Unicode="χιλίας"|Lemma="χίλιοι"|Lang="G"|StrongNumber="G55070"|Morph="EN,,,,AFP,"|Type="Number"|Case="Accusative"|Gender="Feminine"|Number="Plural"|English="one thousand"
660120060221|διακοσίας|660120060211|nump|Cat="det"|Id="70"|morphId="660120060221"|Unicode="διακοσίας"|Lemma="διακόσιοι"|Lang="G"|StrongNumber="G12500"|Morph="EN,,,,AFP,"|Type="Number"|Case="Accusative"|Gender="Feminine"|Number="Plural"|English="two hundred"
660120060231|ἑξήκοντα.|660120060211|nump|Cat="det"|Id="73"|morphId="660120060231"|Unicode="ἑξήκοντα."|Lemma="ἑξήκοντα"|Lang="G"|StrongNumber="G18350"|Morph="EN,,,,AFP,"|Type="Number"|Case="Accusative"|Gender="Feminine"|Number="Plural"|English="sixty"
660120070011|καὶ|660120070021|conj|Cat="conj"|Id="3"|morphId="660120070011"|Unicode="καὶ"|Lemma="καί"|Lang="G"|StrongNumber="G25320"|Morph="CC,,,,,,,,"|Type="Coordinating"|English="and"
660120070021|ἐγένετο|None|CL|Cat="verb"|Id="8"|morphId="660120070021"|Unicode="ἐγένετο"|Lemma="γίνομαι"|Lang="G"|StrongNumber="G10960"|Morph="V,IAM3,,S,"|Mood="Indicative"|Tense="Aorist"|Voice="Middle"|Person="Third"|Number="Singular"|English="there was"
660120070031|πόλεμος|660120070021|S|Cat="noun"|Id="11"|morphId="660120070031"|Unicode="πόλεμος"|Lemma="πόλεμος"|Lang="G"|StrongNumber="G41710"|Morph="N,,,,,NMS,"|Case="Nominative"|Gender="Masculine"|Number="Singular"|English="war"
660120070041|ἐν|660120070061|prep|Cat="prep"|Id="14"|morphId="660120070041"|Unicode="ἐν"|Lemma="ἐν"|Lang="G"|StrongNumber="G17220"|Morph="P,,,,,D,,,"|Case="Dative"|English="in"
660120070051|τῷ|660120070061|det|Cat="det"|Id="16"|morphId="660120070051"|Unicode="τῷ"|Lemma="ὁ"|Lang="G"|StrongNumber="G35880"|Morph="EA,,,,DMS,"|Type="Article"|Case="Dative"|Gender="Masculine"|Number="Singular"
660120070061|οὐρανῷ,|660120070021|ADV|Cat="noun"|Id="18"|morphId="660120070061"|Unicode="οὐρανῷ,"|Lemma="οὐρανός"|Lang="G"|StrongNumber="G37720"|Morph="N,,,,,DMS,"|Case="Dative"|Gender="Masculine"|Number="Singular"|English="heaven"
660120070071|ὁ|660120070081|det|Cat="det"|Id="23"|morphId="660120070071"|Unicode="ὁ"|Lemma="ὁ"|Lang="G"|StrongNumber="G35880"|Morph="EA,,,,NMS,"|Type="Article"|Case="Nominative"|Gender="Masculine"|Number="Singular"
660120070081|Μιχαὴλ|660120070021|CL|Cat="noun"|Id="25"|morphId="660120070081"|Unicode="Μιχαὴλ"|Lemma="Μιχαήλ"|Lang="G"|StrongNumber="G34130"|Morph="N,,,,,NMSI"|Case="Nominative"|Gender="Masculine"|Number="Singular"|English="Michael"
660120070091|καὶ|660120070081|conj|Cat="conj"|Id="26"|morphId="660120070091"|Unicode="καὶ"|Lemma="καί"|Lang="G"|StrongNumber="G25320"|Morph="CC,,,,,,,,"|Type="Coordinating"|English="and"
660120070101|οἱ|660120070111|det|Cat="det"|Id="28"|morphId="660120070101"|Unicode="οἱ"|Lemma="ὁ"|Lang="G"|StrongNumber="G35880"|Morph="EA,,,,NMP,"|Type="Article"|Case="Nominative"|Gender="Masculine"|Number="Plural"|English="the"
660120070111|ἄγγελοι|660120070081|np|Cat="noun"|Id="31"|morphId="660120070111"|Unicode="ἄγγελοι"|Lemma="ἄγγελος"|Lang="G"|StrongNumber="G00320"|Morph="N,,,,,NMP,"|Case="Nominative"|Gender="Masculine"|Number="Plural"|English="angels"
660120070121|αὐτοῦ|660120070111|np|Cat="pron"|Id="33"|morphId="660120070121"|Unicode="αὐτοῦ"|Lemma="αὐτός"|Lang="G"|StrongNumber="G08460"|Morph="RP,,,3GMS,"|Type="Personal"|Person="Third"|Case="Genitive"|Gender="Masculine"|Number="Singular"|English="of Him"
660120070131|τοῦ|660120070141|det|Cat="pron"|Id="37"|morphId="660120070131"|Unicode="τοῦ"|Lemma="ὁ"|Lang="G"|StrongNumber="G35880"|Morph="RD,,,,GNS,"|Type="Demonstrative"|Case="Genitive"|Gender="Neuter"|Number="Singular"
660120070141|πολεμῆσαι|660120070081|ADV|Cat="verb"|Id="41"|morphId="660120070141"|Unicode="πολεμῆσαι"|Lemma="πολεμέω"|Lang="G"|StrongNumber="G41700"|Morph="V,NAA,,,,,"|Mood="Infinitive"|Tense="Aorist"|Voice="Active"|English="fought"
660120070151|μετὰ|660120070171|prep|Cat="prep"|Id="44"|morphId="660120070151"|Unicode="μετὰ"|Lemma="μετά"|Lang="G"|StrongNumber="G33260"|Morph="P,,,,,G,,,"|Case="Genitive"|English="against"
660120070161|τοῦ|660120070171|det|Cat="det"|Id="46"|morphId="660120070161"|Unicode="τοῦ"|Lemma="ὁ"|Lang="G"|StrongNumber="G35880"|Morph="EA,,,,GMS,"|Type="Article"|Case="Genitive"|Gender="Masculine"|Number="Singular"|English="the"
660120070171|δράκοντος.|660120070141|ADV|Cat="noun"|Id="48"|morphId="660120070171"|Unicode="δράκοντος."|Lemma="δράκων"|Lang="G"|StrongNumber="G14040"|Morph="N,,,,,GMS,"|Case="Genitive"|Gender="Masculine"|Number="Singular"|English="dragon"
660120070181|καὶ|660120070211|conj|Cat="conj"|Id="50"|morphId="660120070181"|Unicode="καὶ"|Lemma="καί"|Lang="G"|StrongNumber="G25320"|Morph="CC,,,,,,,,"|Type="Coordinating"|English="and"
660120070211|ἐπολέμησεν|660120070021|CL|Cat="verb"|Id="54"|morphId="660120070211"|Unicode="ἐπολέμησεν"|Lemma="πολεμέω"|Lang="G"|StrongNumber="G41700"|Morph="V,IAA3,,S,"|Mood="Indicative"|Tense="Aorist"|Voice="Active"|Person="Third"|Number="Singular"|English="fought back"
660120070191|ὁ|660120070201|det|Cat="det"|Id="58"|morphId="660120070191"|Unicode="ὁ"|Lemma="ὁ"|Lang="G"|StrongNumber="G35880"|Morph="EA,,,,NMS,"|Type="Article"|Case="Nominative"|Gender="Masculine"|Number="Singular"|English="the"
660120070201|δράκων|660120070211|S|Cat="noun"|Id="60"|morphId="660120070201"|Unicode="δράκων"|Lemma="δράκων"|Lang="G"|StrongNumber="G14040"|Morph="N,,,,,NMS,"|Case="Nominative"|Gender="Masculine"|Number="Singular"|English="dragon"
660120070221|καὶ|660120070201|conj|Cat="conj"|Id="61"|morphId="660120070221"|Unicode="καὶ"|Lemma="καί"|Lang="G"|StrongNumber="G25320"|Morph="CC,,,,,,,,"|Type="Coordinating"|English="and"
660120070231|οἱ|660120070241|det|Cat="det"|Id="63"|morphId="660120070231"|Unicode="οἱ"|Lemma="ὁ"|Lang="G"|StrongNumber="G35880"|Morph="EA,,,,NMP,"|Type="Article"|Case="Nominative"|Gender="Masculine"|Number="Plural"|English="the"
660120070241|ἄγγελοι|660120070201|np|Cat="noun"|Id="66"|morphId="660120070241"|Unicode="ἄγγελοι"|Lemma="ἄγγελος"|Lang="G"|StrongNumber="G00320"|Morph="N,,,,,NMP,"|Case="Nominative"|Gender="Masculine"|Number="Plural"|English="angels"
660120070251|αὐτοῦ,|660120070241|np|Cat="pron"|Id="68"|morphId="660120070251"|Unicode="αὐτοῦ,"|Lemma="αὐτός"|Lang="G"|StrongNumber="G08460"|Morph="RP,,,3GMS,"|Type="Personal"|Person="Third"|Case="Genitive"|Gender="Masculine"|Number="Singular"|English="of him"
660120080011|καὶ|660120080031|conj|Cat="conj"|Id="3"|morphId="660120080011"|Unicode="καὶ"|Lemma="καί"|Lang="G"|StrongNumber="G25320"|Morph="CC,,,,,,,,"|Type="Coordinating"|English="but"
660120080021|οὐκ|660120080031|ADV|Cat="adv"|Id="8"|morphId="660120080021"|Unicode="οὐκ"|Lemma="οὐ"|Lang="G"|StrongNumber="G37560"|Morph="DO,,,,,,,,"|Type="Correlative"|English="not"
660120080031|ἴσχυσαν,|None|CL|Cat="verb"|Id="11"|morphId="660120080031"|Unicode="ἴσχυσαν,"|Lemma="ἰσχύω"|Lang="G"|StrongNumber="G24800"|Morph="V,IAA3,,P,"|Mood="Indicative"|Tense="Aorist"|Voice="Active"|Person="Third"|Number="Plural"|English="they did ~ prevail"
660120080041|οὐδὲ|660120080061|ADV|Cat="conj"|Id="16"|morphId="660120080041"|Unicode="οὐδὲ"|Lemma="οὐδέ"|Lang="G"|StrongNumber="G37610"|Morph="CO,,,,,,,,"|Type="Correlative"|English="nor"
660120080051|τόπος|660120080061|S|Cat="noun"|Id="20"|morphId="660120080051"|Unicode="τόπος"|Lemma="τόπος"|Lang="G"|StrongNumber="G51170"|Morph="N,,,,,NMS,"|Case="Nominative"|Gender="Masculine"|Number="Singular"|English="place"
660120080071|αὐτῶν|660120080051|np|Cat="pron"|Id="22"|morphId="660120080071"|Unicode="αὐτῶν"|Lemma="αὐτός"|Lang="G"|StrongNumber="G08460"|Morph="RP,,,3GMP,"|Type="Personal"|Person="Third"|Case="Genitive"|Gender="Masculine"|Number="Plural"|English="of them"
660120080061|εὑρέθη|660120080031|CL|Cat="verb"|Id="25"|morphId="660120080061"|Unicode="εὑρέθη"|Lemma="εὑρίσκω"|Lang="G"|StrongNumber="G21470"|Morph="V,IAP3,,S,"|Mood="Indicative"|Tense="Aorist"|Voice="Passive"|Person="Third"|Number="Singular"|English="was ~ found"
660120080081|ἔτι|660120080061|ADV|Cat="adv"|Id="28"|morphId="660120080081"|Unicode="ἔτι"|Lemma="ἔτι"|Lang="G"|StrongNumber="G20890"|Morph="D,,,,,,,,,"|English="any longer"
660120080091|ἐν|660120080111|prep|Cat="prep"|Id="31"|morphId="660120080091"|Unicode="ἐν"|Lemma="ἐν"|Lang="G"|StrongNumber="G17220"|Morph="P,,,,,D,,,"|Case="Dative"|English="in"
660120080101|τῷ|660120080111|det|Cat="det"|Id="33"|morphId="660120080101"|Unicode="τῷ"|Lemma="ὁ"|Lang="G"|StrongNumber="G35880"|Morph="EA,,,,DMS,"|Type="Article"|Case="Dative"|Gender="Masculine"|Number="Singular"
660120080111|οὐρανῷ.|660120080061|ADV|Cat="noun"|Id="35"|morphId="660120080111"|Unicode="οὐρανῷ."|Lemma="οὐρανός"|Lang="G"|StrongNumber="G37720"|Morph="N,,,,,DMS,"|Case="Dative"|Gender="Masculine"|Number="Singular"|English="heaven"
660120090011|καὶ|660120090021|conj|Cat="conj"|Id="3"|morphId="660120090011"|Unicode="καὶ"|Lemma="καί"|Lang="G"|StrongNumber="G25320"|Morph="CC,,,,,,,,"|Type="Coordinating"|English="and"
660120090021|ἐβλήθη|None|CL|Cat="verb"|Id="8"|morphId="660120090021"|Unicode="ἐβλήθη"|Lemma="βάλλω"|Lang="G"|StrongNumber="G09060"|Morph="V,IAP3,,S,"|Mood="Indicative"|Tense="Aorist"|Voice="Passive"|Person="Third"|Number="Singular"|English="was thrown down"
660120090031|ὁ|660120090041|det|Cat="det"|Id="14"|morphId="660120090031"|Unicode="ὁ"|Lemma="ὁ"|Lang="G"|StrongNumber="G35880"|Morph="EA,,,,NMS,"|Type="Article"|Case="Nominative"|Gender="Masculine"|Number="Singular"|English="the"
660120090041|δράκων|660120090021|S|Cat="noun"|Id="17"|morphId="660120090041"|Unicode="δράκων"|Lemma="δράκων"|Lang="G"|StrongNumber="G14040"|Morph="N,,,,,NMS,"|Case="Nominative"|Gender="Masculine"|Number="Singular"|English="dragon"
660120090051|ὁ|660120090061|det|Cat="det"|Id="19"|morphId="660120090051"|Unicode="ὁ"|Lemma="ὁ"|Lang="G"|StrongNumber="G35880"|Morph="EA,,,,NMS,"|Type="Article"|Case="Nominative"|Gender="Masculine"|Number="Singular"
660120090061|μέγας,|660120090041|np|Cat="adj"|Id="21"|morphId="660120090061"|Unicode="μέγας,"|Lemma="μέγας"|Lang="G"|StrongNumber="G31730"|Morph="AR,,,,NMS,"|Type="Restrictive"|Case="Nominative"|Gender="Masculine"|Number="Singular"|English="great"
660120090071|ὁ|660120090081|det|Cat="det"|Id="23"|morphId="660120090071"|Unicode="ὁ"|Lemma="ὁ"|Lang="G"|StrongNumber="G35880"|Morph="EA,,,,NMS,"|Type="Article"|Case="Nominative"|Gender="Masculine"|Number="Singular"|English="that"
660120090081|ὄφις|660120090041|np|Cat="noun"|Id="26"|morphId="660120090081"|Unicode="ὄφις"|Lemma="ὄφις"|Lang="G"|StrongNumber="G37890"|Morph="N,,,,,NMS,"|Case="Nominative"|Gender="Masculine"|Number="Singular"|English="serpent"
660120090091|ὁ|660120090101|det|Cat="det"|Id="28"|morphId="660120090091"|Unicode="ὁ"|Lemma="ὁ"|Lang="G"|StrongNumber="G35880"|Morph="EA,,,,NMS,"|Type="Article"|Case="Nominative"|Gender="Masculine"|Number="Singular"
660120090101|ἀρχαῖος,|660120090081|np|Cat="adj"|Id="30"|morphId="660120090101"|Unicode="ἀρχαῖος,"|Lemma="ἀρχαῖος"|Lang="G"|StrongNumber="G07440"|Morph="AR,,,,NMS,"|Type="Restrictive"|Case="Nominative"|Gender="Masculine"|Number="Singular"|English="ancient"
660120090111|ὁ|660120090131|det|Cat="pron"|Id="33"|morphId="660120090111"|Unicode="ὁ"|Lemma="ὁ"|Lang="G"|StrongNumber="G35880"|Morph="RR,,,,NMS,"|Type="Relative"|Case="Nominative"|Gender="Masculine"|Number="Singular"|English="the"
660120090121|καλούμενος,|660120090131|VC|Cat="verb"|Id="37"|morphId="660120090121"|Unicode="καλούμενος,"|Lemma="καλέω"|Lang="G"|StrongNumber="G25640"|Morph="V,PPP,NMS,"|Mood="Participle"|Tense="Present"|Voice="Passive"|Case="Nominative"|Gender="Masculine"|Number="Singular"|English="who is called"
660120090131|Διάβολος,|660120090041|np|Cat="noun"|Id="41"|morphId="660120090131"|Unicode="Διάβολος,"|Lemma="διάβολος"|Lang="G"|StrongNumber="G12280"|Morph="NS,,,,NMS,"|Type="Substantive_Adj"|Case="Nominative"|Gender="Masculine"|Number="Singular"|English="devil"
660120090141|καὶ|660120090131|conj|Cat="conj"|Id="42"|morphId="660120090141"|Unicode="καὶ"|Lemma="καί"|Lang="G"|StrongNumber="G25320"|Morph="CC,,,,,,,,"|Type="Coordinating"|English="and"
660120090151|ὁ|660120090161|det|Cat="det"|Id="44"|morphId="660120090151"|Unicode="ὁ"|Lemma="ὁ"|Lang="G"|StrongNumber="G35880"|Morph="EA,,,,NMS,"|Type="Article"|Case="Nominative"|Gender="Masculine"|Number="Singular"
660120090161|Σατανᾶς,|660120090131|np|Cat="noun"|Id="46"|morphId="660120090161"|Unicode="Σατανᾶς,"|Lemma="Σατανᾶς"|Lang="G"|StrongNumber="G45660"|Morph="N,,,,,NMS,"|Case="Nominative"|Gender="Masculine"|Number="Singular"|English="Satan"
660120090171|ὁ|660120090181|det|Cat="pron"|Id="49"|morphId="660120090171"|Unicode="ὁ"|Lemma="ὁ"|Lang="G"|StrongNumber="G35880"|Morph="RD,,,,NMS,"|Type="Demonstrative"|Case="Nominative"|Gender="Masculine"|Number="Singular"|English="the"
660120090181|πλανῶν|660120090041|np|Cat="verb"|Id="53"|morphId="660120090181"|Unicode="πλανῶν"|Lemma="πλανάω"|Lang="G"|StrongNumber="G41050"|Morph="V,PPA,NMS,"|Mood="Participle"|Tense="Present"|Voice="Active"|Case="Nominative"|Gender="Masculine"|Number="Singular"|English="who deceives"
660120090191|τὴν|660120090201|det|Cat="det"|Id="57"|morphId="660120090191"|Unicode="τὴν"|Lemma="ὁ"|Lang="G"|StrongNumber="G35880"|Morph="EA,,,,AFS,"|Type="Article"|Case="Accusative"|Gender="Feminine"|Number="Singular"|English="the"
660120090201|οἰκουμένην|660120090181|O|Cat="noun"|Id="59"|morphId="660120090201"|Unicode="οἰκουμένην"|Lemma="οἰκουμένη"|Lang="G"|StrongNumber="G36250"|Morph="N,,,,,AFS,"|Case="Accusative"|Gender="Feminine"|Number="Singular"|English="world"
660120090211|ὅλην;|660120090201|adjp|Cat="det"|Id="62"|morphId="660120090211"|Unicode="ὅλην;"|Lemma="ὅλος"|Lang="G"|StrongNumber="G36500"|Morph="EQ,,,,AFS,"|Type="Quantifier"|Case="Accusative"|Gender="Feminine"|Number="Singular"|English="whole"
660120090221|ἐβλήθη|660120090021|CL|Cat="verb"|Id="67"|morphId="660120090221"|Unicode="ἐβλήθη"|Lemma="βάλλω"|Lang="G"|StrongNumber="G09060"|Morph="V,IAP3,,S,"|Mood="Indicative"|Tense="Aorist"|Voice="Passive"|Person="Third"|Number="Singular"|English="he was thrown down"
660120090231|εἰς|660120090251|prep|Cat="prep"|Id="70"|morphId="660120090231"|Unicode="εἰς"|Lemma="εἰς"|Lang="G"|StrongNumber="G15190"|Morph="P,,,,,A,,,"|Case="Accusative"|English="to"
660120090241|τὴν|660120090251|det|Cat="det"|Id="72"|morphId="660120090241"|Unicode="τὴν"|Lemma="ὁ"|Lang="G"|StrongNumber="G35880"|Morph="EA,,,,AFS,"|Type="Article"|Case="Accusative"|Gender="Feminine"|Number="Singular"|English="the"
660120090251|γῆν,|660120090221|ADV|Cat="noun"|Id="74"|morphId="660120090251"|Unicode="γῆν,"|Lemma="γῆ"|Lang="G"|StrongNumber="G10930"|Morph="N,,,,,AFS,"|Case="Accusative"|Gender="Feminine"|Number="Singular"|English="earth"
660120090261|καὶ|660120090221|conj|Cat="conj"|Id="75"|morphId="660120090261"|Unicode="καὶ"|Lemma="καί"|Lang="G"|StrongNumber="G25320"|Morph="CC,,,,,,,,"|Type="Coordinating"|English="and"
660120090271|οἱ|660120090281|det|Cat="det"|Id="79"|morphId="660120090271"|Unicode="οἱ"|Lemma="ὁ"|Lang="G"|StrongNumber="G35880"|Morph="EA,,,,NMP,"|Type="Article"|Case="Nominative"|Gender="Masculine"|Number="Plural"|English="the"
660120090281|ἄγγελοι|660120090321|S|Cat="noun"|Id="82"|morphId="660120090281"|Unicode="ἄγγελοι"|Lemma="ἄγγελος"|Lang="G"|StrongNumber="G00320"|Morph="N,,,,,NMP,"|Case="Nominative"|Gender="Masculine"|Number="Plural"|English="angels"
660120090291|αὐτοῦ|660120090281|np|Cat="pron"|Id="84"|morphId="660120090291"|Unicode="αὐτοῦ"|Lemma="αὐτός"|Lang="G"|StrongNumber="G08460"|Morph="RP,,,3GMS,"|Type="Personal"|Person="Third"|Case="Genitive"|Gender="Masculine"|Number="Singular"|English="of him"
660120090301|μετ’|660120090311|prep|Cat="prep"|Id="87"|morphId="660120090301"|Unicode="μετ’"|Lemma="μετά"|Lang="G"|StrongNumber="G33260"|Morph="P,,,,,G,,,"|Case="Genitive"|English="with"
660120090311|αὐτοῦ|660120090321|ADV|Cat="pron"|Id="89"|morphId="660120090311"|Unicode="αὐτοῦ"|Lemma="αὐτός"|Lang="G"|StrongNumber="G08460"|Morph="RP,,,3GMS,"|Type="Personal"|Person="Third"|Case="Genitive"|Gender="Masculine"|Number="Singular"|English="him"
660120090321|ἐβλήθησαν.|660120090221|CL|Cat="verb"|Id="92"|morphId="660120090321"|Unicode="ἐβλήθησαν."|Lemma="βάλλω"|Lang="G"|StrongNumber="G09060"|Morph="V,IAP3,,P,"|Mood="Indicative"|Tense="Aorist"|Voice="Passive"|Person="Third"|Number="Plural"|English="were thrown down"
660120100011|καὶ|660120100021|conj|Cat="conj"|Id="3"|morphId="660120100011"|Unicode="καὶ"|Lemma="καί"|Lang="G"|StrongNumber="G25320"|Morph="CC,,,,,,,,"|Type="Coordinating"|English="then"
660120100021|ἤκουσα|None|CL|Cat="verb"|Id="7"|morphId="660120100021"|Unicode="ἤκουσα"|Lemma="ἀκούω"|Lang="G"|StrongNumber="G01910"|Morph="V,IAA1,,S,"|Mood="Indicative"|Tense="Aorist"|Voice="Active"|Person="First"|Number="Singular"|English="I heard"
660120100031|φωνὴν|660120100081|S|Cat="noun"|Id="14"|morphId="660120100031"|Unicode="φωνὴν"|Lemma="φωνή"|Lang="G"|StrongNumber="G54560"|Morph="N,,,,,AFS,"|Case="Accusative"|Gender="Feminine"|Number="Singular"|English="a ~ voice"
660120100041|μεγάλην|660120100031|adjp|Cat="adj"|Id="16"|morphId="660120100041"|Unicode="μεγάλην"|Lemma="μέγας"|Lang="G"|StrongNumber="G31730"|Morph="AA,,,,AFS,"|Type="Ascriptive"|Case="Accusative"|Gender="Feminine"|Number="Singular"|English="loud"
660120100051|ἐν|660120100071|prep|Cat="prep"|Id="19"|morphId="660120100051"|Unicode="ἐν"|Lemma="ἐν"|Lang="G"|StrongNumber="G17220"|Morph="P,,,,,D,,,"|Case="Dative"|English="in"
660120100061|τῷ|660120100071|det|Cat="det"|Id="21"|morphId="660120100061"|Unicode="τῷ"|Lemma="ὁ"|Lang="G"|StrongNumber="G35880"|Morph="EA,,,,DMS,"|Type="Article"|Case="Dative"|Gender="Masculine"|Number="Singular"
660120100071|οὐρανῷ|660120100081|ADV|Cat="noun"|Id="23"|morphId="660120100071"|Unicode="οὐρανῷ"|Lemma="οὐρανός"|Lang="G"|StrongNumber="G37720"|Morph="N,,,,,DMS,"|Case="Dative"|Gender="Masculine"|Number="Singular"|English="heaven"
660120100081|λέγουσαν,|660120100021|O|Cat="verb"|Id="26"|morphId="660120100081"|Unicode="λέγουσαν,"|Lemma="λέγω"|Lang="G"|StrongNumber="G30040"|Morph="V,PPA,AFS,"|Mood="Participle"|Tense="Present"|Voice="Active"|Case="Accusative"|Gender="Feminine"|Number="Singular"|English="saying"
660120100091|ἄρτι|660120100101|ADV|Cat="adv"|Id="31"|morphId="660120100091"|Unicode="ἄρτι"|Lemma="ἄρτι"|Lang="G"|StrongNumber="G07370"|Morph="D,,,,,,,,,"|English="now"
660120100101|ἐγένετο|660120100081|CL|Cat="verb"|Id="34"|morphId="660120100101"|Unicode="ἐγένετο"|Lemma="γίνομαι"|Lang="G"|StrongNumber="G10960"|Morph="V,IAM3,,S,"|Mood="Indicative"|Tense="Aorist"|Voice="Middle"|Person="Third"|Number="Singular"|English="have come"
660120100111|ἡ|660120100121|det|Cat="det"|Id="38"|morphId="660120100111"|Unicode="ἡ"|Lemma="ὁ"|Lang="G"|StrongNumber="G35880"|Morph="EA,,,,NFS,"|Type="Article"|Case="Nominative"|Gender="Feminine"|Number="Singular"|English="the"
660120100121|σωτηρία,|660120100101|S|Cat="noun"|Id="40"|morphId="660120100121"|Unicode="σωτηρία,"|Lemma="σωτηρία"|Lang="G"|StrongNumber="G49910"|Morph="N,,,,,NFS,"|Case="Nominative"|Gender="Feminine"|Number="Singular"|English="salvation"
660120100131|καὶ|660120100121|conj|Cat="conj"|Id="41"|morphId="660120100131"|Unicode="καὶ"|Lemma="καί"|Lang="G"|StrongNumber="G25320"|Morph="CC,,,,,,,,"|Type="Coordinating"|English="and"
660120100141|ἡ|660120100151|det|Cat="det"|Id="43"|morphId="660120100141"|Unicode="ἡ"|Lemma="ὁ"|Lang="G"|StrongNumber="G35880"|Morph="EA,,,,NFS,"|Type="Article"|Case="Nominative"|Gender="Feminine"|Number="Singular"|English="the"
660120100151|δύναμις,|660120100121|np|Cat="noun"|Id="45"|morphId="660120100151"|Unicode="δύναμις,"|Lemma="δύναμις"|Lang="G"|StrongNumber="G14110"|Morph="N,,,,,NFS,"|Case="Nominative"|Gender="Feminine"|Number="Singular"|English="power"
660120100161|καὶ|660120100121|conj|Cat="conj"|Id="46"|morphId="660120100161"|Unicode="καὶ"|Lemma="καί"|Lang="G"|StrongNumber="G25320"|Morph="CC,,,,,,,,"|Type="Coordinating"|English="and"
660120100171|ἡ|660120100181|det|Cat="det"|Id="48"|morphId="660120100171"|Unicode="ἡ"|Lemma="ὁ"|Lang="G"|StrongNumber="G35880"|Morph="EA,,,,NFS,"|Type="Article"|Case="Nominative"|Gender="Feminine"|Number="Singular"|English="the"
660120100181|Βασιλεία|660120100121|np|Cat="noun"|Id="51"|morphId="660120100181"|Unicode="Βασιλεία"|Lemma="βασιλεία"|Lang="G"|StrongNumber="G09320"|Morph="N,,,,,NFS,"|Case="Nominative"|Gender="Feminine"|Number="Singular"|English="kingdom"
660120100191|τοῦ|660120100201|det|Cat="det"|Id="53"|morphId="660120100191"|Unicode="τοῦ"|Lemma="ὁ"|Lang="G"|StrongNumber="G35880"|Morph="EA,,,,GMS,"|Type="Article"|Case="Genitive"|Gender="Masculine"|Number="Singular"|English="of the"
660120100201|Θεοῦ|660120100181|np|Cat="noun"|Id="56"|morphId="660120100201"|Unicode="Θεοῦ"|Lemma="θεός"|Lang="G"|StrongNumber="G23160"|Morph="N,,,,,GMS,"|Case="Genitive"|Gender="Masculine"|Number="Singular"|English="of ~ God"
660120100211|ἡμῶν,|660120100201|np|Cat="pron"|Id="58"|morphId="660120100211"|Unicode="ἡμῶν,"|Lemma="ἐγώ"|Lang="G"|StrongNumber="G14730"|Morph="RP,,,1G,P,"|Type="Personal"|Person="First"|Case="Genitive"|Number="Plural"|English="of us"
660120100221|καὶ|660120100121|conj|Cat="conj"|Id="59"|morphId="660120100221"|Unicode="καὶ"|Lemma="καί"|Lang="G"|StrongNumber="G25320"|Morph="CC,,,,,,,,"|Type="Coordinating"|English="and"
660120100231|ἡ|660120100241|det|Cat="det"|Id="61"|morphId="660120100231"|Unicode="ἡ"|Lemma="ὁ"|Lang="G"|StrongNumber="G35880"|Morph="EA,,,,NFS,"|Type="Article"|Case="Nominative"|Gender="Feminine"|Number="Singular"|English="the"
660120100241|ἐξουσία|660120100121|np|Cat="noun"|Id="64"|morphId="660120100241"|Unicode="ἐξουσία"|Lemma="ἐξουσία"|Lang="G"|StrongNumber="G18490"|Morph="N,,,,,NFS,"|Case="Nominative"|Gender="Feminine"|Number="Singular"|English="authority"
660120100251|τοῦ|660120100261|det|Cat="det"|Id="66"|morphId="660120100251"|Unicode="τοῦ"|Lemma="ὁ"|Lang="G"|StrongNumber="G35880"|Morph="EA,,,,GMS,"|Type="Article"|Case="Genitive"|Gender="Masculine"|Number="Singular"|English="of the"
660120100261|Χριστοῦ|660120100241|np|Cat="noun"|Id="69"|morphId="660120100261"|Unicode="Χριστοῦ"|Lemma="χριστός"|Lang="G"|StrongNumber="G55470"|Morph="N,,,,,GMS,"|Case="Genitive"|Gender="Masculine"|Number="Singular"|English="of ~ Christ"
660120100271|αὐτοῦ,|660120100261|np|Cat="pron"|Id="71"|morphId="660120100271"|Unicode="αὐτοῦ,"|Lemma="αὐτός"|Lang="G"|StrongNumber="G08460"|Morph="RP,,,3GMS,"|Type="Personal"|Person="Third"|Case="Genitive"|Gender="Masculine"|Number="Singular"|English="of Him"
660120100281|ὅτι|660120100291|conj|Cat="conj"|Id="73"|morphId="660120100281"|Unicode="ὅτι"|Lemma="ὅτι"|Lang="G"|StrongNumber="G37540"|Morph="CS,,,,,,,,"|Type="Subordinating"|English="for"
660120100291|ἐβλήθη|660120100101|CL|Cat="verb"|Id="77"|morphId="660120100291"|Unicode="ἐβλήθη"|Lemma="βάλλω"|Lang="G"|StrongNumber="G09060"|Morph="V,IAP3,,S,"|Mood="Indicative"|Tense="Aorist"|Voice="Passive"|Person="Third"|Number="Singular"|English="has been thrown down"
660120100301|ὁ|660120100311|det|Cat="det"|Id="81"|morphId="660120100301"|Unicode="ὁ"|Lemma="ὁ"|Lang="G"|StrongNumber="G35880"|Morph="EA,,,,NMS,"|Type="Article"|Case="Nominative"|Gender="Masculine"|Number="Singular"|English="the"
660120100311|κατήγορος|660120100291|S|Cat="noun"|Id="84"|morphId="660120100311"|Unicode="κατήγορος"|Lemma="κατήγορος"|Lang="G"|StrongNumber="G27250"|Morph="N,,,,,NMS,"|Case="Nominative"|Gender="Masculine"|Number="Singular"|English="accuser"
660120100321|τῶν|660120100331|det|Cat="det"|Id="86"|morphId="660120100321"|Unicode="τῶν"|Lemma="ὁ"|Lang="G"|StrongNumber="G35880"|Morph="EA,,,,GMP,"|Type="Article"|Case="Genitive"|Gender="Masculine"|Number="Plural"|English="of the"
660120100331|ἀδελφῶν|660120100311|np|Cat="noun"|Id="89"|morphId="660120100331"|Unicode="ἀδελφῶν"|Lemma="ἀδελφός"|Lang="G"|StrongNumber="G00800"|Morph="N,,,,,GMP,"|Case="Genitive"|Gender="Masculine"|Number="Plural"|English="of ~ brothers"
660120100341|ἡμῶν,|660120100331|np|Cat="pron"|Id="91"|morphId="660120100341"|Unicode="ἡμῶν,"|Lemma="ἐγώ"|Lang="G"|StrongNumber="G14730"|Morph="RP,,,1G,P,"|Type="Personal"|Person="First"|Case="Genitive"|Number="Plural"|English="of us"
660120100351|ὁ|660120100361|det|Cat="pron"|Id="94"|morphId="660120100351"|Unicode="ὁ"|Lemma="ὁ"|Lang="G"|StrongNumber="G35880"|Morph="RD,,,,NMS,"|Type="Demonstrative"|Case="Nominative"|Gender="Masculine"|Number="Singular"|English="the one"
660120100361|κατηγορῶν|660120100311|np|Cat="verb"|Id="98"|morphId="660120100361"|Unicode="κατηγορῶν"|Lemma="κατηγορέω"|Lang="G"|StrongNumber="G27230"|Morph="V,PPA,NMS,"|Mood="Participle"|Tense="Present"|Voice="Active"|Case="Nominative"|Gender="Masculine"|Number="Singular"|English="who accuses"
660120100371|αὐτοὺς|660120100361|O|Cat="pron"|Id="101"|morphId="660120100371"|Unicode="αὐτοὺς"|Lemma="αὐτός"|Lang="G"|StrongNumber="G08460"|Morph="RP,,,3AMP,"|Type="Personal"|Person="Third"|Case="Accusative"|Gender="Masculine"|Number="Plural"|English="them"
660120100381|ἐνώπιον|660120100401|prep|Cat="prep"|Id="104"|morphId="660120100381"|Unicode="ἐνώπιον"|Lemma="ἐνώπιον"|Lang="G"|StrongNumber="G17990"|Morph="PI,,,,G,,,"|Type="Improper"|Case="Genitive"|English="before"
660120100391|τοῦ|660120100401|det|Cat="det"|Id="106"|morphId="660120100391"|Unicode="τοῦ"|Lemma="ὁ"|Lang="G"|StrongNumber="G35880"|Morph="EA,,,,GMS,"|Type="Article"|Case="Genitive"|Gender="Masculine"|Number="Singular"|English="the"
660120100401|Θεοῦ|660120100361|ADV|Cat="noun"|Id="109"|morphId="660120100401"|Unicode="Θεοῦ"|Lemma="θεός"|Lang="G"|StrongNumber="G23160"|Morph="N,,,,,GMS,"|Case="Genitive"|Gender="Masculine"|Number="Singular"|English="God"
660120100411|ἡμῶν,|660120100401|np|Cat="pron"|Id="111"|morphId="660120100411"|Unicode="ἡμῶν,"|Lemma="ἐγώ"|Lang="G"|StrongNumber="G14730"|Morph="RP,,,1G,P,"|Type="Personal"|Person="First"|Case="Genitive"|Number="Plural"|English="of us"
660120100421|ἡμέρας|660120100361|ADV|Cat="noun"|Id="115"|morphId="660120100421"|Unicode="ἡμέρας"|Lemma="ἡμέρα"|Lang="G"|StrongNumber="G22500"|Morph="N,,,,,GFS,"|Case="Genitive"|Gender="Feminine"|Number="Singular"|English="day"
660120100431|καὶ|660120100421|conj|Cat="conj"|Id="116"|morphId="660120100431"|Unicode="καὶ"|Lemma="καί"|Lang="G"|StrongNumber="G25320"|Morph="CC,,,,,,,,"|Type="Coordinating"|English="and"
660120100441|νυκτός.|660120100421|np|Cat="noun"|Id="118"|morphId="660120100441"|Unicode="νυκτός."|Lemma="νύξ"|Lang="G"|StrongNumber="G35710"|Morph="N,,,,,GFS,"|Case="Genitive"|Gender="Feminine"|Number="Singular"|English="night"
660120110011|καὶ|660120110031|conj|Cat="conj"|Id="3"|morphId="660120110011"|Unicode="καὶ"|Lemma="καί"|Lang="G"|StrongNumber="G25320"|Morph="CC,,,,,,,,"|Type="Coordinating"|English="and"
660120110021|αὐτοὶ|660120110031|S|Cat="pron"|Id="8"|morphId="660120110021"|Unicode="αὐτοὶ"|Lemma="αὐτός"|Lang="G"|StrongNumber="G08460"|Morph="RP,,,3NMP,"|Type="Personal"|Person="Third"|Case="Nominative"|Gender="Masculine"|Number="Plural"|English="they"
660120110031|ἐνίκησαν|None|CL|Cat="verb"|Id="11"|morphId="660120110031"|Unicode="ἐνίκησαν"|Lemma="νικάω"|Lang="G"|StrongNumber="G35280"|Morph="V,IAA3,,P,"|Mood="Indicative"|Tense="Aorist"|Voice="Active"|Person="Third"|Number="Plural"|English="overcame"
660120110041|αὐτὸν|660120110031|O|Cat="pron"|Id="14"|morphId="660120110041"|Unicode="αὐτὸν"|Lemma="αὐτός"|Lang="G"|StrongNumber="G08460"|Morph="RP,,,3AMS,"|Type="Personal"|Person="Third"|Case="Accusative"|Gender="Masculine"|Number="Singular"|English="him"
660120110051|διὰ|660120110071|prep|Cat="prep"|Id="18"|morphId="660120110051"|Unicode="διὰ"|Lemma="διά"|Lang="G"|StrongNumber="G12230"|Morph="P,,,,,A,,,"|Case="Accusative"|English="by"
660120110061|τὸ|660120110071|det|Cat="det"|Id="20"|morphId="660120110061"|Unicode="τὸ"|Lemma="ὁ"|Lang="G"|StrongNumber="G35880"|Morph="EA,,,,ANS,"|Type="Article"|Case="Accusative"|Gender="Neuter"|Number="Singular"|English="the"
660120110071|αἷμα|660120110031|ADV|Cat="noun"|Id="23"|morphId="660120110071"|Unicode="αἷμα"|Lemma="αἷμα"|Lang="G"|StrongNumber="G01290"|Morph="N,,,,,ANS,"|Case="Accusative"|Gender="Neuter"|Number="Singular"|English="blood"
660120110081|τοῦ|660120110091|det|Cat="det"|Id="25"|morphId="660120110081"|Unicode="τοῦ"|Lemma="ὁ"|Lang="G"|StrongNumber="G35880"|Morph="EA,,,,GNS,"|Type="Article"|Case="Genitive"|Gender="Neuter"|Number="Singular"|English="the"
660120110091|Ἀρνίου,|660120110071|np|Cat="noun"|Id="27"|morphId="660120110091"|Unicode="Ἀρνίου,"|Lemma="ἀρνίον"|Lang="G"|StrongNumber="G07210"|Morph="N,,,,,GNSD"|Case="Genitive"|Gender="Neuter"|Number="Singular"|English="of ~ lamb"
660120110101|καὶ|660120110071|conj|Cat="conj"|Id="28"|morphId="660120110101"|Unicode="καὶ"|Lemma="καί"|Lang="G"|StrongNumber="G25320"|Morph="CC,,,,,,,,"|Type="Coordinating"|English="and"
660120110111|διὰ|660120110131|prep|Cat="prep"|Id="30"|morphId="660120110111"|Unicode="διὰ"|Lemma="διά"|Lang="G"|StrongNumber="G12230"|Morph="P,,,,,A,,,"|Case="Accusative"|English="by"
660120110121|τὸν|660120110131|det|Cat="det"|Id="32"|morphId="660120110121"|Unicode="τὸν"|Lemma="ὁ"|Lang="G"|StrongNumber="G35880"|Morph="EA,,,,AMS,"|Type="Article"|Case="Accusative"|Gender="Masculine"|Number="Singular"|English="the"
660120110131|λόγον|660120110071|pp|Cat="noun"|Id="35"|morphId="660120110131"|Unicode="λόγον"|Lemma="λόγος"|Lang="G"|StrongNumber="G30560"|Morph="N,,,,,AMS,"|Case="Accusative"|Gender="Masculine"|Number="Singular"|English="word"
660120110141|τῆς|660120110151|det|Cat="det"|Id="37"|morphId="660120110141"|Unicode="τῆς"|Lemma="ὁ"|Lang="G"|StrongNumber="G35880"|Morph="EA,,,,GFS,"|Type="Article"|Case="Genitive"|Gender="Feminine"|Number="Singular"|English="of the"
660120110151|μαρτυρίας|660120110131|np|Cat="noun"|Id="40"|morphId="660120110151"|Unicode="μαρτυρίας"|Lemma="μαρτυρία"|Lang="G"|StrongNumber="G31410"|Morph="N,,,,,GFS,"|Case="Genitive"|Gender="Feminine"|Number="Singular"|English="of ~ testimony"
660120110161|αὐτῶν,|660120110151|np|Cat="pron"|Id="42"|morphId="660120110161"|Unicode="αὐτῶν,"|Lemma="αὐτός"|Lang="G"|StrongNumber="G08460"|Morph="RP,,,3GMP,"|Type="Personal"|Person="Third"|Case="Genitive"|Gender="Masculine"|Number="Plural"|English="of them"
660120110171|καὶ|660120110031|conj|Cat="conj"|Id="43"|morphId="660120110171"|Unicode="καὶ"|Lemma="καί"|Lang="G"|StrongNumber="G25320"|Morph="CC,,,,,,,,"|Type="Coordinating"|English="and"
660120110181|οὐκ|660120110191|ADV|Cat="adv"|Id="47"|morphId="660120110181"|Unicode="οὐκ"|Lemma="οὐ"|Lang="G"|StrongNumber="G37560"|Morph="D,,,,,,,,,"|English="not"
660120110191|ἠγάπησαν|660120110031|CL|Cat="verb"|Id="50"|morphId="660120110191"|Unicode="ἠγάπησαν"|Lemma="ἀγαπάω"|Lang="G"|StrongNumber="G00250"|Morph="V,IAA3,,P,"|Mood="Indicative"|Tense="Aorist"|Voice="Active"|Person="Third"|Number="Plural"|English="they did ~ love"
660120110201|τὴν|660120110211|det|Cat="det"|Id="53"|morphId="660120110201"|Unicode="τὴν"|Lemma="ὁ"|Lang="G"|StrongNumber="G35880"|Morph="EA,,,,AFS,"|Type="Article"|Case="Accusative"|Gender="Feminine"|Number="Singular"|English="the"
660120110211|ψυχὴν|660120110191|O|Cat="noun"|Id="56"|morphId="660120110211"|Unicode="ψυχὴν"|Lemma="ψυχή"|Lang="G"|StrongNumber="G55900"|Morph="N,,,,,AFS,"|Case="Accusative"|Gender="Feminine"|Number="Singular"|English="lives"
660120110221|αὐτῶν|660120110211|np|Cat="pron"|Id="58"|morphId="660120110221"|Unicode="αὐτῶν"|Lemma="αὐτός"|Lang="G"|StrongNumber="G08460"|Morph="RP,,,3GMP,"|Type="Personal"|Person="Third"|Case="Genitive"|Gender="Masculine"|Number="Plural"|English="of them"
660120110231|ἄχρι|660120110241|prep|Cat="prep"|Id="61"|morphId="660120110231"|Unicode="ἄχρι"|Lemma="ἄχρι"|Lang="G"|StrongNumber="G08910"|Morph="PI,,,,G,,,"|Type="Improper"|Case="Genitive"|English="to"
660120110241|θανάτου.|660120110191|ADV|Cat="noun"|Id="63"|morphId="660120110241"|Unicode="θανάτου."|Lemma="θάνατος"|Lang="G"|StrongNumber="G22880"|Morph="N,,,,,GMS,"|Case="Genitive"|Gender="Masculine"|Number="Singular"|English="death"
660120120011|διὰ|660120120021|prep|Cat="prep"|Id="6"|morphId="660120120011"|Unicode="διὰ"|Lemma="διά"|Lang="G"|StrongNumber="G12230"|Morph="P,,,,,A,,,"|Case="Accusative"|English="because of"
660120120021|τοῦτο,|660120120031|ADV|Cat="pron"|Id="8"|morphId="660120120021"|Unicode="τοῦτο,"|Lemma="οὗτος"|Lang="G"|StrongNumber="G37780"|Morph="RD,,,,ANS,"|Type="Demonstrative"|Case="Accusative"|Gender="Neuter"|Number="Singular"|English="of this"
660120120031|εὐφραίνεσθε|None|CL|Cat="verb"|Id="11"|morphId="660120120031"|Unicode="εὐφραίνεσθε"|Lemma="εὐφραίνω"|Lang="G"|StrongNumber="G21650"|Morph="V,MPP2,,P,"|Mood="Imperative"|Tense="Present"|Voice="Passive"|Person="Second"|Number="Plural"|English="rejoice"
660120120041|οὐρανοὶ,|660120120031|CL|Cat="noun"|Id="15"|morphId="660120120041"|Unicode="οὐρανοὶ,"|Lemma="οὐρανός"|Lang="G"|StrongNumber="G37720"|Morph="N,,,,,VMP,"|Case="Vocative"|Gender="Masculine"|Number="Plural"|English="heavens"
660120120051|καὶ|660120120041|conj|Cat="conj"|Id="16"|morphId="660120120051"|Unicode="καὶ"|Lemma="καί"|Lang="G"|StrongNumber="G25320"|Morph="CC,,,,,,,,"|Type="Coordinating"|English="and"
660120120061|οἱ|660120120091|det|Cat="pron"|Id="19"|morphId="660120120061"|Unicode="οἱ"|Lemma="ὁ"|Lang="G"|StrongNumber="G35880"|Morph="RD,,,,VMP,"|Type="Demonstrative"|Case="Vocative"|Gender="Masculine"|Number="Plural"|English="you"
660120120071|ἐν|660120120081|prep|Cat="prep"|Id="23"|morphId="660120120071"|Unicode="ἐν"|Lemma="ἐν"|Lang="G"|StrongNumber="G17220"|Morph="P,,,,,D,,,"|Case="Dative"|English="in"
660120120081|αὐτοῖς|660120120091|ADV|Cat="pron"|Id="25"|morphId="660120120081"|Unicode="αὐτοῖς"|Lemma="αὐτός"|Lang="G"|StrongNumber="G08460"|Morph="RP,,,3DMP,"|Type="Personal"|Person="Third"|Case="Dative"|Gender="Masculine"|Number="Plural"|English="them"
660120120091|σκηνοῦντες!|660120120041|np|Cat="verb"|Id="28"|morphId="660120120091"|Unicode="σκηνοῦντες!"|Lemma="σκηνόω"|Lang="G"|StrongNumber="G46370"|Morph="V,PPA,VMP,"|Mood="Participle"|Tense="Present"|Voice="Active"|Case="Vocative"|Gender="Masculine"|Number="Plural"|English="who dwell"
660120120101|οὐαὶ|660120120031|CL|Cat="intj"|Id="33"|morphId="660120120101"|Unicode="οὐαὶ"|Lemma="οὐαί"|Lang="G"|StrongNumber="G37590"|Morph="IE,,,,,,,,"|Type="Exclamation"|English="woe"
660120120111|τὴν|660120120121|det|Cat="det"|Id="37"|morphId="660120120111"|Unicode="τὴν"|Lemma="ὁ"|Lang="G"|StrongNumber="G35880"|Morph="EA,,,,AFS,"|Type="Article"|Case="Accusative"|Gender="Feminine"|Number="Singular"|English="the"
660120120121|γῆν|660120120101|ADV|Cat="noun"|Id="39"|morphId="660120120121"|Unicode="γῆν"|Lemma="γῆ"|Lang="G"|StrongNumber="G10930"|Morph="N,,,,,AFS,"|Case="Accusative"|Gender="Feminine"|Number="Singular"|English="to ~ earth"
660120120131|καὶ|660120120121|conj|Cat="conj"|Id="40"|morphId="660120120131"|Unicode="καὶ"|Lemma="καί"|Lang="G"|StrongNumber="G25320"|Morph="CC,,,,,,,,"|Type="Coordinating"|English="and"
660120120141|τὴν|660120120151|det|Cat="det"|Id="42"|morphId="660120120141"|Unicode="τὴν"|Lemma="ὁ"|Lang="G"|StrongNumber="G35880"|Morph="EA,,,,AFS,"|Type="Article"|Case="Accusative"|Gender="Feminine"|Number="Singular"|English="the"
660120120151|θάλασσαν,|660120120121|np|Cat="noun"|Id="44"|morphId="660120120151"|Unicode="θάλασσαν,"|Lemma="θάλασσα"|Lang="G"|StrongNumber="G22810"|Morph="N,,,,,AFS,"|Case="Accusative"|Gender="Feminine"|Number="Singular"|English="sea"
660120120161|ὅτι|660120120171|conj|Cat="conj"|Id="46"|morphId="660120120161"|Unicode="ὅτι"|Lemma="ὅτι"|Lang="G"|StrongNumber="G37540"|Morph="CS,,,,,,,,"|Type="Subordinating"|English="because"
660120120171|κατέβη|660120120101|CL|Cat="verb"|Id="50"|morphId="660120120171"|Unicode="κατέβη"|Lemma="καταβαίνω"|Lang="G"|StrongNumber="G25970"|Morph="V,IAA3,,S,"|Mood="Indicative"|Tense="Aorist"|Voice="Active"|Person="Third"|Number="Singular"|English="has come down"
660120120181|ὁ|660120120191|det|Cat="det"|Id="53"|morphId="660120120181"|Unicode="ὁ"|Lemma="ὁ"|Lang="G"|StrongNumber="G35880"|Morph="EA,,,,NMS,"|Type="Article"|Case="Nominative"|Gender="Masculine"|Number="Singular"|English="the"
660120120191|διάβολος|660120120171|S|Cat="noun"|Id="55"|morphId="660120120191"|Unicode="διάβολος"|Lemma="διάβολος"|Lang="G"|StrongNumber="G12280"|Morph="NS,,,,NMS,"|Type="Substantive_Adj"|Case="Nominative"|Gender="Masculine"|Number="Singular"|English="devil"
660120120201|πρὸς|660120120211|prep|Cat="prep"|Id="58"|morphId="660120120201"|Unicode="πρὸς"|Lemma="πρός"|Lang="G"|StrongNumber="G43140"|Morph="P,,,,,A,,,"|Case="Accusative"|English="to"
660120120211|ὑμᾶς,|660120120171|ADV|Cat="pron"|Id="60"|morphId="660120120211"|Unicode="ὑμᾶς,"|Lemma="σύ"|Lang="G"|StrongNumber="G47710"|Morph="RP,,,2A,P,"|Type="Personal"|Person="Second"|Case="Accusative"|Number="Plural"|English="you"
660120120221|ἔχων|660120120171|ADV|Cat="verb"|Id="65"|morphId="660120120221"|Unicode="ἔχων"|Lemma="ἔχω"|Lang="G"|StrongNumber="G21920"|Morph="V,PPA,NMS,"|Mood="Participle"|Tense="Present"|Voice="Active"|Case="Nominative"|Gender="Masculine"|Number="Singular"|English="having"
660120120231|θυμὸν|660120120221|O|Cat="noun"|Id="69"|morphId="660120120231"|Unicode="θυμὸν"|Lemma="θυμός"|Lang="G"|StrongNumber="G23720"|Morph="N,,,,,AMS,"|Case="Accusative"|Gender="Masculine"|Number="Singular"|English="wrath"
660120120241|μέγαν,|660120120231|adjp|Cat="adj"|Id="71"|morphId="660120120241"|Unicode="μέγαν,"|Lemma="μέγας"|Lang="G"|StrongNumber="G31730"|Morph="AA,,,,AMS,"|Type="Ascriptive"|Case="Accusative"|Gender="Masculine"|Number="Singular"|English="great"
660120120251|εἰδὼς|660120120171|ADV|Cat="verb"|Id="77"|morphId="660120120251"|Unicode="εἰδὼς"|Lemma="εἴδω"|Lang="G"|StrongNumber="G14920"|Morph="V,PEA,NMS,"|Mood="Participle"|Tense="Perfect"|Voice="Active"|Case="Nominative"|Gender="Masculine"|Number="Singular"|English="because he knows"
660120120261|ὅτι|660120120291|conj|Cat="conj"|Id="79"|morphId="660120120261"|Unicode="ὅτι"|Lemma="ὅτι"|Lang="G"|StrongNumber="G37540"|Morph="CS,,,,,,,,"|Type="Subordinating"|English="that"
660120120271|ὀλίγον|660120120281|adjp|Cat="det"|Id="85"|morphId="660120120271"|Unicode="ὀλίγον"|Lemma="ὀλίγος"|Lang="G"|StrongNumber="G36410"|Morph="EQ,,,,AMS,"|Type="Quantifier"|Case="Accusative"|Gender="Masculine"|Number="Singular"|English="short"
660120120281|καιρὸν|660120120291|O|Cat="noun"|Id="87"|morphId="660120120281"|Unicode="καιρὸν"|Lemma="καιρός"|Lang="G"|StrongNumber="G25400"|Morph="N,,,,,AMS,"|Case="Accusative"|Gender="Masculine"|Number="Singular"|English="time"
660120120291|ἔχει.|660120120251|CL|Cat="verb"|Id="90"|morphId="660120120291"|Unicode="ἔχει."|Lemma="ἔχω"|Lang="G"|StrongNumber="G21920"|Morph="V,IPA3,,S,"|Mood="Indicative"|Tense="Present"|Voice="Active"|Person="Third"|Number="Singular"|English="he has"
660120130011|καὶ|660120130111|conj|Cat="conj"|Id="3"|morphId="660120130011"|Unicode="καὶ"|Lemma="καί"|Lang="G"|StrongNumber="G25320"|Morph="CC,,,,,,,,"|Type="Coordinating"|English="and"
660120130021|ὅτε|660120130031|conj|Cat="conj"|Id="6"|morphId="660120130021"|Unicode="ὅτε"|Lemma="ὅτε"|Lang="G"|StrongNumber="G37530"|Morph="CS,,,,,,,,"|Type="Subordinating"|English="when"
660120130031|εἶδεν|660120130111|CL|Cat="verb"|Id="11"|morphId="660120130031"|Unicode="εἶδεν"|Lemma="ὁράω"|Lang="G"|StrongNumber="G37080"|Morph="V,IAA3,,S,"|Mood="Indicative"|Tense="Aorist"|Voice="Active"|Person="Third"|Number="Singular"|English="saw"
660120130041|ὁ|660120130051|det|Cat="det"|Id="14"|morphId="660120130041"|Unicode="ὁ"|Lemma="ὁ"|Lang="G"|StrongNumber="G35880"|Morph="EA,,,,NMS,"|Type="Article"|Case="Nominative"|Gender="Masculine"|Number="Singular"|English="the"
660120130051|δράκων|660120130031|S|Cat="noun"|Id="16"|morphId="660120130051"|Unicode="δράκων"|Lemma="δράκων"|Lang="G"|StrongNumber="G14040"|Morph="N,,,,,NMS,"|Case="Nominative"|Gender="Masculine"|Number="Singular"|English="dragon"
660120130061|ὅτι|660120130071|conj|Cat="conj"|Id="18"|morphId="660120130061"|Unicode="ὅτι"|Lemma="ὅτι"|Lang="G"|StrongNumber="G37540"|Morph="CS,,,,,,,,"|Type="Subordinating"|English="that"
660120130071|ἐβλήθη|660120130031|CL|Cat="verb"|Id="22"|morphId="660120130071"|Unicode="ἐβλήθη"|Lemma="βάλλω"|Lang="G"|StrongNumber="G09060"|Morph="V,IAP3,,S,"|Mood="Indicative"|Tense="Aorist"|Voice="Passive"|Person="Third"|Number="Singular"|English="he had been thrown down"
660120130081|εἰς|660120130101|prep|Cat="prep"|Id="25"|morphId="660120130081"|Unicode="εἰς"|Lemma="εἰς"|Lang="G"|StrongNumber="G15190"|Morph="P,,,,,A,,,"|Case="Accusative"|English="to"
660120130091|τὴν|660120130101|det|Cat="det"|Id="27"|morphId="660120130091"|Unicode="τὴν"|Lemma="ὁ"|Lang="G"|StrongNumber="G35880"|Morph="EA,,,,AFS,"|Type="Article"|Case="Accusative"|Gender="Feminine"|Number="Singular"|English="the"
660120130101|γῆν,|660120130071|ADV|Cat="noun"|Id="29"|morphId="660120130101"|Unicode="γῆν,"|Lemma="γῆ"|Lang="G"|StrongNumber="G10930"|Morph="N,,,,,AFS,"|Case="Accusative"|Gender="Feminine"|Number="Singular"|English="earth"
660120130111|ἐδίωξεν|None|CL|Cat="verb"|Id="33"|morphId="660120130111"|Unicode="ἐδίωξεν"|Lemma="διώκω"|Lang="G"|StrongNumber="G13770"|Morph="V,IAA3,,S,"|Mood="Indicative"|Tense="Aorist"|Voice="Active"|Person="Third"|Number="Singular"|English="he pursued"
660120130121|τὴν|660120130131|det|Cat="det"|Id="36"|morphId="660120130121"|Unicode="τὴν"|Lemma="ὁ"|Lang="G"|StrongNumber="G35880"|Morph="EA,,,,AFS,"|Type="Article"|Case="Accusative"|Gender="Feminine"|Number="Singular"|English="the"
660120130131|γυναῖκα,|660120130111|O|Cat="noun"|Id="39"|morphId="660120130131"|Unicode="γυναῖκα,"|Lemma="γυνή"|Lang="G"|StrongNumber="G11350"|Morph="N,,,,,AFS,"|Case="Accusative"|Gender="Feminine"|Number="Singular"|English="woman"
660120130141|ἥτις|660120130151|S|Cat="pron"|Id="43"|morphId="660120130141"|Unicode="ἥτις"|Lemma="ὅστις"|Lang="G"|StrongNumber="G37480"|Morph="RR,,,,NFS,"|Type="Relative"|Case="Nominative"|Gender="Feminine"|Number="Singular"|English="who"
660120130151|ἔτεκεν|660120130131|CL|Cat="verb"|Id="46"|morphId="660120130151"|Unicode="ἔτεκεν"|Lemma="τίκτω"|Lang="G"|StrongNumber="G50880"|Morph="V,IAA3,,S,"|Mood="Indicative"|Tense="Aorist"|Voice="Active"|Person="Third"|Number="Singular"|English="had given birth to"
660120130161|τὸν|660120130171|det|Cat="det"|Id="49"|morphId="660120130161"|Unicode="τὸν"|Lemma="ὁ"|Lang="G"|StrongNumber="G35880"|Morph="EA,,,,AMS,"|Type="Article"|Case="Accusative"|Gender="Masculine"|Number="Singular"|English="the"
660120130171|ἄρσενα.|660120130151|O|Cat="noun"|Id="51"|morphId="660120130171"|Unicode="ἄρσενα."|Lemma="ἄρσην"|Lang="G"|StrongNumber="G07300"|Morph="NS,,,,AMS,"|Type="Substantive_Adj"|Case="Accusative"|Gender="Masculine"|Number="Singular"|English="to ~ male child"
660120140011|καὶ|660120140021|conj|Cat="conj"|Id="3"|morphId="660120140011"|Unicode="καὶ"|Lemma="καί"|Lang="G"|StrongNumber="G25320"|Morph="CC,,,,,,,,"|Type="Coordinating"|English="but"
660120140021|ἐδόθησαν|None|CL|Cat="verb"|Id="8"|morphId="660120140021"|Unicode="ἐδόθησαν"|Lemma="δίδωμι"|Lang="G"|StrongNumber="G13250"|Morph="V,IAP3,,P,"|Mood="Indicative"|Tense="Aorist"|Voice="Passive"|Person="Third"|Number="Plural"|English="was given"
660120140031|τῇ|660120140041|det|Cat="det"|Id="11"|morphId="660120140031"|Unicode="τῇ"|Lemma="ὁ"|Lang="G"|StrongNumber="G35880"|Morph="EA,,,,DFS,"|Type="Article"|Case="Dative"|Gender="Feminine"|Number="Singular"|English="the"
660120140041|γυναικὶ|660120140021|IO|Cat="noun"|Id="13"|morphId="660120140041"|Unicode="γυναικὶ"|Lemma="γυνή"|Lang="G"|StrongNumber="G11350"|Morph="N,,,,,DFS,"|Case="Dative"|Gender="Feminine"|Number="Singular"|English="woman"
660120140051|δύο|660120140061|nump|Cat="det"|Id="18"|morphId="660120140051"|Unicode="δύο"|Lemma="δύο"|Lang="G"|StrongNumber="G14170"|Morph="EN,,,,NFP,"|Type="Number"|Case="Nominative"|Gender="Feminine"|Number="Plural"|English="two"
660120140061|πτέρυγες|660120140021|S|Cat="noun"|Id="21"|morphId="660120140061"|Unicode="πτέρυγες"|Lemma="πτέρυξ"|Lang="G"|StrongNumber="G44200"|Morph="N,,,,,NFP,"|Case="Nominative"|Gender="Feminine"|Number="Plural"|English="wings"
660120140071|τοῦ|660120140081|det|Cat="det"|Id="23"|morphId="660120140071"|Unicode="τοῦ"|Lemma="ὁ"|Lang="G"|StrongNumber="G35880"|Morph="EA,,,,GMS,"|Type="Article"|Case="Genitive"|Gender="Masculine"|Number="Singular"|English="the"
660120140081|ἀετοῦ|660120140061|np|Cat="noun"|Id="26"|morphId="660120140081"|Unicode="ἀετοῦ"|Lemma="ἀετός"|Lang="G"|StrongNumber="G01050"|Morph="N,,,,,GMS,"|Case="Genitive"|Gender="Masculine"|Number="Singular"|English="of a ~ eagle"
660120140091|τοῦ|660120140101|det|Cat="det"|Id="28"|morphId="660120140091"|Unicode="τοῦ"|Lemma="ὁ"|Lang="G"|StrongNumber="G35880"|Morph="EA,,,,GMS,"|Type="Article"|Case="Genitive"|Gender="Masculine"|Number="Singular"
660120140101|μεγάλου,|660120140081|np|Cat="adj"|Id="30"|morphId="660120140101"|Unicode="μεγάλου,"|Lemma="μέγας"|Lang="G"|StrongNumber="G31730"|Morph="AR,,,,GMS,"|Type="Restrictive"|Case="Genitive"|Gender="Masculine"|Number="Singular"|English="great"
660120140111|ἵνα|660120140121|conj|Cat="conj"|Id="32"|morphId="660120140111"|Unicode="ἵνα"|Lemma="ἵνα"|Lang="G"|StrongNumber="G24430"|Morph="CS,,,,,,,,"|Type="Subordinating"|English="so that"
660120140121|πέτηται|660120140021|CL|Cat="verb"|Id="36"|morphId="660120140121"|Unicode="πέτηται"|Lemma="πέτομαι"|Lang="G"|StrongNumber="G40720"|Morph="V,SPM3,,S,"|Mood="Subjunctive"|Tense="Present"|Voice="Middle"|Person="Third"|Number="Singular"|English="she could fly"
660120140131|εἰς|660120140151|prep|Cat="prep"|Id="39"|morphId="660120140131"|Unicode="εἰς"|Lemma="εἰς"|Lang="G"|StrongNumber="G15190"|Morph="P,,,,,A,,,"|Case="Accusative"|English="into"
660120140141|τὴν|660120140151|det|Cat="det"|Id="41"|morphId="660120140141"|Unicode="τὴν"|Lemma="ὁ"|Lang="G"|StrongNumber="G35880"|Morph="EA,,,,AFS,"|Type="Article"|Case="Accusative"|Gender="Feminine"|Number="Singular"|English="the"
660120140151|ἔρημον|660120140121|ADV|Cat="noun"|Id="43"|morphId="660120140151"|Unicode="ἔρημον"|Lemma="ἔρημος"|Lang="G"|StrongNumber="G20480"|Morph="NS,,,,AFS,"|Type="Substantive_Adj"|Case="Accusative"|Gender="Feminine"|Number="Singular"|English="wilderness"
660120140161|εἰς|660120140181|prep|Cat="prep"|Id="46"|morphId="660120140161"|Unicode="εἰς"|Lemma="εἰς"|Lang="G"|StrongNumber="G15190"|Morph="P,,,,,A,,,"|Case="Accusative"|English="to"
660120140171|τὸν|660120140181|det|Cat="det"|Id="49"|morphId="660120140171"|Unicode="τὸν"|Lemma="ὁ"|Lang="G"|StrongNumber="G35880"|Morph="EA,,,,AMS,"|Type="Article"|Case="Accusative"|Gender="Masculine"|Number="Singular"|English="the"
660120140181|τόπον|660120140121|ADV|Cat="noun"|Id="52"|morphId="660120140181"|Unicode="τόπον"|Lemma="τόπος"|Lang="G"|StrongNumber="G51170"|Morph="N,,,,,AMS,"|Case="Accusative"|Gender="Masculine"|Number="Singular"|English="place"
660120140191|αὐτῆς,|660120140181|np|Cat="pron"|Id="54"|morphId="660120140191"|Unicode="αὐτῆς,"|Lemma="αὐτός"|Lang="G"|StrongNumber="G08460"|Morph="RP,,,3GFS,"|Type="Personal"|Person="Third"|Case="Genitive"|Gender="Feminine"|Number="Singular"|English="of her"
660120140201|ὅπου|660120140211|ADV|Cat="adv"|Id="58"|morphId="660120140201"|Unicode="ὅπου"|Lemma="ὅπου"|Lang="G"|StrongNumber="G36990"|Morph="D,,,,,,,,,"|English="where"
660120140211|τρέφεται|660120140181|CL|Cat="verb"|Id="61"|morphId="660120140211"|Unicode="τρέφεται"|Lemma="τρέφω"|Lang="G"|StrongNumber="G51420"|Morph="V,IPP3,,S,"|Mood="Indicative"|Tense="Present"|Voice="Passive"|Person="Third"|Number="Singular"|English="she is nourished"
660120140221|ἐκεῖ|660120140211|ADV|Cat="adv"|Id="64"|morphId="660120140221"|Unicode="ἐκεῖ"|Lemma="ἐκεῖ"|Lang="G"|StrongNumber="G15630"|Morph="D,,,,,,,,,"|English="there"
660120140231|καιρὸν,|660120140211|ADV|Cat="noun"|Id="68"|morphId="660120140231"|Unicode="καιρὸν,"|Lemma="καιρός"|Lang="G"|StrongNumber="G25400"|Morph="N,,,,,AMS,"|Case="Accusative"|Gender="Masculine"|Number="Singular"|English="for a time"
660120140241|καὶ|660120140231|conj|Cat="conj"|Id="69"|morphId="660120140241"|Unicode="καὶ"|Lemma="καί"|Lang="G"|StrongNumber="G25320"|Morph="CC,,,,,,,,"|Type="Coordinating"|English="and"
660120140251|καιροὺς,|660120140231|np|Cat="noun"|Id="71"|morphId="660120140251"|Unicode="καιροὺς,"|Lemma="καιρός"|Lang="G"|StrongNumber="G25400"|Morph="N,,,,,AMP,"|Case="Accusative"|Gender="Masculine"|Number="Plural"|English="times"
660120140261|καὶ|660120140231|conj|Cat="conj"|Id="72"|morphId="660120140261"|Unicode="καὶ"|Lemma="καί"|Lang="G"|StrongNumber="G25320"|Morph="CC,,,,,,,,"|Type="Coordinating"|English="and"
660120140271|ἥμισυ|660120140231|np|Cat="pron"|Id="75"|morphId="660120140271"|Unicode="ἥμισυ"|Lemma="ἥμισυς"|Lang="G"|StrongNumber="G22550"|Morph="RI,,,,ANS,"|Type="Indefinite"|Case="Accusative"|Gender="Neuter"|Number="Singular"|English="half"
660120140281|καιροῦ,|660120140271|np|Cat="noun"|Id="77"|morphId="660120140281"|Unicode="καιροῦ,"|Lemma="καιρός"|Lang="G"|StrongNumber="G25400"|Morph="N,,,,,GMS,"|Case="Genitive"|Gender="Masculine"|Number="Singular"|English="a time"
660120140291|ἀπὸ|660120140301|prep|Cat="prep"|Id="80"|morphId="660120140291"|Unicode="ἀπὸ"|Lemma="ἀπό"|Lang="G"|StrongNumber="G05750"|Morph="P,,,,,G,,,"|Case="Genitive"|English="from"
660120140301|προσώπου|660120140211|ADV|Cat="noun"|Id="83"|morphId="660120140301"|Unicode="προσώπου"|Lemma="πρόσωπον"|Lang="G"|StrongNumber="G43830"|Morph="N,,,,,GNS,"|Case="Genitive"|Gender="Neuter"|Number="Singular"|English="presence"
660120140311|τοῦ|660120140321|det|Cat="det"|Id="85"|morphId="660120140311"|Unicode="τοῦ"|Lemma="ὁ"|Lang="G"|StrongNumber="G35880"|Morph="EA,,,,GMS,"|Type="Article"|Case="Genitive"|Gender="Masculine"|Number="Singular"|English="the"
660120140321|ὄφεως.|660120140301|np|Cat="noun"|Id="87"|morphId="660120140321"|Unicode="ὄφεως."|Lemma="ὄφις"|Lang="G"|StrongNumber="G37890"|Morph="N,,,,,GMS,"|Case="Genitive"|Gender="Masculine"|Number="Singular"|English="of ~ serpent"
660120150011|καὶ|660120150021|conj|Cat="conj"|Id="3"|morphId="660120150011"|Unicode="καὶ"|Lemma="καί"|Lang="G"|StrongNumber="G25320"|Morph="CC,,,,,,,,"|Type="Coordinating"|English="and"
660120150021|ἔβαλεν|None|CL|Cat="verb"|Id="9"|morphId="660120150021"|Unicode="ἔβαλεν"|Lemma="βάλλω"|Lang="G"|StrongNumber="G09060"|Morph="V,IAA3,,S,"|Mood="Indicative"|Tense="Aorist"|Voice="Active"|Person="Third"|Number="Singular"|English="poured"
660120150031|ὁ|660120150041|det|Cat="det"|Id="12"|morphId="660120150031"|Unicode="ὁ"|Lemma="ὁ"|Lang="G"|StrongNumber="G35880"|Morph="EA,,,,NMS,"|Type="Article"|Case="Nominative"|Gender="Masculine"|Number="Singular"|English="the"
660120150041|ὄφις|660120150021|S|Cat="noun"|Id="14"|morphId="660120150041"|Unicode="ὄφις"|Lemma="ὄφις"|Lang="G"|StrongNumber="G37890"|Morph="N,,,,,NMS,"|Case="Nominative"|Gender="Masculine"|Number="Singular"|English="serpent"
660120150051|ἐκ|660120150071|prep|Cat="prep"|Id="17"|morphId="660120150051"|Unicode="ἐκ"|Lemma="ἐκ"|Lang="G"|StrongNumber="G15370"|Morph="P,,,,,G,,,"|Case="Genitive"|English="from"
660120150061|τοῦ|660120150071|det|Cat="det"|Id="19"|morphId="660120150061"|Unicode="τοῦ"|Lemma="ὁ"|Lang="G"|StrongNumber="G35880"|Morph="EA,,,,GNS,"|Type="Article"|Case="Genitive"|Gender="Neuter"|Number="Singular"|English="the"
660120150071|στόματος|660120150021|ADV|Cat="noun"|Id="22"|morphId="660120150071"|Unicode="στόματος"|Lemma="στόμα"|Lang="G"|StrongNumber="G47500"|Morph="N,,,,,GNS,"|Case="Genitive"|Gender="Neuter"|Number="Singular"|English="mouth"
660120150081|αὐτοῦ|660120150071|np|Cat="pron"|Id="24"|morphId="660120150081"|Unicode="αὐτοῦ"|Lemma="αὐτός"|Lang="G"|StrongNumber="G08460"|Morph="RP,,,3GMS,"|Type="Personal"|Person="Third"|Case="Genitive"|Gender="Masculine"|Number="Singular"|English="of him"
660120150091|ὀπίσω|660120150111|prep|Cat="prep"|Id="27"|morphId="660120150091"|Unicode="ὀπίσω"|Lemma="ὀπίσω"|Lang="G"|StrongNumber="G36940"|Morph="PI,,,,G,,,"|Type="Improper"|Case="Genitive"|English="after"
660120150101|τῆς|660120150111|det|Cat="det"|Id="29"|morphId="660120150101"|Unicode="τῆς"|Lemma="ὁ"|Lang="G"|StrongNumber="G35880"|Morph="EA,,,,GFS,"|Type="Article"|Case="Genitive"|Gender="Feminine"|Number="Singular"|English="the"
660120150111|γυναικὸς,|660120150021|ADV|Cat="noun"|Id="31"|morphId="660120150111"|Unicode="γυναικὸς,"|Lemma="γυνή"|Lang="G"|StrongNumber="G11350"|Morph="N,,,,,GFS,"|Case="Genitive"|Gender="Feminine"|Number="Singular"|English="woman"
660120150121|ὕδωρ|660120150021|O|Cat="noun"|Id="34"|morphId="660120150121"|Unicode="ὕδωρ"|Lemma="ὕδωρ"|Lang="G"|StrongNumber="G52040"|Morph="N,,,,,ANS,"|Case="Accusative"|Gender="Neuter"|Number="Singular"|English="water"
660120150131|ὡς|660120150141|conj|Cat="conj"|Id="36"|morphId="660120150131"|Unicode="ὡς"|Lemma="ὡς"|Lang="G"|StrongNumber="G56130"|Morph="CS,,,,,,,,"|Type="Subordinating"|English="like"
660120150141|ποταμόν,|660120150021|CL|Cat="noun"|Id="40"|morphId="660120150141"|Unicode="ποταμόν,"|Lemma="ποταμός"|Lang="G"|StrongNumber="G42150"|Morph="N,,,,,AMS,"|Case="Accusative"|Gender="Masculine"|Number="Singular"|English="a river"
660120150151|ἵνα|660120150181|conj|Cat="conj"|Id="42"|morphId="660120150151"|Unicode="ἵνα"|Lemma="ἵνα"|Lang="G"|StrongNumber="G24430"|Morph="CS,,,,,,,,"|Type="Subordinating"|English="to"
660120150161|αὐτὴν|660120150181|O|Cat="pron"|Id="46"|morphId="660120150161"|Unicode="αὐτὴν"|Lemma="αὐτός"|Lang="G"|StrongNumber="G08460"|Morph="RP,,,3AFS,"|Type="Personal"|Person="Third"|Case="Accusative"|Gender="Feminine"|Number="Singular"|English="her"
660120150171|ποταμοφόρητον|660120150181|O2|Cat="noun"|Id="49"|morphId="660120150171"|Unicode="ποταμοφόρητον"|Lemma="ποταμοφόρητος"|Lang="G"|StrongNumber="G42160"|Morph="NS,,,,AFS,"|Type="Substantive_Adj"|Case="Accusative"|Gender="Feminine"|Number="Singular"|English="swept away by a river"
660120150181|ποιήσῃ.|660120150021|CL|Cat="verb"|Id="52"|morphId="660120150181"|Unicode="ποιήσῃ."|Lemma="ποιέω"|Lang="G"|StrongNumber="G41600"|Morph="V,SAA3,,S,"|Mood="Subjunctive"|Tense="Aorist"|Voice="Active"|Person="Third"|Number="Singular"|English="he could make"
660120160011|καὶ|660120160021|conj|Cat="conj"|Id="3"|morphId="660120160011"|Unicode="καὶ"|Lemma="καί"|Lang="G"|StrongNumber="G25320"|Morph="CC,,,,,,,,"|Type="Coordinating"|English="but"
660120160021|ἐβοήθησεν|None|CL|Cat="verb"|Id="8"|morphId="660120160021"|Unicode="ἐβοήθησεν"|Lemma="βοηθέω"|Lang="G"|StrongNumber="G09970"|Morph="V,IAA3,,S,"|Mood="Indicative"|Tense="Aorist"|Voice="Active"|Person="Third"|Number="Singular"|English="helped"
660120160031|ἡ|660120160041|det|Cat="det"|Id="11"|morphId="660120160031"|Unicode="ἡ"|Lemma="ὁ"|Lang="G"|StrongNumber="G35880"|Morph="EA,,,,NFS,"|Type="Article"|Case="Nominative"|Gender="Feminine"|Number="Singular"|English="the"
660120160041|γῆ|660120160021|S|Cat="noun"|Id="13"|morphId="660120160041"|Unicode="γῆ"|Lemma="γῆ"|Lang="G"|StrongNumber="G10930"|Morph="N,,,,,NFS,"|Case="Nominative"|Gender="Feminine"|Number="Singular"|English="earth"
660120160051|τῇ|660120160061|det|Cat="det"|Id="16"|morphId="660120160051"|Unicode="τῇ"|Lemma="ὁ"|Lang="G"|StrongNumber="G35880"|Morph="EA,,,,DFS,"|Type="Article"|Case="Dative"|Gender="Feminine"|Number="Singular"|English="the"
660120160061|γυναικί,|660120160021|O|Cat="noun"|Id="18"|morphId="660120160061"|Unicode="γυναικί,"|Lemma="γυνή"|Lang="G"|StrongNumber="G11350"|Morph="N,,,,,DFS,"|Case="Dative"|Gender="Feminine"|Number="Singular"|English="woman"
660120160071|καὶ|660120160021|conj|Cat="conj"|Id="19"|morphId="660120160071"|Unicode="καὶ"|Lemma="καί"|Lang="G"|StrongNumber="G25320"|Morph="CC,,,,,,,,"|Type="Coordinating"|English="and"
660120160081|ἤνοιξεν|660120160021|CL|Cat="verb"|Id="24"|morphId="660120160081"|Unicode="ἤνοιξεν"|Lemma="ἀνοίγω"|Lang="G"|StrongNumber="G04550"|Morph="V,IAA3,,S,"|Mood="Indicative"|Tense="Aorist"|Voice="Active"|Person="Third"|Number="Singular"|English="opened"
660120160091|ἡ|660120160101|det|Cat="det"|Id="27"|morphId="660120160091"|Unicode="ἡ"|Lemma="ὁ"|Lang="G"|StrongNumber="G35880"|Morph="EA,,,,NFS,"|Type="Article"|Case="Nominative"|Gender="Feminine"|Number="Singular"|English="the"
660120160101|γῆ|660120160081|S|Cat="noun"|Id="29"|morphId="660120160101"|Unicode="γῆ"|Lemma="γῆ"|Lang="G"|StrongNumber="G10930"|Morph="N,,,,,NFS,"|Case="Nominative"|Gender="Feminine"|Number="Singular"|English="earth"
660120160111|τὸ|660120160121|det|Cat="det"|Id="32"|morphId="660120160111"|Unicode="τὸ"|Lemma="ὁ"|Lang="G"|StrongNumber="G35880"|Morph="EA,,,,ANS,"|Type="Article"|Case="Accusative"|Gender="Neuter"|Number="Singular"|English="the"
660120160121|στόμα|660120160081|O|Cat="noun"|Id="35"|morphId="660120160121"|Unicode="στόμα"|Lemma="στόμα"|Lang="G"|StrongNumber="G47500"|Morph="N,,,,,ANS,"|Case="Accusative"|Gender="Neuter"|Number="Singular"|English="mouth"
660120160131|αὐτῆς,|660120160121|np|Cat="pron"|Id="37"|morphId="660120160131"|Unicode="αὐτῆς,"|Lemma="αὐτός"|Lang="G"|StrongNumber="G08460"|Morph="RP,,,3GFS,"|Type="Personal"|Person="Third"|Case="Genitive"|Gender="Feminine"|Number="Singular"|English="of it"
660120160141|καὶ|660120160081|conj|Cat="conj"|Id="38"|morphId="660120160141"|Unicode="καὶ"|Lemma="καί"|Lang="G"|StrongNumber="G25320"|Morph="CC,,,,,,,,"|Type="Coordinating"|English="and"
660120160151|κατέπιεν|660120160081|CL|Cat="verb"|Id="42"|morphId="660120160151"|Unicode="κατέπιεν"|Lemma="καταπίνω"|Lang="G"|StrongNumber="G26660"|Morph="V,IAA3,,S,"|Mood="Indicative"|Tense="Aorist"|Voice="Active"|Person="Third"|Number="Singular"|English="swallowed up"
660120160161|τὸν|660120160171|det|Cat="det"|Id="45"|morphId="660120160161"|Unicode="τὸν"|Lemma="ὁ"|Lang="G"|StrongNumber="G35880"|Morph="EA,,,,AMS,"|Type="Article"|Case="Accusative"|Gender="Masculine"|Number="Singular"|English="the"
660120160171|ποταμὸν,|660120160151|O|Cat="noun"|Id="48"|morphId="660120160171"|Unicode="ποταμὸν,"|Lemma="ποταμός"|Lang="G"|StrongNumber="G42150"|Morph="N,,,,,AMS,"|Case="Accusative"|Gender="Masculine"|Number="Singular"|English="river"
660120160181|ὃν|660120160191|O|Cat="pron"|Id="52"|morphId="660120160181"|Unicode="ὃν"|Lemma="ὅς"|Lang="G"|StrongNumber="G37390"|Morph="RR,,,,AMS,"|Type="Relative"|Case="Accusative"|Gender="Masculine"|Number="Singular"|English="which"
660120160191|ἔβαλεν|660120160171|CL|Cat="verb"|Id="55"|morphId="660120160191"|Unicode="ἔβαλεν"|Lemma="βάλλω"|Lang="G"|StrongNumber="G09060"|Morph="V,IAA3,,S,"|Mood="Indicative"|Tense="Aorist"|Voice="Active"|Person="Third"|Number="Singular"|English="had spewed"
660120160201|ὁ|660120160211|det|Cat="det"|Id="58"|morphId="660120160201"|Unicode="ὁ"|Lemma="ὁ"|Lang="G"|StrongNumber="G35880"|Morph="EA,,,,NMS,"|Type="Article"|Case="Nominative"|Gender="Masculine"|Number="Singular"|English="the"
660120160211|δράκων|660120160191|S|Cat="noun"|Id="60"|morphId="660120160211"|Unicode="δράκων"|Lemma="δράκων"|Lang="G"|StrongNumber="G14040"|Morph="N,,,,,NMS,"|Case="Nominative"|Gender="Masculine"|Number="Singular"|English="dragon"
660120160221|ἐκ|660120160241|prep|Cat="prep"|Id="63"|morphId="660120160221"|Unicode="ἐκ"|Lemma="ἐκ"|Lang="G"|StrongNumber="G15370"|Morph="P,,,,,G,,,"|Case="Genitive"|English="from"
660120160231|τοῦ|660120160241|det|Cat="det"|Id="65"|morphId="660120160231"|Unicode="τοῦ"|Lemma="ὁ"|Lang="G"|StrongNumber="G35880"|Morph="EA,,,,GNS,"|Type="Article"|Case="Genitive"|Gender="Neuter"|Number="Singular"|English="the"
660120160241|στόματος|660120160191|ADV|Cat="noun"|Id="68"|morphId="660120160241"|Unicode="στόματος"|Lemma="στόμα"|Lang="G"|StrongNumber="G47500"|Morph="N,,,,,GNS,"|Case="Genitive"|Gender="Neuter"|Number="Singular"|English="mouth"
660120160251|αὐτοῦ.|660120160241|np|Cat="pron"|Id="70"|morphId="660120160251"|Unicode="αὐτοῦ."|Lemma="αὐτός"|Lang="G"|StrongNumber="G08460"|Morph="RP,,,3GMS,"|Type="Personal"|Person="Third"|Case="Genitive"|Gender="Masculine"|Number="Singular"|English="of him"
660120170011|καὶ|660120170021|conj|Cat="conj"|Id="3"|morphId="660120170011"|Unicode="καὶ"|Lemma="καί"|Lang="G"|StrongNumber="G25320"|Morph="CC,,,,,,,,"|Type="Coordinating"|English="then"
660120170021|ὠργίσθη|None|CL|Cat="verb"|Id="8"|morphId="660120170021"|Unicode="ὠργίσθη"|Lemma="ὀργίζω"|Lang="G"|StrongNumber="G37100"|Morph="V,IAP3,,S,"|Mood="Indicative"|Tense="Aorist"|Voice="Passive"|Person="Third"|Number="Singular"|English="was enraged"
660120170031|ὁ|660120170041|det|Cat="det"|Id="11"|morphId="660120170031"|Unicode="ὁ"|Lemma="ὁ"|Lang="G"|StrongNumber="G35880"|Morph="EA,,,,NMS,"|Type="Article"|Case="Nominative"|Gender="Masculine"|Number="Singular"|English="the"
660120170041|δράκων|660120170021|S|Cat="noun"|Id="13"|morphId="660120170041"|Unicode="δράκων"|Lemma="δράκων"|Lang="G"|StrongNumber="G14040"|Morph="N,,,,,NMS,"|Case="Nominative"|Gender="Masculine"|Number="Singular"|English="dragon"
660120170051|ἐπὶ|660120170071|prep|Cat="prep"|Id="16"|morphId="660120170051"|Unicode="ἐπὶ"|Lemma="ἐπί"|Lang="G"|StrongNumber="G19090"|Morph="P,,,,,D,,,"|Case="Dative"|English="with"
660120170061|τῇ|660120170071|det|Cat="det"|Id="18"|morphId="660120170061"|Unicode="τῇ"|Lemma="ὁ"|Lang="G"|StrongNumber="G35880"|Morph="EA,,,,DFS,"|Type="Article"|Case="Dative"|Gender="Feminine"|Number="Singular"|English="the"
660120170071|γυναικί,|660120170021|ADV|Cat="noun"|Id="20"|morphId="660120170071"|Unicode="γυναικί,"|Lemma="γυνή"|Lang="G"|StrongNumber="G11350"|Morph="N,,,,,DFS,"|Case="Dative"|Gender="Feminine"|Number="Singular"|English="woman"
660120170081|καὶ|660120170021|conj|Cat="conj"|Id="21"|morphId="660120170081"|Unicode="καὶ"|Lemma="καί"|Lang="G"|StrongNumber="G25320"|Morph="CC,,,,,,,,"|Type="Coordinating"|English="and"
660120170091|ἀπῆλθεν|660120170021|CL|Cat="verb"|Id="25"|morphId="660120170091"|Unicode="ἀπῆλθεν"|Lemma="ἀπέρχομαι"|Lang="G"|StrongNumber="G05650"|Morph="V,IAA3,,S,"|Mood="Indicative"|Tense="Aorist"|Voice="Active"|Person="Third"|Number="Singular"|English="went off"
660120170101|ποιῆσαι|660120170091|ADV|Cat="verb"|Id="30"|morphId="660120170101"|Unicode="ποιῆσαι"|Lemma="ποιέω"|Lang="G"|StrongNumber="G41600"|Morph="V,NAA,,,,,"|Mood="Infinitive"|Tense="Aorist"|Voice="Active"|English="to make"
660120170111|πόλεμον|660120170101|O|Cat="noun"|Id="33"|morphId="660120170111"|Unicode="πόλεμον"|Lemma="πόλεμος"|Lang="G"|StrongNumber="G41710"|Morph="N,,,,,AMS,"|Case="Accusative"|Gender="Masculine"|Number="Singular"|English="war"
660120170121|μετὰ|660120170141|prep|Cat="prep"|Id="36"|morphId="660120170121"|Unicode="μετὰ"|Lemma="μετά"|Lang="G"|StrongNumber="G33260"|Morph="P,,,,,G,,,"|Case="Genitive"|English="against"
660120170131|τῶν|660120170141|det|Cat="det"|Id="39"|morphId="660120170131"|Unicode="τῶν"|Lemma="ὁ"|Lang="G"|StrongNumber="G35880"|Morph="EA,,,,GMP,"|Type="Article"|Case="Genitive"|Gender="Masculine"|Number="Plural"|English="the"
660120170141|λοιπῶν|660120170101|ADV|Cat="pron"|Id="42"|morphId="660120170141"|Unicode="λοιπῶν"|Lemma="λοιπός"|Lang="G"|StrongNumber="G30620"|Morph="RI,,,,GMP,"|Type="Indefinite"|Case="Genitive"|Gender="Masculine"|Number="Plural"|English="rest"
660120170151|τοῦ|660120170161|det|Cat="det"|Id="44"|morphId="660120170151"|Unicode="τοῦ"|Lemma="ὁ"|Lang="G"|StrongNumber="G35880"|Morph="EA,,,,GNS,"|Type="Article"|Case="Genitive"|Gender="Neuter"|Number="Singular"|English="of the"
660120170161|σπέρματος|660120170141|np|Cat="noun"|Id="47"|morphId="660120170161"|Unicode="σπέρματος"|Lemma="σπέρμα"|Lang="G"|StrongNumber="G46900"|Morph="N,,,,,GNS,"|Case="Genitive"|Gender="Neuter"|Number="Singular"|English="of ~ offspring"
660120170171|αὐτῆς,|660120170161|np|Cat="pron"|Id="49"|morphId="660120170171"|Unicode="αὐτῆς,"|Lemma="αὐτός"|Lang="G"|StrongNumber="G08460"|Morph="RP,,,3GFS,"|Type="Personal"|Person="Third"|Case="Genitive"|Gender="Feminine"|Number="Singular"|English="of her"
660120170181|τῶν|660120170191|det|Cat="pron"|Id="52"|morphId="660120170181"|Unicode="τῶν"|Lemma="ὁ"|Lang="G"|StrongNumber="G35880"|Morph="RD,,,,GMP,"|Type="Demonstrative"|Case="Genitive"|Gender="Masculine"|Number="Plural"|English="those"
660120170191|τηρούντων|660120170141|np|Cat="verb"|Id="57"|morphId="660120170191"|Unicode="τηρούντων"|Lemma="τηρέω"|Lang="G"|StrongNumber="G50830"|Morph="V,PPA,GMP,"|Mood="Participle"|Tense="Present"|Voice="Active"|Case="Genitive"|Gender="Masculine"|Number="Plural"|English="who keep"
660120170201|τὰς|660120170211|det|Cat="det"|Id="60"|morphId="660120170201"|Unicode="τὰς"|Lemma="ὁ"|Lang="G"|StrongNumber="G35880"|Morph="EA,,,,AFP,"|Type="Article"|Case="Accusative"|Gender="Feminine"|Number="Plural"|English="the"
660120170211|ἐντολὰς|660120170191|O|Cat="noun"|Id="63"|morphId="660120170211"|Unicode="ἐντολὰς"|Lemma="ἐντολή"|Lang="G"|StrongNumber="G17850"|Morph="N,,,,,AFP,"|Case="Accusative"|Gender="Feminine"|Number="Plural"|English="commandments"
660120170221|τοῦ|660120170231|det|Cat="det"|Id="65"|morphId="660120170221"|Unicode="τοῦ"|Lemma="ὁ"|Lang="G"|StrongNumber="G35880"|Morph="EA,,,,GMS,"|Type="Article"|Case="Genitive"|Gender="Masculine"|Number="Singular"
660120170231|Θεοῦ,|660120170211|np|Cat="noun"|Id="67"|morphId="660120170231"|Unicode="Θεοῦ,"|Lemma="θεός"|Lang="G"|StrongNumber="G23160"|Morph="N,,,,,GMS,"|Case="Genitive"|Gender="Masculine"|Number="Singular"|English="of God"
660120170241|καὶ|660120170191|conj|Cat="conj"|Id="68"|morphId="660120170241"|Unicode="καὶ"|Lemma="καί"|Lang="G"|StrongNumber="G25320"|Morph="CC,,,,,,,,"|Type="Coordinating"|English="and"
660120170251|ἐχόντων|660120170191|CL|Cat="verb"|Id="72"|morphId="660120170251"|Unicode="ἐχόντων"|Lemma="ἔχω"|Lang="G"|StrongNumber="G21920"|Morph="V,PPA,GMP,"|Mood="Participle"|Tense="Present"|Voice="Active"|Case="Genitive"|Gender="Masculine"|Number="Plural"|English="hold"
660120170261|τὴν|660120170271|det|Cat="det"|Id="75"|morphId="660120170261"|Unicode="τὴν"|Lemma="ὁ"|Lang="G"|StrongNumber="G35880"|Morph="EA,,,,AFS,"|Type="Article"|Case="Accusative"|Gender="Feminine"|Number="Singular"|English="the"
660120170271|μαρτυρίαν|660120170251|O|Cat="noun"|Id="78"|morphId="660120170271"|Unicode="μαρτυρίαν"|Lemma="μαρτυρία"|Lang="G"|StrongNumber="G31410"|Morph="N,,,,,AFS,"|Case="Accusative"|Gender="Feminine"|Number="Singular"|English="testimony"
660120170281|Ἰησοῦ.|660120170271|np|Cat="noun"|Id="80"|morphId="660120170281"|Unicode="Ἰησοῦ."|Lemma="Ἰησοῦς"|Lang="G"|StrongNumber="G24240"|Morph="N,,,,,GMS,"|Case="Genitive"|Gender="Masculine"|Number="Singular"|English="of Jesus"
660120180011|καὶ|660120180021|conj|Cat="conj"|Id="3"|morphId="660120180011"|Unicode="καὶ"|Lemma="καί"|Lang="G"|StrongNumber="G25320"|Morph="CC,,,,,,,,"|Type="Coordinating"|English="and"
660120180021|ἐστάθη|None|CL|Cat="verb"|Id="7"|morphId="660120180021"|Unicode="ἐστάθη"|Lemma="ἵστημι"|Lang="G"|StrongNumber="G24760"|Morph="V,IAP3,,S,"|Mood="Indicative"|Tense="Aorist"|Voice="Passive"|Person="Third"|Number="Singular"|English="the dragon stood"
660120180031|ἐπὶ|660120180051|prep|Cat="prep"|Id="10"|morphId="660120180031"|Unicode="ἐπὶ"|Lemma="ἐπί"|Lang="G"|StrongNumber="G19090"|Morph="P,,,,,A,,,"|Case="Accusative"|English="on"
660120180041|τὴν|660120180051|det|Cat="det"|Id="12"|morphId="660120180041"|Unicode="τὴν"|Lemma="ὁ"|Lang="G"|StrongNumber="G35880"|Morph="EA,,,,AFS,"|Type="Article"|Case="Accusative"|Gender="Feminine"|Number="Singular"|English="the"
660120180051|ἄμμον|660120180021|ADV|Cat="noun"|Id="15"|morphId="660120180051"|Unicode="ἄμμον"|Lemma="ἄμμος"|Lang="G"|StrongNumber="G02850"|Morph="N,,,,,AFS,"|Case="Accusative"|Gender="Feminine"|Number="Singular"|English="sand"
660120180061|τῆς|660120180071|det|Cat="det"|Id="17"|morphId="660120180061"|Unicode="τῆς"|Lemma="ὁ"|Lang="G"|StrongNumber="G35880"|Morph="EA,,,,GFS,"|Type="Article"|Case="Genitive"|Gender="Feminine"|Number="Singular"|English="the"
660120180071|θαλάσσης.|660120180051|np|Cat="noun"|Id="19"|morphId="660120180071"|Unicode="θαλάσσης."|Lemma="θάλασσα"|Lang="G"|StrongNumber="G22810"|Morph="N,,,,,GFS,"|Case="Genitive"|Gender="Feminine"|Number="Singular"|English="of ~ sea"
