450030010021|οὖν|450030010011|conj|Cat="conj"|Id="3"|morphId="450030010021"|Unicode="οὖν"|Lemma="οὖν"|Lang="G"|StrongNumber="G37670"|Morph="CC,,,,,,,,"|Type="Coordinating"|English="then"
450030010011|τί|None|CL|Cat="pron"|Id="8"|morphId="450030010011"|Unicode="τί"|Lemma="τίς"|Lang="G"|StrongNumber="G51010"|Morph="RT,,,,NNS,"|Type="Interrogative"|Case="Nominative"|Gender="Neuter"|Number="Singular"|English="what"
450030010031|τὸ|450030010041|det|Cat="det"|Id="11"|morphId="450030010031"|Unicode="τὸ"|Lemma="ὁ"|Lang="G"|StrongNumber="G35880"|Morph="EA,,,,NNS,"|Type="Article"|Case="Nominative"|Gender="Neuter"|Number="Singular"|English="the"
450030010041|περισσὸν|450030010011|S|Cat="noun"|Id="14"|morphId="450030010041"|Unicode="περισσὸν"|Lemma="περισσός"|Lang="G"|StrongNumber="G40530"|Morph="NS,,,,NNS,"|Type="Substantive_Adj"|Case="Nominative"|Gender="Neuter"|Number="Singular"|English="advantage"
450030010051|τοῦ|450030010061|det|Cat="det"|Id="16"|morphId="450030010051"|Unicode="τοῦ"|Lemma="ὁ"|Lang="G"|StrongNumber="G35880"|Morph="EA,,,,GMS,"|Type="Article"|Case="Genitive"|Gender="Masculine"|Number="Singular"|English="the"
450030010061|Ἰουδαίου,|450030010041|np|Cat="noun"|Id="18"|morphId="450030010061"|Unicode="Ἰουδαίου,"|Lemma="Ἰουδαῖος"|Lang="G"|StrongNumber="G24530"|Morph="NS,,,,GMS,"|Type="Substantive_Adj"|Case="Genitive"|Gender="Masculine"|Number="Singular"|English="jew"
450030010071|ἢ|450030010011|conj|Cat="conj"|Id="19"|morphId="450030010071"|Unicode="ἢ"|Lemma="ἤ"|Lang="G"|StrongNumber="G22280"|Morph="CC,,,,,,,,"|Type="Coordinating"|English="or"
450030010081|τίς|450030010011|CL|Cat="pron"|Id="23"|morphId="450030010081"|Unicode="τίς"|Lemma="τίς"|Lang="G"|StrongNumber="G51010"|Morph="RT,,,,NFS,"|Type="Interrogative"|Case="Nominative"|Gender="Feminine"|Number="Singular"|English="what"
450030010091|ἡ|450030010101|det|Cat="det"|Id="26"|morphId="450030010091"|Unicode="ἡ"|Lemma="ὁ"|Lang="G"|StrongNumber="G35880"|Morph="EA,,,,NFS,"|Type="Article"|Case="Nominative"|Gender="Feminine"|Number="Singular"|English="the"
450030010101|ὠφέλια|450030010081|S|Cat="noun"|Id="29"|morphId="450030010101"|Unicode="ὠφέλια"|Lemma="ὠφέλια"|Lang="G"|StrongNumber="G56220"|Morph="N,,,,,NFS,"|Case="Nominative"|Gender="Feminine"|Number="Singular"|English="value"
450030010111|τῆς|450030010121|det|Cat="det"|Id="31"|morphId="450030010111"|Unicode="τῆς"|Lemma="ὁ"|Lang="G"|StrongNumber="G35880"|Morph="EA,,,,GFS,"|Type="Article"|Case="Genitive"|Gender="Feminine"|Number="Singular"
450030010121|περιτομῆς?|450030010101|np|Cat="noun"|Id="33"|morphId="450030010121"|Unicode="περιτομῆς?"|Lemma="περιτομή"|Lang="G"|StrongNumber="G40610"|Morph="N,,,,,GFS,"|Case="Genitive"|Gender="Feminine"|Number="Singular"|English="of circumcision"
450030020011|πολὺ|None|CL|Cat="pron"|Id="5"|morphId="450030020011"|Unicode="πολὺ"|Lemma="πολύς"|Lang="G"|StrongNumber="G41830"|Morph="RI,,,,NNS,"|Type="Indefinite"|Case="Nominative"|Gender="Neuter"|Number="Singular"|English="much"
450030020021|κατὰ|450030020041|prep|Cat="prep"|Id="8"|morphId="450030020021"|Unicode="κατὰ"|Lemma="κατά"|Lang="G"|StrongNumber="G25960"|Morph="P,,,,,A,,,"|Case="Accusative"|English="in"
450030020031|πάντα|450030020041|adjp|Cat="det"|Id="12"|morphId="450030020031"|Unicode="πάντα"|Lemma="πᾶς"|Lang="G"|StrongNumber="G39560"|Morph="EQ,,,,AMS,"|Type="Quantifier"|Case="Accusative"|Gender="Masculine"|Number="Singular"|English="every"
450030020041|τρόπον.|450030020011|ADV|Cat="noun"|Id="14"|morphId="450030020041"|Unicode="τρόπον."|Lemma="τρόπος"|Lang="G"|StrongNumber="G51580"|Morph="N,,,,,AMS,"|Case="Accusative"|Gender="Masculine"|Number="Singular"|English="way"
450030020071|γὰρ|450030020051|conj|Cat="conj"|Id="16"|morphId="450030020071"|Unicode="γὰρ"|Lemma="γάρ"|Lang="G"|StrongNumber="G10630"|Morph="CC,,,,,,,,"|Type="Coordinating"|English="for"
450030020061|μὲν|450030020051|ptcl|Cat="ptcl"|Id="18"|morphId="450030020061"|Unicode="μὲν"|Lemma="μέν"|Lang="G"|StrongNumber="G33030"|Morph="T,,,,,,,,,"|English="indeed"
450030020051|πρῶτον|450030020011|CL|Cat="adv"|Id="22"|morphId="450030020051"|Unicode="πρῶτον"|Lemma="πρῶτον"|Lang="G"|StrongNumber="G44120"|Morph="D,,,,,,,,S"|English="first"
450030020081|ὅτι|450030020091|conj|Cat="conj"|Id="25"|morphId="450030020081"|Unicode="ὅτι"|Lemma="ὅτι"|Lang="G"|StrongNumber="G37540"|Morph="CS,,,,,,,,"|Type="Subordinating"|English="that"
450030020091|ἐπιστεύθησαν|450030020051|S|Cat="verb"|Id="29"|morphId="450030020091"|Unicode="ἐπιστεύθησαν"|Lemma="πιστεύω"|Lang="G"|StrongNumber="G41000"|Morph="V,IAP3,,P,"|Mood="Indicative"|Tense="Aorist"|Voice="Passive"|Person="Third"|Number="Plural"|English="they were entrusted with"
450030020101|τὰ|450030020111|det|Cat="det"|Id="32"|morphId="450030020101"|Unicode="τὰ"|Lemma="ὁ"|Lang="G"|StrongNumber="G35880"|Morph="EA,,,,ANP,"|Type="Article"|Case="Accusative"|Gender="Neuter"|Number="Plural"|English="the"
450030020111|λόγια|450030020091|O|Cat="noun"|Id="35"|morphId="450030020111"|Unicode="λόγια"|Lemma="λόγιον"|Lang="G"|StrongNumber="G30510"|Morph="N,,,,,ANP,"|Case="Accusative"|Gender="Neuter"|Number="Plural"|English="oracles"
450030020121|τοῦ|450030020131|det|Cat="det"|Id="37"|morphId="450030020121"|Unicode="τοῦ"|Lemma="ὁ"|Lang="G"|StrongNumber="G35880"|Morph="EA,,,,GMS,"|Type="Article"|Case="Genitive"|Gender="Masculine"|Number="Singular"
450030020131|Θεοῦ.|450030020111|np|Cat="noun"|Id="39"|morphId="450030020131"|Unicode="Θεοῦ."|Lemma="θεός"|Lang="G"|StrongNumber="G23160"|Morph="N,,,,,GMS,"|Case="Genitive"|Gender="Masculine"|Number="Singular"|English="of God"
450030030021|γάρ|450030030011|conj|Cat="conj"|Id="3"|morphId="450030030021"|Unicode="γάρ"|Lemma="γάρ"|Lang="G"|StrongNumber="G10630"|Morph="CC,,,,,,,,"|Type="Coordinating"|English="then"
450030030011|τί|None|CL|Cat="pron"|Id="8"|morphId="450030030011"|Unicode="τί"|Lemma="τίς"|Lang="G"|StrongNumber="G51010"|Morph="RT,,,,NNS,"|Type="Interrogative"|Case="Nominative"|Gender="Neuter"|Number="Singular"|English="for what"
450030030031|εἰ|450030030041|conj|Cat="conj"|Id="10"|morphId="450030030031"|Unicode="εἰ"|Lemma="εἰ"|Lang="G"|StrongNumber="G14870"|Morph="CS,,,,,,,,"|Type="Subordinating"|English="if"
450030030041|ἠπίστησάν|450030030011|CL|Cat="verb"|Id="14"|morphId="450030030041"|Unicode="ἠπίστησάν"|Lemma="ἀπιστέω"|Lang="G"|StrongNumber="G05690"|Morph="V,IAA3,,P,"|Mood="Indicative"|Tense="Aorist"|Voice="Active"|Person="Third"|Number="Plural"|English="were unfaithful"
450030030051|τινες?|450030030041|S|Cat="pron"|Id="17"|morphId="450030030051"|Unicode="τινες?"|Lemma="τις"|Lang="G"|StrongNumber="G51000"|Morph="RI,,,,NMP,"|Type="Indefinite"|Case="Nominative"|Gender="Masculine"|Number="Plural"
450030030061|μὴ|450030030141|ptcl|Cat="ptcl"|Id="19"|morphId="450030030061"|Unicode="μὴ"|Lemma="μή"|Lang="G"|StrongNumber="G33610"|Morph="T,,,,,,,,,"|English="not"
450030030071|ἡ|450030030081|det|Cat="det"|Id="23"|morphId="450030030071"|Unicode="ἡ"|Lemma="ὁ"|Lang="G"|StrongNumber="G35880"|Morph="EA,,,,NFS,"|Type="Article"|Case="Nominative"|Gender="Feminine"|Number="Singular"|English="the"
450030030081|ἀπιστία|450030030141|S|Cat="noun"|Id="26"|morphId="450030030081"|Unicode="ἀπιστία"|Lemma="ἀπιστία"|Lang="G"|StrongNumber="G05700"|Morph="N,,,,,NFS,"|Case="Nominative"|Gender="Feminine"|Number="Singular"|English="unbelief"
450030030091|αὐτῶν,|450030030081|np|Cat="pron"|Id="28"|morphId="450030030091"|Unicode="αὐτῶν,"|Lemma="αὐτός"|Lang="G"|StrongNumber="G08460"|Morph="RP,,,3GMP,"|Type="Personal"|Person="Third"|Case="Genitive"|Gender="Masculine"|Number="Plural"|English="of them"
450030030101|τὴν|450030030111|det|Cat="det"|Id="31"|morphId="450030030101"|Unicode="τὴν"|Lemma="ὁ"|Lang="G"|StrongNumber="G35880"|Morph="EA,,,,AFS,"|Type="Article"|Case="Accusative"|Gender="Feminine"|Number="Singular"|English="the"
450030030111|πίστιν|450030030141|O|Cat="noun"|Id="34"|morphId="450030030111"|Unicode="πίστιν"|Lemma="πίστις"|Lang="G"|StrongNumber="G41020"|Morph="N,,,,,AFS,"|Case="Accusative"|Gender="Feminine"|Number="Singular"|English="faithfulness"
450030030121|τοῦ|450030030131|det|Cat="det"|Id="36"|morphId="450030030121"|Unicode="τοῦ"|Lemma="ὁ"|Lang="G"|StrongNumber="G35880"|Morph="EA,,,,GMS,"|Type="Article"|Case="Genitive"|Gender="Masculine"|Number="Singular"
450030030131|Θεοῦ|450030030111|np|Cat="noun"|Id="38"|morphId="450030030131"|Unicode="Θεοῦ"|Lemma="θεός"|Lang="G"|StrongNumber="G23160"|Morph="N,,,,,GMS,"|Case="Genitive"|Gender="Masculine"|Number="Singular"|English="of God"
450030030141|καταργήσει?|450030030011|CL|Cat="verb"|Id="41"|morphId="450030030141"|Unicode="καταργήσει?"|Lemma="καταργέω"|Lang="G"|StrongNumber="G26730"|Morph="V,IFA3,,S,"|Mood="Indicative"|Tense="Future"|Voice="Active"|Person="Third"|Number="Singular"|English="will ~ nullify"
450030040011|μὴ|450030040021|ADV|Cat="adv"|Id="5"|morphId="450030040011"|Unicode="μὴ"|Lemma="μή"|Lang="G"|StrongNumber="G33610"|Morph="D,,,,,,,,,"|English="never"
450030040021|γένοιτο!|None|CL|Cat="verb"|Id="8"|morphId="450030040021"|Unicode="γένοιτο!"|Lemma="γίνομαι"|Lang="G"|StrongNumber="G10960"|Morph="V,OAM3,,S,"|Mood="Optative"|Tense="Aorist"|Voice="Middle"|Person="Third"|Number="Singular"|English="may it ~ be"
450030040041|δὲ|450030040071|conj|Cat="conj"|Id="10"|morphId="450030040041"|Unicode="δὲ"|Lemma="δέ"|Lang="G"|StrongNumber="G11610"|Morph="CC,,,,,,,,"|Type="Coordinating"|English="but"
450030040031|γινέσθω|450030040071|VC|Cat="verb"|Id="16"|morphId="450030040031"|Unicode="γινέσθω"|Lemma="γίνομαι"|Lang="G"|StrongNumber="G10960"|Morph="V,MPM3,,S,"|Mood="Imperative"|Tense="Present"|Voice="Middle"|Person="Third"|Number="Singular"|English="let ~ be"
450030040051|ὁ|450030040061|det|Cat="det"|Id="19"|morphId="450030040051"|Unicode="ὁ"|Lemma="ὁ"|Lang="G"|StrongNumber="G35880"|Morph="EA,,,,NMS,"|Type="Article"|Case="Nominative"|Gender="Masculine"|Number="Singular"
450030040061|Θεὸς|450030040071|S|Cat="noun"|Id="21"|morphId="450030040061"|Unicode="Θεὸς"|Lemma="θεός"|Lang="G"|StrongNumber="G23160"|Morph="N,,,,,NMS,"|Case="Nominative"|Gender="Masculine"|Number="Singular"|English="God"
450030040071|ἀληθής,|450030040021|CL|Cat="noun"|Id="24"|morphId="450030040071"|Unicode="ἀληθής,"|Lemma="ἀληθής"|Lang="G"|StrongNumber="G02270"|Morph="NP,,,,NMS,"|Type="Predicate_Adj"|Case="Nominative"|Gender="Masculine"|Number="Singular"|English="true"
450030040091|δὲ|450030040071|conj|Cat="conj"|Id="25"|morphId="450030040091"|Unicode="δὲ"|Lemma="δέ"|Lang="G"|StrongNumber="G11610"|Morph="CC,,,,,,,,"|Type="Coordinating"|English="but"
450030040081|πᾶς|450030040101|adjp|Cat="det"|Id="31"|morphId="450030040081"|Unicode="πᾶς"|Lemma="πᾶς"|Lang="G"|StrongNumber="G39560"|Morph="EQ,,,,NMS,"|Type="Quantifier"|Case="Nominative"|Gender="Masculine"|Number="Singular"|English="every"
450030040101|ἄνθρωπος|450030040111|S|Cat="noun"|Id="33"|morphId="450030040101"|Unicode="ἄνθρωπος"|Lemma="ἄνθρωπος"|Lang="G"|StrongNumber="G04440"|Morph="N,,,,,NMS,"|Case="Nominative"|Gender="Masculine"|Number="Singular"|English="man"
450030040111|ψεύστης,|450030040071|CL|Cat="noun"|Id="36"|morphId="450030040111"|Unicode="ψεύστης,"|Lemma="ψεύστης"|Lang="G"|StrongNumber="G55830"|Morph="N,,,,,NMS,"|Case="Nominative"|Gender="Masculine"|Number="Singular"|English="a liar"
450030040121|καθὼς|450030040131|conj|Cat="adv"|Id="39"|morphId="450030040121"|Unicode="καθὼς"|Lemma="καθώς"|Lang="G"|StrongNumber="G25310"|Morph="D,,,,,,,,,"|English="as"
450030040131|γέγραπται,|450030040071|CL|Cat="verb"|Id="44"|morphId="450030040131"|Unicode="γέγραπται,"|Lemma="γράφω"|Lang="G"|StrongNumber="G11250"|Morph="V,IEP3,,S,"|Mood="Indicative"|Tense="Perfect"|Voice="Passive"|Person="Third"|Number="Singular"|English="it is written"
450030040141|ὅπως|450030040161|conj|Cat="conj"|Id="46"|morphId="450030040141"|Unicode="ὅπως"|Lemma="ὅπως"|Lang="G"|StrongNumber="G37040"|Morph="CS,,,,,,,,"|Type="Subordinating"|English="that"
450030040151|ἂν|450030040161|ptcl|Cat="ptcl"|Id="49"|morphId="450030040151"|Unicode="ἂν"|Lemma="ἄν"|Lang="G"|StrongNumber="G03020"|Morph="T,,,,,,,,,"|English="may"
450030040161|δικαιωθῇς|450030040131|CL|Cat="verb"|Id="53"|morphId="450030040161"|Unicode="δικαιωθῇς"|Lemma="δικαιόω"|Lang="G"|StrongNumber="G13440"|Morph="V,SAP2,,S,"|Mood="Subjunctive"|Tense="Aorist"|Voice="Passive"|Person="Second"|Number="Singular"|English="you ~ be justified"
450030040171|ἐν|450030040191|prep|Cat="prep"|Id="56"|morphId="450030040171"|Unicode="ἐν"|Lemma="ἐν"|Lang="G"|StrongNumber="G17220"|Morph="P,,,,,D,,,"|Case="Dative"|English="in"
450030040181|τοῖς|450030040191|det|Cat="det"|Id="58"|morphId="450030040181"|Unicode="τοῖς"|Lemma="ὁ"|Lang="G"|StrongNumber="G35880"|Morph="EA,,,,DMP,"|Type="Article"|Case="Dative"|Gender="Masculine"|Number="Plural"|English="the"
450030040191|λόγοις|450030040161|ADV|Cat="noun"|Id="61"|morphId="450030040191"|Unicode="λόγοις"|Lemma="λόγος"|Lang="G"|StrongNumber="G30560"|Morph="N,,,,,DMP,"|Case="Dative"|Gender="Masculine"|Number="Plural"|English="words"
450030040201|σου,|450030040191|np|Cat="pron"|Id="63"|morphId="450030040201"|Unicode="σου,"|Lemma="σύ"|Lang="G"|StrongNumber="G47710"|Morph="RP,,,2G,S,"|Type="Personal"|Person="Second"|Case="Genitive"|Number="Singular"|English="of you"
450030040211|καὶ|450030040161|conj|Cat="conj"|Id="64"|morphId="450030040211"|Unicode="καὶ"|Lemma="καί"|Lang="G"|StrongNumber="G25320"|Morph="CC,,,,,,,,"|Type="Coordinating"|English="and"
450030040221|νικήσεις|450030040161|CL|Cat="verb"|Id="68"|morphId="450030040221"|Unicode="νικήσεις"|Lemma="νικάω"|Lang="G"|StrongNumber="G35280"|Morph="V,IFA2,,S,"|Mood="Indicative"|Tense="Future"|Voice="Active"|Person="Second"|Number="Singular"|English="prevail"
450030040231|ἐν|450030040251|prep|Cat="prep"|Id="71"|morphId="450030040231"|Unicode="ἐν"|Lemma="ἐν"|Lang="G"|StrongNumber="G17220"|Morph="P,,,,,D,,,"|Case="Dative"|English="when"
450030040241|τῷ|450030040251|det|Cat="pron"|Id="74"|morphId="450030040241"|Unicode="τῷ"|Lemma="ὁ"|Lang="G"|StrongNumber="G35880"|Morph="RD,,,,DNS,"|Type="Demonstrative"|Case="Dative"|Gender="Neuter"|Number="Singular"|English="the"
450030040251|κρίνεσθαί|450030040221|ADV|Cat="verb"|Id="78"|morphId="450030040251"|Unicode="κρίνεσθαί"|Lemma="κρίνω"|Lang="G"|StrongNumber="G29190"|Morph="V,NPP,,,,,"|Mood="Infinitive"|Tense="Present"|Voice="Passive"|English="are judged"
450030040261|σε.|450030040251|S|Cat="pron"|Id="81"|morphId="450030040261"|Unicode="σε."|Lemma="σύ"|Lang="G"|StrongNumber="G47710"|Morph="RP,,,2A,S,"|Type="Personal"|Person="Second"|Case="Accusative"|Number="Singular"|English="of you"
450030050021|δὲ|450030050101|conj|Cat="conj"|Id="3"|morphId="450030050021"|Unicode="δὲ"|Lemma="δέ"|Lang="G"|StrongNumber="G11610"|Morph="CC,,,,,,,,"|Type="Coordinating"|English="but"
450030050011|εἰ|450030050081|conj|Cat="conj"|Id="6"|morphId="450030050011"|Unicode="εἰ"|Lemma="εἰ"|Lang="G"|StrongNumber="G14870"|Morph="CS,,,,,,,,"|Type="Subordinating"|English="if"
450030050031|ἡ|450030050041|det|Cat="det"|Id="10"|morphId="450030050031"|Unicode="ἡ"|Lemma="ὁ"|Lang="G"|StrongNumber="G35880"|Morph="EA,,,,NFS,"|Type="Article"|Case="Nominative"|Gender="Feminine"|Number="Singular"|English="the"
450030050041|ἀδικία|450030050081|S|Cat="noun"|Id="13"|morphId="450030050041"|Unicode="ἀδικία"|Lemma="ἀδικία"|Lang="G"|StrongNumber="G00930"|Morph="N,,,,,NFS,"|Case="Nominative"|Gender="Feminine"|Number="Singular"|English="unrighteousness"
450030050051|ἡμῶν,|450030050041|np|Cat="pron"|Id="15"|morphId="450030050051"|Unicode="ἡμῶν,"|Lemma="ἐγώ"|Lang="G"|StrongNumber="G14730"|Morph="RP,,,1G,P,"|Type="Personal"|Person="First"|Case="Genitive"|Number="Plural"|English="of us"
450030050061|Θεοῦ|450030050071|np|Cat="noun"|Id="19"|morphId="450030050061"|Unicode="Θεοῦ"|Lemma="θεός"|Lang="G"|StrongNumber="G23160"|Morph="N,,,,,GMS,"|Case="Genitive"|Gender="Masculine"|Number="Singular"|English="of God"
450030050071|δικαιοσύνην|450030050081|O|Cat="noun"|Id="21"|morphId="450030050071"|Unicode="δικαιοσύνην"|Lemma="δικαιοσύνη"|Lang="G"|StrongNumber="G13430"|Morph="N,,,,,AFS,"|Case="Accusative"|Gender="Feminine"|Number="Singular"|English="righteousness"
450030050081|συνίστησιν,|450030050101|CL|Cat="verb"|Id="24"|morphId="450030050081"|Unicode="συνίστησιν,"|Lemma="συνίστημι"|Lang="G"|StrongNumber="G49210"|Morph="V,IPA3,,S,"|Mood="Indicative"|Tense="Present"|Voice="Active"|Person="Third"|Number="Singular"|English="demonstrates"
450030050091|τί|450030050101|O|Cat="pron"|Id="28"|morphId="450030050091"|Unicode="τί"|Lemma="τίς"|Lang="G"|StrongNumber="G51010"|Morph="RT,,,,ANS,"|Type="Interrogative"|Case="Accusative"|Gender="Neuter"|Number="Singular"|English="what"
450030050101|ἐροῦμεν?|None|CL|Cat="verb"|Id="31"|morphId="450030050101"|Unicode="ἐροῦμεν?"|Lemma="λέγω"|Lang="G"|StrongNumber="G30040"|Morph="V,IFA1,,P,"|Mood="Indicative"|Tense="Future"|Voice="Active"|Person="First"|Number="Plural"|English="shall we say"
450030050111|μὴ|450030050121|ptcl|Cat="ptcl"|Id="33"|morphId="450030050111"|Unicode="μὴ"|Lemma="μή"|Lang="G"|StrongNumber="G33610"|Morph="T,,,,,,,,,"|English="not"
450030050121|ἄδικος|450030050101|CL|Cat="noun"|Id="37"|morphId="450030050121"|Unicode="ἄδικος"|Lemma="ἄδικος"|Lang="G"|StrongNumber="G00940"|Morph="NP,,,,NMS,"|Type="Predicate_Adj"|Case="Nominative"|Gender="Masculine"|Number="Singular"|English="unjust"
450030050131|ὁ|450030050141|det|Cat="det"|Id="41"|morphId="450030050131"|Unicode="ὁ"|Lemma="ὁ"|Lang="G"|StrongNumber="G35880"|Morph="EA,,,,NMS,"|Type="Article"|Case="Nominative"|Gender="Masculine"|Number="Singular"|English="the"
450030050141|Θεὸς,|450030050121|S|Cat="noun"|Id="43"|morphId="450030050141"|Unicode="Θεὸς,"|Lemma="θεός"|Lang="G"|StrongNumber="G23160"|Morph="N,,,,,NMS,"|Case="Nominative"|Gender="Masculine"|Number="Singular"|English="God"
450030050151|ὁ|450030050161|det|Cat="pron"|Id="46"|morphId="450030050151"|Unicode="ὁ"|Lemma="ὁ"|Lang="G"|StrongNumber="G35880"|Morph="RD,,,,NMS,"|Type="Demonstrative"|Case="Nominative"|Gender="Masculine"|Number="Singular"|English="the one"
450030050161|ἐπιφέρων|450030050141|np|Cat="verb"|Id="50"|morphId="450030050161"|Unicode="ἐπιφέρων"|Lemma="ἐπιφέρω"|Lang="G"|StrongNumber="G20180"|Morph="V,PPA,NMS,"|Mood="Participle"|Tense="Present"|Voice="Active"|Case="Nominative"|Gender="Masculine"|Number="Singular"|English="inflict"
450030050171|τὴν|450030050181|det|Cat="det"|Id="53"|morphId="450030050171"|Unicode="τὴν"|Lemma="ὁ"|Lang="G"|StrongNumber="G35880"|Morph="EA,,,,AFS,"|Type="Article"|Case="Accusative"|Gender="Feminine"|Number="Singular"
450030050181|ὀργήν?|450030050161|O|Cat="noun"|Id="55"|morphId="450030050181"|Unicode="ὀργήν?"|Lemma="ὀργή"|Lang="G"|StrongNumber="G37090"|Morph="N,,,,,AFS,"|Case="Accusative"|Gender="Feminine"|Number="Singular"|English="wrath"
450030050191|(κατὰ|450030050201|prep|Cat="prep"|Id="59"|morphId="450030050191"|Unicode="(κατὰ"|Lemma="κατά"|Lang="G"|StrongNumber="G25960"|Morph="P,,,,,A,,,"|Case="Accusative"|English="in"
450030050201|ἄνθρωπον|450030050211|ADV|Cat="noun"|Id="61"|morphId="450030050201"|Unicode="ἄνθρωπον"|Lemma="ἄνθρωπος"|Lang="G"|StrongNumber="G04440"|Morph="N,,,,,AMS,"|Case="Accusative"|Gender="Masculine"|Number="Singular"|English="a human"
450030050211|λέγω.)|450030050101|CL|Cat="verb"|Id="64"|morphId="450030050211"|Unicode="λέγω.)"|Lemma="λέγω"|Lang="G"|StrongNumber="G30040"|Morph="V,IPA1,,S,"|Mood="Indicative"|Tense="Present"|Voice="Active"|Person="First"|Number="Singular"|English="I speak"
450030060011|μὴ|450030060021|ADV|Cat="adv"|Id="5"|morphId="450030060011"|Unicode="μὴ"|Lemma="μή"|Lang="G"|StrongNumber="G33610"|Morph="D,,,,,,,,,"|English="never"
450030060021|γένοιτο|None|CL|Cat="verb"|Id="8"|morphId="450030060021"|Unicode="γένοιτο"|Lemma="γίνομαι"|Lang="G"|StrongNumber="G10960"|Morph="V,OAM3,,S,"|Mood="Optative"|Tense="Aorist"|Voice="Middle"|Person="Third"|Number="Singular"|English="may it ~ be"
450030060031|ἐπεὶ|450030060051|conj|Cat="conj"|Id="10"|morphId="450030060031"|Unicode="ἐπεὶ"|Lemma="ἐπεί"|Lang="G"|StrongNumber="G18930"|Morph="CS,,,,,,,,"|Type="Subordinating"|English="for then"
450030060041|πῶς|450030060051|ADV|Cat="adv"|Id="14"|morphId="450030060041"|Unicode="πῶς"|Lemma="πῶς"|Lang="G"|StrongNumber="G44590"|Morph="D,,,,,,,,,"|English="how"
450030060051|κρινεῖ|450030060021|CL|Cat="verb"|Id="17"|morphId="450030060051"|Unicode="κρινεῖ"|Lemma="κρίνω"|Lang="G"|StrongNumber="G29190"|Morph="V,IFA3,,S,"|Mood="Indicative"|Tense="Future"|Voice="Active"|Person="Third"|Number="Singular"|English="will ~ judge"
450030060061|ὁ|450030060071|det|Cat="det"|Id="20"|morphId="450030060061"|Unicode="ὁ"|Lemma="ὁ"|Lang="G"|StrongNumber="G35880"|Morph="EA,,,,NMS,"|Type="Article"|Case="Nominative"|Gender="Masculine"|Number="Singular"
450030060071|Θεὸς|450030060051|S|Cat="noun"|Id="22"|morphId="450030060071"|Unicode="Θεὸς"|Lemma="θεός"|Lang="G"|StrongNumber="G23160"|Morph="N,,,,,NMS,"|Case="Nominative"|Gender="Masculine"|Number="Singular"|English="God"
450030060081|τὸν|450030060091|det|Cat="det"|Id="25"|morphId="450030060081"|Unicode="τὸν"|Lemma="ὁ"|Lang="G"|StrongNumber="G35880"|Morph="EA,,,,AMS,"|Type="Article"|Case="Accusative"|Gender="Masculine"|Number="Singular"|English="the"
450030060091|κόσμον?|450030060051|O|Cat="noun"|Id="27"|morphId="450030060091"|Unicode="κόσμον?"|Lemma="κόσμος"|Lang="G"|StrongNumber="G28890"|Morph="N,,,,,AMS,"|Case="Accusative"|Gender="Masculine"|Number="Singular"|English="world"
450030070021|δὲ|450030070211|conj|Cat="conj"|Id="3"|morphId="450030070021"|Unicode="δὲ"|Lemma="δέ"|Lang="G"|StrongNumber="G11610"|Morph="CC,,,,,,,,"|Type="Coordinating"|English="but"
450030070011|εἰ|450030070111|conj|Cat="conj"|Id="6"|morphId="450030070011"|Unicode="εἰ"|Lemma="εἰ"|Lang="G"|StrongNumber="G14870"|Morph="CS,,,,,,,,"|Type="Subordinating"|English="if"
450030070031|ἡ|450030070041|det|Cat="det"|Id="10"|morphId="450030070031"|Unicode="ἡ"|Lemma="ὁ"|Lang="G"|StrongNumber="G35880"|Morph="EA,,,,NFS,"|Type="Article"|Case="Nominative"|Gender="Feminine"|Number="Singular"|English="the"
450030070041|ἀλήθεια|450030070111|S|Cat="noun"|Id="13"|morphId="450030070041"|Unicode="ἀλήθεια"|Lemma="ἀλήθεια"|Lang="G"|StrongNumber="G02250"|Morph="N,,,,,NFS,"|Case="Nominative"|Gender="Feminine"|Number="Singular"|English="truth"
450030070051|τοῦ|450030070061|det|Cat="det"|Id="15"|morphId="450030070051"|Unicode="τοῦ"|Lemma="ὁ"|Lang="G"|StrongNumber="G35880"|Morph="EA,,,,GMS,"|Type="Article"|Case="Genitive"|Gender="Masculine"|Number="Singular"
450030070061|Θεοῦ|450030070041|np|Cat="noun"|Id="17"|morphId="450030070061"|Unicode="Θεοῦ"|Lemma="θεός"|Lang="G"|StrongNumber="G23160"|Morph="N,,,,,GMS,"|Case="Genitive"|Gender="Masculine"|Number="Singular"|English="God’s"
450030070071|ἐν|450030070101|prep|Cat="prep"|Id="20"|morphId="450030070071"|Unicode="ἐν"|Lemma="ἐν"|Lang="G"|StrongNumber="G17220"|Morph="P,,,,,D,,,"|Case="Dative"|English="through"
450030070081|τῷ|450030070101|det|Cat="det"|Id="22"|morphId="450030070081"|Unicode="τῷ"|Lemma="ὁ"|Lang="G"|StrongNumber="G35880"|Morph="EA,,,,DNS,"|Type="Article"|Case="Dative"|Gender="Neuter"|Number="Singular"
450030070091|ἐμῷ|450030070101|adjp|Cat="det"|Id="26"|morphId="450030070091"|Unicode="ἐμῷ"|Lemma="ἐμός"|Lang="G"|StrongNumber="G16990"|Morph="EP,,,1DNS,"|Type="Possessive"|Person="First"|Case="Dative"|Gender="Neuter"|Number="Singular"|English="my"
450030070101|ψεύσματι|450030070111|ADV|Cat="noun"|Id="28"|morphId="450030070101"|Unicode="ψεύσματι"|Lemma="ψεῦσμα"|Lang="G"|StrongNumber="G55820"|Morph="N,,,,,DNS,"|Case="Dative"|Gender="Neuter"|Number="Singular"|English="lie"
450030070111|ἐπερίσσευσεν|450030070211|CL|Cat="verb"|Id="31"|morphId="450030070111"|Unicode="ἐπερίσσευσεν"|Lemma="περισσεύω"|Lang="G"|StrongNumber="G40520"|Morph="V,IAA3,,S,"|Mood="Indicative"|Tense="Aorist"|Voice="Active"|Person="Third"|Number="Singular"|English="abounds"
450030070121|εἰς|450030070141|prep|Cat="prep"|Id="34"|morphId="450030070121"|Unicode="εἰς"|Lemma="εἰς"|Lang="G"|StrongNumber="G15190"|Morph="P,,,,,A,,,"|Case="Accusative"|English="to"
450030070131|τὴν|450030070141|det|Cat="det"|Id="36"|morphId="450030070131"|Unicode="τὴν"|Lemma="ὁ"|Lang="G"|StrongNumber="G35880"|Morph="EA,,,,AFS,"|Type="Article"|Case="Accusative"|Gender="Feminine"|Number="Singular"|English="the"
450030070141|δόξαν|450030070111|ADV|Cat="noun"|Id="39"|morphId="450030070141"|Unicode="δόξαν"|Lemma="δόξα"|Lang="G"|StrongNumber="G13910"|Morph="N,,,,,AFS,"|Case="Accusative"|Gender="Feminine"|Number="Singular"|English="glory"
450030070151|αὐτοῦ,|450030070141|np|Cat="pron"|Id="41"|morphId="450030070151"|Unicode="αὐτοῦ,"|Lemma="αὐτός"|Lang="G"|StrongNumber="G08460"|Morph="RP,,,3GMS,"|Type="Personal"|Person="Third"|Case="Genitive"|Gender="Masculine"|Number="Singular"|English="of him"
450030070161|τί|450030070211|ADV|Cat="pron"|Id="45"|morphId="450030070161"|Unicode="τί"|Lemma="τίς"|Lang="G"|StrongNumber="G51010"|Morph="RT,,,,ANS,"|Type="Interrogative"|Case="Accusative"|Gender="Neuter"|Number="Singular"|English="why"
450030070171|ἔτι|450030070211|ADV|Cat="adv"|Id="48"|morphId="450030070171"|Unicode="ἔτι"|Lemma="ἔτι"|Lang="G"|StrongNumber="G20890"|Morph="D,,,,,,,,,"|English="still"
450030070181|κἀγὼ|450030070211|S|Cat="pron"|Id="51"|morphId="450030070181"|Unicode="κἀγὼ"|Lemma="κἀγώ"|Lang="G"|StrongNumber="G25040"|Morph="RP,,,1N,S,"|Type="Personal"|Person="First"|Case="Nominative"|Number="Singular"|English="also"
450030070191|ὡς|450030070201|prep|Cat="conj"|Id="55"|morphId="450030070191"|Unicode="ὡς"|Lemma="ὡς"|Lang="G"|StrongNumber="G56130"|Morph="CS,,,,,,,,"|Type="Subordinating"|English="as"
450030070201|ἁμαρτωλὸς|450030070211|ADV|Cat="noun"|Id="57"|morphId="450030070201"|Unicode="ἁμαρτωλὸς"|Lemma="ἁμαρτωλός"|Lang="G"|StrongNumber="G02680"|Morph="NS,,,,NMS,"|Type="Substantive_Adj"|Case="Nominative"|Gender="Masculine"|Number="Singular"|English="a sinner"
450030070211|κρίνομαι?|None|CL|Cat="verb"|Id="60"|morphId="450030070211"|Unicode="κρίνομαι?"|Lemma="κρίνω"|Lang="G"|StrongNumber="G29190"|Morph="V,IPP1,,S,"|Mood="Indicative"|Tense="Present"|Voice="Passive"|Person="First"|Number="Singular"|English="am I ~ being condemned"
450030080011|καὶ|450030080041|conj|Cat="conj"|Id="3"|morphId="450030080011"|Unicode="καὶ"|Lemma="καί"|Lang="G"|StrongNumber="G25320"|Morph="CC,,,,,,,,"|Type="Coordinating"|English="and"
450030080021|μὴ|450030080041|advp|Cat="adv"|Id="6"|morphId="450030080021"|Unicode="μὴ"|Lemma="μή"|Lang="G"|StrongNumber="G33610"|Morph="D,,,,,,,,,"|English="not"
450030080031|καθὼς|450030080041|conj|Cat="adv"|Id="10"|morphId="450030080031"|Unicode="καθὼς"|Lemma="καθώς"|Lang="G"|StrongNumber="G25310"|Morph="D,,,,,,,,,"|English="as"
450030080041|βλασφημούμεθα,|None|CL|Cat="verb"|Id="14"|morphId="450030080041"|Unicode="βλασφημούμεθα,"|Lemma="βλασφημέω"|Lang="G"|StrongNumber="G09870"|Morph="V,IPP1,,P,"|Mood="Indicative"|Tense="Present"|Voice="Passive"|Person="First"|Number="Plural"|English="we are slanderously reported"
450030080051|καὶ|450030080041|conj|Cat="conj"|Id="15"|morphId="450030080051"|Unicode="καὶ"|Lemma="καί"|Lang="G"|StrongNumber="G25320"|Morph="CC,,,,,,,,"|Type="Coordinating"|English="and"
450030080061|καθώς|450030080071|conj|Cat="adv"|Id="18"|morphId="450030080061"|Unicode="καθώς"|Lemma="καθώς"|Lang="G"|StrongNumber="G25310"|Morph="D,,,,,,,,,"|English="as"
450030080071|φασίν|450030080041|CL|Cat="verb"|Id="23"|morphId="450030080071"|Unicode="φασίν"|Lemma="φημί"|Lang="G"|StrongNumber="G53460"|Morph="V,IPA3,,P,"|Mood="Indicative"|Tense="Present"|Voice="Active"|Person="Third"|Number="Plural"|English="claim"
450030080081|τινες|450030080071|S|Cat="pron"|Id="26"|morphId="450030080081"|Unicode="τινες"|Lemma="τις"|Lang="G"|StrongNumber="G51000"|Morph="RI,,,,NMP,"|Type="Indefinite"|Case="Nominative"|Gender="Masculine"|Number="Plural"
450030080091|ἡμᾶς|450030080101|S|Cat="pron"|Id="32"|morphId="450030080091"|Unicode="ἡμᾶς"|Lemma="ἐγώ"|Lang="G"|StrongNumber="G14730"|Morph="RP,,,1A,P,"|Type="Personal"|Person="First"|Case="Accusative"|Number="Plural"|English="us"
450030080101|λέγειν,|450030080071|O|Cat="verb"|Id="35"|morphId="450030080101"|Unicode="λέγειν,"|Lemma="λέγω"|Lang="G"|StrongNumber="G30040"|Morph="V,NPA,,,,,"|Mood="Infinitive"|Tense="Present"|Voice="Active"|English="say"
450030080111|ὅτι|450030080121|conj|Cat="conj"|Id="37"|morphId="450030080111"|Unicode="ὅτι"|Lemma="ὅτι"|Lang="G"|StrongNumber="G37540"|Morph="CS,,,,,,,,"|Type="Subordinating"
450030080121|ποιήσωμεν|450030080101|CL|Cat="verb"|Id="42"|morphId="450030080121"|Unicode="ποιήσωμεν"|Lemma="ποιέω"|Lang="G"|StrongNumber="G41600"|Morph="V,SAA1,,P,"|Mood="Subjunctive"|Tense="Aorist"|Voice="Active"|Person="First"|Number="Plural"|English="let us do"
450030080131|τὰ|450030080141|det|Cat="det"|Id="45"|morphId="450030080131"|Unicode="τὰ"|Lemma="ὁ"|Lang="G"|StrongNumber="G35880"|Morph="EA,,,,ANP,"|Type="Article"|Case="Accusative"|Gender="Neuter"|Number="Plural"
450030080141|κακὰ,|450030080121|O|Cat="noun"|Id="47"|morphId="450030080141"|Unicode="κακὰ,"|Lemma="κακός"|Lang="G"|StrongNumber="G25560"|Morph="NS,,,,ANP,"|Type="Substantive_Adj"|Case="Accusative"|Gender="Neuter"|Number="Plural"|English="evil"
450030080151|ἵνα|450030080161|conj|Cat="conj"|Id="49"|morphId="450030080151"|Unicode="ἵνα"|Lemma="ἵνα"|Lang="G"|StrongNumber="G24430"|Morph="CS,,,,,,,,"|Type="Subordinating"|English="that"
450030080161|ἔλθῃ|450030080121|CL|Cat="verb"|Id="53"|morphId="450030080161"|Unicode="ἔλθῃ"|Lemma="ἔρχομαι"|Lang="G"|StrongNumber="G20640"|Morph="V,SAA3,,S,"|Mood="Subjunctive"|Tense="Aorist"|Voice="Active"|Person="Third"|Number="Singular"|English="may come"
450030080171|τὰ|450030080181|det|Cat="det"|Id="56"|morphId="450030080171"|Unicode="τὰ"|Lemma="ὁ"|Lang="G"|StrongNumber="G35880"|Morph="EA,,,,NNP,"|Type="Article"|Case="Nominative"|Gender="Neuter"|Number="Plural"
450030080181|ἀγαθά?|450030080161|S|Cat="noun"|Id="58"|morphId="450030080181"|Unicode="ἀγαθά?"|Lemma="ἀγαθός"|Lang="G"|StrongNumber="G00180"|Morph="NS,,,,NNP,"|Type="Substantive_Adj"|Case="Nominative"|Gender="Neuter"|Number="Plural"|English="good"
450030080191|ὧν|450030080211|np|Cat="pron"|Id="63"|morphId="450030080191"|Unicode="ὧν"|Lemma="ὅς"|Lang="G"|StrongNumber="G37390"|Morph="RR,,,,GMP,"|Type="Relative"|Case="Genitive"|Gender="Masculine"|Number="Plural"|English="whose"
450030080201|τὸ|450030080211|det|Cat="det"|Id="65"|morphId="450030080201"|Unicode="τὸ"|Lemma="ὁ"|Lang="G"|StrongNumber="G35880"|Morph="EP,,,,NNS,"|Type="Possessive"|Case="Nominative"|Gender="Neuter"|Number="Singular"
450030080211|κρίμα|450030080221|S|Cat="noun"|Id="67"|morphId="450030080211"|Unicode="κρίμα"|Lemma="κρίμα"|Lang="G"|StrongNumber="G29170"|Morph="N,,,,,NNS,"|Case="Nominative"|Gender="Neuter"|Number="Singular"|English="condemnation"
450030080221|ἔνδικόν|450030080071|CL|Cat="noun"|Id="70"|morphId="450030080221"|Unicode="ἔνδικόν"|Lemma="ἔνδικος"|Lang="G"|StrongNumber="G17380"|Morph="NP,,,,NNS,"|Type="Predicate_Adj"|Case="Nominative"|Gender="Neuter"|Number="Singular"|English="just"
450030080231|ἐστιν.|450030080221|VC|Cat="verb"|Id="73"|morphId="450030080231"|Unicode="ἐστιν."|Lemma="εἰμί"|Lang="G"|StrongNumber="G15100"|Morph="V,IPA3,,S,"|Mood="Indicative"|Tense="Present"|Voice="Active"|Person="Third"|Number="Singular"|English="is"
450030090021|οὖν?|450030090011|conj|Cat="conj"|Id="3"|morphId="450030090021"|Unicode="οὖν?"|Lemma="οὖν"|Lang="G"|StrongNumber="G37670"|Morph="CC,,,,,,,,"|Type="Coordinating"|English="then"
450030090011|τί|None|CL|Cat="pron"|Id="8"|morphId="450030090011"|Unicode="τί"|Lemma="τίς"|Lang="G"|StrongNumber="G51010"|Morph="RT,,,,ANS,"|Type="Interrogative"|Case="Accusative"|Gender="Neuter"|Number="Singular"|English="what"
450030090031|προεχόμεθα?|450030090011|CL|Cat="verb"|Id="12"|morphId="450030090031"|Unicode="προεχόμεθα?"|Lemma="προέχω"|Lang="G"|StrongNumber="G42840"|Morph="V,IPM1,,P,"|Mood="Indicative"|Tense="Present"|Voice="Middle"|Person="First"|Number="Plural"|English="are we ~ better"
450030090041|οὐ|450030090051|ADV|Cat="adv"|Id="17"|morphId="450030090041"|Unicode="οὐ"|Lemma="οὐ"|Lang="G"|StrongNumber="G37560"|Morph="D,,,,,,,,,"|English="not"
450030090051|πάντως;|450030090011|CL|Cat="adv"|Id="20"|morphId="450030090051"|Unicode="πάντως;"|Lemma="πάντως"|Lang="G"|StrongNumber="G38430"|Morph="D,,,,,,,,,"|English="at all"
450030090071|γὰρ,|450030090061|conj|Cat="conj"|Id="22"|morphId="450030090071"|Unicode="γὰρ,"|Lemma="γάρ"|Lang="G"|StrongNumber="G10630"|Morph="CC,,,,,,,,"|Type="Coordinating"|English="for"
450030090061|προῃτιασάμεθα|450030090051|CL|Cat="verb"|Id="26"|morphId="450030090061"|Unicode="προῃτιασάμεθα"|Lemma="προαιτιάομαι"|Lang="G"|StrongNumber="G42560"|Morph="V,IAM1,,P,"|Mood="Indicative"|Tense="Aorist"|Voice="Middle"|Person="First"|Number="Plural"|English="we have already charged"
450030090091|τε|450030090081|conj|Cat="adv"|Id="33"|morphId="450030090091"|Unicode="τε"|Lemma="τέ"|Lang="G"|StrongNumber="G50370"|Morph="DO,,,,,,,,"|Type="Correlative"|English="both"
450030090081|Ἰουδαίους|450030090141|S|Cat="noun"|Id="35"|morphId="450030090081"|Unicode="Ἰουδαίους"|Lemma="Ἰουδαῖος"|Lang="G"|StrongNumber="G24530"|Morph="NS,,,,AMP,"|Type="Substantive_Adj"|Case="Accusative"|Gender="Masculine"|Number="Plural"|English="jews"
450030090101|καὶ|450030090081|conj|Cat="conj"|Id="36"|morphId="450030090101"|Unicode="καὶ"|Lemma="καί"|Lang="G"|StrongNumber="G25320"|Morph="CO,,,,,,,,"|Type="Correlative"|English="and"
450030090111|Ἕλληνας,|450030090081|np|Cat="noun"|Id="38"|morphId="450030090111"|Unicode="Ἕλληνας,"|Lemma="Ἕλλην"|Lang="G"|StrongNumber="G16720"|Morph="N,,,,,AMP,"|Case="Accusative"|Gender="Masculine"|Number="Plural"|English="Greeks"
450030090121|πάντας|450030090081|adjp|Cat="det"|Id="41"|morphId="450030090121"|Unicode="πάντας"|Lemma="πᾶς"|Lang="G"|StrongNumber="G39560"|Morph="EQ,,,,AMP,"|Type="Quantifier"|Case="Accusative"|Gender="Masculine"|Number="Plural"|English="all"
450030090131|ὑφ’|450030090141|prep|Cat="prep"|Id="44"|morphId="450030090131"|Unicode="ὑφ’"|Lemma="ὑπό"|Lang="G"|StrongNumber="G52590"|Morph="P,,,,,A,,,"|Case="Accusative"|English="under"
450030090141|ἁμαρτίαν|450030090061|O|Cat="noun"|Id="46"|morphId="450030090141"|Unicode="ἁμαρτίαν"|Lemma="ἁμαρτία"|Lang="G"|StrongNumber="G02660"|Morph="N,,,,,AFS,"|Case="Accusative"|Gender="Feminine"|Number="Singular"|English="sin"
450030090151|εἶναι.|450030090141|VC|Cat="verb"|Id="49"|morphId="450030090151"|Unicode="εἶναι."|Lemma="εἰμί"|Lang="G"|StrongNumber="G15100"|Morph="V,NPA,,,,,"|Mood="Infinitive"|Tense="Present"|Voice="Active"|English="are"
450030100011|καθὼς|450030100021|conj|Cat="adv"|Id="4"|morphId="450030100011"|Unicode="καθὼς"|Lemma="καθώς"|Lang="G"|StrongNumber="G25310"|Morph="D,,,,,,,,,"|English="as"
450030100021|γέγραπται,|None|CL|Cat="verb"|Id="9"|morphId="450030100021"|Unicode="γέγραπται,"|Lemma="γράφω"|Lang="G"|StrongNumber="G11250"|Morph="V,IEP3,,S,"|Mood="Indicative"|Tense="Perfect"|Voice="Passive"|Person="Third"|Number="Singular"|English="it is written"
450030100031|ὅτι|450030100051|conj|Cat="conj"|Id="11"|morphId="450030100031"|Unicode="ὅτι"|Lemma="ὅτι"|Lang="G"|StrongNumber="G37540"|Morph="CS,,,,,,,,"|Type="Subordinating"|English=":"
450030100041|οὐκ|450030100051|ADV|Cat="adv"|Id="16"|morphId="450030100041"|Unicode="οὐκ"|Lemma="οὐ"|Lang="G"|StrongNumber="G37560"|Morph="D,,,,,,,,,"|English="no one"
450030100051|ἔστιν|450030100021|CL|Cat="verb"|Id="19"|morphId="450030100051"|Unicode="ἔστιν"|Lemma="εἰμί"|Lang="G"|StrongNumber="G15100"|Morph="V,IPA3,,S,"|Mood="Indicative"|Tense="Present"|Voice="Active"|Person="Third"|Number="Singular"|English="there is"
450030100061|δίκαιος|450030100051|S|Cat="noun"|Id="22"|morphId="450030100061"|Unicode="δίκαιος"|Lemma="δίκαιος"|Lang="G"|StrongNumber="G13420"|Morph="NP,,,,NMS,"|Type="Predicate_Adj"|Case="Nominative"|Gender="Masculine"|Number="Singular"|English="righteous"
450030100071|οὐδὲ|450030100081|ADV|Cat="adv"|Id="26"|morphId="450030100071"|Unicode="οὐδὲ"|Lemma="οὐδέ"|Lang="G"|StrongNumber="G37610"|Morph="D,,,,,,,,,"|English="not even"
450030100081|εἷς;|450030100051|CL|Cat="noun"|Id="29"|morphId="450030100081"|Unicode="εἷς;"|Lemma="εἷς"|Lang="G"|StrongNumber="G15200"|Morph="NS,,,,NMS,"|Type="Substantive_Adj"|Case="Nominative"|Gender="Masculine"|Number="Singular"|English="one"
450030110011|οὐκ|450030110021|ADV|Cat="adv"|Id="6"|morphId="450030110011"|Unicode="οὐκ"|Lemma="οὐ"|Lang="G"|StrongNumber="G37560"|Morph="D,,,,,,,,,"|English="no one"
450030110021|ἔστιν|None|CL|Cat="verb"|Id="9"|morphId="450030110021"|Unicode="ἔστιν"|Lemma="εἰμί"|Lang="G"|StrongNumber="G15100"|Morph="V,IPA3,,S,"|Mood="Indicative"|Tense="Present"|Voice="Active"|Person="Third"|Number="Singular"|English="there is"
450030110031|ὁ|450030110041|det|Cat="pron"|Id="13"|morphId="450030110031"|Unicode="ὁ"|Lemma="ὁ"|Lang="G"|StrongNumber="G35880"|Morph="RD,,,,NMS,"|Type="Demonstrative"|Case="Nominative"|Gender="Masculine"|Number="Singular"|English="the one"
450030110041|συνίων;|450030110021|S|Cat="verb"|Id="17"|morphId="450030110041"|Unicode="συνίων;"|Lemma="συνίημι"|Lang="G"|StrongNumber="G49200"|Morph="V,PPA,NMS,"|Mood="Participle"|Tense="Present"|Voice="Active"|Case="Nominative"|Gender="Masculine"|Number="Singular"|English="who understands"
450030110051|οὐκ|450030110061|ADV|Cat="adv"|Id="21"|morphId="450030110051"|Unicode="οὐκ"|Lemma="οὐ"|Lang="G"|StrongNumber="G37560"|Morph="D,,,,,,,,,"|English="no one"
450030110061|ἔστιν|450030110021|CL|Cat="verb"|Id="24"|morphId="450030110061"|Unicode="ἔστιν"|Lemma="εἰμί"|Lang="G"|StrongNumber="G15100"|Morph="V,IPA3,,S,"|Mood="Indicative"|Tense="Present"|Voice="Active"|Person="Third"|Number="Singular"|English="there is"
450030110071|ὁ|450030110081|det|Cat="pron"|Id="28"|morphId="450030110071"|Unicode="ὁ"|Lemma="ὁ"|Lang="G"|StrongNumber="G35880"|Morph="RD,,,,NMS,"|Type="Demonstrative"|Case="Nominative"|Gender="Masculine"|Number="Singular"|English="the one"
450030110081|ἐκζητῶν|450030110061|S|Cat="verb"|Id="32"|morphId="450030110081"|Unicode="ἐκζητῶν"|Lemma="ἐκζητέω"|Lang="G"|StrongNumber="G15670"|Morph="V,PPA,NMS,"|Mood="Participle"|Tense="Present"|Voice="Active"|Case="Nominative"|Gender="Masculine"|Number="Singular"|English="who seeks"
450030110091|τὸν|450030110101|det|Cat="det"|Id="35"|morphId="450030110091"|Unicode="τὸν"|Lemma="ὁ"|Lang="G"|StrongNumber="G35880"|Morph="EA,,,,AMS,"|Type="Article"|Case="Accusative"|Gender="Masculine"|Number="Singular"
450030110101|Θεόν.|450030110081|O|Cat="noun"|Id="37"|morphId="450030110101"|Unicode="Θεόν."|Lemma="θεός"|Lang="G"|StrongNumber="G23160"|Morph="N,,,,,AMS,"|Case="Accusative"|Gender="Masculine"|Number="Singular"|English="God"
450030120011|πάντες|450030120021|S|Cat="pron"|Id="6"|morphId="450030120011"|Unicode="πάντες"|Lemma="πᾶς"|Lang="G"|StrongNumber="G39560"|Morph="RI,,,,NMP,"|Type="Indefinite"|Case="Nominative"|Gender="Masculine"|Number="Plural"|English="all"
450030120021|ἐξέκλιναν,|None|CL|Cat="verb"|Id="9"|morphId="450030120021"|Unicode="ἐξέκλιναν,"|Lemma="ἐκκλίνω"|Lang="G"|StrongNumber="G15780"|Morph="V,IAA3,,P,"|Mood="Indicative"|Tense="Aorist"|Voice="Active"|Person="Third"|Number="Plural"|English="have turned aside"
450030120031|ἅμα|450030120041|ADV|Cat="adv"|Id="13"|morphId="450030120031"|Unicode="ἅμα"|Lemma="ἅμα"|Lang="G"|StrongNumber="G02600"|Morph="D,,,,,,,,,"|English="together"
450030120041|ἠχρεώθησαν;|450030120021|CL|Cat="verb"|Id="16"|morphId="450030120041"|Unicode="ἠχρεώθησαν;"|Lemma="ἀχρεόω"|Lang="G"|StrongNumber="G08890"|Morph="V,IAP3,,P,"|Mood="Indicative"|Tense="Aorist"|Voice="Passive"|Person="Third"|Number="Plural"|English="they have become worthless"
450030120051|οὐκ|450030120061|ADV|Cat="adv"|Id="21"|morphId="450030120051"|Unicode="οὐκ"|Lemma="οὐ"|Lang="G"|StrongNumber="G37560"|Morph="D,,,,,,,,,"|English="no one"
450030120061|ἔστιν|450030120021|CL|Cat="verb"|Id="24"|morphId="450030120061"|Unicode="ἔστιν"|Lemma="εἰμί"|Lang="G"|StrongNumber="G15100"|Morph="V,IPA3,,S,"|Mood="Indicative"|Tense="Present"|Voice="Active"|Person="Third"|Number="Singular"|English="there is"
450030120071|ποιῶν|450030120061|S|Cat="verb"|Id="29"|morphId="450030120071"|Unicode="ποιῶν"|Lemma="ποιέω"|Lang="G"|StrongNumber="G41600"|Morph="V,PPA,NMS,"|Mood="Participle"|Tense="Present"|Voice="Active"|Case="Nominative"|Gender="Masculine"|Number="Singular"|English="who does"
450030120081|χρηστότητα,|450030120071|O|Cat="noun"|Id="32"|morphId="450030120081"|Unicode="χρηστότητα,"|Lemma="χρηστότης"|Lang="G"|StrongNumber="G55440"|Morph="N,,,,,AFS,"|Case="Accusative"|Gender="Feminine"|Number="Singular"|English="good"
450030120091|οὐκ|450030120101|ADV|Cat="adv"|Id="36"|morphId="450030120091"|Unicode="οὐκ"|Lemma="οὐ"|Lang="G"|StrongNumber="G37560"|Morph="D,,,,,,,,,"|English="not"
450030120101|ἔστιν|450030120061|CL|Cat="verb"|Id="39"|morphId="450030120101"|Unicode="ἔστιν"|Lemma="εἰμί"|Lang="G"|StrongNumber="G15100"|Morph="V,IPA3,,S,"|Mood="Indicative"|Tense="Present"|Voice="Active"|Person="Third"|Number="Singular"|English="there is"
450030120111|ἕως|450030120121|prep|Cat="prep"|Id="42"|morphId="450030120111"|Unicode="ἕως"|Lemma="ἕως"|Lang="G"|StrongNumber="G21930"|Morph="PI,,,,G,,,"|Type="Improper"|Case="Genitive"|English="even"
450030120121|ἑνός.|450030120101|ADV|Cat="noun"|Id="44"|morphId="450030120121"|Unicode="ἑνός."|Lemma="εἷς"|Lang="G"|StrongNumber="G15200"|Morph="NS,,,,GMS,"|Type="Substantive_Adj"|Case="Genitive"|Gender="Masculine"|Number="Singular"|English="one"
450030130011|τάφος|None|CL|Cat="noun"|Id="8"|morphId="450030130011"|Unicode="τάφος"|Lemma="τάφος"|Lang="G"|StrongNumber="G50280"|Morph="N,,,,,NMS,"|Case="Nominative"|Gender="Masculine"|Number="Singular"|English="an ~ grave"
450030130021|ἀνεῳγμένος|450030130011|adjp|Cat="verb"|Id="13"|morphId="450030130021"|Unicode="ἀνεῳγμένος"|Lemma="ἀνεώγω"|Lang="G"|StrongNumber="G04550"|Morph="V,PEP,NMS,"|Mood="Participle"|Tense="Perfect"|Voice="Passive"|Case="Nominative"|Gender="Masculine"|Number="Singular"|English="open"
450030130031|ὁ|450030130041|det|Cat="det"|Id="16"|morphId="450030130031"|Unicode="ὁ"|Lemma="ὁ"|Lang="G"|StrongNumber="G35880"|Morph="EA,,,,NMS,"|Type="Article"|Case="Nominative"|Gender="Masculine"|Number="Singular"|English="is the"
450030130041|λάρυγξ|450030130011|S|Cat="noun"|Id="19"|morphId="450030130041"|Unicode="λάρυγξ"|Lemma="λάρυγξ"|Lang="G"|StrongNumber="G29950"|Morph="N,,,,,NMS,"|Case="Nominative"|Gender="Masculine"|Number="Singular"|English="throat"
450030130051|αὐτῶν;|450030130041|np|Cat="pron"|Id="21"|morphId="450030130051"|Unicode="αὐτῶν;"|Lemma="αὐτός"|Lang="G"|StrongNumber="G08460"|Morph="RP,,,3GMP,"|Type="Personal"|Person="Third"|Case="Genitive"|Gender="Masculine"|Number="Plural"|English="of them"
450030130061|ταῖς|450030130071|det|Cat="det"|Id="25"|morphId="450030130061"|Unicode="ταῖς"|Lemma="ὁ"|Lang="G"|StrongNumber="G35880"|Morph="EA,,,,DFP,"|Type="Article"|Case="Dative"|Gender="Feminine"|Number="Plural"|English="with"
450030130071|γλώσσαις|450030130091|ADV|Cat="noun"|Id="28"|morphId="450030130071"|Unicode="γλώσσαις"|Lemma="γλῶσσα"|Lang="G"|StrongNumber="G11000"|Morph="N,,,,,DFP,"|Case="Dative"|Gender="Feminine"|Number="Plural"|English="with ~ tongues"
450030130081|αὐτῶν|450030130071|np|Cat="pron"|Id="30"|morphId="450030130081"|Unicode="αὐτῶν"|Lemma="αὐτός"|Lang="G"|StrongNumber="G08460"|Morph="RP,,,3GMP,"|Type="Personal"|Person="Third"|Case="Genitive"|Gender="Masculine"|Number="Plural"|English="of them"
450030130091|ἐδολιοῦσαν;|450030130011|CL|Cat="verb"|Id="33"|morphId="450030130091"|Unicode="ἐδολιοῦσαν;"|Lemma="δολιόω"|Lang="G"|StrongNumber="G13870"|Morph="V,IIA3,,P,"|Mood="Indicative"|Tense="Imperfect"|Voice="Active"|Person="Third"|Number="Plural"|English="they deceive"
450030130101|ἰὸς|450030130141|S|Cat="noun"|Id="38"|morphId="450030130101"|Unicode="ἰὸς"|Lemma="ἰός"|Lang="G"|StrongNumber="G24470"|Morph="N,,,,,NMS,"|Case="Nominative"|Gender="Masculine"|Number="Singular"|English="venom"
450030130111|ἀσπίδων|450030130101|np|Cat="noun"|Id="40"|morphId="450030130111"|Unicode="ἀσπίδων"|Lemma="ἀσπίς"|Lang="G"|StrongNumber="G07850"|Morph="N,,,,,GFP,"|Case="Genitive"|Gender="Feminine"|Number="Plural"|English="of asps"
450030130121|ὑπὸ|450030130141|prep|Cat="prep"|Id="43"|morphId="450030130121"|Unicode="ὑπὸ"|Lemma="ὑπό"|Lang="G"|StrongNumber="G52590"|Morph="P,,,,,A,,,"|Case="Accusative"|English="under"
450030130131|τὰ|450030130141|det|Cat="det"|Id="45"|morphId="450030130131"|Unicode="τὰ"|Lemma="ὁ"|Lang="G"|StrongNumber="G35880"|Morph="EA,,,,ANP,"|Type="Article"|Case="Accusative"|Gender="Neuter"|Number="Plural"|English="the"
450030130141|χείλη|450030130011|CL|Cat="noun"|Id="48"|morphId="450030130141"|Unicode="χείλη"|Lemma="χεῖλος"|Lang="G"|StrongNumber="G54910"|Morph="N,,,,,ANP,"|Case="Accusative"|Gender="Neuter"|Number="Plural"|English="lips"
450030130151|αὐτῶν;|450030130141|np|Cat="pron"|Id="50"|morphId="450030130151"|Unicode="αὐτῶν;"|Lemma="αὐτός"|Lang="G"|StrongNumber="G08460"|Morph="RP,,,3GMP,"|Type="Personal"|Person="Third"|Case="Genitive"|Gender="Masculine"|Number="Plural"|English="of them"
450030140011|ὧν|450030140031|np|Cat="pron"|Id="6"|morphId="450030140011"|Unicode="ὧν"|Lemma="ὅς"|Lang="G"|StrongNumber="G37390"|Morph="RR,,,,GMP,"|Type="Relative"|Case="Genitive"|Gender="Masculine"|Number="Plural"|English="whose"
450030140021|τὸ|450030140031|det|Cat="det"|Id="8"|morphId="450030140021"|Unicode="τὸ"|Lemma="ὁ"|Lang="G"|StrongNumber="G35880"|Morph="EP,,,,NNS,"|Type="Possessive"|Case="Nominative"|Gender="Neuter"|Number="Singular"
450030140031|στόμα|450030140071|S|Cat="noun"|Id="10"|morphId="450030140031"|Unicode="στόμα"|Lemma="στόμα"|Lang="G"|StrongNumber="G47500"|Morph="N,,,,,NNS,"|Case="Nominative"|Gender="Neuter"|Number="Singular"|English="mouth"
450030140041|ἀρᾶς|450030140071|O|Cat="noun"|Id="14"|morphId="450030140041"|Unicode="ἀρᾶς"|Lemma="ἀρά"|Lang="G"|StrongNumber="G06850"|Morph="N,,,,,GFS,"|Case="Genitive"|Gender="Feminine"|Number="Singular"|English="of cursing"
450030140051|καὶ|450030140041|conj|Cat="conj"|Id="15"|morphId="450030140051"|Unicode="καὶ"|Lemma="καί"|Lang="G"|StrongNumber="G25320"|Morph="CC,,,,,,,,"|Type="Coordinating"|English="and"
450030140061|πικρίας|450030140041|np|Cat="noun"|Id="17"|morphId="450030140061"|Unicode="πικρίας"|Lemma="πικρία"|Lang="G"|StrongNumber="G40880"|Morph="N,,,,,GFS,"|Case="Genitive"|Gender="Feminine"|Number="Singular"|English="bitterness"
450030140071|γέμει;|None|CL|Cat="verb"|Id="20"|morphId="450030140071"|Unicode="γέμει;"|Lemma="γέμω"|Lang="G"|StrongNumber="G10730"|Morph="V,IPA3,,S,"|Mood="Indicative"|Tense="Present"|Voice="Active"|Person="Third"|Number="Singular"|English="is full"
450030150011|ὀξεῖς|None|CL|Cat="noun"|Id="5"|morphId="450030150011"|Unicode="ὀξεῖς"|Lemma="ὀξύς"|Lang="G"|StrongNumber="G36910"|Morph="NP,,,,NMP,"|Type="Predicate_Adj"|Case="Nominative"|Gender="Masculine"|Number="Plural"|English="swift"
450030150021|οἱ|450030150031|det|Cat="det"|Id="8"|morphId="450030150021"|Unicode="οἱ"|Lemma="ὁ"|Lang="G"|StrongNumber="G35880"|Morph="EA,,,,NMP,"|Type="Article"|Case="Nominative"|Gender="Masculine"|Number="Plural"|English="the"
450030150031|πόδες|450030150011|S|Cat="noun"|Id="11"|morphId="450030150031"|Unicode="πόδες"|Lemma="πούς"|Lang="G"|StrongNumber="G42280"|Morph="N,,,,,NMP,"|Case="Nominative"|Gender="Masculine"|Number="Plural"|English="feet"
450030150041|αὐτῶν,|450030150031|np|Cat="pron"|Id="13"|morphId="450030150041"|Unicode="αὐτῶν,"|Lemma="αὐτός"|Lang="G"|StrongNumber="G08460"|Morph="RP,,,3GMP,"|Type="Personal"|Person="Third"|Case="Genitive"|Gender="Masculine"|Number="Plural"|English="of them"
450030150051|ἐκχέαι|450030150011|ADV|Cat="verb"|Id="18"|morphId="450030150051"|Unicode="ἐκχέαι"|Lemma="ἐκχέω"|Lang="G"|StrongNumber="G16320"|Morph="V,NAA,,,,,"|Mood="Infinitive"|Tense="Aorist"|Voice="Active"|English="to shed"
450030150061|αἷμα…|450030150051|O|Cat="noun"|Id="21"|morphId="450030150061"|Unicode="αἷμα…"|Lemma="αἷμα"|Lang="G"|StrongNumber="G01290"|Morph="N,,,,,ANS,"|Case="Accusative"|Gender="Neuter"|Number="Singular"|English="blood"
450030160011|σύντριμμα|450030160061|S|Cat="noun"|Id="6"|morphId="450030160011"|Unicode="σύντριμμα"|Lemma="σύντριμμα"|Lang="G"|StrongNumber="G49380"|Morph="N,,,,,NNS,"|Case="Nominative"|Gender="Neuter"|Number="Singular"|English="ruin"
450030160021|καὶ|450030160011|conj|Cat="conj"|Id="7"|morphId="450030160021"|Unicode="καὶ"|Lemma="καί"|Lang="G"|StrongNumber="G25320"|Morph="CC,,,,,,,,"|Type="Coordinating"|English="and"
450030160031|ταλαιπωρία|450030160011|np|Cat="noun"|Id="9"|morphId="450030160031"|Unicode="ταλαιπωρία"|Lemma="ταλαιπωρία"|Lang="G"|StrongNumber="G50040"|Morph="N,,,,,NFS,"|Case="Nominative"|Gender="Feminine"|Number="Singular"|English="misery"
450030160041|ἐν|450030160061|prep|Cat="prep"|Id="12"|morphId="450030160041"|Unicode="ἐν"|Lemma="ἐν"|Lang="G"|StrongNumber="G17220"|Morph="P,,,,,D,,,"|Case="Dative"|English="in"
450030160051|ταῖς|450030160061|det|Cat="det"|Id="14"|morphId="450030160051"|Unicode="ταῖς"|Lemma="ὁ"|Lang="G"|StrongNumber="G35880"|Morph="EA,,,,DFP,"|Type="Article"|Case="Dative"|Gender="Feminine"|Number="Plural"|English="the"
450030160061|ὁδοῖς|None|CL|Cat="noun"|Id="17"|morphId="450030160061"|Unicode="ὁδοῖς"|Lemma="ὁδός"|Lang="G"|StrongNumber="G35980"|Morph="N,,,,,DFP,"|Case="Dative"|Gender="Feminine"|Number="Plural"|English="paths"
450030160071|αὐτῶν;|450030160061|np|Cat="pron"|Id="19"|morphId="450030160071"|Unicode="αὐτῶν;"|Lemma="αὐτός"|Lang="G"|StrongNumber="G08460"|Morph="RP,,,3GMP,"|Type="Personal"|Person="Third"|Case="Genitive"|Gender="Masculine"|Number="Plural"|English="of them"
450030170011|καὶ|450030170051|conj|Cat="conj"|Id="3"|morphId="450030170011"|Unicode="καὶ"|Lemma="καί"|Lang="G"|StrongNumber="G25320"|Morph="CC,,,,,,,,"|Type="Coordinating"|English="and"
450030170021|ὁδὸν|450030170051|O|Cat="noun"|Id="8"|morphId="450030170021"|Unicode="ὁδὸν"|Lemma="ὁδός"|Lang="G"|StrongNumber="G35980"|Morph="N,,,,,AFS,"|Case="Accusative"|Gender="Feminine"|Number="Singular"|English="way"
450030170031|εἰρήνης|450030170021|np|Cat="noun"|Id="10"|morphId="450030170031"|Unicode="εἰρήνης"|Lemma="εἰρήνη"|Lang="G"|StrongNumber="G15150"|Morph="N,,,,,GFS,"|Case="Genitive"|Gender="Feminine"|Number="Singular"|English="of peace"
450030170041|οὐκ|450030170051|ADV|Cat="adv"|Id="13"|morphId="450030170041"|Unicode="οὐκ"|Lemma="οὐ"|Lang="G"|StrongNumber="G37560"|Morph="D,,,,,,,,,"|English="not"
450030170051|ἔγνωσαν.|None|CL|Cat="verb"|Id="16"|morphId="450030170051"|Unicode="ἔγνωσαν."|Lemma="γινώσκω"|Lang="G"|StrongNumber="G10970"|Morph="V,IAA3,,P,"|Mood="Indicative"|Tense="Aorist"|Voice="Active"|Person="Third"|Number="Plural"|English="they have ~ known"
450030180011|οὐκ|450030180071|ADV|Cat="adv"|Id="5"|morphId="450030180011"|Unicode="οὐκ"|Lemma="οὐ"|Lang="G"|StrongNumber="G37560"|Morph="D,,,,,,,,,"|English="no"
450030180021|ἔστιν|450030180071|VC|Cat="verb"|Id="8"|morphId="450030180021"|Unicode="ἔστιν"|Lemma="εἰμί"|Lang="G"|StrongNumber="G15100"|Morph="V,IPA3,,S,"|Mood="Indicative"|Tense="Present"|Voice="Active"|Person="Third"|Number="Singular"|English="there is"
450030180031|φόβος|450030180071|S|Cat="noun"|Id="12"|morphId="450030180031"|Unicode="φόβος"|Lemma="φόβος"|Lang="G"|StrongNumber="G54010"|Morph="N,,,,,NMS,"|Case="Nominative"|Gender="Masculine"|Number="Singular"|English="fear"
450030180041|Θεοῦ|450030180031|np|Cat="noun"|Id="14"|morphId="450030180041"|Unicode="Θεοῦ"|Lemma="θεός"|Lang="G"|StrongNumber="G23160"|Morph="N,,,,,GMS,"|Case="Genitive"|Gender="Masculine"|Number="Singular"|English="of God"
450030180051|ἀπέναντι|450030180071|prep|Cat="prep"|Id="17"|morphId="450030180051"|Unicode="ἀπέναντι"|Lemma="ἀπέναντι"|Lang="G"|StrongNumber="G05610"|Morph="PI,,,,G,,,"|Type="Improper"|Case="Genitive"|English="before"
450030180061|τῶν|450030180071|det|Cat="det"|Id="19"|morphId="450030180061"|Unicode="τῶν"|Lemma="ὁ"|Lang="G"|StrongNumber="G35880"|Morph="EA,,,,GMP,"|Type="Article"|Case="Genitive"|Gender="Masculine"|Number="Plural"|English="the"
450030180071|ὀφθαλμῶν|None|CL|Cat="noun"|Id="22"|morphId="450030180071"|Unicode="ὀφθαλμῶν"|Lemma="ὀφθαλμός"|Lang="G"|StrongNumber="G37880"|Morph="N,,,,,GMP,"|Case="Genitive"|Gender="Masculine"|Number="Plural"|English="eyes"
450030180081|αὐτῶν.|450030180071|np|Cat="pron"|Id="24"|morphId="450030180081"|Unicode="αὐτῶν."|Lemma="αὐτός"|Lang="G"|StrongNumber="G08460"|Morph="RP,,,3GMP,"|Type="Personal"|Person="Third"|Case="Genitive"|Gender="Masculine"|Number="Plural"|English="of them"
450030190021|δὲ,|450030190011|conj|Cat="conj"|Id="3"|morphId="450030190021"|Unicode="δὲ,"|Lemma="δέ"|Lang="G"|StrongNumber="G11610"|Morph="CC,,,,,,,,"|Type="Coordinating"|English="now"
450030190011|οἴδαμεν|None|CL|Cat="verb"|Id="8"|morphId="450030190011"|Unicode="οἴδαμεν"|Lemma="οἶδα"|Lang="G"|StrongNumber="G14920"|Morph="V,IEA1,,P,"|Mood="Indicative"|Tense="Perfect"|Voice="Active"|Person="First"|Number="Plural"|English="we know"
450030190031|ὅτι|450030190161|conj|Cat="conj"|Id="10"|morphId="450030190031"|Unicode="ὅτι"|Lemma="ὅτι"|Lang="G"|StrongNumber="G37540"|Morph="CS,,,,,,,,"|Type="Subordinating"|English="that"
450030190041|ὅσα|450030190071|O|Cat="pron"|Id="18"|morphId="450030190041"|Unicode="ὅσα"|Lemma="ὅσος"|Lang="G"|StrongNumber="G37450"|Morph="RR,,,,ANP,"|Type="Relative"|Case="Accusative"|Gender="Neuter"|Number="Plural"|English="whatever"
450030190051|ὁ|450030190061|det|Cat="det"|Id="21"|morphId="450030190051"|Unicode="ὁ"|Lemma="ὁ"|Lang="G"|StrongNumber="G35880"|Morph="EA,,,,NMS,"|Type="Article"|Case="Nominative"|Gender="Masculine"|Number="Singular"|English="the"
450030190061|νόμος|450030190071|S|Cat="noun"|Id="23"|morphId="450030190061"|Unicode="νόμος"|Lemma="νόμος"|Lang="G"|StrongNumber="G35510"|Morph="N,,,,,NMS,"|Case="Nominative"|Gender="Masculine"|Number="Singular"|English="law"
450030190071|λέγει,|450030190121|S|Cat="verb"|Id="26"|morphId="450030190071"|Unicode="λέγει,"|Lemma="λέγω"|Lang="G"|StrongNumber="G30040"|Morph="V,IPA3,,S,"|Mood="Indicative"|Tense="Present"|Voice="Active"|Person="Third"|Number="Singular"|English="says"
450030190081|τοῖς|450030190121|IO|Cat="pron"|Id="30"|morphId="450030190081"|Unicode="τοῖς"|Lemma="ὁ"|Lang="G"|StrongNumber="G35880"|Morph="RD,,,,DMP,"|Type="Demonstrative"|Case="Dative"|Gender="Masculine"|Number="Plural"|English="to those"
450030190091|ἐν|450030190111|prep|Cat="prep"|Id="32"|morphId="450030190091"|Unicode="ἐν"|Lemma="ἐν"|Lang="G"|StrongNumber="G17220"|Morph="P,,,,,D,,,"|Case="Dative"|English="under"
450030190101|τῷ|450030190111|det|Cat="det"|Id="34"|morphId="450030190101"|Unicode="τῷ"|Lemma="ὁ"|Lang="G"|StrongNumber="G35880"|Morph="EA,,,,DMS,"|Type="Article"|Case="Dative"|Gender="Masculine"|Number="Singular"|English="the"
450030190111|νόμῳ|450030190081|pp|Cat="noun"|Id="36"|morphId="450030190111"|Unicode="νόμῳ"|Lemma="νόμος"|Lang="G"|StrongNumber="G35510"|Morph="N,,,,,DMS,"|Case="Dative"|Gender="Masculine"|Number="Singular"|English="law"
450030190121|λαλεῖ,|450030190161|CL|Cat="verb"|Id="39"|morphId="450030190121"|Unicode="λαλεῖ,"|Lemma="λαλέω"|Lang="G"|StrongNumber="G29800"|Morph="V,IPA3,,S,"|Mood="Indicative"|Tense="Present"|Voice="Active"|Person="Third"|Number="Singular"|English="it speaks"
450030190131|ἵνα|450030190161|conj|Cat="conj"|Id="41"|morphId="450030190131"|Unicode="ἵνα"|Lemma="ἵνα"|Lang="G"|StrongNumber="G24430"|Morph="CS,,,,,,,,"|Type="Subordinating"|English="so that"
450030190141|πᾶν|450030190151|adjp|Cat="det"|Id="48"|morphId="450030190141"|Unicode="πᾶν"|Lemma="πᾶς"|Lang="G"|StrongNumber="G39560"|Morph="EQ,,,,NNS,"|Type="Quantifier"|Case="Nominative"|Gender="Neuter"|Number="Singular"|English="every"
450030190151|στόμα|450030190161|S|Cat="noun"|Id="50"|morphId="450030190151"|Unicode="στόμα"|Lemma="στόμα"|Lang="G"|StrongNumber="G47500"|Morph="N,,,,,NNS,"|Case="Nominative"|Gender="Neuter"|Number="Singular"|English="mouth"
450030190161|φραγῇ,|450030190011|CL|Cat="verb"|Id="53"|morphId="450030190161"|Unicode="φραγῇ,"|Lemma="φράσσω"|Lang="G"|StrongNumber="G54200"|Morph="V,SAP3,,S,"|Mood="Subjunctive"|Tense="Aorist"|Voice="Passive"|Person="Third"|Number="Singular"|English="may be silenced"
450030190171|καὶ|450030190161|conj|Cat="conj"|Id="54"|morphId="450030190171"|Unicode="καὶ"|Lemma="καί"|Lang="G"|StrongNumber="G25320"|Morph="CC,,,,,,,,"|Type="Coordinating"|English="and"
450030190181|ὑπόδικος|450030190161|CL|Cat="noun"|Id="58"|morphId="450030190181"|Unicode="ὑπόδικος"|Lemma="ὑπόδικος"|Lang="G"|StrongNumber="G52670"|Morph="NP,,,,NMS,"|Type="Predicate_Adj"|Case="Nominative"|Gender="Masculine"|Number="Singular"|English="accountable"
450030190191|γένηται|450030190181|VC|Cat="verb"|Id="61"|morphId="450030190191"|Unicode="γένηται"|Lemma="γίνομαι"|Lang="G"|StrongNumber="G10960"|Morph="V,SAM3,,S,"|Mood="Subjunctive"|Tense="Aorist"|Voice="Middle"|Person="Third"|Number="Singular"|English="may become"
450030190201|πᾶς|450030190221|adjp|Cat="det"|Id="66"|morphId="450030190201"|Unicode="πᾶς"|Lemma="πᾶς"|Lang="G"|StrongNumber="G39560"|Morph="EQ,,,,NMS,"|Type="Quantifier"|Case="Nominative"|Gender="Masculine"|Number="Singular"|English="whole"
450030190211|ὁ|450030190221|det|Cat="det"|Id="68"|morphId="450030190211"|Unicode="ὁ"|Lemma="ὁ"|Lang="G"|StrongNumber="G35880"|Morph="EA,,,,NMS,"|Type="Article"|Case="Nominative"|Gender="Masculine"|Number="Singular"|English="the"
450030190221|κόσμος|450030190181|S|Cat="noun"|Id="70"|morphId="450030190221"|Unicode="κόσμος"|Lemma="κόσμος"|Lang="G"|StrongNumber="G28890"|Morph="N,,,,,NMS,"|Case="Nominative"|Gender="Masculine"|Number="Singular"|English="world"
450030190231|τῷ|450030190241|det|Cat="det"|Id="73"|morphId="450030190231"|Unicode="τῷ"|Lemma="ὁ"|Lang="G"|StrongNumber="G35880"|Morph="EA,,,,DMS,"|Type="Article"|Case="Dative"|Gender="Masculine"|Number="Singular"
450030190241|Θεῷ.|450030190181|ADV|Cat="noun"|Id="75"|morphId="450030190241"|Unicode="Θεῷ."|Lemma="θεός"|Lang="G"|StrongNumber="G23160"|Morph="N,,,,,DMS,"|Case="Dative"|Gender="Masculine"|Number="Singular"|English="to God"
450030200011|διότι|450030200061|conj|Cat="conj"|Id="3"|morphId="450030200011"|Unicode="διότι"|Lemma="διότι"|Lang="G"|StrongNumber="G13600"|Morph="CS,,,,,,,,"|Type="Subordinating"|English="for"
450030200021|ἐξ|450030200031|prep|Cat="prep"|Id="8"|morphId="450030200021"|Unicode="ἐξ"|Lemma="ἐκ"|Lang="G"|StrongNumber="G15370"|Morph="P,,,,,G,,,"|Case="Genitive"|English="by"
450030200031|ἔργων|450030200061|ADV|Cat="noun"|Id="11"|morphId="450030200031"|Unicode="ἔργων"|Lemma="ἔργον"|Lang="G"|StrongNumber="G20410"|Morph="N,,,,,GNP,"|Case="Genitive"|Gender="Neuter"|Number="Plural"|English="works"
450030200041|νόμου,|450030200031|np|Cat="noun"|Id="13"|morphId="450030200041"|Unicode="νόμου,"|Lemma="νόμος"|Lang="G"|StrongNumber="G35510"|Morph="N,,,,,GMS,"|Case="Genitive"|Gender="Masculine"|Number="Singular"|English="of ~ law"
450030200051|οὐ|450030200061|ADV|Cat="adv"|Id="16"|morphId="450030200051"|Unicode="οὐ"|Lemma="οὐ"|Lang="G"|StrongNumber="G37560"|Morph="D,,,,,,,,,"|English="no-one"
450030200061|δικαιωθήσεται|None|CL|Cat="verb"|Id="19"|morphId="450030200061"|Unicode="δικαιωθήσεται"|Lemma="δικαιόω"|Lang="G"|StrongNumber="G13440"|Morph="V,IFP3,,S,"|Mood="Indicative"|Tense="Future"|Voice="Passive"|Person="Third"|Number="Singular"|English="will be justified"
450030200071|πᾶσα|450030200081|adjp|Cat="det"|Id="24"|morphId="450030200071"|Unicode="πᾶσα"|Lemma="πᾶς"|Lang="G"|StrongNumber="G39560"|Morph="EQ,,,,NFS,"|Type="Quantifier"|Case="Nominative"|Gender="Feminine"|Number="Singular"|English="no"
450030200081|σὰρξ|450030200061|S|Cat="noun"|Id="26"|morphId="450030200081"|Unicode="σὰρξ"|Lemma="σάρξ"|Lang="G"|StrongNumber="G45610"|Morph="N,,,,,NFS,"|Case="Nominative"|Gender="Feminine"|Number="Singular"|English="flesh"
450030200091|ἐνώπιον|450030200101|prep|Cat="prep"|Id="29"|morphId="450030200091"|Unicode="ἐνώπιον"|Lemma="ἐνώπιον"|Lang="G"|StrongNumber="G17990"|Morph="PI,,,,G,,,"|Type="Improper"|Case="Genitive"|English="in ~ sight"
450030200101|αὐτοῦ;|450030200061|ADV|Cat="pron"|Id="31"|morphId="450030200101"|Unicode="αὐτοῦ;"|Lemma="αὐτός"|Lang="G"|StrongNumber="G08460"|Morph="RP,,,3GMS,"|Type="Personal"|Person="Third"|Case="Genitive"|Gender="Masculine"|Number="Singular"|English="him"
450030200121|γὰρ|450030200141|conj|Cat="conj"|Id="33"|morphId="450030200121"|Unicode="γὰρ"|Lemma="γάρ"|Lang="G"|StrongNumber="G10630"|Morph="CC,,,,,,,,"|Type="Coordinating"|English="for"
450030200111|διὰ|450030200131|prep|Cat="prep"|Id="37"|morphId="450030200111"|Unicode="διὰ"|Lemma="διά"|Lang="G"|StrongNumber="G12230"|Morph="P,,,,,G,,,"|Case="Genitive"|English="through"
450030200131|νόμου|450030200141|ADV|Cat="noun"|Id="39"|morphId="450030200131"|Unicode="νόμου"|Lemma="νόμος"|Lang="G"|StrongNumber="G35510"|Morph="N,,,,,GMS,"|Case="Genitive"|Gender="Masculine"|Number="Singular"|English="law"
450030200141|ἐπίγνωσις|450030200061|CL|Cat="noun"|Id="43"|morphId="450030200141"|Unicode="ἐπίγνωσις"|Lemma="ἐπίγνωσις"|Lang="G"|StrongNumber="G19220"|Morph="N,,,,,NFS,"|Case="Nominative"|Gender="Feminine"|Number="Singular"|English="knowledge"
450030200151|ἁμαρτίας.|450030200141|np|Cat="noun"|Id="45"|morphId="450030200151"|Unicode="ἁμαρτίας."|Lemma="ἁμαρτία"|Lang="G"|StrongNumber="G02660"|Morph="N,,,,,GFS,"|Case="Genitive"|Gender="Feminine"|Number="Singular"|English="of sin"
450030210021|δὲ|450030210071|conj|Cat="conj"|Id="3"|morphId="450030210021"|Unicode="δὲ"|Lemma="δέ"|Lang="G"|StrongNumber="G11610"|Morph="CC,,,,,,,,"|Type="Coordinating"|English="but"
450030210011|νυνὶ|450030210071|ADV|Cat="adv"|Id="7"|morphId="450030210011"|Unicode="νυνὶ"|Lemma="νυνί"|Lang="G"|StrongNumber="G35680"|Morph="D,,,,,,,,,"|English="now"
450030210031|χωρὶς|450030210041|prep|Cat="prep"|Id="10"|morphId="450030210031"|Unicode="χωρὶς"|Lemma="χωρίς"|Lang="G"|StrongNumber="G55650"|Morph="PI,,,,G,,,"|Type="Improper"|Case="Genitive"|English="apart from"
450030210041|νόμου,|450030210071|ADV|Cat="noun"|Id="12"|morphId="450030210041"|Unicode="νόμου,"|Lemma="νόμος"|Lang="G"|StrongNumber="G35510"|Morph="N,,,,,GMS,"|Case="Genitive"|Gender="Masculine"|Number="Singular"|English="law"
450030210051|δικαιοσύνη|450030210071|S|Cat="noun"|Id="16"|morphId="450030210051"|Unicode="δικαιοσύνη"|Lemma="δικαιοσύνη"|Lang="G"|StrongNumber="G13430"|Morph="N,,,,,NFS,"|Case="Nominative"|Gender="Feminine"|Number="Singular"|English="righteousness"
450030210061|Θεοῦ|450030210051|np|Cat="noun"|Id="18"|morphId="450030210061"|Unicode="Θεοῦ"|Lemma="θεός"|Lang="G"|StrongNumber="G23160"|Morph="N,,,,,GMS,"|Case="Genitive"|Gender="Masculine"|Number="Singular"|English="of God"
450030210071|πεφανέρωται,|None|CL|Cat="verb"|Id="21"|morphId="450030210071"|Unicode="πεφανέρωται,"|Lemma="φανερόω"|Lang="G"|StrongNumber="G53190"|Morph="V,IEP3,,S,"|Mood="Indicative"|Tense="Perfect"|Voice="Passive"|Person="Third"|Number="Singular"|English="has been revealed"
450030210081|μαρτυρουμένη|450030210071|ADV|Cat="verb"|Id="26"|morphId="450030210081"|Unicode="μαρτυρουμένη"|Lemma="μαρτυρέω"|Lang="G"|StrongNumber="G31400"|Morph="V,PPP,NFS,"|Mood="Participle"|Tense="Present"|Voice="Passive"|Case="Nominative"|Gender="Feminine"|Number="Singular"|English="being witnessed"
450030210091|ὑπὸ|450030210111|prep|Cat="prep"|Id="29"|morphId="450030210091"|Unicode="ὑπὸ"|Lemma="ὑπό"|Lang="G"|StrongNumber="G52590"|Morph="P,,,,,G,,,"|Case="Genitive"|English="by"
450030210101|τοῦ|450030210111|det|Cat="det"|Id="32"|morphId="450030210101"|Unicode="τοῦ"|Lemma="ὁ"|Lang="G"|StrongNumber="G35880"|Morph="EA,,,,GMS,"|Type="Article"|Case="Genitive"|Gender="Masculine"|Number="Singular"|English="the"
450030210111|νόμου|450030210081|ADV|Cat="noun"|Id="34"|morphId="450030210111"|Unicode="νόμου"|Lemma="νόμος"|Lang="G"|StrongNumber="G35510"|Morph="N,,,,,GMS,"|Case="Genitive"|Gender="Masculine"|Number="Singular"|English="law"
450030210121|καὶ|450030210111|conj|Cat="conj"|Id="35"|morphId="450030210121"|Unicode="καὶ"|Lemma="καί"|Lang="G"|StrongNumber="G25320"|Morph="CC,,,,,,,,"|Type="Coordinating"|English="and"
450030210131|τῶν|450030210141|det|Cat="det"|Id="37"|morphId="450030210131"|Unicode="τῶν"|Lemma="ὁ"|Lang="G"|StrongNumber="G35880"|Morph="EA,,,,GMP,"|Type="Article"|Case="Genitive"|Gender="Masculine"|Number="Plural"|English="the"
450030210141|προφητῶν;|450030210111|np|Cat="noun"|Id="39"|morphId="450030210141"|Unicode="προφητῶν;"|Lemma="προφήτης"|Lang="G"|StrongNumber="G43960"|Morph="N,,,,,GMP,"|Case="Genitive"|Gender="Masculine"|Number="Plural"|English="prophets"
450030220021|δὲ|450030220011|conj|Cat="conj"|Id="3"|morphId="450030220021"|Unicode="δὲ"|Lemma="δέ"|Lang="G"|StrongNumber="G11610"|Morph="CC,,,,,,,,"|Type="Coordinating"|English="even"
450030220011|δικαιοσύνη|None|CL|Cat="noun"|Id="9"|morphId="450030220011"|Unicode="δικαιοσύνη"|Lemma="δικαιοσύνη"|Lang="G"|StrongNumber="G13430"|Morph="N,,,,,NFS,"|Case="Nominative"|Gender="Feminine"|Number="Singular"|English="righteousness"
450030220031|Θεοῦ|450030220011|np|Cat="noun"|Id="11"|morphId="450030220031"|Unicode="Θεοῦ"|Lemma="θεός"|Lang="G"|StrongNumber="G23160"|Morph="N,,,,,GMS,"|Case="Genitive"|Gender="Masculine"|Number="Singular"|English="of God"
450030220041|διὰ|450030220051|prep|Cat="prep"|Id="13"|morphId="450030220041"|Unicode="διὰ"|Lemma="διά"|Lang="G"|StrongNumber="G12230"|Morph="P,,,,,G,,,"|Case="Genitive"|English="through"
450030220051|πίστεως|450030220011|pp|Cat="noun"|Id="16"|morphId="450030220051"|Unicode="πίστεως"|Lemma="πίστις"|Lang="G"|StrongNumber="G41020"|Morph="N,,,,,GFS,"|Case="Genitive"|Gender="Feminine"|Number="Singular"|English="faith"
450030220061|Ἰησοῦ|450030220051|np|Cat="noun"|Id="19"|morphId="450030220061"|Unicode="Ἰησοῦ"|Lemma="Ἰησοῦς"|Lang="G"|StrongNumber="G24240"|Morph="N,,,,,GMS,"|Case="Genitive"|Gender="Masculine"|Number="Singular"|English="in Jesus"
450030220071|Χριστοῦ,|450030220061|np|Cat="noun"|Id="21"|morphId="450030220071"|Unicode="Χριστοῦ,"|Lemma="χριστός"|Lang="G"|StrongNumber="G55470"|Morph="N,,,,,GMS,"|Case="Genitive"|Gender="Masculine"|Number="Singular"|English="Christ"
450030220081|εἰς|450030220111|prep|Cat="prep"|Id="24"|morphId="450030220081"|Unicode="εἰς"|Lemma="εἰς"|Lang="G"|StrongNumber="G15190"|Morph="P,,,,,A,,,"|Case="Accusative"|English="to"
450030220091|πάντας|450030220111|np|Cat="pron"|Id="27"|morphId="450030220091"|Unicode="πάντας"|Lemma="πᾶς"|Lang="G"|StrongNumber="G39560"|Morph="RI,,,,AMP,"|Type="Indefinite"|Case="Accusative"|Gender="Masculine"|Number="Plural"|English="all"
450030220101|τοὺς|450030220111|det|Cat="pron"|Id="30"|morphId="450030220101"|Unicode="τοὺς"|Lemma="ὁ"|Lang="G"|StrongNumber="G35880"|Morph="RD,,,,AMP,"|Type="Demonstrative"|Case="Accusative"|Gender="Masculine"|Number="Plural"|English="those"
450030220111|πιστεύοντας;|450030220011|ADV|Cat="verb"|Id="34"|morphId="450030220111"|Unicode="πιστεύοντας;"|Lemma="πιστεύω"|Lang="G"|StrongNumber="G41000"|Morph="V,PPA,AMP,"|Mood="Participle"|Tense="Present"|Voice="Active"|Case="Accusative"|Gender="Masculine"|Number="Plural"|English="who believe"
450030220131|γάρ|450030220141|conj|Cat="conj"|Id="36"|morphId="450030220131"|Unicode="γάρ"|Lemma="γάρ"|Lang="G"|StrongNumber="G10630"|Morph="CC,,,,,,,,"|Type="Coordinating"|English="for"
450030220121|οὐ|450030220141|ADV|Cat="adv"|Id="40"|morphId="450030220121"|Unicode="οὐ"|Lemma="οὐ"|Lang="G"|StrongNumber="G37560"|Morph="D,,,,,,,,,"|English="no"
450030220141|ἐστιν|450030220011|CL|Cat="verb"|Id="43"|morphId="450030220141"|Unicode="ἐστιν"|Lemma="εἰμί"|Lang="G"|StrongNumber="G15100"|Morph="V,IPA3,,S,"|Mood="Indicative"|Tense="Present"|Voice="Active"|Person="Third"|Number="Singular"|English="there is"
450030220151|διαστολή.|450030220141|S|Cat="noun"|Id="46"|morphId="450030220151"|Unicode="διαστολή."|Lemma="διαστολή"|Lang="G"|StrongNumber="G12930"|Morph="N,,,,,NFS,"|Case="Nominative"|Gender="Feminine"|Number="Singular"|English="distinction"
450030230021|γὰρ|450030230031|conj|Cat="conj"|Id="3"|morphId="450030230021"|Unicode="γὰρ"|Lemma="γάρ"|Lang="G"|StrongNumber="G10630"|Morph="CC,,,,,,,,"|Type="Coordinating"|English="for"
450030230011|πάντες|450030230031|S|Cat="pron"|Id="8"|morphId="450030230011"|Unicode="πάντες"|Lemma="πᾶς"|Lang="G"|StrongNumber="G39560"|Morph="RI,,,,NMP,"|Type="Indefinite"|Case="Nominative"|Gender="Masculine"|Number="Plural"|English="all"
450030230031|ἥμαρτον|None|CL|Cat="verb"|Id="11"|morphId="450030230031"|Unicode="ἥμαρτον"|Lemma="ἁμαρτάνω"|Lang="G"|StrongNumber="G02640"|Morph="V,IAA3,,P,"|Mood="Indicative"|Tense="Aorist"|Voice="Active"|Person="Third"|Number="Plural"|English="have sinned"
450030230041|καὶ|450030230031|conj|Cat="conj"|Id="12"|morphId="450030230041"|Unicode="καὶ"|Lemma="καί"|Lang="G"|StrongNumber="G25320"|Morph="CC,,,,,,,,"|Type="Coordinating"|English="and"
450030230051|ὑστεροῦνται|450030230031|CL|Cat="verb"|Id="16"|morphId="450030230051"|Unicode="ὑστεροῦνται"|Lemma="ὑστερέω"|Lang="G"|StrongNumber="G53020"|Morph="V,IPP3,,P,"|Mood="Indicative"|Tense="Present"|Voice="Passive"|Person="Third"|Number="Plural"|English="fall short"
450030230061|τῆς|450030230071|det|Cat="det"|Id="19"|morphId="450030230061"|Unicode="τῆς"|Lemma="ὁ"|Lang="G"|StrongNumber="G35880"|Morph="EA,,,,GFS,"|Type="Article"|Case="Genitive"|Gender="Feminine"|Number="Singular"|English="the"
450030230071|δόξης|450030230051|O|Cat="noun"|Id="22"|morphId="450030230071"|Unicode="δόξης"|Lemma="δόξα"|Lang="G"|StrongNumber="G13910"|Morph="N,,,,,GFS,"|Case="Genitive"|Gender="Feminine"|Number="Singular"|English="of ~ glory"
450030230081|τοῦ|450030230091|det|Cat="det"|Id="24"|morphId="450030230081"|Unicode="τοῦ"|Lemma="ὁ"|Lang="G"|StrongNumber="G35880"|Morph="EA,,,,GMS,"|Type="Article"|Case="Genitive"|Gender="Masculine"|Number="Singular"
450030230091|Θεοῦ,|450030230071|np|Cat="noun"|Id="26"|morphId="450030230091"|Unicode="Θεοῦ,"|Lemma="θεός"|Lang="G"|StrongNumber="G23160"|Morph="N,,,,,GMS,"|Case="Genitive"|Gender="Masculine"|Number="Singular"|English="of God"
450030240011|δικαιούμενοι|None|CL|Cat="verb"|Id="5"|morphId="450030240011"|Unicode="δικαιούμενοι"|Lemma="δικαιόω"|Lang="G"|StrongNumber="G13440"|Morph="V,PPP,NMP,"|Mood="Participle"|Tense="Present"|Voice="Passive"|Case="Nominative"|Gender="Masculine"|Number="Plural"|English="are justified"
450030240021|δωρεὰν|450030240011|ADV|Cat="adv"|Id="8"|morphId="450030240021"|Unicode="δωρεὰν"|Lemma="δωρεάν"|Lang="G"|StrongNumber="G14320"|Morph="D,,,,,,,,,"|English="freely"
450030240031|τῇ|450030240051|det|Cat="det"|Id="11"|morphId="450030240031"|Unicode="τῇ"|Lemma="ὁ"|Lang="G"|StrongNumber="G35880"|Morph="EA,,,,DFS,"|Type="Article"|Case="Dative"|Gender="Feminine"|Number="Singular"
450030240041|αὐτοῦ|450030240051|np|Cat="pron"|Id="14"|morphId="450030240041"|Unicode="αὐτοῦ"|Lemma="αὐτός"|Lang="G"|StrongNumber="G08460"|Morph="RP,,,3GMS,"|Type="Personal"|Person="Third"|Case="Genitive"|Gender="Masculine"|Number="Singular"|English="by his"
450030240051|χάριτι,|450030240011|ADV|Cat="noun"|Id="16"|morphId="450030240051"|Unicode="χάριτι,"|Lemma="χάρις"|Lang="G"|StrongNumber="G54850"|Morph="N,,,,,DFS,"|Case="Dative"|Gender="Feminine"|Number="Singular"|English="by ~ grace"
450030240061|διὰ|450030240081|prep|Cat="prep"|Id="19"|morphId="450030240061"|Unicode="διὰ"|Lemma="διά"|Lang="G"|StrongNumber="G12230"|Morph="P,,,,,G,,,"|Case="Genitive"|English="through"
450030240071|τῆς|450030240081|det|Cat="det"|Id="22"|morphId="450030240071"|Unicode="τῆς"|Lemma="ὁ"|Lang="G"|StrongNumber="G35880"|Morph="EA,,,,GFS,"|Type="Article"|Case="Genitive"|Gender="Feminine"|Number="Singular"|English="the"
450030240081|ἀπολυτρώσεως|450030240011|ADV|Cat="noun"|Id="24"|morphId="450030240081"|Unicode="ἀπολυτρώσεως"|Lemma="ἀπολύτρωσις"|Lang="G"|StrongNumber="G06290"|Morph="N,,,,,GFS,"|Case="Genitive"|Gender="Feminine"|Number="Singular"|English="redemption"
450030240091|τῆς|450030240081|np|Cat="pron"|Id="27"|morphId="450030240091"|Unicode="τῆς"|Lemma="ὁ"|Lang="G"|StrongNumber="G35880"|Morph="RD,,,,GFS,"|Type="Demonstrative"|Case="Genitive"|Gender="Feminine"|Number="Singular"|English="that"
450030240101|ἐν|450030240111|prep|Cat="prep"|Id="29"|morphId="450030240101"|Unicode="ἐν"|Lemma="ἐν"|Lang="G"|StrongNumber="G17220"|Morph="P,,,,,D,,,"|Case="Dative"|English="in"
450030240111|Χριστῷ|450030240091|pp|Cat="noun"|Id="32"|morphId="450030240111"|Unicode="Χριστῷ"|Lemma="χριστός"|Lang="G"|StrongNumber="G55470"|Morph="N,,,,,DMS,"|Case="Dative"|Gender="Masculine"|Number="Singular"|English="Christ"
450030240121|Ἰησοῦ;|450030240111|np|Cat="noun"|Id="34"|morphId="450030240121"|Unicode="Ἰησοῦ;"|Lemma="Ἰησοῦς"|Lang="G"|StrongNumber="G24240"|Morph="N,,,,,DMS,"|Case="Dative"|Gender="Masculine"|Number="Singular"|English="Jesus"
450030250011|ὃν|450030250021|O|Cat="pron"|Id="5"|morphId="450030250011"|Unicode="ὃν"|Lemma="ὅς"|Lang="G"|StrongNumber="G37390"|Morph="RR,,,,AMS,"|Type="Relative"|Case="Accusative"|Gender="Masculine"|Number="Singular"|English="whom"
450030250021|προέθετο|None|CL|Cat="verb"|Id="8"|morphId="450030250021"|Unicode="προέθετο"|Lemma="προτίθημι"|Lang="G"|StrongNumber="G43880"|Morph="V,IAM3,,S,"|Mood="Indicative"|Tense="Aorist"|Voice="Middle"|Person="Third"|Number="Singular"|English="presented"
450030250031|ὁ|450030250041|det|Cat="det"|Id="11"|morphId="450030250031"|Unicode="ὁ"|Lemma="ὁ"|Lang="G"|StrongNumber="G35880"|Morph="EA,,,,NMS,"|Type="Article"|Case="Nominative"|Gender="Masculine"|Number="Singular"
450030250041|Θεὸς|450030250021|S|Cat="noun"|Id="13"|morphId="450030250041"|Unicode="Θεὸς"|Lemma="θεός"|Lang="G"|StrongNumber="G23160"|Morph="N,,,,,NMS,"|Case="Nominative"|Gender="Masculine"|Number="Singular"|English="God"
450030250051|ἱλαστήριον,|450030250021|O2|Cat="noun"|Id="16"|morphId="450030250051"|Unicode="ἱλαστήριον,"|Lemma="ἱλαστήριον"|Lang="G"|StrongNumber="G24350"|Morph="N,,,,,ANS,"|Case="Accusative"|Gender="Neuter"|Number="Singular"|English="a propitiation"
450030250061|διὰ|450030250071|prep|Cat="prep"|Id="20"|morphId="450030250061"|Unicode="διὰ"|Lemma="διά"|Lang="G"|StrongNumber="G12230"|Morph="P,,,,,G,,,"|Case="Genitive"|English="through"
450030250071|πίστεως|450030250021|ADV|Cat="noun"|Id="22"|morphId="450030250071"|Unicode="πίστεως"|Lemma="πίστις"|Lang="G"|StrongNumber="G41020"|Morph="N,,,,,GFS,"|Case="Genitive"|Gender="Feminine"|Number="Singular"|English="faith"
450030250081|ἐν|450030250111|prep|Cat="prep"|Id="24"|morphId="450030250081"|Unicode="ἐν"|Lemma="ἐν"|Lang="G"|StrongNumber="G17220"|Morph="P,,,,,D,,,"|Case="Dative"|English="in"
450030250091|τῷ|450030250111|det|Cat="det"|Id="26"|morphId="450030250091"|Unicode="τῷ"|Lemma="ὁ"|Lang="G"|StrongNumber="G35880"|Morph="EA,,,,DNS,"|Type="Article"|Case="Dative"|Gender="Neuter"|Number="Singular"
450030250101|αὐτοῦ|450030250111|np|Cat="pron"|Id="29"|morphId="450030250101"|Unicode="αὐτοῦ"|Lemma="αὐτός"|Lang="G"|StrongNumber="G08460"|Morph="RP,,,3GMS,"|Type="Personal"|Person="Third"|Case="Genitive"|Gender="Masculine"|Number="Singular"|English="his"
450030250111|αἵματι,|450030250071|pp|Cat="noun"|Id="31"|morphId="450030250111"|Unicode="αἵματι,"|Lemma="αἷμα"|Lang="G"|StrongNumber="G01290"|Morph="N,,,,,DNS,"|Case="Dative"|Gender="Neuter"|Number="Singular"|English="blood"
450030250121|εἰς|450030250131|prep|Cat="prep"|Id="33"|morphId="450030250121"|Unicode="εἰς"|Lemma="εἰς"|Lang="G"|StrongNumber="G15190"|Morph="P,,,,,A,,,"|Case="Accusative"|English="to"
450030250131|ἔνδειξιν|450030250071|pp|Cat="noun"|Id="36"|morphId="450030250131"|Unicode="ἔνδειξιν"|Lemma="ἔνδειξις"|Lang="G"|StrongNumber="G17320"|Morph="N,,,,,AFS,"|Case="Accusative"|Gender="Feminine"|Number="Singular"|English="demonstrate"
450030250141|τῆς|450030250151|det|Cat="det"|Id="38"|morphId="450030250141"|Unicode="τῆς"|Lemma="ὁ"|Lang="G"|StrongNumber="G35880"|Morph="EA,,,,GFS,"|Type="Article"|Case="Genitive"|Gender="Feminine"|Number="Singular"|English="of the"
450030250151|δικαιοσύνης|450030250131|np|Cat="noun"|Id="41"|morphId="450030250151"|Unicode="δικαιοσύνης"|Lemma="δικαιοσύνη"|Lang="G"|StrongNumber="G13430"|Morph="N,,,,,GFS,"|Case="Genitive"|Gender="Feminine"|Number="Singular"|English="righteousness"
450030250161|αὐτοῦ,|450030250151|np|Cat="pron"|Id="43"|morphId="450030250161"|Unicode="αὐτοῦ,"|Lemma="αὐτός"|Lang="G"|StrongNumber="G08460"|Morph="RP,,,3GMS,"|Type="Personal"|Person="Third"|Case="Genitive"|Gender="Masculine"|Number="Singular"|English="of him"
450030250171|διὰ|450030250191|prep|Cat="prep"|Id="45"|morphId="450030250171"|Unicode="διὰ"|Lemma="διά"|Lang="G"|StrongNumber="G12230"|Morph="P,,,,,A,,,"|Case="Accusative"|English="because"
450030250181|τὴν|450030250191|det|Cat="det"|Id="47"|morphId="450030250181"|Unicode="τὴν"|Lemma="ὁ"|Lang="G"|StrongNumber="G35880"|Morph="EA,,,,AFS,"|Type="Article"|Case="Accusative"|Gender="Feminine"|Number="Singular"|English="the"
450030250191|πάρεσιν|450030250071|pp|Cat="noun"|Id="50"|morphId="450030250191"|Unicode="πάρεσιν"|Lemma="πάρεσις"|Lang="G"|StrongNumber="G39290"|Morph="N,,,,,AFS,"|Case="Accusative"|Gender="Feminine"|Number="Singular"|English="passed over"
450030250201|τῶν|450030250221|det|Cat="det"|Id="52"|morphId="450030250201"|Unicode="τῶν"|Lemma="ὁ"|Lang="G"|StrongNumber="G35880"|Morph="EA,,,,GNP,"|Type="Article"|Case="Genitive"|Gender="Neuter"|Number="Plural"|English="the"
450030250211|προγεγονότων|450030250221|adjp|Cat="verb"|Id="58"|morphId="450030250211"|Unicode="προγεγονότων"|Lemma="προγίνομαι"|Lang="G"|StrongNumber="G42660"|Morph="V,PEA,GNP,"|Mood="Participle"|Tense="Perfect"|Voice="Active"|Case="Genitive"|Gender="Neuter"|Number="Plural"|English="previously committed"
450030250221|ἁμαρτημάτων|450030250191|np|Cat="noun"|Id="60"|morphId="450030250221"|Unicode="ἁμαρτημάτων"|Lemma="ἁμάρτημα"|Lang="G"|StrongNumber="G02650"|Morph="N,,,,,GNP,"|Case="Genitive"|Gender="Neuter"|Number="Plural"|English="sins"
450030260011|ἐν|450030260031|prep|Cat="prep"|Id="4"|morphId="450030260011"|Unicode="ἐν"|Lemma="ἐν"|Lang="G"|StrongNumber="G17220"|Morph="P,,,,,D,,,"|Case="Dative"|English="in"
450030260021|τῇ|450030260031|det|Cat="det"|Id="6"|morphId="450030260021"|Unicode="τῇ"|Lemma="ὁ"|Lang="G"|StrongNumber="G35880"|Morph="EA,,,,DFS,"|Type="Article"|Case="Dative"|Gender="Feminine"|Number="Singular"|English="the"
450030260031|ἀνοχῇ|None|pp|Cat="noun"|Id="9"|morphId="450030260031"|Unicode="ἀνοχῇ"|Lemma="ἀνοχή"|Lang="G"|StrongNumber="G04630"|Morph="N,,,,,DFS,"|Case="Dative"|Gender="Feminine"|Number="Singular"|English="forbearance"
450030260041|τοῦ|450030260051|det|Cat="det"|Id="11"|morphId="450030260041"|Unicode="τοῦ"|Lemma="ὁ"|Lang="G"|StrongNumber="G35880"|Morph="EA,,,,GMS,"|Type="Article"|Case="Genitive"|Gender="Masculine"|Number="Singular"
450030260051|Θεοῦ,|450030260031|np|Cat="noun"|Id="13"|morphId="450030260051"|Unicode="Θεοῦ,"|Lemma="θεός"|Lang="G"|StrongNumber="G23160"|Morph="N,,,,,GMS,"|Case="Genitive"|Gender="Masculine"|Number="Singular"|English="his"
450030260061|πρὸς|450030260081|prep|Cat="prep"|Id="15"|morphId="450030260061"|Unicode="πρὸς"|Lemma="πρός"|Lang="G"|StrongNumber="G43140"|Morph="P,,,,,A,,,"|Case="Accusative"|English="to"
450030260071|τὴν|450030260081|det|Cat="det"|Id="17"|morphId="450030260071"|Unicode="τὴν"|Lemma="ὁ"|Lang="G"|StrongNumber="G35880"|Morph="EA,,,,AFS,"|Type="Article"|Case="Accusative"|Gender="Feminine"|Number="Singular"|English="the"
450030260081|ἔνδειξιν|450030260031|pp|Cat="noun"|Id="20"|morphId="450030260081"|Unicode="ἔνδειξιν"|Lemma="ἔνδειξις"|Lang="G"|StrongNumber="G17320"|Morph="N,,,,,AFS,"|Case="Accusative"|Gender="Feminine"|Number="Singular"|English="demonstrate"
450030260091|τῆς|450030260101|det|Cat="det"|Id="22"|morphId="450030260091"|Unicode="τῆς"|Lemma="ὁ"|Lang="G"|StrongNumber="G35880"|Morph="EA,,,,GFS,"|Type="Article"|Case="Genitive"|Gender="Feminine"|Number="Singular"|English="of the"
450030260101|δικαιοσύνης|450030260081|np|Cat="noun"|Id="25"|morphId="450030260101"|Unicode="δικαιοσύνης"|Lemma="δικαιοσύνη"|Lang="G"|StrongNumber="G13430"|Morph="N,,,,,GFS,"|Case="Genitive"|Gender="Feminine"|Number="Singular"|English="righteousness"
450030260111|αὐτοῦ|450030260101|np|Cat="pron"|Id="27"|morphId="450030260111"|Unicode="αὐτοῦ"|Lemma="αὐτός"|Lang="G"|StrongNumber="G08460"|Morph="RP,,,3GMS,"|Type="Personal"|Person="Third"|Case="Genitive"|Gender="Masculine"|Number="Singular"|English="of him"
450030260121|ἐν|450030260151|prep|Cat="prep"|Id="29"|morphId="450030260121"|Unicode="ἐν"|Lemma="ἐν"|Lang="G"|StrongNumber="G17220"|Morph="P,,,,,D,,,"|Case="Dative"|English="at"
450030260131|τῷ|450030260151|det|Cat="det"|Id="31"|morphId="450030260131"|Unicode="τῷ"|Lemma="ὁ"|Lang="G"|StrongNumber="G35880"|Morph="EA,,,,DMS,"|Type="Article"|Case="Dative"|Gender="Masculine"|Number="Singular"|English="the"
450030260141|νῦν|450030260151|advp|Cat="adv"|Id="34"|morphId="450030260141"|Unicode="νῦν"|Lemma="νῦν"|Lang="G"|StrongNumber="G35680"|Morph="D,,,,,,,,,"|English="present"
450030260151|καιρῷ,|450030260031|pp|Cat="noun"|Id="36"|morphId="450030260151"|Unicode="καιρῷ,"|Lemma="καιρός"|Lang="G"|StrongNumber="G25400"|Morph="N,,,,,DMS,"|Case="Dative"|Gender="Masculine"|Number="Singular"|English="time"
450030260161|εἰς|450030260201|prep|Cat="prep"|Id="38"|morphId="450030260161"|Unicode="εἰς"|Lemma="εἰς"|Lang="G"|StrongNumber="G15190"|Morph="P,,,,,A,,,"|Case="Accusative"|English="so that"
450030260171|τὸ|450030260201|det|Cat="pron"|Id="41"|morphId="450030260171"|Unicode="τὸ"|Lemma="ὁ"|Lang="G"|StrongNumber="G35880"|Morph="RD,,,,ANS,"|Type="Demonstrative"|Case="Accusative"|Gender="Neuter"|Number="Singular"
450030260181|εἶναι|450030260201|VC|Cat="verb"|Id="45"|morphId="450030260181"|Unicode="εἶναι"|Lemma="εἰμί"|Lang="G"|StrongNumber="G15100"|Morph="V,NPA,,,,,"|Mood="Infinitive"|Tense="Present"|Voice="Active"|English="would be"
450030260191|αὐτὸν|450030260201|S|Cat="pron"|Id="48"|morphId="450030260191"|Unicode="αὐτὸν"|Lemma="αὐτός"|Lang="G"|StrongNumber="G08460"|Morph="RP,,,3AMS,"|Type="Personal"|Person="Third"|Case="Accusative"|Gender="Masculine"|Number="Singular"|English="him"
450030260201|δίκαιον|450030260031|pp|Cat="noun"|Id="52"|morphId="450030260201"|Unicode="δίκαιον"|Lemma="δίκαιος"|Lang="G"|StrongNumber="G13420"|Morph="NS,,,,AMS,"|Type="Substantive_Adj"|Case="Accusative"|Gender="Masculine"|Number="Singular"|English="just"
450030260211|καὶ|450030260201|conj|Cat="conj"|Id="53"|morphId="450030260211"|Unicode="καὶ"|Lemma="καί"|Lang="G"|StrongNumber="G25320"|Morph="CC,,,,,,,,"|Type="Coordinating"|English="and"
450030260221|δικαιοῦντα|450030260201|np|Cat="verb"|Id="58"|morphId="450030260221"|Unicode="δικαιοῦντα"|Lemma="δικαιόω"|Lang="G"|StrongNumber="G13440"|Morph="V,PPA,AMS,"|Mood="Participle"|Tense="Present"|Voice="Active"|Case="Accusative"|Gender="Masculine"|Number="Singular"|English="justifier"
450030260231|τὸν|450030260221|O|Cat="pron"|Id="62"|morphId="450030260231"|Unicode="τὸν"|Lemma="ὁ"|Lang="G"|StrongNumber="G35880"|Morph="RD,,,,AMS,"|Type="Demonstrative"|Case="Accusative"|Gender="Masculine"|Number="Singular"|English="the one"
450030260241|ἐκ|450030260251|prep|Cat="prep"|Id="64"|morphId="450030260241"|Unicode="ἐκ"|Lemma="ἐκ"|Lang="G"|StrongNumber="G15370"|Morph="P,,,,,G,,,"|Case="Genitive"|English="has"
450030260251|πίστεως|450030260231|pp|Cat="noun"|Id="67"|morphId="450030260251"|Unicode="πίστεως"|Lemma="πίστις"|Lang="G"|StrongNumber="G41020"|Morph="N,,,,,GFS,"|Case="Genitive"|Gender="Feminine"|Number="Singular"|English="faith"
450030260261|Ἰησοῦ.|450030260251|np|Cat="noun"|Id="69"|morphId="450030260261"|Unicode="Ἰησοῦ."|Lemma="Ἰησοῦς"|Lang="G"|StrongNumber="G24240"|Morph="N,,,,,GMS,"|Case="Genitive"|Gender="Masculine"|Number="Singular"|English="in Jesus"
450030270021|οὖν|450030270011|conj|Cat="conj"|Id="4"|morphId="450030270021"|Unicode="οὖν"|Lemma="οὖν"|Lang="G"|StrongNumber="G37670"|Morph="CC,,,,,,,,"|Type="Coordinating"|English="then"
450030270011|ποῦ|None|CL|Cat="adv"|Id="8"|morphId="450030270011"|Unicode="ποῦ"|Lemma="ποῦ"|Lang="G"|StrongNumber="G42260"|Morph="D,,,,,,,,,"|English="where"
450030270031|ἡ|450030270041|det|Cat="det"|Id="11"|morphId="450030270031"|Unicode="ἡ"|Lemma="ὁ"|Lang="G"|StrongNumber="G35880"|Morph="EA,,,,NFS,"|Type="Article"|Case="Nominative"|Gender="Feminine"|Number="Singular"|English="is the"
450030270041|καύχησις?|450030270011|S|Cat="noun"|Id="13"|morphId="450030270041"|Unicode="καύχησις?"|Lemma="καύχησις"|Lang="G"|StrongNumber="G27460"|Morph="N,,,,,NFS,"|Case="Nominative"|Gender="Feminine"|Number="Singular"|English="boasting"
450030270051|ἐξεκλείσθη.|450030270011|CL|Cat="verb"|Id="17"|morphId="450030270051"|Unicode="ἐξεκλείσθη."|Lemma="ἐκκλείω"|Lang="G"|StrongNumber="G15760"|Morph="V,IAP3,,S,"|Mood="Indicative"|Tense="Aorist"|Voice="Passive"|Person="Third"|Number="Singular"|English="it is excluded"
450030270061|διὰ|450030270081|prep|Cat="prep"|Id="22"|morphId="450030270061"|Unicode="διὰ"|Lemma="διά"|Lang="G"|StrongNumber="G12230"|Morph="P,,,,,G,,,"|Case="Genitive"|English="by"
450030270071|ποίου|450030270081|adjp|Cat="det"|Id="26"|morphId="450030270071"|Unicode="ποίου"|Lemma="ποῖος"|Lang="G"|StrongNumber="G41690"|Morph="ET,,,,GMS,"|Type="Interrogative"|Case="Genitive"|Gender="Masculine"|Number="Singular"|English="what"
450030270081|νόμου?|450030270011|CL|Cat="noun"|Id="28"|morphId="450030270081"|Unicode="νόμου?"|Lemma="νόμος"|Lang="G"|StrongNumber="G35510"|Morph="N,,,,,GMS,"|Case="Genitive"|Gender="Masculine"|Number="Singular"|English="law"
450030270091|τῶν|450030270101|det|Cat="det"|Id="32"|morphId="450030270091"|Unicode="τῶν"|Lemma="ὁ"|Lang="G"|StrongNumber="G35880"|Morph="EA,,,,GNP,"|Type="Article"|Case="Genitive"|Gender="Neuter"|Number="Plural"|English="by that"
450030270101|ἔργων?|450030270081|CL|Cat="noun"|Id="34"|morphId="450030270101"|Unicode="ἔργων?"|Lemma="ἔργον"|Lang="G"|StrongNumber="G20410"|Morph="N,,,,,GNP,"|Case="Genitive"|Gender="Neuter"|Number="Plural"|English="of works"
450030270111|οὐχί,|450030270011|CL|Cat="intj"|Id="37"|morphId="450030270111"|Unicode="οὐχί,"|Lemma="οὐχί"|Lang="G"|StrongNumber="G37800"|Morph="IR,,,,,,,,"|Type="Response"|English="no"
450030270121|ἀλλὰ|450030270111|conj|Cat="conj"|Id="38"|morphId="450030270121"|Unicode="ἀλλὰ"|Lemma="ἀλλά"|Lang="G"|StrongNumber="G02350"|Morph="CC,,,,,,,,"|Type="Coordinating"|English="but"
450030270131|διὰ|450030270141|prep|Cat="prep"|Id="42"|morphId="450030270131"|Unicode="διὰ"|Lemma="διά"|Lang="G"|StrongNumber="G12230"|Morph="P,,,,,G,,,"|Case="Genitive"|English="by"
450030270141|νόμου|450030270111|CL|Cat="noun"|Id="45"|morphId="450030270141"|Unicode="νόμου"|Lemma="νόμος"|Lang="G"|StrongNumber="G35510"|Morph="N,,,,,GMS,"|Case="Genitive"|Gender="Masculine"|Number="Singular"|English="a law"
450030270151|πίστεως.|450030270141|np|Cat="noun"|Id="47"|morphId="450030270151"|Unicode="πίστεως."|Lemma="πίστις"|Lang="G"|StrongNumber="G41020"|Morph="N,,,,,GFS,"|Case="Genitive"|Gender="Feminine"|Number="Singular"|English="of faith"
450030280021|γὰρ|450030280011|conj|Cat="conj"|Id="3"|morphId="450030280021"|Unicode="γὰρ"|Lemma="γάρ"|Lang="G"|StrongNumber="G10630"|Morph="CC,,,,,,,,"|Type="Coordinating"|English="for"
450030280011|λογιζόμεθα|None|CL|Cat="verb"|Id="7"|morphId="450030280011"|Unicode="λογιζόμεθα"|Lemma="λογίζομαι"|Lang="G"|StrongNumber="G30490"|Morph="V,IPM1,,P,"|Mood="Indicative"|Tense="Present"|Voice="Middle"|Person="First"|Number="Plural"|English="we conclude"
450030280031|δικαιοῦσθαι|450030280011|O|Cat="verb"|Id="12"|morphId="450030280031"|Unicode="δικαιοῦσθαι"|Lemma="δικαιόω"|Lang="G"|StrongNumber="G13440"|Morph="V,NPP,,,,,"|Mood="Infinitive"|Tense="Present"|Voice="Passive"|English="is justified"
450030280041|πίστει|450030280031|ADV|Cat="noun"|Id="15"|morphId="450030280041"|Unicode="πίστει"|Lemma="πίστις"|Lang="G"|StrongNumber="G41020"|Morph="N,,,,,DFS,"|Case="Dative"|Gender="Feminine"|Number="Singular"|English="by faith"
450030280051|ἄνθρωπον,|450030280031|S|Cat="noun"|Id="18"|morphId="450030280051"|Unicode="ἄνθρωπον,"|Lemma="ἄνθρωπος"|Lang="G"|StrongNumber="G04440"|Morph="N,,,,,AMS,"|Case="Accusative"|Gender="Masculine"|Number="Singular"|English="a person"
450030280061|χωρὶς|450030280071|prep|Cat="prep"|Id="21"|morphId="450030280061"|Unicode="χωρὶς"|Lemma="χωρίς"|Lang="G"|StrongNumber="G55650"|Morph="PI,,,,G,,,"|Type="Improper"|Case="Genitive"|English="apart from"
450030280071|ἔργων|450030280031|ADV|Cat="noun"|Id="24"|morphId="450030280071"|Unicode="ἔργων"|Lemma="ἔργον"|Lang="G"|StrongNumber="G20410"|Morph="N,,,,,GNP,"|Case="Genitive"|Gender="Neuter"|Number="Plural"|English="works"
450030280081|νόμου.|450030280071|np|Cat="noun"|Id="26"|morphId="450030280081"|Unicode="νόμου."|Lemma="νόμος"|Lang="G"|StrongNumber="G35510"|Morph="N,,,,,GMS,"|Case="Genitive"|Gender="Masculine"|Number="Singular"|English="of ~ law"
450030290011|ἢ|450030290021|conj|Cat="conj"|Id="3"|morphId="450030290011"|Unicode="ἢ"|Lemma="ἤ"|Lang="G"|StrongNumber="G22280"|Morph="CC,,,,,,,,"|Type="Coordinating"|English="or"
450030290021|Ἰουδαίων|None|CL|Cat="noun"|Id="7"|morphId="450030290021"|Unicode="Ἰουδαίων"|Lemma="Ἰουδαῖος"|Lang="G"|StrongNumber="G24530"|Morph="NP,,,,GMP,"|Type="Predicate_Adj"|Case="Genitive"|Gender="Masculine"|Number="Plural"|English="of jews"
450030290031|ὁ|450030290041|det|Cat="det"|Id="10"|morphId="450030290031"|Unicode="ὁ"|Lemma="ὁ"|Lang="G"|StrongNumber="G35880"|Morph="EA,,,,NMS,"|Type="Article"|Case="Nominative"|Gender="Masculine"|Number="Singular"|English="the"
450030290041|Θεὸς|450030290021|S|Cat="noun"|Id="12"|morphId="450030290041"|Unicode="Θεὸς"|Lemma="θεός"|Lang="G"|StrongNumber="G23160"|Morph="N,,,,,NMS,"|Case="Nominative"|Gender="Masculine"|Number="Singular"|English="God"
450030290051|μόνον?|450030290021|ADV|Cat="adv"|Id="15"|morphId="450030290051"|Unicode="μόνον?"|Lemma="μόνον"|Lang="G"|StrongNumber="G34400"|Morph="D,,,,,,,,,"|English="only"
450030290061|οὐχὶ|450030290081|ptcl|Cat="ptcl"|Id="17"|morphId="450030290061"|Unicode="οὐχὶ"|Lemma="οὐχί"|Lang="G"|StrongNumber="G37800"|Morph="T,,,,,,,,,"|English="not"
450030290071|καὶ|450030290081|advp|Cat="adv"|Id="22"|morphId="450030290071"|Unicode="καὶ"|Lemma="καί"|Lang="G"|StrongNumber="G25320"|Morph="D,,,,,,,,,"|English="also"
450030290081|ἐθνῶν?|450030290021|CL|Cat="noun"|Id="24"|morphId="450030290081"|Unicode="ἐθνῶν?"|Lemma="ἔθνος"|Lang="G"|StrongNumber="G14840"|Morph="N,,,,,GNP,"|Case="Genitive"|Gender="Neuter"|Number="Plural"|English="of gentiles"
450030290091|ναὶ,|450030290111|ptcl|Cat="intj"|Id="27"|morphId="450030290091"|Unicode="ναὶ,"|Lemma="ναί"|Lang="G"|StrongNumber="G34830"|Morph="IR,,,,,,,,"|Type="Response"|English="yes"
450030290101|καὶ|450030290111|advp|Cat="adv"|Id="32"|morphId="450030290101"|Unicode="καὶ"|Lemma="καί"|Lang="G"|StrongNumber="G25320"|Morph="D,,,,,,,,,"|English="also"
450030290111|ἐθνῶν,|450030290021|CL|Cat="noun"|Id="34"|morphId="450030290111"|Unicode="ἐθνῶν,"|Lemma="ἔθνος"|Lang="G"|StrongNumber="G14840"|Morph="N,,,,,GNP,"|Case="Genitive"|Gender="Neuter"|Number="Plural"|English="of gentiles"
450030300011|εἴπερ|450030300021|conj|Cat="conj"|Id="3"|morphId="450030300011"|Unicode="εἴπερ"|Lemma="εἴπερ"|Lang="G"|StrongNumber="G14870"|Morph="CS,,,,,,,,"|Type="Subordinating"|English="since"
450030300021|εἷς|None|CL|Cat="noun"|Id="7"|morphId="450030300021"|Unicode="εἷς"|Lemma="εἷς"|Lang="G"|StrongNumber="G15200"|Morph="NP,,,,NMS,"|Type="Predicate_Adj"|Case="Nominative"|Gender="Masculine"|Number="Singular"|English="one"
450030300031|ὁ|450030300041|det|Cat="det"|Id="11"|morphId="450030300031"|Unicode="ὁ"|Lemma="ὁ"|Lang="G"|StrongNumber="G35880"|Morph="EA,,,,NMS,"|Type="Article"|Case="Nominative"|Gender="Masculine"|Number="Singular"
450030300041|Θεός,|450030300021|S|Cat="noun"|Id="13"|morphId="450030300041"|Unicode="Θεός,"|Lemma="θεός"|Lang="G"|StrongNumber="G23160"|Morph="N,,,,,NMS,"|Case="Nominative"|Gender="Masculine"|Number="Singular"|English="God"
450030300051|ὃς|450030300061|S|Cat="pron"|Id="18"|morphId="450030300051"|Unicode="ὃς"|Lemma="ὅς"|Lang="G"|StrongNumber="G37390"|Morph="RR,,,,NMS,"|Type="Relative"|Case="Nominative"|Gender="Masculine"|Number="Singular"|English="there is who"
450030300061|δικαιώσει|450030300041|CL|Cat="verb"|Id="21"|morphId="450030300061"|Unicode="δικαιώσει"|Lemma="δικαιόω"|Lang="G"|StrongNumber="G13440"|Morph="V,IFA3,,S,"|Mood="Indicative"|Tense="Future"|Voice="Active"|Person="Third"|Number="Singular"|English="will justify"
450030300071|περιτομὴν|450030300061|O|Cat="noun"|Id="24"|morphId="450030300071"|Unicode="περιτομὴν"|Lemma="περιτομή"|Lang="G"|StrongNumber="G40610"|Morph="N,,,,,AFS,"|Case="Accusative"|Gender="Feminine"|Number="Singular"|English="circumcised"
450030300081|ἐκ|450030300091|prep|Cat="prep"|Id="27"|morphId="450030300081"|Unicode="ἐκ"|Lemma="ἐκ"|Lang="G"|StrongNumber="G15370"|Morph="P,,,,,G,,,"|Case="Genitive"|English="by"
450030300091|πίστεως,|450030300061|ADV|Cat="noun"|Id="29"|morphId="450030300091"|Unicode="πίστεως,"|Lemma="πίστις"|Lang="G"|StrongNumber="G41020"|Morph="N,,,,,GFS,"|Case="Genitive"|Gender="Feminine"|Number="Singular"|English="faith"
450030300101|καὶ|450030300061|conj|Cat="conj"|Id="30"|morphId="450030300101"|Unicode="καὶ"|Lemma="καί"|Lang="G"|StrongNumber="G25320"|Morph="CC,,,,,,,,"|Type="Coordinating"|English="and"
450030300111|ἀκροβυστίαν|450030300061|CL|Cat="noun"|Id="34"|morphId="450030300111"|Unicode="ἀκροβυστίαν"|Lemma="ἀκροβυστία"|Lang="G"|StrongNumber="G02030"|Morph="N,,,,,AFS,"|Case="Accusative"|Gender="Feminine"|Number="Singular"|English="uncircumcised"
450030300121|διὰ|450030300141|prep|Cat="prep"|Id="37"|morphId="450030300121"|Unicode="διὰ"|Lemma="διά"|Lang="G"|StrongNumber="G12230"|Morph="P,,,,,G,,,"|Case="Genitive"|English="through"
450030300131|τῆς|450030300141|det|Cat="det"|Id="39"|morphId="450030300131"|Unicode="τῆς"|Lemma="ὁ"|Lang="G"|StrongNumber="G35880"|Morph="EA,,,,GFS,"|Type="Article"|Case="Genitive"|Gender="Feminine"|Number="Singular"|English="that same"
450030300141|πίστεως.|450030300111|ADV|Cat="noun"|Id="41"|morphId="450030300141"|Unicode="πίστεως."|Lemma="πίστις"|Lang="G"|StrongNumber="G41020"|Morph="N,,,,,GFS,"|Case="Genitive"|Gender="Feminine"|Number="Singular"|English="faith"
450030310021|οὖν|450030310031|conj|Cat="conj"|Id="3"|morphId="450030310021"|Unicode="οὖν"|Lemma="οὖν"|Lang="G"|StrongNumber="G37670"|Morph="CC,,,,,,,,"|Type="Coordinating"|English="then"
450030310011|νόμον|450030310031|O|Cat="noun"|Id="7"|morphId="450030310011"|Unicode="νόμον"|Lemma="νόμος"|Lang="G"|StrongNumber="G35510"|Morph="N,,,,,AMS,"|Case="Accusative"|Gender="Masculine"|Number="Singular"|English="law"
450030310031|καταργοῦμεν|None|CL|Cat="verb"|Id="10"|morphId="450030310031"|Unicode="καταργοῦμεν"|Lemma="καταργέω"|Lang="G"|StrongNumber="G26730"|Morph="V,IPA1,,P,"|Mood="Indicative"|Tense="Present"|Voice="Active"|Person="First"|Number="Plural"|English="do we ~ nullify"
450030310041|διὰ|450030310061|prep|Cat="prep"|Id="13"|morphId="450030310041"|Unicode="διὰ"|Lemma="διά"|Lang="G"|StrongNumber="G12230"|Morph="P,,,,,G,,,"|Case="Genitive"|English="through"
450030310051|τῆς|450030310061|det|Cat="det"|Id="15"|morphId="450030310051"|Unicode="τῆς"|Lemma="ὁ"|Lang="G"|StrongNumber="G35880"|Morph="EA,,,,GFS,"|Type="Article"|Case="Genitive"|Gender="Feminine"|Number="Singular"|English="this"
450030310061|πίστεως?|450030310031|ADV|Cat="noun"|Id="17"|morphId="450030310061"|Unicode="πίστεως?"|Lemma="πίστις"|Lang="G"|StrongNumber="G41020"|Morph="N,,,,,GFS,"|Case="Genitive"|Gender="Feminine"|Number="Singular"|English="faith"
450030310071|μὴ|450030310081|ADV|Cat="adv"|Id="22"|morphId="450030310071"|Unicode="μὴ"|Lemma="μή"|Lang="G"|StrongNumber="G33610"|Morph="D,,,,,,,,,"|English="never"
450030310081|γένοιτο!|450030310031|CL|Cat="verb"|Id="25"|morphId="450030310081"|Unicode="γένοιτο!"|Lemma="γίνομαι"|Lang="G"|StrongNumber="G10960"|Morph="V,OAM3,,S,"|Mood="Optative"|Tense="Aorist"|Voice="Middle"|Person="Third"|Number="Singular"|English="may it ~ be"
450030310091|ἀλλὰ|450030310081|conj|Cat="conj"|Id="26"|morphId="450030310091"|Unicode="ἀλλὰ"|Lemma="ἀλλά"|Lang="G"|StrongNumber="G02350"|Morph="CC,,,,,,,,"|Type="Coordinating"|English="on the contrary"
450030310101|νόμον|450030310111|O|Cat="noun"|Id="30"|morphId="450030310101"|Unicode="νόμον"|Lemma="νόμος"|Lang="G"|StrongNumber="G35510"|Morph="N,,,,,AMS,"|Case="Accusative"|Gender="Masculine"|Number="Singular"|English="law"
450030310111|ἱστάνομεν.|450030310081|CL|Cat="verb"|Id="33"|morphId="450030310111"|Unicode="ἱστάνομεν."|Lemma="ἱστάνω"|Lang="G"|StrongNumber="G24760"|Morph="V,IPA1,,P,"|Mood="Indicative"|Tense="Present"|Voice="Active"|Person="First"|Number="Plural"|English="we uphold"
