560010010011|Παῦλος,|None|CL|Cat="noun"|Id="6"|morphId="560010010011"|Unicode="Παῦλος,"|Lemma="Παῦλος"|Lang="G"|StrongNumber="G39720"|Morph="N,,,,,NMS,"|Case="Nominative"|Gender="Masculine"|Number="Singular"|English="Paul"
560010010021|δοῦλος|560010010011|np|Cat="noun"|Id="10"|morphId="560010010021"|Unicode="δοῦλος"|Lemma="δοῦλος"|Lang="G"|StrongNumber="G14010"|Morph="N,,,,,NMS,"|Case="Nominative"|Gender="Masculine"|Number="Singular"|English="a servant"
560010010031|Θεοῦ,|560010010021|np|Cat="noun"|Id="12"|morphId="560010010031"|Unicode="Θεοῦ,"|Lemma="θεός"|Lang="G"|StrongNumber="G23160"|Morph="N,,,,,GMS,"|Case="Genitive"|Gender="Masculine"|Number="Singular"|English="of God"
560010010051|δὲ|560010010021|conj|Cat="conj"|Id="13"|morphId="560010010051"|Unicode="δὲ"|Lemma="δέ"|Lang="G"|StrongNumber="G11610"|Morph="CC,,,,,,,,"|Type="Coordinating"|English="and"
560010010041|ἀπόστολος|560010010021|np|Cat="noun"|Id="16"|morphId="560010010041"|Unicode="ἀπόστολος"|Lemma="ἀπόστολος"|Lang="G"|StrongNumber="G06520"|Morph="N,,,,,NMS,"|Case="Nominative"|Gender="Masculine"|Number="Singular"|English="an apostle"
560010010061|Ἰησοῦ|560010010041|np|Cat="noun"|Id="19"|morphId="560010010061"|Unicode="Ἰησοῦ"|Lemma="Ἰησοῦς"|Lang="G"|StrongNumber="G24240"|Morph="N,,,,,GMS,"|Case="Genitive"|Gender="Masculine"|Number="Singular"|English="of Jesus"
560010010071|Χριστοῦ,|560010010061|np|Cat="noun"|Id="21"|morphId="560010010071"|Unicode="Χριστοῦ,"|Lemma="χριστός"|Lang="G"|StrongNumber="G55470"|Morph="N,,,,,GMS,"|Case="Genitive"|Gender="Masculine"|Number="Singular"|English="Christ"
560010010081|κατὰ|560010010091|prep|Cat="prep"|Id="24"|morphId="560010010081"|Unicode="κατὰ"|Lemma="κατά"|Lang="G"|StrongNumber="G25960"|Morph="P,,,,,A,,,"|Case="Accusative"|English="for"
560010010091|πίστιν|560010010011|ADV|Cat="noun"|Id="28"|morphId="560010010091"|Unicode="πίστιν"|Lemma="πίστις"|Lang="G"|StrongNumber="G41020"|Morph="N,,,,,AFS,"|Case="Accusative"|Gender="Feminine"|Number="Singular"|English="faith"
560010010101|ἐκλεκτῶν|560010010091|np|Cat="noun"|Id="31"|morphId="560010010101"|Unicode="ἐκλεκτῶν"|Lemma="ἐκλεκτός"|Lang="G"|StrongNumber="G15880"|Morph="NS,,,,GMP,"|Type="Substantive_Adj"|Case="Genitive"|Gender="Masculine"|Number="Plural"|English="of ~ elect"
560010010111|Θεοῦ,|560010010101|np|Cat="noun"|Id="33"|morphId="560010010111"|Unicode="Θεοῦ,"|Lemma="θεός"|Lang="G"|StrongNumber="G23160"|Morph="N,,,,,GMS,"|Case="Genitive"|Gender="Masculine"|Number="Singular"|English="God’s"
560010010121|καὶ|560010010091|conj|Cat="conj"|Id="34"|morphId="560010010121"|Unicode="καὶ"|Lemma="καί"|Lang="G"|StrongNumber="G25320"|Morph="CC,,,,,,,,"|Type="Coordinating"|English="and"
560010010131|ἐπίγνωσιν|560010010091|np|Cat="noun"|Id="37"|morphId="560010010131"|Unicode="ἐπίγνωσιν"|Lemma="ἐπίγνωσις"|Lang="G"|StrongNumber="G19220"|Morph="N,,,,,AFS,"|Case="Accusative"|Gender="Feminine"|Number="Singular"|English="knowledge"
560010010141|ἀληθείας,|560010010131|np|Cat="noun"|Id="40"|morphId="560010010141"|Unicode="ἀληθείας,"|Lemma="ἀλήθεια"|Lang="G"|StrongNumber="G02250"|Morph="N,,,,,GFS,"|Case="Genitive"|Gender="Feminine"|Number="Singular"|English="of ~ truth"
560010010151|τῆς|560010010141|np|Cat="det"|Id="43"|morphId="560010010151"|Unicode="τῆς"|Lemma="ὁ"|Lang="G"|StrongNumber="G35880"|Morph="EA,,,,GFS,"|Type="Article"|Case="Genitive"|Gender="Feminine"|Number="Singular"|English="that"
560010010161|κατ’|560010010171|prep|Cat="prep"|Id="45"|morphId="560010010161"|Unicode="κατ’"|Lemma="κατά"|Lang="G"|StrongNumber="G25960"|Morph="P,,,,,A,,,"|Case="Accusative"|English="to"
560010010171|εὐσέβειαν|560010010151|pp|Cat="noun"|Id="47"|morphId="560010010171"|Unicode="εὐσέβειαν"|Lemma="εὐσέβεια"|Lang="G"|StrongNumber="G21500"|Morph="N,,,,,AFS,"|Case="Accusative"|Gender="Feminine"|Number="Singular"|English="godliness"
560010020011|ἐπ’|560010020021|prep|Cat="prep"|Id="4"|morphId="560010020011"|Unicode="ἐπ’"|Lemma="ἐπί"|Lang="G"|StrongNumber="G19090"|Morph="P,,,,,D,,,"|Case="Dative"|English="in"
560010020021|ἐλπίδι|None|ADV|Cat="noun"|Id="7"|morphId="560010020021"|Unicode="ἐλπίδι"|Lemma="ἐλπίς"|Lang="G"|StrongNumber="G16800"|Morph="N,,,,,DFS,"|Case="Dative"|Gender="Feminine"|Number="Singular"|English="hope"
560010020031|ζωῆς|560010020021|np|Cat="noun"|Id="11"|morphId="560010020031"|Unicode="ζωῆς"|Lemma="ζωή"|Lang="G"|StrongNumber="G22220"|Morph="N,,,,,GFS,"|Case="Genitive"|Gender="Feminine"|Number="Singular"|English="of ~ life"
560010020041|αἰωνίου,|560010020031|adjp|Cat="adj"|Id="13"|morphId="560010020041"|Unicode="αἰωνίου,"|Lemma="αἰώνιος"|Lang="G"|StrongNumber="G01660"|Morph="AA,,,,GFS,"|Type="Ascriptive"|Case="Genitive"|Gender="Feminine"|Number="Singular"|English="eternal"
560010020051|ἣν|560010020061|O|Cat="pron"|Id="17"|morphId="560010020051"|Unicode="ἣν"|Lemma="ὅς"|Lang="G"|StrongNumber="G37390"|Morph="RR,,,,AFS,"|Type="Relative"|Case="Accusative"|Gender="Feminine"|Number="Singular"|English="which"
560010020061|ἐπηγγείλατο|560010020031|CL|Cat="verb"|Id="20"|morphId="560010020061"|Unicode="ἐπηγγείλατο"|Lemma="ἐπαγγέλλω"|Lang="G"|StrongNumber="G18610"|Morph="V,IAM3,,S,"|Mood="Indicative"|Tense="Aorist"|Voice="Middle"|Person="Third"|Number="Singular"|English="promised"
560010020071|ὁ|560010020091|det|Cat="det"|Id="23"|morphId="560010020071"|Unicode="ὁ"|Lemma="ὁ"|Lang="G"|StrongNumber="G35880"|Morph="EA,,,,NMS,"|Type="Article"|Case="Nominative"|Gender="Masculine"|Number="Singular"|English="who"
560010020081|ἀψευδὴς|560010020091|adjp|Cat="adj"|Id="26"|morphId="560010020081"|Unicode="ἀψευδὴς"|Lemma="ἀψευδής"|Lang="G"|StrongNumber="G08930"|Morph="AA,,,,NMS,"|Type="Ascriptive"|Case="Nominative"|Gender="Masculine"|Number="Singular"|English="cannot lie"
560010020091|Θεὸς|560010020061|S|Cat="noun"|Id="28"|morphId="560010020091"|Unicode="Θεὸς"|Lemma="θεός"|Lang="G"|StrongNumber="G23160"|Morph="N,,,,,NMS,"|Case="Nominative"|Gender="Masculine"|Number="Singular"|English="God"
560010020101|πρὸ|560010020111|prep|Cat="prep"|Id="31"|morphId="560010020101"|Unicode="πρὸ"|Lemma="πρό"|Lang="G"|StrongNumber="G42530"|Morph="P,,,,,G,,,"|Case="Genitive"|English="before"
560010020111|χρόνων|560010020061|ADV|Cat="noun"|Id="34"|morphId="560010020111"|Unicode="χρόνων"|Lemma="χρόνος"|Lang="G"|StrongNumber="G55500"|Morph="N,,,,,GMP,"|Case="Genitive"|Gender="Masculine"|Number="Plural"|English="ages"
560010020121|αἰωνίων,|560010020111|adjp|Cat="adj"|Id="36"|morphId="560010020121"|Unicode="αἰωνίων,"|Lemma="αἰώνιος"|Lang="G"|StrongNumber="G01660"|Morph="AA,,,,GMP,"|Type="Ascriptive"|Case="Genitive"|Gender="Masculine"|Number="Plural"|English="eternal"
560010030021|δὲ|560010030011|conj|Cat="conj"|Id="4"|morphId="560010030021"|Unicode="δὲ"|Lemma="δέ"|Lang="G"|StrongNumber="G11610"|Morph="CC,,,,,,,,"|Type="Coordinating"|English="but"
560010030011|ἐφανέρωσεν|None|np|Cat="verb"|Id="8"|morphId="560010030011"|Unicode="ἐφανέρωσεν"|Lemma="φανερόω"|Lang="G"|StrongNumber="G53190"|Morph="V,IAA3,,S,"|Mood="Indicative"|Tense="Aorist"|Voice="Active"|Person="Third"|Number="Singular"|English="manifested"
560010030031|καιροῖς|560010030011|ADV|Cat="noun"|Id="12"|morphId="560010030031"|Unicode="καιροῖς"|Lemma="καιρός"|Lang="G"|StrongNumber="G25400"|Morph="N,,,,,DMP,"|Case="Dative"|Gender="Masculine"|Number="Plural"|English="at ~ time"
560010030041|ἰδίοις|560010030031|adjp|Cat="det"|Id="15"|morphId="560010030041"|Unicode="ἰδίοις"|Lemma="ἴδιος"|Lang="G"|StrongNumber="G23980"|Morph="EF,,,,DMP,"|Type="Differential"|Case="Dative"|Gender="Masculine"|Number="Plural"|English="proper"
560010030051|τὸν|560010030061|det|Cat="det"|Id="18"|morphId="560010030051"|Unicode="τὸν"|Lemma="ὁ"|Lang="G"|StrongNumber="G35880"|Morph="EA,,,,AMS,"|Type="Article"|Case="Accusative"|Gender="Masculine"|Number="Singular"|English="the"
560010030061|λόγον|560010030011|O|Cat="noun"|Id="21"|morphId="560010030061"|Unicode="λόγον"|Lemma="λόγος"|Lang="G"|StrongNumber="G30560"|Morph="N,,,,,AMS,"|Case="Accusative"|Gender="Masculine"|Number="Singular"|English="word"
560010030071|αὐτοῦ|560010030061|np|Cat="pron"|Id="23"|morphId="560010030071"|Unicode="αὐτοῦ"|Lemma="αὐτός"|Lang="G"|StrongNumber="G08460"|Morph="RP,,,3GMS,"|Type="Personal"|Person="Third"|Case="Genitive"|Gender="Masculine"|Number="Singular"|English="of Him"
560010030081|ἐν|560010030091|prep|Cat="prep"|Id="26"|morphId="560010030081"|Unicode="ἐν"|Lemma="ἐν"|Lang="G"|StrongNumber="G17220"|Morph="P,,,,,D,,,"|Case="Dative"|English="through"
560010030091|κηρύγματι,|560010030011|ADV|Cat="noun"|Id="29"|morphId="560010030091"|Unicode="κηρύγματι,"|Lemma="κήρυγμα"|Lang="G"|StrongNumber="G27820"|Morph="N,,,,,DNS,"|Case="Dative"|Gender="Neuter"|Number="Singular"|English="preaching"
560010030101|ὃ|560010030111|O|Cat="pron"|Id="33"|morphId="560010030101"|Unicode="ὃ"|Lemma="ὅς"|Lang="G"|StrongNumber="G37390"|Morph="RR,,,,ANS,"|Type="Relative"|Case="Accusative"|Gender="Neuter"|Number="Singular"|English="which"
560010030111|ἐπιστεύθην|560010030091|CL|Cat="verb"|Id="36"|morphId="560010030111"|Unicode="ἐπιστεύθην"|Lemma="πιστεύω"|Lang="G"|StrongNumber="G41000"|Morph="V,IAP1,,S,"|Mood="Indicative"|Tense="Aorist"|Voice="Passive"|Person="First"|Number="Singular"|English="was entrusted"
560010030121|ἐγὼ,|560010030111|S|Cat="pron"|Id="39"|morphId="560010030121"|Unicode="ἐγὼ,"|Lemma="ἐγώ"|Lang="G"|StrongNumber="G14730"|Morph="RP,,,1N,S,"|Type="Personal"|Person="First"|Case="Nominative"|Number="Singular"|English="I"
560010030131|κατ’|560010030141|prep|Cat="prep"|Id="42"|morphId="560010030131"|Unicode="κατ’"|Lemma="κατά"|Lang="G"|StrongNumber="G25960"|Morph="P,,,,,A,,,"|Case="Accusative"|English="by"
560010030141|ἐπιταγὴν|560010030111|ADV|Cat="noun"|Id="45"|morphId="560010030141"|Unicode="ἐπιταγὴν"|Lemma="ἐπιταγή"|Lang="G"|StrongNumber="G20030"|Morph="N,,,,,AFS,"|Case="Accusative"|Gender="Feminine"|Number="Singular"|English="command"
560010030151|τοῦ|560010030161|det|Cat="det"|Id="47"|morphId="560010030151"|Unicode="τοῦ"|Lemma="ὁ"|Lang="G"|StrongNumber="G35880"|Morph="EA,,,,GMS,"|Type="Article"|Case="Genitive"|Gender="Masculine"|Number="Singular"|English="of the"
560010030161|Σωτῆρος|560010030141|np|Cat="noun"|Id="51"|morphId="560010030161"|Unicode="Σωτῆρος"|Lemma="σωτήρ"|Lang="G"|StrongNumber="G49900"|Morph="N,,,,,GMS,"|Case="Genitive"|Gender="Masculine"|Number="Singular"|English="savior"
560010030171|ἡμῶν,|560010030161|np|Cat="pron"|Id="53"|morphId="560010030171"|Unicode="ἡμῶν,"|Lemma="ἐγώ"|Lang="G"|StrongNumber="G14730"|Morph="RP,,,1G,P,"|Type="Personal"|Person="First"|Case="Genitive"|Number="Plural"|English="of us"
560010030181|Θεοῦ;|560010030161|np|Cat="noun"|Id="55"|morphId="560010030181"|Unicode="Θεοῦ;"|Lemma="θεός"|Lang="G"|StrongNumber="G23160"|Morph="N,,,,,GMS,"|Case="Genitive"|Gender="Masculine"|Number="Singular"|English="of God"
560010040011|Τίτῳ,|None|np|Cat="noun"|Id="4"|morphId="560010040011"|Unicode="Τίτῳ,"|Lemma="Τίτος"|Lang="G"|StrongNumber="G51030"|Morph="N,,,,,DMS,"|Case="Dative"|Gender="Masculine"|Number="Singular"|English="To Titus"
560010040021|γνησίῳ|560010040031|adjp|Cat="adj"|Id="8"|morphId="560010040021"|Unicode="γνησίῳ"|Lemma="γνήσιος"|Lang="G"|StrongNumber="G11030"|Morph="AA,,,,DNS,"|Type="Ascriptive"|Case="Dative"|Gender="Neuter"|Number="Singular"|English="true"
560010040031|τέκνῳ,|560010040011|np|Cat="noun"|Id="10"|morphId="560010040031"|Unicode="τέκνῳ,"|Lemma="τέκνον"|Lang="G"|StrongNumber="G50430"|Morph="N,,,,,DNS,"|Case="Dative"|Gender="Neuter"|Number="Singular"|English="child"
560010040041|κατὰ|560010040061|prep|Cat="prep"|Id="12"|morphId="560010040041"|Unicode="κατὰ"|Lemma="κατά"|Lang="G"|StrongNumber="G25960"|Morph="P,,,,,A,,,"|Case="Accusative"|English="in"
560010040051|κοινὴν|560010040061|adjp|Cat="adj"|Id="15"|morphId="560010040051"|Unicode="κοινὴν"|Lemma="κοινός"|Lang="G"|StrongNumber="G28390"|Morph="AA,,,,AFS,"|Type="Ascriptive"|Case="Accusative"|Gender="Feminine"|Number="Singular"|English="common"
560010040061|πίστιν:|560010040031|pp|Cat="noun"|Id="17"|morphId="560010040061"|Unicode="πίστιν:"|Lemma="πίστις"|Lang="G"|StrongNumber="G41020"|Morph="N,,,,,AFS,"|Case="Accusative"|Gender="Feminine"|Number="Singular"|English="faith"
560010040071|χάρις|560010040011|CL|Cat="noun"|Id="22"|morphId="560010040071"|Unicode="χάρις"|Lemma="χάρις"|Lang="G"|StrongNumber="G54850"|Morph="N,,,,,NFS,"|Case="Nominative"|Gender="Feminine"|Number="Singular"|English="grace"
560010040081|καὶ|560010040071|conj|Cat="conj"|Id="23"|morphId="560010040081"|Unicode="καὶ"|Lemma="καί"|Lang="G"|StrongNumber="G25320"|Morph="CC,,,,,,,,"|Type="Coordinating"|English="and"
560010040091|εἰρήνη|560010040071|np|Cat="noun"|Id="25"|morphId="560010040091"|Unicode="εἰρήνη"|Lemma="εἰρήνη"|Lang="G"|StrongNumber="G15150"|Morph="N,,,,,NFS,"|Case="Nominative"|Gender="Feminine"|Number="Singular"|English="peace"
560010040101|ἀπὸ|560010040111|prep|Cat="prep"|Id="28"|morphId="560010040101"|Unicode="ἀπὸ"|Lemma="ἀπό"|Lang="G"|StrongNumber="G05750"|Morph="P,,,,,G,,,"|Case="Genitive"|English="from"
560010040111|Θεοῦ|560010040071|ADV|Cat="noun"|Id="32"|morphId="560010040111"|Unicode="Θεοῦ"|Lemma="θεός"|Lang="G"|StrongNumber="G23160"|Morph="N,,,,,GMS,"|Case="Genitive"|Gender="Masculine"|Number="Singular"|English="God"
560010040121|Πατρὸς|560010040111|np|Cat="noun"|Id="34"|morphId="560010040121"|Unicode="Πατρὸς"|Lemma="πατήρ"|Lang="G"|StrongNumber="G39620"|Morph="N,,,,,GMS,"|Case="Genitive"|Gender="Masculine"|Number="Singular"|English="father"
560010040131|καὶ|560010040111|conj|Cat="conj"|Id="35"|morphId="560010040131"|Unicode="καὶ"|Lemma="καί"|Lang="G"|StrongNumber="G25320"|Morph="CC,,,,,,,,"|Type="Coordinating"|English="and"
560010040141|Χριστοῦ|560010040111|np|Cat="noun"|Id="39"|morphId="560010040141"|Unicode="Χριστοῦ"|Lemma="χριστός"|Lang="G"|StrongNumber="G55470"|Morph="N,,,,,GMS,"|Case="Genitive"|Gender="Masculine"|Number="Singular"|English="Christ"
560010040151|Ἰησοῦ|560010040141|np|Cat="noun"|Id="41"|morphId="560010040151"|Unicode="Ἰησοῦ"|Lemma="Ἰησοῦς"|Lang="G"|StrongNumber="G24240"|Morph="N,,,,,GMS,"|Case="Genitive"|Gender="Masculine"|Number="Singular"|English="Jesus"
560010040161|τοῦ|560010040171|det|Cat="det"|Id="43"|morphId="560010040161"|Unicode="τοῦ"|Lemma="ὁ"|Lang="G"|StrongNumber="G35880"|Morph="EA,,,,GMS,"|Type="Article"|Case="Genitive"|Gender="Masculine"|Number="Singular"|English="the"
560010040171|Σωτῆρος|560010040141|np|Cat="noun"|Id="46"|morphId="560010040171"|Unicode="Σωτῆρος"|Lemma="σωτήρ"|Lang="G"|StrongNumber="G49900"|Morph="N,,,,,GMS,"|Case="Genitive"|Gender="Masculine"|Number="Singular"|English="savior"
560010040181|ἡμῶν.|560010040171|np|Cat="pron"|Id="48"|morphId="560010040181"|Unicode="ἡμῶν."|Lemma="ἐγώ"|Lang="G"|StrongNumber="G14730"|Morph="RP,,,1G,P,"|Type="Personal"|Person="First"|Case="Genitive"|Number="Plural"|English="of us"
560010050011|τούτου|560010050031|ADV|Cat="pron"|Id="7"|morphId="560010050011"|Unicode="τούτου"|Lemma="οὗτος"|Lang="G"|StrongNumber="G37780"|Morph="RD,,,,GNS,"|Type="Demonstrative"|Case="Genitive"|Gender="Neuter"|Number="Singular"|English="for this"
560010050021|χάριν,|560010050011|prep|Cat="prep"|Id="8"|morphId="560010050021"|Unicode="χάριν,"|Lemma="χάριν"|Lang="G"|StrongNumber="G54840"|Morph="PI,,,,G,,,"|Type="Improper"|Case="Genitive"|English="on account of"
560010050031|ἀπέλιπόν|None|CL|Cat="verb"|Id="11"|morphId="560010050031"|Unicode="ἀπέλιπόν"|Lemma="ἀπολίπω"|Lang="G"|StrongNumber="G06200"|Morph="V,IAA1,,S,"|Mood="Indicative"|Tense="Aorist"|Voice="Active"|Person="First"|Number="Singular"|English="I left"
560010050041|σε|560010050031|O|Cat="pron"|Id="14"|morphId="560010050041"|Unicode="σε"|Lemma="σύ"|Lang="G"|StrongNumber="G47710"|Morph="RP,,,2A,S,"|Type="Personal"|Person="Second"|Case="Accusative"|Number="Singular"|English="you"
560010050051|ἐν|560010050061|prep|Cat="prep"|Id="17"|morphId="560010050051"|Unicode="ἐν"|Lemma="ἐν"|Lang="G"|StrongNumber="G17220"|Morph="P,,,,,D,,,"|Case="Dative"|English="in"
560010050061|Κρήτῃ,|560010050031|ADV|Cat="noun"|Id="19"|morphId="560010050061"|Unicode="Κρήτῃ,"|Lemma="Κρήτη"|Lang="G"|StrongNumber="G29140"|Morph="N,,,,,DFS,"|Case="Dative"|Gender="Feminine"|Number="Singular"|English="Crete"
560010050071|ἵνα|560010050101|conj|Cat="conj"|Id="21"|morphId="560010050071"|Unicode="ἵνα"|Lemma="ἵνα"|Lang="G"|StrongNumber="G24430"|Morph="CS,,,,,,,,"|Type="Subordinating"|English="that"
560010050081|τὰ|560010050091|det|Cat="det"|Id="26"|morphId="560010050081"|Unicode="τὰ"|Lemma="ὁ"|Lang="G"|StrongNumber="G35880"|Morph="EA,,,,ANP,"|Type="Article"|Case="Accusative"|Gender="Neuter"|Number="Plural"|English="the things"
560010050091|λείποντα|560010050101|O|Cat="verb"|Id="30"|morphId="560010050091"|Unicode="λείποντα"|Lemma="λείπω"|Lang="G"|StrongNumber="G30070"|Morph="V,PPA,ANP,"|Mood="Participle"|Tense="Present"|Voice="Active"|Case="Accusative"|Gender="Neuter"|Number="Plural"|English="what remains"
560010050101|ἐπιδιορθώσῃ,|560010050031|CL|Cat="verb"|Id="33"|morphId="560010050101"|Unicode="ἐπιδιορθώσῃ,"|Lemma="ἐπιδιορθόω"|Lang="G"|StrongNumber="G19300"|Morph="V,SAM2,,S,"|Mood="Subjunctive"|Tense="Aorist"|Voice="Middle"|Person="Second"|Number="Singular"|English="you should put in order"
560010050111|καὶ|560010050101|conj|Cat="conj"|Id="34"|morphId="560010050111"|Unicode="καὶ"|Lemma="καί"|Lang="G"|StrongNumber="G25320"|Morph="CC,,,,,,,,"|Type="Coordinating"|English="and"
560010050121|καταστήσῃς|560010050101|CL|Cat="verb"|Id="39"|morphId="560010050121"|Unicode="καταστήσῃς"|Lemma="καθίστημι"|Lang="G"|StrongNumber="G25250"|Morph="V,SAA2,,S,"|Mood="Subjunctive"|Tense="Aorist"|Voice="Active"|Person="Second"|Number="Singular"|English="appoint"
560010050131|κατὰ|560010050141|prep|Cat="prep"|Id="42"|morphId="560010050131"|Unicode="κατὰ"|Lemma="κατά"|Lang="G"|StrongNumber="G25960"|Morph="P,,,,,A,,,"|Case="Accusative"|English="every"
560010050141|πόλιν|560010050121|ADV|Cat="noun"|Id="44"|morphId="560010050141"|Unicode="πόλιν"|Lemma="πόλις"|Lang="G"|StrongNumber="G41720"|Morph="N,,,,,AFS,"|Case="Accusative"|Gender="Feminine"|Number="Singular"|English="in ~ town"
560010050151|πρεσβυτέρους,|560010050121|O|Cat="noun"|Id="47"|morphId="560010050151"|Unicode="πρεσβυτέρους,"|Lemma="πρεσβύτερος"|Lang="G"|StrongNumber="G42450"|Morph="NS,,,,AMPC"|Type="Substantive_Adj"|Case="Accusative"|Gender="Masculine"|Number="Plural"|English="elders"
560010050161|ὡς|560010050191|conj|Cat="conj"|Id="49"|morphId="560010050161"|Unicode="ὡς"|Lemma="ὡς"|Lang="G"|StrongNumber="G56130"|Morph="CS,,,,,,,,"|Type="Subordinating"|English="as"
560010050171|ἐγώ|560010050191|S|Cat="pron"|Id="53"|morphId="560010050171"|Unicode="ἐγώ"|Lemma="ἐγώ"|Lang="G"|StrongNumber="G14730"|Morph="RP,,,1N,S,"|Type="Personal"|Person="First"|Case="Nominative"|Number="Singular"|English="I"
560010050181|σοι|560010050191|IO|Cat="pron"|Id="56"|morphId="560010050181"|Unicode="σοι"|Lemma="σύ"|Lang="G"|StrongNumber="G47710"|Morph="RP,,,2D,S,"|Type="Personal"|Person="Second"|Case="Dative"|Number="Singular"|English="you"
560010050191|διεταξάμην;|560010050121|CL|Cat="verb"|Id="59"|morphId="560010050191"|Unicode="διεταξάμην;"|Lemma="διατάσσω"|Lang="G"|StrongNumber="G12990"|Morph="V,IAM1,,S,"|Mood="Indicative"|Tense="Aorist"|Voice="Middle"|Person="First"|Number="Singular"|English="directed"
560010060011|εἴ|560010060041|conj|Cat="conj"|Id="3"|morphId="560010060011"|Unicode="εἴ"|Lemma="εἰ"|Lang="G"|StrongNumber="G14870"|Morph="CS,,,,,,,,"|Type="Subordinating"|English="if"
560010060021|τίς|560010060041|S|Cat="pron"|Id="7"|morphId="560010060021"|Unicode="τίς"|Lemma="τις"|Lang="G"|StrongNumber="G51000"|Morph="RI,,,,NMS,"|Type="Indefinite"|Case="Nominative"|Gender="Masculine"|Number="Singular"|English="anyone"
560010060031|ἐστιν|560010060041|VC|Cat="verb"|Id="10"|morphId="560010060031"|Unicode="ἐστιν"|Lemma="εἰμί"|Lang="G"|StrongNumber="G15100"|Morph="V,IPA3,,S,"|Mood="Indicative"|Tense="Present"|Voice="Active"|Person="Third"|Number="Singular"|English="is"
560010060041|ἀνέγκλητος,|None|CL|Cat="noun"|Id="14"|morphId="560010060041"|Unicode="ἀνέγκλητος,"|Lemma="ἀνέγκλητος"|Lang="G"|StrongNumber="G04100"|Morph="NP,,,,NMS,"|Type="Predicate_Adj"|Case="Nominative"|Gender="Masculine"|Number="Singular"|English="blameless"
560010060051|μιᾶς|560010060061|nump|Cat="det"|Id="19"|morphId="560010060051"|Unicode="μιᾶς"|Lemma="εἷς"|Lang="G"|StrongNumber="G15200"|Morph="EN,,,,GFS,"|Type="Number"|Case="Genitive"|Gender="Feminine"|Number="Singular"|English="one"
560010060061|γυναικὸς|560010060071|np|Cat="noun"|Id="21"|morphId="560010060061"|Unicode="γυναικὸς"|Lemma="γυνή"|Lang="G"|StrongNumber="G11350"|Morph="N,,,,,GFS,"|Case="Genitive"|Gender="Feminine"|Number="Singular"|English="of ~ wife"
560010060071|ἀνήρ,|560010060041|np|Cat="noun"|Id="23"|morphId="560010060071"|Unicode="ἀνήρ,"|Lemma="ἀνήρ"|Lang="G"|StrongNumber="G04350"|Morph="N,,,,,NMS,"|Case="Nominative"|Gender="Masculine"|Number="Singular"|English="husband"
560010060091|ἔχων|560010060041|np|Cat="verb"|Id="28"|morphId="560010060091"|Unicode="ἔχων"|Lemma="ἔχω"|Lang="G"|StrongNumber="G21920"|Morph="V,PPA,NMS,"|Mood="Participle"|Tense="Present"|Voice="Active"|Case="Nominative"|Gender="Masculine"|Number="Singular"|English="having"
560010060081|τέκνα|560010060091|O|Cat="noun"|Id="33"|morphId="560010060081"|Unicode="τέκνα"|Lemma="τέκνον"|Lang="G"|StrongNumber="G50430"|Morph="N,,,,,ANP,"|Case="Accusative"|Gender="Neuter"|Number="Plural"|English="children"
560010060101|πιστά,|560010060081|np|Cat="noun"|Id="35"|morphId="560010060101"|Unicode="πιστά,"|Lemma="πιστός"|Lang="G"|StrongNumber="G41030"|Morph="NS,,,,ANP,"|Type="Substantive_Adj"|Case="Accusative"|Gender="Neuter"|Number="Plural"|English="faithful"
560010060111|μὴ|560010060131|advp|Cat="adv"|Id="39"|morphId="560010060111"|Unicode="μὴ"|Lemma="μή"|Lang="G"|StrongNumber="G33610"|Morph="D,,,,,,,,,"|English="not"
560010060121|ἐν|560010060131|prep|Cat="prep"|Id="43"|morphId="560010060121"|Unicode="ἐν"|Lemma="ἐν"|Lang="G"|StrongNumber="G17220"|Morph="P,,,,,D,,,"|Case="Dative"|English="to"
560010060131|κατηγορίᾳ|560010060081|adjp|Cat="noun"|Id="46"|morphId="560010060131"|Unicode="κατηγορίᾳ"|Lemma="κατηγορία"|Lang="G"|StrongNumber="G27240"|Morph="N,,,,,DFS,"|Case="Dative"|Gender="Feminine"|Number="Singular"|English="accused"
560010060141|ἀσωτίας|560010060131|np|Cat="noun"|Id="48"|morphId="560010060141"|Unicode="ἀσωτίας"|Lemma="ἀσωτία"|Lang="G"|StrongNumber="G08100"|Morph="N,,,,,GFS,"|Case="Genitive"|Gender="Feminine"|Number="Singular"|English="of dissipation"
560010060151|ἢ|560010060131|conj|Cat="conj"|Id="49"|morphId="560010060151"|Unicode="ἢ"|Lemma="ἤ"|Lang="G"|StrongNumber="G22280"|Morph="CC,,,,,,,,"|Type="Coordinating"|English="or"
560010060161|ἀνυπότακτα.|560010060131|P|Cat="noun"|Id="52"|morphId="560010060161"|Unicode="ἀνυπότακτα."|Lemma="ἀνυπότακτος"|Lang="G"|StrongNumber="G05060"|Morph="NP,,,,ANP,"|Type="Predicate_Adj"|Case="Accusative"|Gender="Neuter"|Number="Plural"|English="rebellion"
560010070021|γὰρ|560010070011|conj|Cat="conj"|Id="3"|morphId="560010070021"|Unicode="γὰρ"|Lemma="γάρ"|Lang="G"|StrongNumber="G10630"|Morph="CC,,,,,,,,"|Type="Coordinating"|English="for"
560010070011|δεῖ|None|CL|Cat="verb"|Id="7"|morphId="560010070011"|Unicode="δεῖ"|Lemma="δέω"|Lang="G"|StrongNumber="G12100"|Morph="V,IPA3,,S,"|Mood="Indicative"|Tense="Present"|Voice="Active"|Person="Third"|Number="Singular"|English="must"
560010070031|τὸν|560010070041|det|Cat="det"|Id="13"|morphId="560010070031"|Unicode="τὸν"|Lemma="ὁ"|Lang="G"|StrongNumber="G35880"|Morph="EA,,,,AMS,"|Type="Article"|Case="Accusative"|Gender="Masculine"|Number="Singular"|English="the"
560010070041|ἐπίσκοπον|560010070051|S|Cat="noun"|Id="15"|morphId="560010070041"|Unicode="ἐπίσκοπον"|Lemma="ἐπίσκοπος"|Lang="G"|StrongNumber="G19850"|Morph="N,,,,,AMS,"|Case="Accusative"|Gender="Masculine"|Number="Singular"|English="an overseer"
560010070061|εἶναι,|560010070051|VC|Cat="verb"|Id="18"|morphId="560010070061"|Unicode="εἶναι,"|Lemma="εἰμί"|Lang="G"|StrongNumber="G15100"|Morph="V,NPA,,,,,"|Mood="Infinitive"|Tense="Present"|Voice="Active"|English="be"
560010070071|ὡς|560010070091|prep|Cat="conj"|Id="22"|morphId="560010070071"|Unicode="ὡς"|Lemma="ὡς"|Lang="G"|StrongNumber="G56130"|Morph="CS,,,,,,,,"|Type="Subordinating"|English="as"
560010070081|Θεοῦ|560010070091|np|Cat="noun"|Id="25"|morphId="560010070081"|Unicode="Θεοῦ"|Lemma="θεός"|Lang="G"|StrongNumber="G23160"|Morph="N,,,,,GMS,"|Case="Genitive"|Gender="Masculine"|Number="Singular"|English="God’s"
560010070091|οἰκονόμον;|560010070051|ADV|Cat="noun"|Id="27"|morphId="560010070091"|Unicode="οἰκονόμον;"|Lemma="οἰκονόμος"|Lang="G"|StrongNumber="G36230"|Morph="N,,,,,AMS,"|Case="Accusative"|Gender="Masculine"|Number="Singular"|English="steward"
560010070051|ἀνέγκλητον|560010070011|S|Cat="noun"|Id="32"|morphId="560010070051"|Unicode="ἀνέγκλητον"|Lemma="ἀνέγκλητος"|Lang="G"|StrongNumber="G04100"|Morph="NS,,,,AMS,"|Type="Substantive_Adj"|Case="Accusative"|Gender="Masculine"|Number="Singular"|English="blameless"
560010070101|μὴ|560010070111|advp|Cat="adv"|Id="36"|morphId="560010070101"|Unicode="μὴ"|Lemma="μή"|Lang="G"|StrongNumber="G33610"|Morph="D,,,,,,,,,"|English="not"
560010070111|αὐθάδη,|560010070051|adjp|Cat="noun"|Id="39"|morphId="560010070111"|Unicode="αὐθάδη,"|Lemma="αὐθάδης"|Lang="G"|StrongNumber="G08290"|Morph="NS,,,,AMS,"|Type="Substantive_Adj"|Case="Accusative"|Gender="Masculine"|Number="Singular"|English="arrogant"
560010070121|μὴ|560010070131|advp|Cat="adv"|Id="42"|morphId="560010070121"|Unicode="μὴ"|Lemma="μή"|Lang="G"|StrongNumber="G33610"|Morph="D,,,,,,,,,"|English="not"
560010070131|ὀργίλον,|560010070111|adjp|Cat="noun"|Id="45"|morphId="560010070131"|Unicode="ὀργίλον,"|Lemma="ὀργίλος"|Lang="G"|StrongNumber="G37110"|Morph="NS,,,,AMS,"|Type="Substantive_Adj"|Case="Accusative"|Gender="Masculine"|Number="Singular"|English="quick-tempered"
560010070141|μὴ|560010070151|advp|Cat="adv"|Id="48"|morphId="560010070141"|Unicode="μὴ"|Lemma="μή"|Lang="G"|StrongNumber="G33610"|Morph="D,,,,,,,,,"|English="not"
560010070151|πάροινον,|560010070111|adjp|Cat="noun"|Id="51"|morphId="560010070151"|Unicode="πάροινον,"|Lemma="πάροινος"|Lang="G"|StrongNumber="G39430"|Morph="NS,,,,AMS,"|Type="Substantive_Adj"|Case="Accusative"|Gender="Masculine"|Number="Singular"|English="addicted to wine"
560010070161|μὴ|560010070171|ADV|Cat="adv"|Id="56"|morphId="560010070161"|Unicode="μὴ"|Lemma="μή"|Lang="G"|StrongNumber="G33610"|Morph="D,,,,,,,,,"|English="not"
560010070171|πλήκτην,|560010070111|adjp|Cat="noun"|Id="59"|morphId="560010070171"|Unicode="πλήκτην,"|Lemma="πλήκτης"|Lang="G"|StrongNumber="G41310"|Morph="N,,,,,AMS,"|Case="Accusative"|Gender="Masculine"|Number="Singular"|English="violent"
560010070181|μὴ|560010070191|advp|Cat="adv"|Id="62"|morphId="560010070181"|Unicode="μὴ"|Lemma="μή"|Lang="G"|StrongNumber="G33610"|Morph="D,,,,,,,,,"|English="not"
560010070191|αἰσχροκερδῆ,|560010070111|adjp|Cat="noun"|Id="65"|morphId="560010070191"|Unicode="αἰσχροκερδῆ,"|Lemma="αἰσχροκερδής"|Lang="G"|StrongNumber="G01460"|Morph="NS,,,,AMS,"|Type="Substantive_Adj"|Case="Accusative"|Gender="Masculine"|Number="Singular"|English="greedy for money"
560010080011|ἀλλὰ|560010080021|conj|Cat="conj"|Id="3"|morphId="560010080011"|Unicode="ἀλλὰ"|Lemma="ἀλλά"|Lang="G"|StrongNumber="G02350"|Morph="CC,,,,,,,,"|Type="Coordinating"|English="but"
560010080021|φιλόξενον,|None|adjp|Cat="noun"|Id="7"|morphId="560010080021"|Unicode="φιλόξενον,"|Lemma="φιλόξενος"|Lang="G"|StrongNumber="G53820"|Morph="NS,,,,AMS,"|Type="Substantive_Adj"|Case="Accusative"|Gender="Masculine"|Number="Singular"|English="hospitable"
560010080031|φιλάγαθον,|560010080021|adjp|Cat="noun"|Id="10"|morphId="560010080031"|Unicode="φιλάγαθον,"|Lemma="φιλάγαθος"|Lang="G"|StrongNumber="G53580"|Morph="NS,,,,AMS,"|Type="Substantive_Adj"|Case="Accusative"|Gender="Masculine"|Number="Singular"|English="loving what is good"
560010080041|σώφρονα,|560010080021|adjp|Cat="noun"|Id="13"|morphId="560010080041"|Unicode="σώφρονα,"|Lemma="σώφρων"|Lang="G"|StrongNumber="G49980"|Morph="NS,,,,AMS,"|Type="Substantive_Adj"|Case="Accusative"|Gender="Masculine"|Number="Singular"|English="prudent"
560010080051|δίκαιον,|560010080021|adjp|Cat="noun"|Id="16"|morphId="560010080051"|Unicode="δίκαιον,"|Lemma="δίκαιος"|Lang="G"|StrongNumber="G13420"|Morph="NS,,,,AMS,"|Type="Substantive_Adj"|Case="Accusative"|Gender="Masculine"|Number="Singular"|English="upright"
560010080061|ὅσιον,|560010080021|adjp|Cat="noun"|Id="19"|morphId="560010080061"|Unicode="ὅσιον,"|Lemma="ὅσιος"|Lang="G"|StrongNumber="G37410"|Morph="NS,,,,AMS,"|Type="Substantive_Adj"|Case="Accusative"|Gender="Masculine"|Number="Singular"|English="holy"
560010080071|ἐγκρατῆ;|560010080021|adjp|Cat="noun"|Id="22"|morphId="560010080071"|Unicode="ἐγκρατῆ;"|Lemma="ἐγκρατής"|Lang="G"|StrongNumber="G14680"|Morph="NS,,,,AMS,"|Type="Substantive_Adj"|Case="Accusative"|Gender="Masculine"|Number="Singular"|English="self-controlled"
560010090011|ἀντεχόμενον|None|CL|Cat="verb"|Id="6"|morphId="560010090011"|Unicode="ἀντεχόμενον"|Lemma="ἀντέχω"|Lang="G"|StrongNumber="G04720"|Morph="V,PPM,AMS,"|Mood="Participle"|Tense="Present"|Voice="Middle"|Case="Accusative"|Gender="Masculine"|Number="Singular"|English="holding fast"
560010090021|τοῦ|560010090071|det|Cat="det"|Id="9"|morphId="560010090021"|Unicode="τοῦ"|Lemma="ὁ"|Lang="G"|StrongNumber="G35880"|Morph="EA,,,,GMS,"|Type="Article"|Case="Genitive"|Gender="Masculine"|Number="Singular"|English="the"
560010090031|κατὰ|560010090051|prep|Cat="prep"|Id="12"|morphId="560010090031"|Unicode="κατὰ"|Lemma="κατά"|Lang="G"|StrongNumber="G25960"|Morph="P,,,,,A,,,"|Case="Accusative"|English="as"
560010090041|τὴν|560010090051|det|Cat="det"|Id="14"|morphId="560010090041"|Unicode="τὴν"|Lemma="ὁ"|Lang="G"|StrongNumber="G35880"|Morph="EA,,,,AFS,"|Type="Article"|Case="Accusative"|Gender="Feminine"|Number="Singular"|English="the"
560010090051|διδαχὴν|560010090071|pp|Cat="noun"|Id="16"|morphId="560010090051"|Unicode="διδαχὴν"|Lemma="διδαχή"|Lang="G"|StrongNumber="G13220"|Morph="N,,,,,AFS,"|Case="Accusative"|Gender="Feminine"|Number="Singular"|English="taught"
560010090061|πιστοῦ|560010090071|adjp|Cat="adj"|Id="19"|morphId="560010090061"|Unicode="πιστοῦ"|Lemma="πιστός"|Lang="G"|StrongNumber="G41030"|Morph="AA,,,,GMS,"|Type="Ascriptive"|Case="Genitive"|Gender="Masculine"|Number="Singular"|English="faithful"
560010090071|λόγου,|560010090011|O|Cat="noun"|Id="21"|morphId="560010090071"|Unicode="λόγου,"|Lemma="λόγος"|Lang="G"|StrongNumber="G30560"|Morph="N,,,,,GMS,"|Case="Genitive"|Gender="Masculine"|Number="Singular"|English="message"
560010090081|ἵνα|560010090091|conj|Cat="conj"|Id="23"|morphId="560010090081"|Unicode="ἵνα"|Lemma="ἵνα"|Lang="G"|StrongNumber="G24430"|Morph="CS,,,,,,,,"|Type="Subordinating"|English="so that"
560010090101|ᾖ,|560010090091|VC|Cat="verb"|Id="27"|morphId="560010090101"|Unicode="ᾖ,"|Lemma="εἰμί"|Lang="G"|StrongNumber="G15100"|Morph="V,SPA3,,S,"|Mood="Subjunctive"|Tense="Present"|Voice="Active"|Person="Third"|Number="Singular"|English="he may be"
560010090091|δυνατὸς|560010090011|CL|Cat="noun"|Id="32"|morphId="560010090091"|Unicode="δυνατὸς"|Lemma="δυνατός"|Lang="G"|StrongNumber="G14150"|Morph="NS,,,,NMS,"|Type="Substantive_Adj"|Case="Nominative"|Gender="Masculine"|Number="Singular"|English="able"
560010090111|καὶ|560010090121|conj|Cat="adv"|Id="35"|morphId="560010090111"|Unicode="καὶ"|Lemma="καί"|Lang="G"|StrongNumber="G25320"|Morph="DO,,,,,,,,"|Type="Correlative"|English="both"
560010090121|παρακαλεῖν|560010090091|CL|Cat="verb"|Id="39"|morphId="560010090121"|Unicode="παρακαλεῖν"|Lemma="παρακαλέω"|Lang="G"|StrongNumber="G38700"|Morph="V,NPA,,,,,"|Mood="Infinitive"|Tense="Present"|Voice="Active"|English="to exhort"
560010090131|ἐν|560010090151|prep|Cat="prep"|Id="42"|morphId="560010090131"|Unicode="ἐν"|Lemma="ἐν"|Lang="G"|StrongNumber="G17220"|Morph="P,,,,,D,,,"|Case="Dative"|English="with"
560010090141|τῇ|560010090151|det|Cat="det"|Id="45"|morphId="560010090141"|Unicode="τῇ"|Lemma="ὁ"|Lang="G"|StrongNumber="G35880"|Morph="EA,,,,DFS,"|Type="Article"|Case="Dative"|Gender="Feminine"|Number="Singular"|English="the"
560010090151|διδασκαλίᾳ|560010090121|ADV|Cat="noun"|Id="47"|morphId="560010090151"|Unicode="διδασκαλίᾳ"|Lemma="διδασκαλία"|Lang="G"|StrongNumber="G13190"|Morph="N,,,,,DFS,"|Case="Dative"|Gender="Feminine"|Number="Singular"|English="doctrine"
560010090161|τῇ|560010090171|det|Cat="det"|Id="49"|morphId="560010090161"|Unicode="τῇ"|Lemma="ὁ"|Lang="G"|StrongNumber="G35880"|Morph="EA,,,,DFS,"|Type="Article"|Case="Dative"|Gender="Feminine"|Number="Singular"
560010090171|ὑγιαινούσῃ,|560010090151|np|Cat="verb"|Id="53"|morphId="560010090171"|Unicode="ὑγιαινούσῃ,"|Lemma="ὑγιαίνω"|Lang="G"|StrongNumber="G51980"|Morph="V,PPA,DFS,"|Mood="Participle"|Tense="Present"|Voice="Active"|Case="Dative"|Gender="Feminine"|Number="Singular"|English="sound"
560010090181|καὶ|560010090121|conj|Cat="conj"|Id="54"|morphId="560010090181"|Unicode="καὶ"|Lemma="καί"|Lang="G"|StrongNumber="G25320"|Morph="CO,,,,,,,,"|Type="Correlative"|English="and"
560010090191|τοὺς|560010090201|det|Cat="det"|Id="58"|morphId="560010090191"|Unicode="τοὺς"|Lemma="ὁ"|Lang="G"|StrongNumber="G35880"|Morph="EA,,,,AMP,"|Type="Article"|Case="Accusative"|Gender="Masculine"|Number="Plural"|English="those"
560010090201|ἀντιλέγοντας|560010090211|O|Cat="verb"|Id="62"|morphId="560010090201"|Unicode="ἀντιλέγοντας"|Lemma="ἀντιλέγω"|Lang="G"|StrongNumber="G04830"|Morph="V,PPA,AMP,"|Mood="Participle"|Tense="Present"|Voice="Active"|Case="Accusative"|Gender="Masculine"|Number="Plural"|English="who contradict"
560010090211|ἐλέγχειν.|560010090121|CL|Cat="verb"|Id="65"|morphId="560010090211"|Unicode="ἐλέγχειν."|Lemma="ἐλέγχω"|Lang="G"|StrongNumber="G16510"|Morph="V,NPA,,,,,"|Mood="Infinitive"|Tense="Present"|Voice="Active"|English="to refute"
560010100021|γὰρ|560010100031|conj|Cat="conj"|Id="3"|morphId="560010100021"|Unicode="γὰρ"|Lemma="γάρ"|Lang="G"|StrongNumber="G10630"|Morph="CC,,,,,,,,"|Type="Coordinating"|English="for"
560010100011|εἰσὶν|560010100031|VC|Cat="verb"|Id="7"|morphId="560010100011"|Unicode="εἰσὶν"|Lemma="εἰμί"|Lang="G"|StrongNumber="G15100"|Morph="V,IPA3,,P,"|Mood="Indicative"|Tense="Present"|Voice="Active"|Person="Third"|Number="Plural"|English="there are"
560010100041|καὶ|560010100031|ADV|Cat="adv"|Id="10"|morphId="560010100041"|Unicode="καὶ"|Lemma="καί"|Lang="G"|StrongNumber="G25320"|Morph="D,,,,,,,,,"|English="also"
560010100031|πολλοὶ|None|CL|Cat="pron"|Id="13"|morphId="560010100031"|Unicode="πολλοὶ"|Lemma="πολλός"|Lang="G"|StrongNumber="G41830"|Morph="RI,,,,NMP,"|Type="Indefinite"|Case="Nominative"|Gender="Masculine"|Number="Plural"|English="many"
560010100051|ἀνυπότακτοι,|560010100031|S|Cat="noun"|Id="18"|morphId="560010100051"|Unicode="ἀνυπότακτοι,"|Lemma="ἀνυπότακτος"|Lang="G"|StrongNumber="G05060"|Morph="NS,,,,NMP,"|Type="Substantive_Adj"|Case="Nominative"|Gender="Masculine"|Number="Plural"|English="rebellious people"
560010100061|ματαιολόγοι,|560010100051|np|Cat="noun"|Id="21"|morphId="560010100061"|Unicode="ματαιολόγοι,"|Lemma="ματαιολόγος"|Lang="G"|StrongNumber="G31510"|Morph="NS,,,,NMP,"|Type="Substantive_Adj"|Case="Nominative"|Gender="Masculine"|Number="Plural"|English="idle talkers"
560010100071|καὶ|560010100061|conj|Cat="conj"|Id="22"|morphId="560010100071"|Unicode="καὶ"|Lemma="καί"|Lang="G"|StrongNumber="G25320"|Morph="CC,,,,,,,,"|Type="Coordinating"|English="and"
560010100081|φρεναπάται,|560010100061|np|Cat="noun"|Id="24"|morphId="560010100081"|Unicode="φρεναπάται,"|Lemma="φρεναπάτης"|Lang="G"|StrongNumber="G54230"|Morph="N,,,,,NMP,"|Case="Nominative"|Gender="Masculine"|Number="Plural"|English="deceivers"
560010100091|μάλιστα|560010100101|advp|Cat="adv"|Id="27"|morphId="560010100091"|Unicode="μάλιστα"|Lemma="μάλιστα"|Lang="G"|StrongNumber="G31220"|Morph="D,,,,,,,,S"|English="especially"
560010100101|οἱ|560010100051|np|Cat="det"|Id="30"|morphId="560010100101"|Unicode="οἱ"|Lemma="ὁ"|Lang="G"|StrongNumber="G35880"|Morph="EA,,,,NMP,"|Type="Article"|Case="Nominative"|Gender="Masculine"|Number="Plural"|English="those"
560010100111|ἐκ|560010100131|prep|Cat="prep"|Id="32"|morphId="560010100111"|Unicode="ἐκ"|Lemma="ἐκ"|Lang="G"|StrongNumber="G15370"|Morph="P,,,,,G,,,"|Case="Genitive"|English="of"
560010100121|τῆς|560010100131|det|Cat="det"|Id="34"|morphId="560010100121"|Unicode="τῆς"|Lemma="ὁ"|Lang="G"|StrongNumber="G35880"|Morph="EA,,,,GFS,"|Type="Article"|Case="Genitive"|Gender="Feminine"|Number="Singular"|English="the"
560010100131|περιτομῆς,|560010100101|pp|Cat="noun"|Id="36"|morphId="560010100131"|Unicode="περιτομῆς,"|Lemma="περιτομή"|Lang="G"|StrongNumber="G40610"|Morph="N,,,,,GFS,"|Case="Genitive"|Gender="Feminine"|Number="Singular"|English="circumcision"
560010110011|οὓς|560010110031|O|Cat="pron"|Id="10"|morphId="560010110011"|Unicode="οὓς"|Lemma="ὅς"|Lang="G"|StrongNumber="G37390"|Morph="RR,,,,AMP,"|Type="Relative"|Case="Accusative"|Gender="Masculine"|Number="Plural"|English="whom"
560010110031|ἐπιστομίζειν,|560010110021|S|Cat="verb"|Id="13"|morphId="560010110031"|Unicode="ἐπιστομίζειν,"|Lemma="ἐπιστομίζω"|Lang="G"|StrongNumber="G19930"|Morph="V,NPA,,,,,"|Mood="Infinitive"|Tense="Present"|Voice="Active"|English="be silenced"
560010110021|δεῖ|None|np|Cat="verb"|Id="16"|morphId="560010110021"|Unicode="δεῖ"|Lemma="δέω"|Lang="G"|StrongNumber="G12100"|Morph="V,IPA3,,S,"|Mood="Indicative"|Tense="Present"|Voice="Active"|Person="Third"|Number="Singular"|English="must"
560010110041|οἵτινες|560010110071|S|Cat="pron"|Id="20"|morphId="560010110041"|Unicode="οἵτινες"|Lemma="ὅστις"|Lang="G"|StrongNumber="G37480"|Morph="RR,,,,NMP,"|Type="Relative"|Case="Nominative"|Gender="Masculine"|Number="Plural"|English="who"
560010110051|ὅλους|560010110061|adjp|Cat="det"|Id="25"|morphId="560010110051"|Unicode="ὅλους"|Lemma="ὅλος"|Lang="G"|StrongNumber="G36500"|Morph="EQ,,,,AMP,"|Type="Quantifier"|Case="Accusative"|Gender="Masculine"|Number="Plural"|English="whole"
560010110061|οἴκους|560010110071|O|Cat="noun"|Id="27"|morphId="560010110061"|Unicode="οἴκους"|Lemma="οἶκος"|Lang="G"|StrongNumber="G36240"|Morph="N,,,,,AMP,"|Case="Accusative"|Gender="Masculine"|Number="Plural"|English="families"
560010110071|ἀνατρέπουσιν,|560010110021|CL|Cat="verb"|Id="30"|morphId="560010110071"|Unicode="ἀνατρέπουσιν,"|Lemma="ἀνατρέπω"|Lang="G"|StrongNumber="G03960"|Morph="V,IPA3,,P,"|Mood="Indicative"|Tense="Present"|Voice="Active"|Person="Third"|Number="Plural"|English="are upsetting"
560010110081|διδάσκοντες|560010110071|ADV|Cat="verb"|Id="35"|morphId="560010110081"|Unicode="διδάσκοντες"|Lemma="διδάσκω"|Lang="G"|StrongNumber="G13210"|Morph="V,PPA,NMP,"|Mood="Participle"|Tense="Present"|Voice="Active"|Case="Nominative"|Gender="Masculine"|Number="Plural"|English="teaching"
560010110091|ἃ|560010110111|S|Cat="pron"|Id="40"|morphId="560010110091"|Unicode="ἃ"|Lemma="ὅς"|Lang="G"|StrongNumber="G37390"|Morph="RD,,,,ANP,"|Type="Demonstrative"|Case="Accusative"|Gender="Neuter"|Number="Plural"|English="what"
560010110101|μὴ|560010110111|ADV|Cat="adv"|Id="43"|morphId="560010110101"|Unicode="μὴ"|Lemma="μή"|Lang="G"|StrongNumber="G33610"|Morph="D,,,,,,,,,"|English="not"
560010110111|δεῖ,|560010110081|O|Cat="verb"|Id="46"|morphId="560010110111"|Unicode="δεῖ,"|Lemma="δέω"|Lang="G"|StrongNumber="G12100"|Morph="V,IPA3,,S,"|Mood="Indicative"|Tense="Present"|Voice="Active"|Person="Third"|Number="Singular"|English="they ought"
560010110121|αἰσχροῦ|560010110131|adjp|Cat="adj"|Id="51"|morphId="560010110121"|Unicode="αἰσχροῦ"|Lemma="αἰσχρός"|Lang="G"|StrongNumber="G01500"|Morph="AA,,,,GNS,"|Type="Ascriptive"|Case="Genitive"|Gender="Neuter"|Number="Singular"|English="dishonest"
560010110131|κέρδους|560010110081|ADV|Cat="noun"|Id="53"|morphId="560010110131"|Unicode="κέρδους"|Lemma="κέρδος"|Lang="G"|StrongNumber="G27710"|Morph="N,,,,,GNS,"|Case="Genitive"|Gender="Neuter"|Number="Singular"|English="gain"
560010110141|χάριν.|560010110131|prep|Cat="prep"|Id="54"|morphId="560010110141"|Unicode="χάριν."|Lemma="χάριν"|Lang="G"|StrongNumber="G54840"|Morph="PI,,,,G,,,"|Type="Improper"|Case="Genitive"|English="for the sake of"
560010120011|εἶπέν|None|CL|Cat="verb"|Id="6"|morphId="560010120011"|Unicode="εἶπέν"|Lemma="λέγω"|Lang="G"|StrongNumber="G30040"|Morph="V,IAA3,,S,"|Mood="Indicative"|Tense="Aorist"|Voice="Active"|Person="Third"|Number="Singular"|English="said"
560010120021|τις|560010120011|S|Cat="pron"|Id="11"|morphId="560010120021"|Unicode="τις"|Lemma="τις"|Lang="G"|StrongNumber="G51000"|Morph="RI,,,,NMS,"|Type="Indefinite"|Case="Nominative"|Gender="Masculine"|Number="Singular"|English="a certain one"
560010120031|ἐξ|560010120041|prep|Cat="prep"|Id="13"|morphId="560010120031"|Unicode="ἐξ"|Lemma="ἐκ"|Lang="G"|StrongNumber="G15370"|Morph="P,,,,,G,,,"|Case="Genitive"|English="of"
560010120041|αὐτῶν,|560010120021|pp|Cat="pron"|Id="15"|morphId="560010120041"|Unicode="αὐτῶν,"|Lemma="αὐτός"|Lang="G"|StrongNumber="G08460"|Morph="RP,,,3GMP,"|Type="Personal"|Person="Third"|Case="Genitive"|Gender="Masculine"|Number="Plural"|English="them"
560010120051|ἴδιος|560010120071|np|Cat="pron"|Id="18"|morphId="560010120051"|Unicode="ἴδιος"|Lemma="ἴδιος"|Lang="G"|StrongNumber="G23980"|Morph="RD,,,,NMS,"|Type="Demonstrative"|Case="Nominative"|Gender="Masculine"|Number="Singular"|English="own"
560010120061|αὐτῶν|560010120071|np|Cat="pron"|Id="21"|morphId="560010120061"|Unicode="αὐτῶν"|Lemma="αὐτός"|Lang="G"|StrongNumber="G08460"|Morph="RP,,,3GMP,"|Type="Personal"|Person="Third"|Case="Genitive"|Gender="Masculine"|Number="Plural"|English="of them"
560010120071|προφήτης,|560010120021|np|Cat="noun"|Id="23"|morphId="560010120071"|Unicode="προφήτης,"|Lemma="προφήτης"|Lang="G"|StrongNumber="G43960"|Morph="N,,,,,NMS,"|Case="Nominative"|Gender="Masculine"|Number="Singular"|English="a prophet"
560010120081|Κρῆτες|560010120101|S|Cat="noun"|Id="27"|morphId="560010120081"|Unicode="Κρῆτες"|Lemma="Κρής"|Lang="G"|StrongNumber="G29120"|Morph="N,,,,,NMP,"|Case="Nominative"|Gender="Masculine"|Number="Plural"|English="Cretans"
560010120091|ἀεὶ|560010120101|ADV|Cat="adv"|Id="30"|morphId="560010120091"|Unicode="ἀεὶ"|Lemma="ἀεί"|Lang="G"|StrongNumber="G01040"|Morph="D,,,,,,,,,"|English="always"
560010120101|ψεῦσται,|560010120011|CL|Cat="noun"|Id="34"|morphId="560010120101"|Unicode="ψεῦσται,"|Lemma="ψεύστης"|Lang="G"|StrongNumber="G55830"|Morph="N,,,,,NMP,"|Case="Nominative"|Gender="Masculine"|Number="Plural"|English="liars"
560010120111|κακὰ|560010120121|adjp|Cat="adj"|Id="37"|morphId="560010120111"|Unicode="κακὰ"|Lemma="κακός"|Lang="G"|StrongNumber="G25560"|Morph="AA,,,,NNP,"|Type="Ascriptive"|Case="Nominative"|Gender="Neuter"|Number="Plural"|English="evil"
560010120121|θηρία,|560010120101|np|Cat="noun"|Id="39"|morphId="560010120121"|Unicode="θηρία,"|Lemma="θηρίον"|Lang="G"|StrongNumber="G23420"|Morph="N,,,,,NNP,"|Case="Nominative"|Gender="Neuter"|Number="Plural"|English="beasts"
560010120131|γαστέρες|560010120101|np|Cat="noun"|Id="42"|morphId="560010120131"|Unicode="γαστέρες"|Lemma="γαστήρ"|Lang="G"|StrongNumber="G10640"|Morph="N,,,,,NFP,"|Case="Nominative"|Gender="Feminine"|Number="Plural"|English="gluttons"
560010120141|ἀργαί.|560010120131|adjp|Cat="adj"|Id="44"|morphId="560010120141"|Unicode="ἀργαί."|Lemma="ἀργός"|Lang="G"|StrongNumber="G06920"|Morph="AA,,,,NFP,"|Type="Ascriptive"|Case="Nominative"|Gender="Feminine"|Number="Plural"|English="lazy"
560010130011|ἡ|560010130021|det|Cat="det"|Id="6"|morphId="560010130011"|Unicode="ἡ"|Lemma="ὁ"|Lang="G"|StrongNumber="G35880"|Morph="EA,,,,NFS,"|Type="Article"|Case="Nominative"|Gender="Feminine"|Number="Singular"
560010130021|μαρτυρία|560010130051|S|Cat="noun"|Id="8"|morphId="560010130021"|Unicode="μαρτυρία"|Lemma="μαρτυρία"|Lang="G"|StrongNumber="G31410"|Morph="N,,,,,NFS,"|Case="Nominative"|Gender="Feminine"|Number="Singular"|English="testimony"
560010130031|αὕτη|560010130021|np|Cat="det"|Id="10"|morphId="560010130031"|Unicode="αὕτη"|Lemma="οὗτος"|Lang="G"|StrongNumber="G37780"|Morph="ED,,,,NFS,"|Type="Demonstrative"|Case="Nominative"|Gender="Feminine"|Number="Singular"|English="This"
560010130041|ἐστὶν|560010130051|VC|Cat="verb"|Id="13"|morphId="560010130041"|Unicode="ἐστὶν"|Lemma="εἰμί"|Lang="G"|StrongNumber="G15100"|Morph="V,IPA3,,S,"|Mood="Indicative"|Tense="Present"|Voice="Active"|Person="Third"|Number="Singular"|English="is"
560010130051|ἀληθής.|None|CL|Cat="noun"|Id="16"|morphId="560010130051"|Unicode="ἀληθής."|Lemma="ἀληθής"|Lang="G"|StrongNumber="G02270"|Morph="NP,,,,NFS,"|Type="Predicate_Adj"|Case="Nominative"|Gender="Feminine"|Number="Singular"|English="true"
560010130061|δι’|560010130081|prep|Cat="prep"|Id="21"|morphId="560010130061"|Unicode="δι’"|Lemma="διά"|Lang="G"|StrongNumber="G12230"|Morph="P,,,,,A,,,"|Case="Accusative"|English="for"
560010130071|ἣν|560010130081|det|Cat="det"|Id="23"|morphId="560010130071"|Unicode="ἣν"|Lemma="ὅς"|Lang="G"|StrongNumber="G37390"|Morph="ER,,,,AFS,"|Type="Relative"|Case="Accusative"|Gender="Feminine"|Number="Singular"|English="which"
560010130081|αἰτίαν|560010130091|ADV|Cat="noun"|Id="25"|morphId="560010130081"|Unicode="αἰτίαν"|Lemma="αἰτία"|Lang="G"|StrongNumber="G01560"|Morph="N,,,,,AFS,"|Case="Accusative"|Gender="Feminine"|Number="Singular"|English="reason"
560010130091|ἔλεγχε|560010130051|CL|Cat="verb"|Id="28"|morphId="560010130091"|Unicode="ἔλεγχε"|Lemma="ἐλέγχω"|Lang="G"|StrongNumber="G16510"|Morph="V,MPA2,,S,"|Mood="Imperative"|Tense="Present"|Voice="Active"|Person="Second"|Number="Singular"|English="rebuke"
560010130101|αὐτοὺς|560010130091|O|Cat="pron"|Id="31"|morphId="560010130101"|Unicode="αὐτοὺς"|Lemma="αὐτός"|Lang="G"|StrongNumber="G08460"|Morph="RP,,,3AMP,"|Type="Personal"|Person="Third"|Case="Accusative"|Gender="Masculine"|Number="Plural"|English="them"
560010130111|ἀποτόμως,|560010130091|ADV|Cat="adv"|Id="34"|morphId="560010130111"|Unicode="ἀποτόμως,"|Lemma="ἀποτόμως"|Lang="G"|StrongNumber="G06640"|Morph="D,,,,,,,,,"|English="sharply"
560010130121|ἵνα|560010130131|conj|Cat="conj"|Id="36"|morphId="560010130121"|Unicode="ἵνα"|Lemma="ἵνα"|Lang="G"|StrongNumber="G24430"|Morph="CS,,,,,,,,"|Type="Subordinating"|English="so that"
560010130131|ὑγιαίνωσιν|560010130091|CL|Cat="verb"|Id="40"|morphId="560010130131"|Unicode="ὑγιαίνωσιν"|Lemma="ὑγιαίνω"|Lang="G"|StrongNumber="G51980"|Morph="V,SPA3,,P,"|Mood="Subjunctive"|Tense="Present"|Voice="Active"|Person="Third"|Number="Plural"|English="they may be sound"
560010130141|ἐν|560010130161|prep|Cat="prep"|Id="43"|morphId="560010130141"|Unicode="ἐν"|Lemma="ἐν"|Lang="G"|StrongNumber="G17220"|Morph="P,,,,,D,,,"|Case="Dative"|English="in"
560010130151|τῇ|560010130161|det|Cat="det"|Id="45"|morphId="560010130151"|Unicode="τῇ"|Lemma="ὁ"|Lang="G"|StrongNumber="G35880"|Morph="EA,,,,DFS,"|Type="Article"|Case="Dative"|Gender="Feminine"|Number="Singular"|English="the"
560010130161|πίστει,|560010130131|ADV|Cat="noun"|Id="47"|morphId="560010130161"|Unicode="πίστει,"|Lemma="πίστις"|Lang="G"|StrongNumber="G41020"|Morph="N,,,,,DFS,"|Case="Dative"|Gender="Feminine"|Number="Singular"|English="faith"
560010140011|μὴ|560010140021|ADV|Cat="adv"|Id="5"|morphId="560010140011"|Unicode="μὴ"|Lemma="μή"|Lang="G"|StrongNumber="G33610"|Morph="D,,,,,,,,,"|English="not"
560010140021|προσέχοντες|None|CL|Cat="verb"|Id="8"|morphId="560010140021"|Unicode="προσέχοντες"|Lemma="προσέχω"|Lang="G"|StrongNumber="G43370"|Morph="V,PPA,NMP,"|Mood="Participle"|Tense="Present"|Voice="Active"|Case="Nominative"|Gender="Masculine"|Number="Plural"|English="paying attention"
560010140031|Ἰουδαϊκοῖς|560010140041|adjp|Cat="adj"|Id="13"|morphId="560010140031"|Unicode="Ἰουδαϊκοῖς"|Lemma="Ἰουδαϊκός"|Lang="G"|StrongNumber="G24510"|Morph="AA,,,,DMP,"|Type="Ascriptive"|Case="Dative"|Gender="Masculine"|Number="Plural"|English="jewish"
560010140041|μύθοις|560010140021|ADV|Cat="noun"|Id="15"|morphId="560010140041"|Unicode="μύθοις"|Lemma="μῦθος"|Lang="G"|StrongNumber="G34540"|Morph="N,,,,,DMP,"|Case="Dative"|Gender="Masculine"|Number="Plural"|English="to ~ myths"
560010140051|καὶ|560010140041|conj|Cat="conj"|Id="16"|morphId="560010140051"|Unicode="καὶ"|Lemma="καί"|Lang="G"|StrongNumber="G25320"|Morph="CC,,,,,,,,"|Type="Coordinating"|English="and"
560010140061|ἐντολαῖς|560010140041|np|Cat="noun"|Id="19"|morphId="560010140061"|Unicode="ἐντολαῖς"|Lemma="ἐντολή"|Lang="G"|StrongNumber="G17850"|Morph="N,,,,,DFP,"|Case="Dative"|Gender="Feminine"|Number="Plural"|English="commandments"
560010140071|ἀνθρώπων,|560010140061|np|Cat="noun"|Id="22"|morphId="560010140071"|Unicode="ἀνθρώπων,"|Lemma="ἄνθρωπος"|Lang="G"|StrongNumber="G04440"|Morph="N,,,,,GMP,"|Case="Genitive"|Gender="Masculine"|Number="Plural"|English="of people"
560010140081|ἀποστρεφομένων|560010140071|adjp|Cat="verb"|Id="27"|morphId="560010140081"|Unicode="ἀποστρεφομένων"|Lemma="ἀποστρέφω"|Lang="G"|StrongNumber="G06540"|Morph="V,PPM,GMP,"|Mood="Participle"|Tense="Present"|Voice="Middle"|Case="Genitive"|Gender="Masculine"|Number="Plural"|English="who turn away"
560010140091|τὴν|560010140101|det|Cat="det"|Id="30"|morphId="560010140091"|Unicode="τὴν"|Lemma="ὁ"|Lang="G"|StrongNumber="G35880"|Morph="EA,,,,AFS,"|Type="Article"|Case="Accusative"|Gender="Feminine"|Number="Singular"|English="the"
560010140101|ἀλήθειαν.|560010140081|O|Cat="noun"|Id="32"|morphId="560010140101"|Unicode="ἀλήθειαν."|Lemma="ἀλήθεια"|Lang="G"|StrongNumber="G02250"|Morph="N,,,,,AFS,"|Case="Accusative"|Gender="Feminine"|Number="Singular"|English="from ~ truth"
560010150011|πάντα|560010150021|S|Cat="pron"|Id="5"|morphId="560010150011"|Unicode="πάντα"|Lemma="πᾶς"|Lang="G"|StrongNumber="G39560"|Morph="RI,,,,NNP,"|Type="Indefinite"|Case="Nominative"|Gender="Neuter"|Number="Plural"|English="all things"
560010150021|καθαρὰ|None|CL|Cat="noun"|Id="8"|morphId="560010150021"|Unicode="καθαρὰ"|Lemma="καθαρός"|Lang="G"|StrongNumber="G25130"|Morph="NP,,,,NNP,"|Type="Predicate_Adj"|Case="Nominative"|Gender="Neuter"|Number="Plural"|English="pure"
560010150031|τοῖς|560010150041|det|Cat="det"|Id="11"|morphId="560010150031"|Unicode="τοῖς"|Lemma="ὁ"|Lang="G"|StrongNumber="G35880"|Morph="EA,,,,DMP,"|Type="Article"|Case="Dative"|Gender="Masculine"|Number="Plural"|English="the"
560010150041|καθαροῖς;|560010150021|ADV|Cat="noun"|Id="13"|morphId="560010150041"|Unicode="καθαροῖς;"|Lemma="καθαρός"|Lang="G"|StrongNumber="G25130"|Morph="NS,,,,DMP,"|Type="Substantive_Adj"|Case="Dative"|Gender="Masculine"|Number="Plural"|English="to ~ pure"
560010150061|δὲ|560010150111|conj|Cat="conj"|Id="15"|morphId="560010150061"|Unicode="δὲ"|Lemma="δέ"|Lang="G"|StrongNumber="G11610"|Morph="CC,,,,,,,,"|Type="Coordinating"|English="but"
560010150051|τοῖς|560010150071|det|Cat="det"|Id="20"|morphId="560010150051"|Unicode="τοῖς"|Lemma="ὁ"|Lang="G"|StrongNumber="G35880"|Morph="EA,,,,DMP,"|Type="Article"|Case="Dative"|Gender="Masculine"|Number="Plural"|English="to those"
560010150071|μεμιαμμένοις|560010150111|ADV|Cat="verb"|Id="26"|morphId="560010150071"|Unicode="μεμιαμμένοις"|Lemma="μιαίνω"|Lang="G"|StrongNumber="G33920"|Morph="V,PEP,DMP,"|Mood="Participle"|Tense="Perfect"|Voice="Passive"|Case="Dative"|Gender="Masculine"|Number="Plural"|English="who are defiled"
560010150081|καὶ|560010150071|conj|Cat="conj"|Id="27"|morphId="560010150081"|Unicode="καὶ"|Lemma="καί"|Lang="G"|StrongNumber="G25320"|Morph="CC,,,,,,,,"|Type="Coordinating"|English="and"
560010150091|ἀπίστοις,|560010150071|adjp|Cat="noun"|Id="30"|morphId="560010150091"|Unicode="ἀπίστοις,"|Lemma="ἄπιστος"|Lang="G"|StrongNumber="G05710"|Morph="NS,,,,DMP,"|Type="Substantive_Adj"|Case="Dative"|Gender="Masculine"|Number="Plural"|English="unbelieving"
560010150101|οὐδὲν|560010150111|S|Cat="pron"|Id="33"|morphId="560010150101"|Unicode="οὐδὲν"|Lemma="οὐδείς"|Lang="G"|StrongNumber="G37620"|Morph="RI,,,,NNS,"|Type="Indefinite"|Case="Nominative"|Gender="Neuter"|Number="Singular"|English="nothing"
560010150111|καθαρόν;|560010150021|CL|Cat="noun"|Id="36"|morphId="560010150111"|Unicode="καθαρόν;"|Lemma="καθαρός"|Lang="G"|StrongNumber="G25130"|Morph="NP,,,,NNS,"|Type="Predicate_Adj"|Case="Nominative"|Gender="Neuter"|Number="Singular"|English="pure"
560010150121|ἀλλὰ|560010150111|conj|Cat="conj"|Id="37"|morphId="560010150121"|Unicode="ἀλλὰ"|Lemma="ἀλλά"|Lang="G"|StrongNumber="G02350"|Morph="CC,,,,,,,,"|Type="Coordinating"|English="but"
560010150131|μεμίανται|560010150111|CL|Cat="verb"|Id="41"|morphId="560010150131"|Unicode="μεμίανται"|Lemma="μιαίνω"|Lang="G"|StrongNumber="G33920"|Morph="V,IEP3,,S,"|Mood="Indicative"|Tense="Perfect"|Voice="Passive"|Person="Third"|Number="Singular"|English="are defiled"
560010150141|αὐτῶν|560010150171|np|Cat="pron"|Id="45"|morphId="560010150141"|Unicode="αὐτῶν"|Lemma="αὐτός"|Lang="G"|StrongNumber="G08460"|Morph="RP,,,3GMP,"|Type="Personal"|Person="Third"|Case="Genitive"|Gender="Masculine"|Number="Plural"|English="of them"
560010150151|καὶ|560010150171|conj|Cat="adv"|Id="48"|morphId="560010150151"|Unicode="καὶ"|Lemma="καί"|Lang="G"|StrongNumber="G25320"|Morph="DO,,,,,,,,"|Type="Correlative"|English="both"
560010150161|ὁ|560010150171|det|Cat="det"|Id="50"|morphId="560010150161"|Unicode="ὁ"|Lemma="ὁ"|Lang="G"|StrongNumber="G35880"|Morph="EA,,,,NMS,"|Type="Article"|Case="Nominative"|Gender="Masculine"|Number="Singular"|English="the"
560010150171|νοῦς,|560010150131|S|Cat="noun"|Id="52"|morphId="560010150171"|Unicode="νοῦς,"|Lemma="νοῦς"|Lang="G"|StrongNumber="G35630"|Morph="N,,,,,NMS,"|Case="Nominative"|Gender="Masculine"|Number="Singular"|English="mind"
560010150181|καὶ|560010150171|conj|Cat="conj"|Id="53"|morphId="560010150181"|Unicode="καὶ"|Lemma="καί"|Lang="G"|StrongNumber="G25320"|Morph="CO,,,,,,,,"|Type="Correlative"|English="and"
560010150191|ἡ|560010150201|det|Cat="det"|Id="55"|morphId="560010150191"|Unicode="ἡ"|Lemma="ὁ"|Lang="G"|StrongNumber="G35880"|Morph="EA,,,,NFS,"|Type="Article"|Case="Nominative"|Gender="Feminine"|Number="Singular"|English="the"
560010150201|συνείδησις.|560010150171|np|Cat="noun"|Id="57"|morphId="560010150201"|Unicode="συνείδησις."|Lemma="συνείδησις"|Lang="G"|StrongNumber="G48930"|Morph="N,,,,,NFS,"|Case="Nominative"|Gender="Feminine"|Number="Singular"|English="conscience"
560010160011|Θεὸν|560010160031|O|Cat="noun"|Id="8"|morphId="560010160011"|Unicode="Θεὸν"|Lemma="θεός"|Lang="G"|StrongNumber="G23160"|Morph="N,,,,,AMS,"|Case="Accusative"|Gender="Masculine"|Number="Singular"|English="God"
560010160031|εἰδέναι,|560010160021|O|Cat="verb"|Id="11"|morphId="560010160031"|Unicode="εἰδέναι,"|Lemma="εἴδω"|Lang="G"|StrongNumber="G14920"|Morph="V,NEA,,,,,"|Mood="Infinitive"|Tense="Perfect"|Voice="Active"|English="to know"
560010160021|ὁμολογοῦσιν|None|CL|Cat="verb"|Id="14"|morphId="560010160021"|Unicode="ὁμολογοῦσιν"|Lemma="ὁμολογέω"|Lang="G"|StrongNumber="G36700"|Morph="V,IPA3,,P,"|Mood="Indicative"|Tense="Present"|Voice="Active"|Person="Third"|Number="Plural"|English="they profess"
560010160051|δὲ|560010160021|conj|Cat="conj"|Id="15"|morphId="560010160051"|Unicode="δὲ"|Lemma="δέ"|Lang="G"|StrongNumber="G11610"|Morph="CC,,,,,,,,"|Type="Coordinating"|English="but"
560010160041|τοῖς|560010160061|det|Cat="det"|Id="19"|morphId="560010160041"|Unicode="τοῖς"|Lemma="ὁ"|Lang="G"|StrongNumber="G35880"|Morph="EA,,,,DNP,"|Type="Article"|Case="Dative"|Gender="Neuter"|Number="Plural"|English="by their"
560010160061|ἔργοις|560010160071|ADV|Cat="noun"|Id="21"|morphId="560010160061"|Unicode="ἔργοις"|Lemma="ἔργον"|Lang="G"|StrongNumber="G20410"|Morph="N,,,,,DNP,"|Case="Dative"|Gender="Neuter"|Number="Plural"|English="by ~ actions"
560010160071|ἀρνοῦνται,|560010160021|CL|Cat="verb"|Id="24"|morphId="560010160071"|Unicode="ἀρνοῦνται,"|Lemma="ἀρνέομαι"|Lang="G"|StrongNumber="G07200"|Morph="V,IPM3,,P,"|Mood="Indicative"|Tense="Present"|Voice="Middle"|Person="Third"|Number="Plural"|English="they deny"
560010160091|ὄντες|560010160081|VC|Cat="verb"|Id="29"|morphId="560010160091"|Unicode="ὄντες"|Lemma="εἰμί"|Lang="G"|StrongNumber="G15100"|Morph="V,PPA,NMP,"|Mood="Participle"|Tense="Present"|Voice="Active"|Case="Nominative"|Gender="Masculine"|Number="Plural"|English="are"
560010160081|βδελυκτοὶ|560010160071|ADV|Cat="noun"|Id="34"|morphId="560010160081"|Unicode="βδελυκτοὶ"|Lemma="βδελυκτός"|Lang="G"|StrongNumber="G09470"|Morph="NS,,,,NMP,"|Type="Substantive_Adj"|Case="Nominative"|Gender="Masculine"|Number="Plural"|English="detestable"
560010160101|καὶ|560010160081|conj|Cat="conj"|Id="35"|morphId="560010160101"|Unicode="καὶ"|Lemma="καί"|Lang="G"|StrongNumber="G25320"|Morph="CC,,,,,,,,"|Type="Coordinating"|English="and"
560010160111|ἀπειθεῖς,|560010160081|adjp|Cat="noun"|Id="38"|morphId="560010160111"|Unicode="ἀπειθεῖς,"|Lemma="ἀπειθής"|Lang="G"|StrongNumber="G05450"|Morph="NS,,,,NMP,"|Type="Substantive_Adj"|Case="Nominative"|Gender="Masculine"|Number="Plural"|English="disobedient"
560010160121|καὶ|560010160081|conj|Cat="conj"|Id="39"|morphId="560010160121"|Unicode="καὶ"|Lemma="καί"|Lang="G"|StrongNumber="G25320"|Morph="CC,,,,,,,,"|Type="Coordinating"|English="and"
560010160131|πρὸς|560010160151|prep|Cat="prep"|Id="42"|morphId="560010160131"|Unicode="πρὸς"|Lemma="πρός"|Lang="G"|StrongNumber="G43140"|Morph="P,,,,,A,,,"|Case="Accusative"|English="for"
560010160141|πᾶν|560010160151|adjp|Cat="det"|Id="46"|morphId="560010160141"|Unicode="πᾶν"|Lemma="πᾶς"|Lang="G"|StrongNumber="G39560"|Morph="EQ,,,,ANS,"|Type="Quantifier"|Case="Accusative"|Gender="Neuter"|Number="Singular"|English="any"
560010160151|ἔργον|560010160171|pp|Cat="noun"|Id="49"|morphId="560010160151"|Unicode="ἔργον"|Lemma="ἔργον"|Lang="G"|StrongNumber="G20410"|Morph="N,,,,,ANS,"|Case="Accusative"|Gender="Neuter"|Number="Singular"|English="work"
560010160161|ἀγαθὸν|560010160151|adjp|Cat="adj"|Id="51"|morphId="560010160161"|Unicode="ἀγαθὸν"|Lemma="ἀγαθός"|Lang="G"|StrongNumber="G00180"|Morph="AA,,,,ANS,"|Type="Ascriptive"|Case="Accusative"|Gender="Neuter"|Number="Singular"|English="good"
560010160171|ἀδόκιμοι.|560010160081|adjp|Cat="noun"|Id="54"|morphId="560010160171"|Unicode="ἀδόκιμοι."|Lemma="ἀδόκιμος"|Lang="G"|StrongNumber="G00960"|Morph="NS,,,,NMP,"|Type="Substantive_Adj"|Case="Nominative"|Gender="Masculine"|Number="Plural"|English="unfit"
