630010010011|ὁ|630010010021|det|Cat="det"|Id="7"|morphId="630010010011"|Unicode="ὁ"|Lemma="ὁ"|Lang="G"|StrongNumber="G35880"|Morph="EA,,,,NMS,"|Type="Article"|Case="Nominative"|Gender="Masculine"|Number="Singular"|English="the"
630010010021|πρεσβύτερος;|None|CL|Cat="noun"|Id="9"|morphId="630010010021"|Unicode="πρεσβύτερος;"|Lemma="πρεσβύτερος"|Lang="G"|StrongNumber="G42450"|Morph="NS,,,,NMSC"|Type="Substantive_Adj"|Case="Nominative"|Gender="Masculine"|Number="Singular"|English="elder"
630010010031|ἐκλεκτῇ|630010010041|adjp|Cat="adj"|Id="15"|morphId="630010010031"|Unicode="ἐκλεκτῇ"|Lemma="ἐκλεκτός"|Lang="G"|StrongNumber="G15880"|Morph="AA,,,,DFS,"|Type="Ascriptive"|Case="Dative"|Gender="Feminine"|Number="Singular"|English="to ~ elect"
630010010041|κυρίᾳ|630010010021|IO|Cat="noun"|Id="17"|morphId="630010010041"|Unicode="κυρίᾳ"|Lemma="κυρία"|Lang="G"|StrongNumber="G29590"|Morph="N,,,,,DFS,"|Case="Dative"|Gender="Feminine"|Number="Singular"|English="lady"
630010010051|καὶ|630010010041|conj|Cat="conj"|Id="18"|morphId="630010010051"|Unicode="καὶ"|Lemma="καί"|Lang="G"|StrongNumber="G25320"|Morph="CC,,,,,,,,"|Type="Coordinating"|English="and"
630010010061|τοῖς|630010010071|det|Cat="det"|Id="20"|morphId="630010010061"|Unicode="τοῖς"|Lemma="ὁ"|Lang="G"|StrongNumber="G35880"|Morph="EA,,,,DNP,"|Type="Article"|Case="Dative"|Gender="Neuter"|Number="Plural"|English="to the"
630010010071|τέκνοις|630010010041|np|Cat="noun"|Id="23"|morphId="630010010071"|Unicode="τέκνοις"|Lemma="τέκνον"|Lang="G"|StrongNumber="G50430"|Morph="N,,,,,DNP,"|Case="Dative"|Gender="Neuter"|Number="Plural"|English="children"
630010010081|αὐτῆς,|630010010071|np|Cat="pron"|Id="25"|morphId="630010010081"|Unicode="αὐτῆς,"|Lemma="αὐτός"|Lang="G"|StrongNumber="G08460"|Morph="RP,,,3GFS,"|Type="Personal"|Person="Third"|Case="Genitive"|Gender="Feminine"|Number="Singular"|English="of her"
630010010091|οὓς|630010010111|O|Cat="pron"|Id="29"|morphId="630010010091"|Unicode="οὓς"|Lemma="ὅς"|Lang="G"|StrongNumber="G37390"|Morph="RR,,,,AMP,"|Type="Relative"|Case="Accusative"|Gender="Masculine"|Number="Plural"|English="whom"
630010010111|ἀγαπῶ|630010010041|CL|Cat="verb"|Id="32"|morphId="630010010111"|Unicode="ἀγαπῶ"|Lemma="ἀγαπάω"|Lang="G"|StrongNumber="G00250"|Morph="V,IPA1,,S,"|Mood="Indicative"|Tense="Present"|Voice="Active"|Person="First"|Number="Singular"|English="love"
630010010121|ἐν|630010010131|prep|Cat="prep"|Id="35"|morphId="630010010121"|Unicode="ἐν"|Lemma="ἐν"|Lang="G"|StrongNumber="G17220"|Morph="P,,,,,D,,,"|Case="Dative"|English="in"
630010010131|ἀληθείᾳ|630010010111|ADV|Cat="noun"|Id="37"|morphId="630010010131"|Unicode="ἀληθείᾳ"|Lemma="ἀλήθεια"|Lang="G"|StrongNumber="G02250"|Morph="N,,,,,DFS,"|Case="Dative"|Gender="Feminine"|Number="Singular"|English="truth"
630010010101|ἐγὼ|630010010111|S|Cat="pron"|Id="41"|morphId="630010010101"|Unicode="ἐγὼ"|Lemma="ἐγώ"|Lang="G"|StrongNumber="G14730"|Morph="RP,,,1N,S,"|Type="Personal"|Person="First"|Case="Nominative"|Number="Singular"|English="I"
630010010141|(καὶ|630010010101|conj|Cat="conj"|Id="42"|morphId="630010010141"|Unicode="(καὶ"|Lemma="καί"|Lang="G"|StrongNumber="G25320"|Morph="CC,,,,,,,,"|Type="Coordinating"|English="and"
630010010151|οὐκ|630010010221|advp|Cat="adv"|Id="45"|morphId="630010010151"|Unicode="οὐκ"|Lemma="οὐ"|Lang="G"|StrongNumber="G37560"|Morph="DO,,,,,,,,"|Type="Correlative"|English="not"
630010010161|ἐγὼ|630010010221|np|Cat="pron"|Id="48"|morphId="630010010161"|Unicode="ἐγὼ"|Lemma="ἐγώ"|Lang="G"|StrongNumber="G14730"|Morph="RP,,,1N,S,"|Type="Personal"|Person="First"|Case="Nominative"|Number="Singular"|English="I"
630010010171|μόνος,|630010010161|adjp|Cat="det"|Id="51"|morphId="630010010171"|Unicode="μόνος,"|Lemma="μόνος"|Lang="G"|StrongNumber="G34410"|Morph="EF,,,,NMS,"|Type="Differential"|Case="Nominative"|Gender="Masculine"|Number="Singular"|English="only"
630010010181|ἀλλὰ|630010010221|conj|Cat="conj"|Id="52"|morphId="630010010181"|Unicode="ἀλλὰ"|Lemma="ἀλλά"|Lang="G"|StrongNumber="G02350"|Morph="CO,,,,,,,,"|Type="Correlative"|English="but"
630010010191|καὶ|630010010221|advp|Cat="adv"|Id="55"|morphId="630010010191"|Unicode="καὶ"|Lemma="καί"|Lang="G"|StrongNumber="G25320"|Morph="D,,,,,,,,,"|English="also"
630010010201|πάντες|630010010221|np|Cat="pron"|Id="58"|morphId="630010010201"|Unicode="πάντες"|Lemma="πᾶς"|Lang="G"|StrongNumber="G39560"|Morph="RI,,,,NMP,"|Type="Indefinite"|Case="Nominative"|Gender="Masculine"|Number="Plural"|English="all"
630010010211|οἱ|630010010221|det|Cat="pron"|Id="61"|morphId="630010010211"|Unicode="οἱ"|Lemma="ὁ"|Lang="G"|StrongNumber="G35880"|Morph="RD,,,,NMP,"|Type="Demonstrative"|Case="Nominative"|Gender="Masculine"|Number="Plural"|English="those"
630010010221|ἐγνωκότες|630010010101|np|Cat="verb"|Id="65"|morphId="630010010221"|Unicode="ἐγνωκότες"|Lemma="γινώσκω"|Lang="G"|StrongNumber="G10970"|Morph="V,PEA,NMP,"|Mood="Participle"|Tense="Perfect"|Voice="Active"|Case="Nominative"|Gender="Masculine"|Number="Plural"|English="who know"
630010010231|τὴν|630010010241|det|Cat="det"|Id="68"|morphId="630010010231"|Unicode="τὴν"|Lemma="ὁ"|Lang="G"|StrongNumber="G35880"|Morph="EA,,,,AFS,"|Type="Article"|Case="Accusative"|Gender="Feminine"|Number="Singular"|English="the"
630010010241|ἀλήθειαν),|630010010221|O|Cat="noun"|Id="70"|morphId="630010010241"|Unicode="ἀλήθειαν),"|Lemma="ἀλήθεια"|Lang="G"|StrongNumber="G02250"|Morph="N,,,,,AFS,"|Case="Accusative"|Gender="Feminine"|Number="Singular"|English="truth"
630010020011|διὰ|630010020031|prep|Cat="prep"|Id="73"|morphId="630010020011"|Unicode="διὰ"|Lemma="διά"|Lang="G"|StrongNumber="G12230"|Morph="P,,,,,A,,,"|Case="Accusative"|English="because of"
630010020021|τὴν|630010020031|det|Cat="det"|Id="76"|morphId="630010020021"|Unicode="τὴν"|Lemma="ὁ"|Lang="G"|StrongNumber="G35880"|Morph="EA,,,,AFS,"|Type="Article"|Case="Accusative"|Gender="Feminine"|Number="Singular"|English="the"
630010020031|ἀλήθειαν|630010010111|ADV|Cat="noun"|Id="78"|morphId="630010020031"|Unicode="ἀλήθειαν"|Lemma="ἀλήθεια"|Lang="G"|StrongNumber="G02250"|Morph="N,,,,,AFS,"|Case="Accusative"|Gender="Feminine"|Number="Singular"|English="truth"
630010020041|τὴν|630010020051|det|Cat="pron"|Id="81"|morphId="630010020041"|Unicode="τὴν"|Lemma="ὁ"|Lang="G"|StrongNumber="G35880"|Morph="RD,,,,AFS,"|Type="Demonstrative"|Case="Accusative"|Gender="Feminine"|Number="Singular"
630010020051|μένουσαν|630010020031|np|Cat="verb"|Id="85"|morphId="630010020051"|Unicode="μένουσαν"|Lemma="μένω"|Lang="G"|StrongNumber="G33060"|Morph="V,PPA,AFS,"|Mood="Participle"|Tense="Present"|Voice="Active"|Case="Accusative"|Gender="Feminine"|Number="Singular"|English="which abides"
630010020061|ἐν|630010020071|prep|Cat="prep"|Id="88"|morphId="630010020061"|Unicode="ἐν"|Lemma="ἐν"|Lang="G"|StrongNumber="G17220"|Morph="P,,,,,D,,,"|Case="Dative"|English="in"
630010020071|ἡμῖν,|630010020051|ADV|Cat="pron"|Id="90"|morphId="630010020071"|Unicode="ἡμῖν,"|Lemma="ἐγώ"|Lang="G"|StrongNumber="G14730"|Morph="RP,,,1D,P,"|Type="Personal"|Person="First"|Case="Dative"|Number="Plural"|English="us"
630010020081|καὶ|630010010021|conj|Cat="conj"|Id="91"|morphId="630010020081"|Unicode="καὶ"|Lemma="καί"|Lang="G"|StrongNumber="G25320"|Morph="CC,,,,,,,,"|Type="Coordinating"|English="and"
630010020091|μεθ’|630010020101|prep|Cat="prep"|Id="95"|morphId="630010020091"|Unicode="μεθ’"|Lemma="μετά"|Lang="G"|StrongNumber="G33260"|Morph="P,,,,,G,,,"|Case="Genitive"|English="with"
630010020101|ἡμῶν|630010010021|CL|Cat="pron"|Id="97"|morphId="630010020101"|Unicode="ἡμῶν"|Lemma="ἐγώ"|Lang="G"|StrongNumber="G14730"|Morph="RP,,,1G,P,"|Type="Personal"|Person="First"|Case="Genitive"|Number="Plural"|English="us"
630010020111|ἔσται|630010020101|VC|Cat="verb"|Id="100"|morphId="630010020111"|Unicode="ἔσται"|Lemma="εἰμί"|Lang="G"|StrongNumber="G15100"|Morph="V,IFM3,,S,"|Mood="Indicative"|Tense="Future"|Voice="Middle"|Person="Third"|Number="Singular"|English="will be"
630010020121|εἰς|630010020141|prep|Cat="prep"|Id="103"|morphId="630010020121"|Unicode="εἰς"|Lemma="εἰς"|Lang="G"|StrongNumber="G15190"|Morph="P,,,,,A,,,"|Case="Accusative"|English="into"
630010020131|τὸν|630010020141|det|Cat="det"|Id="105"|morphId="630010020131"|Unicode="τὸν"|Lemma="ὁ"|Lang="G"|StrongNumber="G35880"|Morph="EA,,,,AMS,"|Type="Article"|Case="Accusative"|Gender="Masculine"|Number="Singular"|English="the"
630010020141|αἰῶνα:|630010020101|ADV|Cat="noun"|Id="107"|morphId="630010020141"|Unicode="αἰῶνα:"|Lemma="αἰών"|Lang="G"|StrongNumber="G01650"|Morph="N,,,,,AMS,"|Case="Accusative"|Gender="Masculine"|Number="Singular"|English="age"
630010030011|ἔσται|630010030031|VC|Cat="verb"|Id="111"|morphId="630010030011"|Unicode="ἔσται"|Lemma="εἰμί"|Lang="G"|StrongNumber="G15100"|Morph="V,IFM3,,S,"|Mood="Indicative"|Tense="Future"|Voice="Middle"|Person="Third"|Number="Singular"|English="will be"
630010030021|μεθ’|630010030031|prep|Cat="prep"|Id="114"|morphId="630010030021"|Unicode="μεθ’"|Lemma="μετά"|Lang="G"|StrongNumber="G33260"|Morph="P,,,,,G,,,"|Case="Genitive"|English="with"
630010030031|ἡμῶν|630010010021|CL|Cat="pron"|Id="116"|morphId="630010030031"|Unicode="ἡμῶν"|Lemma="ἐγώ"|Lang="G"|StrongNumber="G14730"|Morph="RP,,,1G,P,"|Type="Personal"|Person="First"|Case="Genitive"|Number="Plural"|English="us"
630010030041|χάρις,|630010030031|S|Cat="noun"|Id="121"|morphId="630010030041"|Unicode="χάρις,"|Lemma="χάρις"|Lang="G"|StrongNumber="G54850"|Morph="N,,,,,NFS,"|Case="Nominative"|Gender="Feminine"|Number="Singular"|English="grace"
630010030051|ἔλεος,|630010030041|np|Cat="noun"|Id="123"|morphId="630010030051"|Unicode="ἔλεος,"|Lemma="ἔλεος"|Lang="G"|StrongNumber="G16560"|Morph="N,,,,,NNS,"|Case="Nominative"|Gender="Neuter"|Number="Singular"|English="mercy"
630010030061|εἰρήνη,|630010030041|np|Cat="noun"|Id="125"|morphId="630010030061"|Unicode="εἰρήνη,"|Lemma="εἰρήνη"|Lang="G"|StrongNumber="G15150"|Morph="N,,,,,NFS,"|Case="Nominative"|Gender="Feminine"|Number="Singular"|English="peace"
630010030071|παρὰ|630010030081|prep|Cat="prep"|Id="128"|morphId="630010030071"|Unicode="παρὰ"|Lemma="παρά"|Lang="G"|StrongNumber="G38440"|Morph="P,,,,,G,,,"|Case="Genitive"|English="from"
630010030081|Θεοῦ|630010030041|pp|Cat="noun"|Id="131"|morphId="630010030081"|Unicode="Θεοῦ"|Lemma="θεός"|Lang="G"|StrongNumber="G23160"|Morph="N,,,,,GMS,"|Case="Genitive"|Gender="Masculine"|Number="Singular"|English="God"
630010030091|Πατρός|630010030081|np|Cat="noun"|Id="133"|morphId="630010030091"|Unicode="Πατρός"|Lemma="πατήρ"|Lang="G"|StrongNumber="G39620"|Morph="N,,,,,GMS,"|Case="Genitive"|Gender="Masculine"|Number="Singular"|English="father"
630010030101|καὶ|630010030081|conj|Cat="conj"|Id="134"|morphId="630010030101"|Unicode="καὶ"|Lemma="καί"|Lang="G"|StrongNumber="G25320"|Morph="CC,,,,,,,,"|Type="Coordinating"|English="and"
630010030111|παρὰ|630010030121|prep|Cat="prep"|Id="136"|morphId="630010030111"|Unicode="παρὰ"|Lemma="παρά"|Lang="G"|StrongNumber="G38440"|Morph="P,,,,,G,,,"|Case="Genitive"|English="from"
630010030121|Ἰησοῦ|630010030081|pp|Cat="noun"|Id="140"|morphId="630010030121"|Unicode="Ἰησοῦ"|Lemma="Ἰησοῦς"|Lang="G"|StrongNumber="G24240"|Morph="N,,,,,GMS,"|Case="Genitive"|Gender="Masculine"|Number="Singular"|English="Jesus"
630010030131|Χριστοῦ,|630010030121|np|Cat="noun"|Id="142"|morphId="630010030131"|Unicode="Χριστοῦ,"|Lemma="χριστός"|Lang="G"|StrongNumber="G55470"|Morph="N,,,,,GMS,"|Case="Genitive"|Gender="Masculine"|Number="Singular"|English="Christ"
630010030141|τοῦ|630010030151|det|Cat="det"|Id="144"|morphId="630010030141"|Unicode="τοῦ"|Lemma="ὁ"|Lang="G"|StrongNumber="G35880"|Morph="EA,,,,GMS,"|Type="Article"|Case="Genitive"|Gender="Masculine"|Number="Singular"|English="the"
630010030151|Υἱοῦ|630010030121|np|Cat="noun"|Id="147"|morphId="630010030151"|Unicode="Υἱοῦ"|Lemma="υἱός"|Lang="G"|StrongNumber="G52070"|Morph="N,,,,,GMS,"|Case="Genitive"|Gender="Masculine"|Number="Singular"|English="son"
630010030161|τοῦ|630010030171|det|Cat="det"|Id="149"|morphId="630010030161"|Unicode="τοῦ"|Lemma="ὁ"|Lang="G"|StrongNumber="G35880"|Morph="EA,,,,GMS,"|Type="Article"|Case="Genitive"|Gender="Masculine"|Number="Singular"|English="the"
630010030171|Πατρός,|630010030151|np|Cat="noun"|Id="151"|morphId="630010030171"|Unicode="Πατρός,"|Lemma="πατήρ"|Lang="G"|StrongNumber="G39620"|Morph="N,,,,,GMS,"|Case="Genitive"|Gender="Masculine"|Number="Singular"|English="of ~ father"
630010030181|ἐν|630010030191|prep|Cat="prep"|Id="154"|morphId="630010030181"|Unicode="ἐν"|Lemma="ἐν"|Lang="G"|StrongNumber="G17220"|Morph="P,,,,,D,,,"|Case="Dative"|English="in"
630010030191|ἀληθείᾳ|630010030031|ADV|Cat="noun"|Id="157"|morphId="630010030191"|Unicode="ἀληθείᾳ"|Lemma="ἀλήθεια"|Lang="G"|StrongNumber="G02250"|Morph="N,,,,,DFS,"|Case="Dative"|Gender="Feminine"|Number="Singular"|English="truth"
630010030201|καὶ|630010030191|conj|Cat="conj"|Id="158"|morphId="630010030201"|Unicode="καὶ"|Lemma="καί"|Lang="G"|StrongNumber="G25320"|Morph="CC,,,,,,,,"|Type="Coordinating"|English="and"
630010030211|ἀγάπῃ.|630010030191|np|Cat="noun"|Id="160"|morphId="630010030211"|Unicode="ἀγάπῃ."|Lemma="ἀγάπη"|Lang="G"|StrongNumber="G00260"|Morph="N,,,,,DFS,"|Case="Dative"|Gender="Feminine"|Number="Singular"|English="love"
630010040011|ἐχάρην|None|CL|Cat="verb"|Id="6"|morphId="630010040011"|Unicode="ἐχάρην"|Lemma="χαίρω"|Lang="G"|StrongNumber="G54630"|Morph="V,IAP1,,S,"|Mood="Indicative"|Tense="Aorist"|Voice="Passive"|Person="First"|Number="Singular"|English="I was ~ glad"
630010040021|λείαν|630010040011|ADV|Cat="adv"|Id="9"|morphId="630010040021"|Unicode="λείαν"|Lemma="λείαν"|Lang="G"|StrongNumber="G30290"|Morph="D,,,,,,,,,"|English="very"
630010040031|ὅτι|630010040041|conj|Cat="conj"|Id="11"|morphId="630010040031"|Unicode="ὅτι"|Lemma="ὅτι"|Lang="G"|StrongNumber="G37540"|Morph="CS,,,,,,,,"|Type="Subordinating"|English="to"
630010040041|εὕρηκα|630010040011|CL|Cat="verb"|Id="15"|morphId="630010040041"|Unicode="εὕρηκα"|Lemma="εὑρίσκω"|Lang="G"|StrongNumber="G21470"|Morph="V,IEA1,,S,"|Mood="Indicative"|Tense="Perfect"|Voice="Active"|Person="First"|Number="Singular"|English="find"
630010040051|ἐκ|630010040071|prep|Cat="prep"|Id="21"|morphId="630010040051"|Unicode="ἐκ"|Lemma="ἐκ"|Lang="G"|StrongNumber="G15370"|Morph="P,,,,,G,,,"|Case="Genitive"|English="some of"
630010040061|τῶν|630010040071|det|Cat="det"|Id="23"|morphId="630010040061"|Unicode="τῶν"|Lemma="ὁ"|Lang="G"|StrongNumber="G35880"|Morph="EA,,,,GNP,"|Type="Article"|Case="Genitive"|Gender="Neuter"|Number="Plural"|English="the"
630010040071|τέκνων|630010040091|ADV|Cat="noun"|Id="26"|morphId="630010040071"|Unicode="τέκνων"|Lemma="τέκνον"|Lang="G"|StrongNumber="G50430"|Morph="N,,,,,GNP,"|Case="Genitive"|Gender="Neuter"|Number="Plural"|English="children"
630010040081|σου|630010040071|np|Cat="pron"|Id="28"|morphId="630010040081"|Unicode="σου"|Lemma="σύ"|Lang="G"|StrongNumber="G47710"|Morph="RP,,,2G,S,"|Type="Personal"|Person="Second"|Case="Genitive"|Number="Singular"|English="of you"
630010040091|περιπατοῦντας|630010040041|O|Cat="verb"|Id="31"|morphId="630010040091"|Unicode="περιπατοῦντας"|Lemma="περιπατέω"|Lang="G"|StrongNumber="G40430"|Morph="V,PPA,AMP,"|Mood="Participle"|Tense="Present"|Voice="Active"|Case="Accusative"|Gender="Masculine"|Number="Plural"|English="walking"
630010040101|ἐν|630010040111|prep|Cat="prep"|Id="34"|morphId="630010040101"|Unicode="ἐν"|Lemma="ἐν"|Lang="G"|StrongNumber="G17220"|Morph="P,,,,,D,,,"|Case="Dative"|English="in"
630010040111|ἀληθείᾳ,|630010040091|ADV|Cat="noun"|Id="36"|morphId="630010040111"|Unicode="ἀληθείᾳ,"|Lemma="ἀλήθεια"|Lang="G"|StrongNumber="G02250"|Morph="N,,,,,DFS,"|Case="Dative"|Gender="Feminine"|Number="Singular"|English="truth"
630010040121|καθὼς|630010040141|conj|Cat="adv"|Id="39"|morphId="630010040121"|Unicode="καθὼς"|Lemma="καθώς"|Lang="G"|StrongNumber="G25310"|Morph="D,,,,,,,,,"|English="just as"
630010040131|ἐντολὴν|630010040141|O|Cat="noun"|Id="43"|morphId="630010040131"|Unicode="ἐντολὴν"|Lemma="ἐντολή"|Lang="G"|StrongNumber="G17850"|Morph="N,,,,,AFS,"|Case="Accusative"|Gender="Feminine"|Number="Singular"|English="commandment"
630010040141|ἐλάβομεν|630010040091|CL|Cat="verb"|Id="46"|morphId="630010040141"|Unicode="ἐλάβομεν"|Lemma="λαμβάνω"|Lang="G"|StrongNumber="G29830"|Morph="V,IAA1,,P,"|Mood="Indicative"|Tense="Aorist"|Voice="Active"|Person="First"|Number="Plural"|English="we have received"
630010040151|παρὰ|630010040171|prep|Cat="prep"|Id="49"|morphId="630010040151"|Unicode="παρὰ"|Lemma="παρά"|Lang="G"|StrongNumber="G38440"|Morph="P,,,,,G,,,"|Case="Genitive"|English="from"
630010040161|τοῦ|630010040171|det|Cat="det"|Id="51"|morphId="630010040161"|Unicode="τοῦ"|Lemma="ὁ"|Lang="G"|StrongNumber="G35880"|Morph="EA,,,,GMS,"|Type="Article"|Case="Genitive"|Gender="Masculine"|Number="Singular"|English="the"
630010040171|Πατρός.|630010040141|ADV|Cat="noun"|Id="53"|morphId="630010040171"|Unicode="Πατρός."|Lemma="πατήρ"|Lang="G"|StrongNumber="G39620"|Morph="N,,,,,GMS,"|Case="Genitive"|Gender="Masculine"|Number="Singular"|English="father"
630010050011|καὶ|630010050031|conj|Cat="conj"|Id="3"|morphId="630010050011"|Unicode="καὶ"|Lemma="καί"|Lang="G"|StrongNumber="G25320"|Morph="CC,,,,,,,,"|Type="Coordinating"|English="and"
630010050051|κυρία,|630010050031|CL|Cat="noun"|Id="7"|morphId="630010050051"|Unicode="κυρία,"|Lemma="κυρία"|Lang="G"|StrongNumber="G29590"|Morph="N,,,,,VFS,"|Case="Vocative"|Gender="Feminine"|Number="Singular"|English="lady"
630010050021|νῦν|630010050031|ADV|Cat="adv"|Id="12"|morphId="630010050021"|Unicode="νῦν"|Lemma="νῦν"|Lang="G"|StrongNumber="G35680"|Morph="D,,,,,,,,,"|English="now"
630010050031|ἐρωτῶ|None|CL|Cat="verb"|Id="15"|morphId="630010050031"|Unicode="ἐρωτῶ"|Lemma="ἐρωτάω"|Lang="G"|StrongNumber="G20650"|Morph="V,IPA1,,S,"|Mood="Indicative"|Tense="Present"|Voice="Active"|Person="First"|Number="Singular"|English="I ask"
630010050041|σε,|630010050031|O|Cat="pron"|Id="18"|morphId="630010050041"|Unicode="σε,"|Lemma="σύ"|Lang="G"|StrongNumber="G47710"|Morph="RP,,,2A,S,"|Type="Personal"|Person="Second"|Case="Accusative"|Number="Singular"|English="you"
630010050101|γράφων|630010050031|ADV|Cat="verb"|Id="23"|morphId="630010050101"|Unicode="γράφων"|Lemma="γράφω"|Lang="G"|StrongNumber="G11250"|Morph="V,PPA,NMS,"|Mood="Participle"|Tense="Present"|Voice="Active"|Case="Nominative"|Gender="Masculine"|Number="Singular"|English="were writing"
630010050111|σοι,|630010050101|IO|Cat="pron"|Id="26"|morphId="630010050111"|Unicode="σοι,"|Lemma="σύ"|Lang="G"|StrongNumber="G47710"|Morph="RP,,,2D,S,"|Type="Personal"|Person="Second"|Case="Dative"|Number="Singular"|English="to you"
630010050061|οὐχ|630010050141|advp|Cat="adv"|Id="30"|morphId="630010050061"|Unicode="οὐχ"|Lemma="οὐ"|Lang="G"|StrongNumber="G37560"|Morph="DO,,,,,,,,"|Type="Correlative"|English="not"
630010050071|ὡς|630010050081|conj|Cat="conj"|Id="32"|morphId="630010050071"|Unicode="ὡς"|Lemma="ὡς"|Lang="G"|StrongNumber="G56130"|Morph="CS,,,,,,,,"|Type="Subordinating"|English="as though"
630010050081|ἐντολὴν|630010050141|CL|Cat="noun"|Id="37"|morphId="630010050081"|Unicode="ἐντολὴν"|Lemma="ἐντολή"|Lang="G"|StrongNumber="G17850"|Morph="N,,,,,AFS,"|Case="Accusative"|Gender="Feminine"|Number="Singular"|English="a ~ commandment"
630010050091|καινὴν|630010050081|adjp|Cat="adj"|Id="39"|morphId="630010050091"|Unicode="καινὴν"|Lemma="καινός"|Lang="G"|StrongNumber="G25370"|Morph="AA,,,,AFS,"|Type="Ascriptive"|Case="Accusative"|Gender="Feminine"|Number="Singular"|English="new"
630010050121|ἀλλὰ|630010050141|conj|Cat="conj"|Id="40"|morphId="630010050121"|Unicode="ἀλλὰ"|Lemma="ἀλλά"|Lang="G"|StrongNumber="G02350"|Morph="CO,,,,,,,,"|Type="Correlative"|English="but"
630010050131|ἣν|630010050141|O|Cat="pron"|Id="44"|morphId="630010050131"|Unicode="ἣν"|Lemma="ὅς"|Lang="G"|StrongNumber="G37390"|Morph="RR,,,,AFS,"|Type="Relative"|Case="Accusative"|Gender="Feminine"|Number="Singular"|English="that which"
630010050141|εἴχαμεν|630010050101|ADV|Cat="verb"|Id="47"|morphId="630010050141"|Unicode="εἴχαμεν"|Lemma="ἔχω"|Lang="G"|StrongNumber="G21920"|Morph="V,IIA1,,P,"|Mood="Indicative"|Tense="Imperfect"|Voice="Active"|Person="First"|Number="Plural"|English="we have had"
630010050151|ἀπ’|630010050161|prep|Cat="prep"|Id="50"|morphId="630010050151"|Unicode="ἀπ’"|Lemma="ἀπό"|Lang="G"|StrongNumber="G05750"|Morph="P,,,,,G,,,"|Case="Genitive"|English="from"
630010050161|ἀρχῆς,|630010050141|ADV|Cat="noun"|Id="52"|morphId="630010050161"|Unicode="ἀρχῆς,"|Lemma="ἀρχή"|Lang="G"|StrongNumber="G07460"|Morph="N,,,,,GFS,"|Case="Genitive"|Gender="Feminine"|Number="Singular"|English="beginning"
630010050171|ἵνα|630010050181|conj|Cat="conj"|Id="54"|morphId="630010050171"|Unicode="ἵνα"|Lemma="ἵνα"|Lang="G"|StrongNumber="G24430"|Morph="CS,,,,,,,,"|Type="Subordinating"|English="that"
630010050181|ἀγαπῶμεν|630010050031|CL|Cat="verb"|Id="58"|morphId="630010050181"|Unicode="ἀγαπῶμεν"|Lemma="ἀγαπάω"|Lang="G"|StrongNumber="G00250"|Morph="V,SPA1,,P,"|Mood="Subjunctive"|Tense="Present"|Voice="Active"|Person="First"|Number="Plural"|English="we love"
630010050191|ἀλλήλους.|630010050181|O|Cat="pron"|Id="61"|morphId="630010050191"|Unicode="ἀλλήλους."|Lemma="ἀλλήλων"|Lang="G"|StrongNumber="G02400"|Morph="RC,,,,AMP,"|Type="Reciprocal"|Case="Accusative"|Gender="Masculine"|Number="Plural"|English="one another"
630010060011|καὶ|630010060021|conj|Cat="conj"|Id="3"|morphId="630010060011"|Unicode="καὶ"|Lemma="καί"|Lang="G"|StrongNumber="G25320"|Morph="CC,,,,,,,,"|Type="Coordinating"|English="and"
630010060021|αὕτη|None|CL|Cat="pron"|Id="8"|morphId="630010060021"|Unicode="αὕτη"|Lemma="οὗτος"|Lang="G"|StrongNumber="G37780"|Morph="RD,,,,NFS,"|Type="Demonstrative"|Case="Nominative"|Gender="Feminine"|Number="Singular"|English="this"
630010060031|ἐστὶν|630010060021|VC|Cat="verb"|Id="11"|morphId="630010060031"|Unicode="ἐστὶν"|Lemma="εἰμί"|Lang="G"|StrongNumber="G15100"|Morph="V,IPA3,,S,"|Mood="Indicative"|Tense="Present"|Voice="Active"|Person="Third"|Number="Singular"|English="is"
630010060041|ἡ|630010060051|det|Cat="det"|Id="14"|morphId="630010060041"|Unicode="ἡ"|Lemma="ὁ"|Lang="G"|StrongNumber="G35880"|Morph="EA,,,,NFS,"|Type="Article"|Case="Nominative"|Gender="Feminine"|Number="Singular"
630010060051|ἀγάπη:|630010060021|S|Cat="noun"|Id="16"|morphId="630010060051"|Unicode="ἀγάπη:"|Lemma="ἀγάπη"|Lang="G"|StrongNumber="G00260"|Morph="N,,,,,NFS,"|Case="Nominative"|Gender="Feminine"|Number="Singular"|English="love"
630010060061|ἵνα|630010060071|conj|Cat="adv"|Id="19"|morphId="630010060061"|Unicode="ἵνα"|Lemma="ἵνα"|Lang="G"|StrongNumber="G24430"|Morph="D,,,,,,,,,"|English="that"
630010060071|περιπατῶμεν|630010060021|CL|Cat="verb"|Id="23"|morphId="630010060071"|Unicode="περιπατῶμεν"|Lemma="περιπατέω"|Lang="G"|StrongNumber="G40430"|Morph="V,SPA1,,P,"|Mood="Subjunctive"|Tense="Present"|Voice="Active"|Person="First"|Number="Plural"|English="we walk"
630010060081|κατὰ|630010060101|prep|Cat="prep"|Id="26"|morphId="630010060081"|Unicode="κατὰ"|Lemma="κατά"|Lang="G"|StrongNumber="G25960"|Morph="P,,,,,A,,,"|Case="Accusative"|English="according to"
630010060091|τὰς|630010060101|det|Cat="det"|Id="28"|morphId="630010060091"|Unicode="τὰς"|Lemma="ὁ"|Lang="G"|StrongNumber="G35880"|Morph="EA,,,,AFP,"|Type="Article"|Case="Accusative"|Gender="Feminine"|Number="Plural"|English="the"
630010060101|ἐντολὰς|630010060071|ADV|Cat="noun"|Id="31"|morphId="630010060101"|Unicode="ἐντολὰς"|Lemma="ἐντολή"|Lang="G"|StrongNumber="G17850"|Morph="N,,,,,AFP,"|Case="Accusative"|Gender="Feminine"|Number="Plural"|English="commandments"
630010060111|αὐτοῦ.|630010060101|np|Cat="pron"|Id="33"|morphId="630010060111"|Unicode="αὐτοῦ."|Lemma="αὐτός"|Lang="G"|StrongNumber="G08460"|Morph="RP,,,3GMS,"|Type="Personal"|Person="Third"|Case="Genitive"|Gender="Masculine"|Number="Singular"|English="of him"
630010060121|αὕτη|None|CL|Cat="det"|Id="7"|morphId="630010060121"|Unicode="αὕτη"|Lemma="οὗτος"|Lang="G"|StrongNumber="G37780"|Morph="ED,,,,NFS,"|Type="Demonstrative"|Case="Nominative"|Gender="Feminine"|Number="Singular"|English="This"
630010060131|ἡ|630010060141|det|Cat="det"|Id="10"|morphId="630010060131"|Unicode="ἡ"|Lemma="ὁ"|Lang="G"|StrongNumber="G35880"|Morph="EA,,,,NFS,"|Type="Article"|Case="Nominative"|Gender="Feminine"|Number="Singular"|English="the"
630010060141|ἐντολή|630010060121|S|Cat="noun"|Id="12"|morphId="630010060141"|Unicode="ἐντολή"|Lemma="ἐντολή"|Lang="G"|StrongNumber="G17850"|Morph="N,,,,,NFS,"|Case="Nominative"|Gender="Feminine"|Number="Singular"|English="commandment"
630010060151|ἐστιν,|630010060121|VC|Cat="verb"|Id="15"|morphId="630010060151"|Unicode="ἐστιν,"|Lemma="εἰμί"|Lang="G"|StrongNumber="G15100"|Morph="V,IPA3,,S,"|Mood="Indicative"|Tense="Present"|Voice="Active"|Person="Third"|Number="Singular"|English="is"
630010060161|καθὼς|630010060171|conj|Cat="adv"|Id="18"|morphId="630010060161"|Unicode="καθὼς"|Lemma="καθώς"|Lang="G"|StrongNumber="G25310"|Morph="D,,,,,,,,,"|English="just as"
630010060171|ἠκούσατε|630010060121|CL|Cat="verb"|Id="22"|morphId="630010060171"|Unicode="ἠκούσατε"|Lemma="ἀκούω"|Lang="G"|StrongNumber="G01910"|Morph="V,IAA2,,P,"|Mood="Indicative"|Tense="Aorist"|Voice="Active"|Person="Second"|Number="Plural"|English="you have heard"
630010060181|ἀπ’|630010060191|prep|Cat="prep"|Id="25"|morphId="630010060181"|Unicode="ἀπ’"|Lemma="ἀπό"|Lang="G"|StrongNumber="G05750"|Morph="P,,,,,G,,,"|Case="Genitive"|English="from"
630010060191|ἀρχῆς,|630010060171|ADV|Cat="noun"|Id="27"|morphId="630010060191"|Unicode="ἀρχῆς,"|Lemma="ἀρχή"|Lang="G"|StrongNumber="G07460"|Morph="N,,,,,GFS,"|Case="Genitive"|Gender="Feminine"|Number="Singular"|English="beginning"
630010060201|ἵνα|630010060231|conj|Cat="adv"|Id="30"|morphId="630010060201"|Unicode="ἵνα"|Lemma="ἵνα"|Lang="G"|StrongNumber="G24430"|Morph="D,,,,,,,,,"|English="that"
630010060211|ἐν|630010060221|prep|Cat="prep"|Id="34"|morphId="630010060211"|Unicode="ἐν"|Lemma="ἐν"|Lang="G"|StrongNumber="G17220"|Morph="P,,,,,D,,,"|Case="Dative"|English="in"
630010060221|αὐτῇ|630010060231|ADV|Cat="pron"|Id="36"|morphId="630010060221"|Unicode="αὐτῇ"|Lemma="αὐτός"|Lang="G"|StrongNumber="G08460"|Morph="RD,,,,DFS,"|Type="Demonstrative"|Case="Dative"|Gender="Feminine"|Number="Singular"|English="it"
630010060231|περιπατῆτε.|630010060121|CL|Cat="verb"|Id="39"|morphId="630010060231"|Unicode="περιπατῆτε."|Lemma="περιπατέω"|Lang="G"|StrongNumber="G40430"|Morph="V,SPA2,,P,"|Mood="Subjunctive"|Tense="Present"|Voice="Active"|Person="Second"|Number="Plural"|English="you should walk"
630010070011|ὅτι|630010070041|conj|Cat="conj"|Id="3"|morphId="630010070011"|Unicode="ὅτι"|Lemma="ὅτι"|Lang="G"|StrongNumber="G37540"|Morph="CS,,,,,,,,"|Type="Subordinating"|English="for"
630010070041|ἐξῆλθαν|None|CL|Cat="verb"|Id="7"|morphId="630010070041"|Unicode="ἐξῆλθαν"|Lemma="ἐξέρχομαι"|Lang="G"|StrongNumber="G18310"|Morph="V,IAA3,,P,"|Mood="Indicative"|Tense="Aorist"|Voice="Active"|Person="Third"|Number="Plural"|English="have gone out"
630010070051|εἰς|630010070071|prep|Cat="prep"|Id="10"|morphId="630010070051"|Unicode="εἰς"|Lemma="εἰς"|Lang="G"|StrongNumber="G15190"|Morph="P,,,,,A,,,"|Case="Accusative"|English="into"
630010070061|τὸν|630010070071|det|Cat="det"|Id="12"|morphId="630010070061"|Unicode="τὸν"|Lemma="ὁ"|Lang="G"|StrongNumber="G35880"|Morph="EA,,,,AMS,"|Type="Article"|Case="Accusative"|Gender="Masculine"|Number="Singular"|English="the"
630010070071|κόσμον,|630010070041|ADV|Cat="noun"|Id="14"|morphId="630010070071"|Unicode="κόσμον,"|Lemma="κόσμος"|Lang="G"|StrongNumber="G28890"|Morph="N,,,,,AMS,"|Case="Accusative"|Gender="Masculine"|Number="Singular"|English="world"
630010070021|πολλοὶ|630010070031|adjp|Cat="det"|Id="20"|morphId="630010070021"|Unicode="πολλοὶ"|Lemma="πολλός"|Lang="G"|StrongNumber="G41830"|Morph="EQ,,,,NMP,"|Type="Quantifier"|Case="Nominative"|Gender="Masculine"|Number="Plural"|English="many"
630010070031|πλάνοι|630010070041|S|Cat="noun"|Id="22"|morphId="630010070031"|Unicode="πλάνοι"|Lemma="πλάνος"|Lang="G"|StrongNumber="G41080"|Morph="NS,,,,NMP,"|Type="Substantive_Adj"|Case="Nominative"|Gender="Masculine"|Number="Plural"|English="deceivers"
630010070081|οἱ|630010070101|det|Cat="pron"|Id="25"|morphId="630010070081"|Unicode="οἱ"|Lemma="ὁ"|Lang="G"|StrongNumber="G35880"|Morph="RD,,,,NMP,"|Type="Demonstrative"|Case="Nominative"|Gender="Masculine"|Number="Plural"|English="those"
630010070091|μὴ|630010070101|ADV|Cat="adv"|Id="29"|morphId="630010070091"|Unicode="μὴ"|Lemma="μή"|Lang="G"|StrongNumber="G33610"|Morph="D,,,,,,,,,"|English="not"
630010070101|ὁμολογοῦντες|630010070031|np|Cat="verb"|Id="32"|morphId="630010070101"|Unicode="ὁμολογοῦντες"|Lemma="ὁμολογέω"|Lang="G"|StrongNumber="G36700"|Morph="V,PPA,NMP,"|Mood="Participle"|Tense="Present"|Voice="Active"|Case="Nominative"|Gender="Masculine"|Number="Plural"|English="who do ~ confess"
630010070111|Ἰησοῦν|630010070131|S|Cat="noun"|Id="38"|morphId="630010070111"|Unicode="Ἰησοῦν"|Lemma="Ἰησοῦς"|Lang="G"|StrongNumber="G24240"|Morph="N,,,,,AMS,"|Case="Accusative"|Gender="Masculine"|Number="Singular"|English="Jesus"
630010070121|Χριστὸν|630010070111|np|Cat="noun"|Id="40"|morphId="630010070121"|Unicode="Χριστὸν"|Lemma="χριστός"|Lang="G"|StrongNumber="G55470"|Morph="N,,,,,AMS,"|Case="Accusative"|Gender="Masculine"|Number="Singular"|English="Christ"
630010070131|ἐρχόμενον|630010070101|O|Cat="verb"|Id="43"|morphId="630010070131"|Unicode="ἐρχόμενον"|Lemma="ἔρχομαι"|Lang="G"|StrongNumber="G20640"|Morph="V,PPM,AMS,"|Mood="Participle"|Tense="Present"|Voice="Middle"|Case="Accusative"|Gender="Masculine"|Number="Singular"|English="coming"
630010070141|ἐν|630010070151|prep|Cat="prep"|Id="46"|morphId="630010070141"|Unicode="ἐν"|Lemma="ἐν"|Lang="G"|StrongNumber="G17220"|Morph="P,,,,,D,,,"|Case="Dative"|English="in"
630010070151|σαρκί.|630010070131|ADV|Cat="noun"|Id="48"|morphId="630010070151"|Unicode="σαρκί."|Lemma="σάρξ"|Lang="G"|StrongNumber="G45610"|Morph="N,,,,,DFS,"|Case="Dative"|Gender="Feminine"|Number="Singular"|English="flesh"
630010070161|οὗτός|630010070191|S|Cat="pron"|Id="5"|morphId="630010070161"|Unicode="οὗτός"|Lemma="οὗτος"|Lang="G"|StrongNumber="G37780"|Morph="RD,,,,NMS,"|Type="Demonstrative"|Case="Nominative"|Gender="Masculine"|Number="Singular"|English="this son"
630010070171|ἐστιν|630010070191|VC|Cat="verb"|Id="8"|morphId="630010070171"|Unicode="ἐστιν"|Lemma="εἰμί"|Lang="G"|StrongNumber="G15100"|Morph="V,IPA3,,S,"|Mood="Indicative"|Tense="Present"|Voice="Active"|Person="Third"|Number="Singular"|English="is"
630010070181|ὁ|630010070191|det|Cat="det"|Id="12"|morphId="630010070181"|Unicode="ὁ"|Lemma="ὁ"|Lang="G"|StrongNumber="G35880"|Morph="EA,,,,NMS,"|Type="Article"|Case="Nominative"|Gender="Masculine"|Number="Singular"|English="the"
630010070191|πλάνος|None|CL|Cat="noun"|Id="14"|morphId="630010070191"|Unicode="πλάνος"|Lemma="πλάνος"|Lang="G"|StrongNumber="G41080"|Morph="NS,,,,NMS,"|Type="Substantive_Adj"|Case="Nominative"|Gender="Masculine"|Number="Singular"|English="deceiver"
630010070201|καὶ|630010070191|conj|Cat="conj"|Id="15"|morphId="630010070201"|Unicode="καὶ"|Lemma="καί"|Lang="G"|StrongNumber="G25320"|Morph="CC,,,,,,,,"|Type="Coordinating"|English="and"
630010070211|ὁ|630010070221|det|Cat="det"|Id="17"|morphId="630010070211"|Unicode="ὁ"|Lemma="ὁ"|Lang="G"|StrongNumber="G35880"|Morph="EA,,,,NMS,"|Type="Article"|Case="Nominative"|Gender="Masculine"|Number="Singular"|English="the"
630010070221|ἀντίχριστος.|630010070191|np|Cat="noun"|Id="19"|morphId="630010070221"|Unicode="ἀντίχριστος."|Lemma="ἀντίχριστος"|Lang="G"|StrongNumber="G05000"|Morph="N,,,,,NMS,"|Case="Nominative"|Gender="Masculine"|Number="Singular"|English="antichrist"
630010080011|βλέπετε|None|CL|Cat="verb"|Id="6"|morphId="630010080011"|Unicode="βλέπετε"|Lemma="βλέπω"|Lang="G"|StrongNumber="G09910"|Morph="V,MPA2,,P,"|Mood="Imperative"|Tense="Present"|Voice="Active"|Person="Second"|Number="Plural"|English="watch"
630010080021|ἑαυτούς,|630010080011|O|Cat="pron"|Id="9"|morphId="630010080021"|Unicode="ἑαυτούς,"|Lemma="ἑαυτοῦ"|Lang="G"|StrongNumber="G14380"|Morph="RE,,,2AMP,"|Type="Reflexive"|Person="Second"|Case="Accusative"|Gender="Masculine"|Number="Plural"|English="for yourselveslest"
630010080031|ἵνα|630010080111|conj|Cat="conj"|Id="11"|morphId="630010080031"|Unicode="ἵνα"|Lemma="ἵνα"|Lang="G"|StrongNumber="G24430"|Morph="CS,,,,,,,,"|Type="Subordinating"|English="that"
630010080041|μὴ|630010080111|advp|Cat="adv"|Id="14"|morphId="630010080041"|Unicode="μὴ"|Lemma="μή"|Lang="G"|StrongNumber="G33610"|Morph="DO,,,,,,,,"|Type="Correlative"|English="not"
630010080051|ἀπολέσητε|630010080111|CL|Cat="verb"|Id="18"|morphId="630010080051"|Unicode="ἀπολέσητε"|Lemma="ἀπόλλυμι"|Lang="G"|StrongNumber="G06220"|Morph="V,SAA2,,P,"|Mood="Subjunctive"|Tense="Aorist"|Voice="Active"|Person="Second"|Number="Plural"|English="you do ~ lose"
630010080061|ἃ|630010080071|O|Cat="pron"|Id="24"|morphId="630010080061"|Unicode="ἃ"|Lemma="ὅς"|Lang="G"|StrongNumber="G37390"|Morph="RR,,,,ANP,"|Type="Relative"|Case="Accusative"|Gender="Neuter"|Number="Plural"|English="what"
630010080071|εἰργασάμεθα,|630010080051|O|Cat="verb"|Id="27"|morphId="630010080071"|Unicode="εἰργασάμεθα,"|Lemma="ἐργάζομαι"|Lang="G"|StrongNumber="G20380"|Morph="V,IAM1,,P,"|Mood="Indicative"|Tense="Aorist"|Voice="Middle"|Person="First"|Number="Plural"|English="we have worked for"
630010080081|ἀλλὰ|630010080111|conj|Cat="conj"|Id="28"|morphId="630010080081"|Unicode="ἀλλὰ"|Lemma="ἀλλά"|Lang="G"|StrongNumber="G02350"|Morph="CO,,,,,,,,"|Type="Correlative"|English="but"
630010080091|μισθὸν|630010080111|O|Cat="noun"|Id="33"|morphId="630010080091"|Unicode="μισθὸν"|Lemma="μισθός"|Lang="G"|StrongNumber="G34080"|Morph="N,,,,,AMS,"|Case="Accusative"|Gender="Masculine"|Number="Singular"|English="a ~ reward"
630010080101|πλήρη|630010080091|adjp|Cat="adj"|Id="35"|morphId="630010080101"|Unicode="πλήρη"|Lemma="πλήρης"|Lang="G"|StrongNumber="G41340"|Morph="AA,,,,AMS,"|Type="Ascriptive"|Case="Accusative"|Gender="Masculine"|Number="Singular"|English="full"
630010080111|ἀπολάβητε.|630010080011|CL|Cat="verb"|Id="38"|morphId="630010080111"|Unicode="ἀπολάβητε."|Lemma="ἀπολαμβάνω"|Lang="G"|StrongNumber="G06180"|Morph="V,SAA2,,P,"|Mood="Subjunctive"|Tense="Aorist"|Voice="Active"|Person="Second"|Number="Plural"|English="may receive"
630010090011|πᾶς|630010090031|np|Cat="pron"|Id="7"|morphId="630010090011"|Unicode="πᾶς"|Lemma="πᾶς"|Lang="G"|StrongNumber="G39560"|Morph="RI,,,,NMS,"|Type="Indefinite"|Case="Nominative"|Gender="Masculine"|Number="Singular"|English="everyone"
630010090021|ὁ|630010090031|det|Cat="pron"|Id="10"|morphId="630010090021"|Unicode="ὁ"|Lemma="ὁ"|Lang="G"|StrongNumber="G35880"|Morph="RD,,,,NMS,"|Type="Demonstrative"|Case="Nominative"|Gender="Masculine"|Number="Singular"|English="the"
630010090031|προάγων|630010090141|S|Cat="verb"|Id="15"|morphId="630010090031"|Unicode="προάγων"|Lemma="προάγω"|Lang="G"|StrongNumber="G42540"|Morph="V,PPA,NMS,"|Mood="Participle"|Tense="Present"|Voice="Active"|Case="Nominative"|Gender="Masculine"|Number="Singular"|English="goes beyond"
630010090041|καὶ|630010090031|conj|Cat="conj"|Id="16"|morphId="630010090041"|Unicode="καὶ"|Lemma="καί"|Lang="G"|StrongNumber="G25320"|Morph="CC,,,,,,,,"|Type="Coordinating"|English="and"
630010090051|μὴ|630010090061|ADV|Cat="adv"|Id="20"|morphId="630010090051"|Unicode="μὴ"|Lemma="μή"|Lang="G"|StrongNumber="G33610"|Morph="D,,,,,,,,,"|English="not"
630010090061|μένων|630010090031|CL|Cat="verb"|Id="23"|morphId="630010090061"|Unicode="μένων"|Lemma="μένω"|Lang="G"|StrongNumber="G33060"|Morph="V,PPA,NMS,"|Mood="Participle"|Tense="Present"|Voice="Active"|Case="Nominative"|Gender="Masculine"|Number="Singular"|English="does ~ abide"
630010090071|ἐν|630010090091|prep|Cat="prep"|Id="26"|morphId="630010090071"|Unicode="ἐν"|Lemma="ἐν"|Lang="G"|StrongNumber="G17220"|Morph="P,,,,,D,,,"|Case="Dative"|English="in"
630010090081|τῇ|630010090091|det|Cat="det"|Id="28"|morphId="630010090081"|Unicode="τῇ"|Lemma="ὁ"|Lang="G"|StrongNumber="G35880"|Morph="EA,,,,DFS,"|Type="Article"|Case="Dative"|Gender="Feminine"|Number="Singular"|English="the"
630010090091|διδαχῇ|630010090061|ADV|Cat="noun"|Id="31"|morphId="630010090091"|Unicode="διδαχῇ"|Lemma="διδαχή"|Lang="G"|StrongNumber="G13220"|Morph="N,,,,,DFS,"|Case="Dative"|Gender="Feminine"|Number="Singular"|English="teaching"
630010090101|τοῦ|630010090111|det|Cat="det"|Id="33"|morphId="630010090101"|Unicode="τοῦ"|Lemma="ὁ"|Lang="G"|StrongNumber="G35880"|Morph="EA,,,,GMS,"|Type="Article"|Case="Genitive"|Gender="Masculine"|Number="Singular"
630010090111|Χριστοῦ,|630010090091|np|Cat="noun"|Id="35"|morphId="630010090111"|Unicode="Χριστοῦ,"|Lemma="χριστός"|Lang="G"|StrongNumber="G55470"|Morph="N,,,,,GMS,"|Case="Genitive"|Gender="Masculine"|Number="Singular"|English="of Christ"
630010090121|Θεὸν|630010090141|O|Cat="noun"|Id="38"|morphId="630010090121"|Unicode="Θεὸν"|Lemma="θεός"|Lang="G"|StrongNumber="G23160"|Morph="N,,,,,AMS,"|Case="Accusative"|Gender="Masculine"|Number="Singular"|English="God"
630010090131|οὐκ|630010090141|ADV|Cat="adv"|Id="41"|morphId="630010090131"|Unicode="οὐκ"|Lemma="οὐ"|Lang="G"|StrongNumber="G37560"|Morph="D,,,,,,,,,"|English="not"
630010090141|ἔχει;|None|CL|Cat="verb"|Id="44"|morphId="630010090141"|Unicode="ἔχει;"|Lemma="ἔχω"|Lang="G"|StrongNumber="G21920"|Morph="V,IPA3,,S,"|Mood="Indicative"|Tense="Present"|Voice="Active"|Person="Third"|Number="Singular"|English="does ~ have"
630010090151|ὁ|630010090161|det|Cat="pron"|Id="49"|morphId="630010090151"|Unicode="ὁ"|Lemma="ὁ"|Lang="G"|StrongNumber="G35880"|Morph="RD,,,,NMS,"|Type="Demonstrative"|Case="Nominative"|Gender="Masculine"|Number="Singular"|English="the one"
630010090161|μένων|630010090271|CL|Cat="verb"|Id="53"|morphId="630010090161"|Unicode="μένων"|Lemma="μένω"|Lang="G"|StrongNumber="G33060"|Morph="V,PPA,NMS,"|Mood="Participle"|Tense="Present"|Voice="Active"|Case="Nominative"|Gender="Masculine"|Number="Singular"|English="who remains"
630010090171|ἐν|630010090191|prep|Cat="prep"|Id="56"|morphId="630010090171"|Unicode="ἐν"|Lemma="ἐν"|Lang="G"|StrongNumber="G17220"|Morph="P,,,,,D,,,"|Case="Dative"|English="in"
630010090181|τῇ|630010090191|det|Cat="det"|Id="58"|morphId="630010090181"|Unicode="τῇ"|Lemma="ὁ"|Lang="G"|StrongNumber="G35880"|Morph="EA,,,,DFS,"|Type="Article"|Case="Dative"|Gender="Feminine"|Number="Singular"|English="the"
630010090191|διδαχῇ,|630010090161|ADV|Cat="noun"|Id="60"|morphId="630010090191"|Unicode="διδαχῇ,"|Lemma="διδαχή"|Lang="G"|StrongNumber="G13220"|Morph="N,,,,,DFS,"|Case="Dative"|Gender="Feminine"|Number="Singular"|English="teaching"
630010090201|οὗτος|630010090271|S|Cat="pron"|Id="64"|morphId="630010090201"|Unicode="οὗτος"|Lemma="οὗτος"|Lang="G"|StrongNumber="G37780"|Morph="RD,,,,NMS,"|Type="Demonstrative"|Case="Nominative"|Gender="Masculine"|Number="Singular"|English="this one"
630010090211|καὶ|630010090231|conj|Cat="adv"|Id="68"|morphId="630010090211"|Unicode="καὶ"|Lemma="καί"|Lang="G"|StrongNumber="G25320"|Morph="DO,,,,,,,,"|Type="Correlative"|English="both"
630010090221|τὸν|630010090231|det|Cat="det"|Id="70"|morphId="630010090221"|Unicode="τὸν"|Lemma="ὁ"|Lang="G"|StrongNumber="G35880"|Morph="EA,,,,AMS,"|Type="Article"|Case="Accusative"|Gender="Masculine"|Number="Singular"|English="the"
630010090231|Πατέρα|630010090271|O|Cat="noun"|Id="72"|morphId="630010090231"|Unicode="Πατέρα"|Lemma="πατήρ"|Lang="G"|StrongNumber="G39620"|Morph="N,,,,,AMS,"|Case="Accusative"|Gender="Masculine"|Number="Singular"|English="father"
630010090241|καὶ|630010090231|conj|Cat="conj"|Id="73"|morphId="630010090241"|Unicode="καὶ"|Lemma="καί"|Lang="G"|StrongNumber="G25320"|Morph="CO,,,,,,,,"|Type="Correlative"|English="and"
630010090251|τὸν|630010090261|det|Cat="det"|Id="75"|morphId="630010090251"|Unicode="τὸν"|Lemma="ὁ"|Lang="G"|StrongNumber="G35880"|Morph="EA,,,,AMS,"|Type="Article"|Case="Accusative"|Gender="Masculine"|Number="Singular"|English="the"
630010090261|Υἱὸν|630010090231|np|Cat="noun"|Id="77"|morphId="630010090261"|Unicode="Υἱὸν"|Lemma="υἱός"|Lang="G"|StrongNumber="G52070"|Morph="N,,,,,AMS,"|Case="Accusative"|Gender="Masculine"|Number="Singular"|English="son"
630010090271|ἔχει.|630010090141|CL|Cat="verb"|Id="80"|morphId="630010090271"|Unicode="ἔχει."|Lemma="ἔχω"|Lang="G"|StrongNumber="G21920"|Morph="V,IPA3,,S,"|Mood="Indicative"|Tense="Present"|Voice="Active"|Person="Third"|Number="Singular"|English="has"
630010100011|εἴ|630010100031|conj|Cat="conj"|Id="5"|morphId="630010100011"|Unicode="εἴ"|Lemma="εἰ"|Lang="G"|StrongNumber="G14870"|Morph="CS,,,,,,,,"|Type="Subordinating"|English="if"
630010100021|τις|630010100031|S|Cat="pron"|Id="10"|morphId="630010100021"|Unicode="τις"|Lemma="τις"|Lang="G"|StrongNumber="G51000"|Morph="RI,,,,NMS,"|Type="Indefinite"|Case="Nominative"|Gender="Masculine"|Number="Singular"|English="anyone"
630010100031|ἔρχεται|630010100131|CL|Cat="verb"|Id="13"|morphId="630010100031"|Unicode="ἔρχεται"|Lemma="ἔρχομαι"|Lang="G"|StrongNumber="G20640"|Morph="V,IPM3,,S,"|Mood="Indicative"|Tense="Present"|Voice="Middle"|Person="Third"|Number="Singular"|English="comes"
630010100041|πρὸς|630010100051|prep|Cat="prep"|Id="16"|morphId="630010100041"|Unicode="πρὸς"|Lemma="πρός"|Lang="G"|StrongNumber="G43140"|Morph="P,,,,,A,,,"|Case="Accusative"|English="to"
630010100051|ὑμᾶς,|630010100031|ADV|Cat="pron"|Id="18"|morphId="630010100051"|Unicode="ὑμᾶς,"|Lemma="σύ"|Lang="G"|StrongNumber="G47710"|Morph="RP,,,2A,P,"|Type="Personal"|Person="Second"|Case="Accusative"|Number="Plural"|English="you"
630010100061|καὶ|630010100031|conj|Cat="conj"|Id="19"|morphId="630010100061"|Unicode="καὶ"|Lemma="καί"|Lang="G"|StrongNumber="G25320"|Morph="CC,,,,,,,,"|Type="Coordinating"|English="and"
630010100071|ταύτην|630010100091|np|Cat="det"|Id="24"|morphId="630010100071"|Unicode="ταύτην"|Lemma="οὗτος"|Lang="G"|StrongNumber="G37780"|Morph="ED,,,,AFS,"|Type="Demonstrative"|Case="Accusative"|Gender="Feminine"|Number="Singular"|English="this"
630010100081|τὴν|630010100091|det|Cat="det"|Id="26"|morphId="630010100081"|Unicode="τὴν"|Lemma="ὁ"|Lang="G"|StrongNumber="G35880"|Morph="EA,,,,AFS,"|Type="Article"|Case="Accusative"|Gender="Feminine"|Number="Singular"
630010100091|διδαχὴν|630010100111|O|Cat="noun"|Id="28"|morphId="630010100091"|Unicode="διδαχὴν"|Lemma="διδαχή"|Lang="G"|StrongNumber="G13220"|Morph="N,,,,,AFS,"|Case="Accusative"|Gender="Feminine"|Number="Singular"|English="teaching"
630010100101|οὐ|630010100111|ADV|Cat="adv"|Id="31"|morphId="630010100101"|Unicode="οὐ"|Lemma="οὐ"|Lang="G"|StrongNumber="G37560"|Morph="D,,,,,,,,,"|English="not"
630010100111|φέρει,|630010100031|CL|Cat="verb"|Id="34"|morphId="630010100111"|Unicode="φέρει,"|Lemma="φέρω"|Lang="G"|StrongNumber="G53420"|Morph="V,IPA3,,S,"|Mood="Indicative"|Tense="Present"|Voice="Active"|Person="Third"|Number="Singular"|English="does ~ bring"
630010100121|μὴ|630010100131|ADV|Cat="adv"|Id="39"|morphId="630010100121"|Unicode="μὴ"|Lemma="μή"|Lang="G"|StrongNumber="G33610"|Morph="D,,,,,,,,,"|English="not"
630010100131|λαμβάνετε|None|CL|Cat="verb"|Id="42"|morphId="630010100131"|Unicode="λαμβάνετε"|Lemma="λαμβάνω"|Lang="G"|StrongNumber="G29830"|Morph="V,MPA2,,P,"|Mood="Imperative"|Tense="Present"|Voice="Active"|Person="Second"|Number="Plural"|English="do ~ receive"
630010100141|αὐτὸν|630010100131|O|Cat="pron"|Id="45"|morphId="630010100141"|Unicode="αὐτὸν"|Lemma="αὐτός"|Lang="G"|StrongNumber="G08460"|Morph="RP,,,3AMS,"|Type="Personal"|Person="Third"|Case="Accusative"|Gender="Masculine"|Number="Singular"|English="him"
630010100151|εἰς|630010100161|prep|Cat="prep"|Id="48"|morphId="630010100151"|Unicode="εἰς"|Lemma="εἰς"|Lang="G"|StrongNumber="G15190"|Morph="P,,,,,A,,,"|Case="Accusative"|English="into"
630010100161|οἰκίαν,|630010100131|ADV|Cat="noun"|Id="50"|morphId="630010100161"|Unicode="οἰκίαν,"|Lemma="οἰκία"|Lang="G"|StrongNumber="G36140"|Morph="N,,,,,AFS,"|Case="Accusative"|Gender="Feminine"|Number="Singular"|English="house"
630010100171|καὶ|630010100131|conj|Cat="conj"|Id="51"|morphId="630010100171"|Unicode="καὶ"|Lemma="καί"|Lang="G"|StrongNumber="G25320"|Morph="CC,,,,,,,,"|Type="Coordinating"|English="and"
630010100181|χαίρειν|630010100211|O|Cat="verb"|Id="57"|morphId="630010100181"|Unicode="χαίρειν"|Lemma="χαίρω"|Lang="G"|StrongNumber="G54630"|Morph="V,NPA,,,,,"|Mood="Infinitive"|Tense="Present"|Voice="Active"|English="welcome"
630010100191|αὐτῷ|630010100211|IO|Cat="pron"|Id="60"|morphId="630010100191"|Unicode="αὐτῷ"|Lemma="αὐτός"|Lang="G"|StrongNumber="G08460"|Morph="RP,,,3DMS,"|Type="Personal"|Person="Third"|Case="Dative"|Gender="Masculine"|Number="Singular"|English="to him"
630010100201|μὴ|630010100211|ADV|Cat="adv"|Id="63"|morphId="630010100201"|Unicode="μὴ"|Lemma="μή"|Lang="G"|StrongNumber="G33610"|Morph="D,,,,,,,,,"|English="not"
630010100211|λέγετε;|630010100131|CL|Cat="verb"|Id="66"|morphId="630010100211"|Unicode="λέγετε;"|Lemma="λέγω"|Lang="G"|StrongNumber="G30040"|Morph="V,MPA2,,P,"|Mood="Imperative"|Tense="Present"|Voice="Active"|Person="Second"|Number="Plural"|English="do ~ speak"
630010110031|γὰρ|630010110061|conj|Cat="conj"|Id="68"|morphId="630010110031"|Unicode="γὰρ"|Lemma="γάρ"|Lang="G"|StrongNumber="G10630"|Morph="CC,,,,,,,,"|Type="Coordinating"|English="for"
630010110011|ὁ|630010110021|det|Cat="pron"|Id="73"|morphId="630010110011"|Unicode="ὁ"|Lemma="ὁ"|Lang="G"|StrongNumber="G35880"|Morph="RD,,,,NMS,"|Type="Demonstrative"|Case="Nominative"|Gender="Masculine"|Number="Singular"|English="the one"
630010110021|λέγων|630010110061|S|Cat="verb"|Id="77"|morphId="630010110021"|Unicode="λέγων"|Lemma="λέγω"|Lang="G"|StrongNumber="G30040"|Morph="V,PPA,NMS,"|Mood="Participle"|Tense="Present"|Voice="Active"|Case="Nominative"|Gender="Masculine"|Number="Singular"|English="who speaks"
630010110041|αὐτῷ|630010110021|IO|Cat="pron"|Id="80"|morphId="630010110041"|Unicode="αὐτῷ"|Lemma="αὐτός"|Lang="G"|StrongNumber="G08460"|Morph="RP,,,3DMS,"|Type="Personal"|Person="Third"|Case="Dative"|Gender="Masculine"|Number="Singular"|English="to him"
630010110051|χαίρειν|630010110021|O|Cat="verb"|Id="85"|morphId="630010110051"|Unicode="χαίρειν"|Lemma="χαίρω"|Lang="G"|StrongNumber="G54630"|Morph="V,NPA,,,,,"|Mood="Infinitive"|Tense="Present"|Voice="Active"|English="to welcome"
630010110061|κοινωνεῖ|630010100131|CL|Cat="verb"|Id="88"|morphId="630010110061"|Unicode="κοινωνεῖ"|Lemma="κοινωνέω"|Lang="G"|StrongNumber="G28410"|Morph="V,IPA3,,S,"|Mood="Indicative"|Tense="Present"|Voice="Active"|Person="Third"|Number="Singular"|English="shares"
630010110071|τοῖς|630010110081|det|Cat="det"|Id="91"|morphId="630010110071"|Unicode="τοῖς"|Lemma="ὁ"|Lang="G"|StrongNumber="G35880"|Morph="EA,,,,DNP,"|Type="Article"|Case="Dative"|Gender="Neuter"|Number="Plural"|English="in"
630010110081|ἔργοις|630010110061|ADV|Cat="noun"|Id="95"|morphId="630010110081"|Unicode="ἔργοις"|Lemma="ἔργον"|Lang="G"|StrongNumber="G20410"|Morph="N,,,,,DNP,"|Case="Dative"|Gender="Neuter"|Number="Plural"|English="in ~ deeds"
630010110091|αὐτοῦ|630010110081|np|Cat="pron"|Id="97"|morphId="630010110091"|Unicode="αὐτοῦ"|Lemma="αὐτός"|Lang="G"|StrongNumber="G08460"|Morph="RP,,,3GMS,"|Type="Personal"|Person="Third"|Case="Genitive"|Gender="Masculine"|Number="Singular"|English="of him"
630010110101|τοῖς|630010110111|det|Cat="det"|Id="99"|morphId="630010110101"|Unicode="τοῖς"|Lemma="ὁ"|Lang="G"|StrongNumber="G35880"|Morph="EA,,,,DNP,"|Type="Article"|Case="Dative"|Gender="Neuter"|Number="Plural"|English="the"
630010110111|πονηροῖς.|630010110081|np|Cat="adj"|Id="101"|morphId="630010110111"|Unicode="πονηροῖς."|Lemma="πονηρός"|Lang="G"|StrongNumber="G41900"|Morph="AR,,,,DNP,"|Type="Restrictive"|Case="Dative"|Gender="Neuter"|Number="Plural"|English="evil"
630010120021|ἔχων|630010120061|ADV|Cat="verb"|Id="8"|morphId="630010120021"|Unicode="ἔχων"|Lemma="ἔχω"|Lang="G"|StrongNumber="G21920"|Morph="V,PPA,NMS,"|Mood="Participle"|Tense="Present"|Voice="Active"|Case="Nominative"|Gender="Masculine"|Number="Singular"|English="have"
630010120011|πολλὰ|630010120041|O|Cat="pron"|Id="13"|morphId="630010120011"|Unicode="πολλὰ"|Lemma="πολλός"|Lang="G"|StrongNumber="G41830"|Morph="RI,,,,ANP,"|Type="Indefinite"|Case="Accusative"|Gender="Neuter"|Number="Plural"|English="much"
630010120031|ὑμῖν|630010120041|IO|Cat="pron"|Id="16"|morphId="630010120031"|Unicode="ὑμῖν"|Lemma="σύ"|Lang="G"|StrongNumber="G47710"|Morph="RP,,,2D,P,"|Type="Personal"|Person="Second"|Case="Dative"|Number="Plural"|English="to you"
630010120041|γράφειν,|630010120021|O|Cat="verb"|Id="19"|morphId="630010120041"|Unicode="γράφειν,"|Lemma="γράφω"|Lang="G"|StrongNumber="G11250"|Morph="V,NPA,,,,,"|Mood="Infinitive"|Tense="Present"|Voice="Active"|English="to write"
630010120051|οὐκ|630010120061|ADV|Cat="conj"|Id="23"|morphId="630010120051"|Unicode="οὐκ"|Lemma="οὐ"|Lang="G"|StrongNumber="G37560"|Morph="CO,,,,,,,,"|Type="Correlative"|English="not"
630010120061|ἐβουλήθην|None|CL|Cat="verb"|Id="26"|morphId="630010120061"|Unicode="ἐβουλήθην"|Lemma="βούλομαι"|Lang="G"|StrongNumber="G10140"|Morph="V,IAP1,,S,"|Mood="Indicative"|Tense="Aorist"|Voice="Passive"|Person="First"|Number="Singular"|English="I do ~ want"
630010120071|διὰ|630010120081|prep|Cat="prep"|Id="29"|morphId="630010120071"|Unicode="διὰ"|Lemma="διά"|Lang="G"|StrongNumber="G12230"|Morph="P,,,,,G,,,"|Case="Genitive"|English="with"
630010120081|χάρτου|630010120061|ADV|Cat="noun"|Id="32"|morphId="630010120081"|Unicode="χάρτου"|Lemma="χάρτης"|Lang="G"|StrongNumber="G54890"|Morph="N,,,,,GMS,"|Case="Genitive"|Gender="Masculine"|Number="Singular"|English="paper"
630010120091|καὶ|630010120081|conj|Cat="conj"|Id="33"|morphId="630010120091"|Unicode="καὶ"|Lemma="καί"|Lang="G"|StrongNumber="G25320"|Morph="CC,,,,,,,,"|Type="Coordinating"|English="and"
630010120101|μέλανος,|630010120081|np|Cat="noun"|Id="35"|morphId="630010120101"|Unicode="μέλανος,"|Lemma="μέλας"|Lang="G"|StrongNumber="G31890"|Morph="NS,,,,GNS,"|Type="Substantive_Adj"|Case="Genitive"|Gender="Neuter"|Number="Singular"|English="ink"
630010120111|ἀλλὰ|630010120061|conj|Cat="conj"|Id="36"|morphId="630010120111"|Unicode="ἀλλὰ"|Lemma="ἀλλά"|Lang="G"|StrongNumber="G02350"|Morph="CO,,,,,,,,"|Type="Correlative"|English="instead"
630010120121|ἐλπίζω|630010120061|CL|Cat="verb"|Id="41"|morphId="630010120121"|Unicode="ἐλπίζω"|Lemma="ἐλπίζω"|Lang="G"|StrongNumber="G16790"|Morph="V,IPA1,,S,"|Mood="Indicative"|Tense="Present"|Voice="Active"|Person="First"|Number="Singular"|English="I hope"
630010120131|γενέσθαι|630010120121|O|Cat="verb"|Id="47"|morphId="630010120131"|Unicode="γενέσθαι"|Lemma="γίνομαι"|Lang="G"|StrongNumber="G10960"|Morph="V,NAM,,,,,"|Mood="Infinitive"|Tense="Aorist"|Voice="Middle"|English="to come"
630010120141|πρὸς|630010120151|prep|Cat="prep"|Id="50"|morphId="630010120141"|Unicode="πρὸς"|Lemma="πρός"|Lang="G"|StrongNumber="G43140"|Morph="P,,,,,A,,,"|Case="Accusative"|English="to"
630010120151|ὑμᾶς,|630010120131|ADV|Cat="pron"|Id="52"|morphId="630010120151"|Unicode="ὑμᾶς,"|Lemma="σύ"|Lang="G"|StrongNumber="G47710"|Morph="RP,,,2A,P,"|Type="Personal"|Person="Second"|Case="Accusative"|Number="Plural"|English="you"
630010120161|καὶ|630010120131|conj|Cat="conj"|Id="53"|morphId="630010120161"|Unicode="καὶ"|Lemma="καί"|Lang="G"|StrongNumber="G25320"|Morph="CC,,,,,,,,"|Type="Coordinating"|English="and"
630010120171|στόμα|630010120201|ADV|Cat="noun"|Id="58"|morphId="630010120171"|Unicode="στόμα"|Lemma="στόμα"|Lang="G"|StrongNumber="G47500"|Morph="N,,,,,ANS,"|Case="Accusative"|Gender="Neuter"|Number="Singular"|English="mouth"
630010120181|πρὸς|630010120191|prep|Cat="prep"|Id="60"|morphId="630010120181"|Unicode="πρὸς"|Lemma="πρός"|Lang="G"|StrongNumber="G43140"|Morph="P,,,,,A,,,"|Case="Accusative"|English="to"
630010120191|στόμα|630010120171|pp|Cat="noun"|Id="62"|morphId="630010120191"|Unicode="στόμα"|Lemma="στόμα"|Lang="G"|StrongNumber="G47500"|Morph="N,,,,,ANS,"|Case="Accusative"|Gender="Neuter"|Number="Singular"|English="mouth"
630010120201|λαλῆσαι,|630010120131|CL|Cat="verb"|Id="65"|morphId="630010120201"|Unicode="λαλῆσαι,"|Lemma="λαλέω"|Lang="G"|StrongNumber="G29800"|Morph="V,NAA,,,,,"|Mood="Infinitive"|Tense="Aorist"|Voice="Active"|English="talk"
630010120211|ἵνα|630010120251|conj|Cat="conj"|Id="67"|morphId="630010120211"|Unicode="ἵνα"|Lemma="ἵνα"|Lang="G"|StrongNumber="G24430"|Morph="CS,,,,,,,,"|Type="Subordinating"|English="so that"
630010120221|ἡ|630010120231|det|Cat="det"|Id="71"|morphId="630010120221"|Unicode="ἡ"|Lemma="ὁ"|Lang="G"|StrongNumber="G35880"|Morph="EA,,,,NFS,"|Type="Article"|Case="Nominative"|Gender="Feminine"|Number="Singular"|English="the"
630010120231|χαρὰ|630010120251|S|Cat="noun"|Id="74"|morphId="630010120231"|Unicode="χαρὰ"|Lemma="χαρά"|Lang="G"|StrongNumber="G54790"|Morph="N,,,,,NFS,"|Case="Nominative"|Gender="Feminine"|Number="Singular"|English="joy"
630010120241|ὑμῶν|630010120231|np|Cat="pron"|Id="76"|morphId="630010120241"|Unicode="ὑμῶν"|Lemma="σύ"|Lang="G"|StrongNumber="G47710"|Morph="RP,,,2G,P,"|Type="Personal"|Person="Second"|Case="Genitive"|Number="Plural"|English="of us"
630010120251|πεπληρωμένη|630010120121|CL|Cat="verb"|Id="80"|morphId="630010120251"|Unicode="πεπληρωμένη"|Lemma="πληρόω"|Lang="G"|StrongNumber="G41370"|Morph="V,PEP,NFS,"|Mood="Participle"|Tense="Perfect"|Voice="Passive"|Case="Nominative"|Gender="Feminine"|Number="Singular"|English="complete"
630010120261|ᾖ.|630010120251|verb|Cat="verb"|Id="81"|morphId="630010120261"|Unicode="ᾖ."|Lemma="εἰμί"|Lang="G"|StrongNumber="G15100"|Morph="V,SPA3,,S,"|Mood="Subjunctive"|Tense="Present"|Voice="Active"|Person="Third"|Number="Singular"|English="may be"
630010130011|ἀσπάζεταί|None|CL|Cat="verb"|Id="5"|morphId="630010130011"|Unicode="ἀσπάζεταί"|Lemma="ἀσπάζομαι"|Lang="G"|StrongNumber="G07820"|Morph="V,IPM3,,S,"|Mood="Indicative"|Tense="Present"|Voice="Middle"|Person="Third"|Number="Singular"|English="greet"
630010130021|σε|630010130011|O|Cat="pron"|Id="8"|morphId="630010130021"|Unicode="σε"|Lemma="σύ"|Lang="G"|StrongNumber="G47710"|Morph="RP,,,2A,S,"|Type="Personal"|Person="Second"|Case="Accusative"|Number="Singular"|English="you"
630010130031|τὰ|630010130041|det|Cat="det"|Id="11"|morphId="630010130031"|Unicode="τὰ"|Lemma="ὁ"|Lang="G"|StrongNumber="G35880"|Morph="EA,,,,NNP,"|Type="Article"|Case="Nominative"|Gender="Neuter"|Number="Plural"|English="the"
630010130041|τέκνα|630010130011|S|Cat="noun"|Id="14"|morphId="630010130041"|Unicode="τέκνα"|Lemma="τέκνον"|Lang="G"|StrongNumber="G50430"|Morph="N,,,,,NNP,"|Case="Nominative"|Gender="Neuter"|Number="Plural"|English="children"
630010130051|τῆς|630010130061|det|Cat="det"|Id="16"|morphId="630010130051"|Unicode="τῆς"|Lemma="ὁ"|Lang="G"|StrongNumber="G35880"|Morph="EA,,,,GFS,"|Type="Article"|Case="Genitive"|Gender="Feminine"|Number="Singular"|English="of  the"
630010130061|ἀδελφῆς|630010130041|np|Cat="noun"|Id="20"|morphId="630010130061"|Unicode="ἀδελφῆς"|Lemma="ἀδελφή"|Lang="G"|StrongNumber="G00790"|Morph="N,,,,,GFS,"|Case="Genitive"|Gender="Feminine"|Number="Singular"|English="of ~ sister"
630010130071|σου|630010130061|np|Cat="pron"|Id="22"|morphId="630010130071"|Unicode="σου"|Lemma="σύ"|Lang="G"|StrongNumber="G47710"|Morph="RP,,,2G,S,"|Type="Personal"|Person="Second"|Case="Genitive"|Number="Singular"|English="of you"
630010130081|τῆς|630010130091|det|Cat="det"|Id="24"|morphId="630010130081"|Unicode="τῆς"|Lemma="ὁ"|Lang="G"|StrongNumber="G35880"|Morph="EA,,,,GFS,"|Type="Article"|Case="Genitive"|Gender="Feminine"|Number="Singular"
630010130091|ἐκλεκτῆς.|630010130061|np|Cat="adj"|Id="26"|morphId="630010130091"|Unicode="ἐκλεκτῆς."|Lemma="ἐκλεκτός"|Lang="G"|StrongNumber="G15880"|Morph="AR,,,,GFS,"|Type="Restrictive"|Case="Genitive"|Gender="Feminine"|Number="Singular"|English="elect"
