570010010011|Παῦλος,|None|CL|Cat="noun"|Id="8"|morphId="570010010011"|Unicode="Παῦλος,"|Lemma="Παῦλος"|Lang="G"|StrongNumber="G39720"|Morph="N,,,,,NMS,"|Case="Nominative"|Gender="Masculine"|Number="Singular"|English="Paul"
570010010021|δέσμιος|570010010011|np|Cat="noun"|Id="11"|morphId="570010010021"|Unicode="δέσμιος"|Lemma="δέσμιος"|Lang="G"|StrongNumber="G11980"|Morph="N,,,,,NMS,"|Case="Nominative"|Gender="Masculine"|Number="Singular"|English="a prisoner"
570010010031|Χριστοῦ|570010010021|np|Cat="noun"|Id="14"|morphId="570010010031"|Unicode="Χριστοῦ"|Lemma="χριστός"|Lang="G"|StrongNumber="G55470"|Morph="N,,,,,GMS,"|Case="Genitive"|Gender="Masculine"|Number="Singular"|English="of Christ"
570010010041|Ἰησοῦ,|570010010031|np|Cat="noun"|Id="16"|morphId="570010010041"|Unicode="Ἰησοῦ,"|Lemma="Ἰησοῦς"|Lang="G"|StrongNumber="G24240"|Morph="N,,,,,GMS,"|Case="Genitive"|Gender="Masculine"|Number="Singular"|English="Jesus"
570010010051|καὶ|570010010011|conj|Cat="conj"|Id="17"|morphId="570010010051"|Unicode="καὶ"|Lemma="καί"|Lang="G"|StrongNumber="G25320"|Morph="CC,,,,,,,,"|Type="Coordinating"|English="and"
570010010061|Τιμόθεος,|570010010011|np|Cat="noun"|Id="20"|morphId="570010010061"|Unicode="Τιμόθεος,"|Lemma="Τιμόθεος"|Lang="G"|StrongNumber="G50950"|Morph="N,,,,,NMS,"|Case="Nominative"|Gender="Masculine"|Number="Singular"|English="Timothy"
570010010071|ὁ|570010010081|det|Cat="det"|Id="22"|morphId="570010010071"|Unicode="ὁ"|Lemma="ὁ"|Lang="G"|StrongNumber="G35880"|Morph="EP,,,,NMS,"|Type="Possessive"|Case="Nominative"|Gender="Masculine"|Number="Singular"|English="the"
570010010081|ἀδελφὸς;|570010010061|np|Cat="noun"|Id="24"|morphId="570010010081"|Unicode="ἀδελφὸς;"|Lemma="ἀδελφός"|Lang="G"|StrongNumber="G00800"|Morph="N,,,,,NMS,"|Case="Nominative"|Gender="Masculine"|Number="Singular"|English="brother"
570010010091|Φιλήμονι,|570010010011|IO|Cat="noun"|Id="29"|morphId="570010010091"|Unicode="Φιλήμονι,"|Lemma="Φιλήμων"|Lang="G"|StrongNumber="G53710"|Morph="N,,,,,DMS,"|Case="Dative"|Gender="Masculine"|Number="Singular"|English="To Philemon"
570010010101|τῷ|570010010111|det|Cat="det"|Id="31"|morphId="570010010101"|Unicode="τῷ"|Lemma="ὁ"|Lang="G"|StrongNumber="G35880"|Morph="EA,,,,DMS,"|Type="Article"|Case="Dative"|Gender="Masculine"|Number="Singular"|English="the"
570010010111|ἀγαπητῷ|570010010091|np|Cat="adj"|Id="36"|morphId="570010010111"|Unicode="ἀγαπητῷ"|Lemma="ἀγαπητός"|Lang="G"|StrongNumber="G00270"|Morph="AR,,,,DMS,"|Type="Restrictive"|Case="Dative"|Gender="Masculine"|Number="Singular"|English="dear friend"
570010010121|καὶ|570010010111|conj|Cat="conj"|Id="37"|morphId="570010010121"|Unicode="καὶ"|Lemma="καί"|Lang="G"|StrongNumber="G25320"|Morph="CC,,,,,,,,"|Type="Coordinating"|English="and"
570010010131|συνεργῷ|570010010111|adjp|Cat="noun"|Id="40"|morphId="570010010131"|Unicode="συνεργῷ"|Lemma="συνεργός"|Lang="G"|StrongNumber="G49040"|Morph="NS,,,,DMS,"|Type="Substantive_Adj"|Case="Dative"|Gender="Masculine"|Number="Singular"|English="fellow worker"
570010010141|ἡμῶν,|570010010111|np|Cat="pron"|Id="42"|morphId="570010010141"|Unicode="ἡμῶν,"|Lemma="ἐγώ"|Lang="G"|StrongNumber="G14730"|Morph="RP,,,1G,P,"|Type="Personal"|Person="First"|Case="Genitive"|Number="Plural"|English="of us"
570010020011|καὶ|570010010091|conj|Cat="conj"|Id="43"|morphId="570010020011"|Unicode="καὶ"|Lemma="καί"|Lang="G"|StrongNumber="G25320"|Morph="CC,,,,,,,,"|Type="Coordinating"|English="and"
570010020021|Ἀπφίᾳ,|570010010091|np|Cat="noun"|Id="46"|morphId="570010020021"|Unicode="Ἀπφίᾳ,"|Lemma="Ἀπφία"|Lang="G"|StrongNumber="G06820"|Morph="N,,,,,DFS,"|Case="Dative"|Gender="Feminine"|Number="Singular"|English="to Apphia"
570010020031|τῇ|570010020041|det|Cat="det"|Id="48"|morphId="570010020031"|Unicode="τῇ"|Lemma="ὁ"|Lang="G"|StrongNumber="G35880"|Morph="EA,,,,DFS,"|Type="Article"|Case="Dative"|Gender="Feminine"|Number="Singular"|English="the sister"
570010020041|ἀδελφῇ,|570010020021|np|Cat="noun"|Id="50"|morphId="570010020041"|Unicode="ἀδελφῇ,"|Lemma="ἀδελφή"|Lang="G"|StrongNumber="G00790"|Morph="N,,,,,DFS,"|Case="Dative"|Gender="Feminine"|Number="Singular"|English="sister"
570010020051|καὶ|570010010091|conj|Cat="conj"|Id="51"|morphId="570010020051"|Unicode="καὶ"|Lemma="καί"|Lang="G"|StrongNumber="G25320"|Morph="CC,,,,,,,,"|Type="Coordinating"|English="and"
570010020061|Ἀρχίππῳ,|570010010091|np|Cat="noun"|Id="54"|morphId="570010020061"|Unicode="Ἀρχίππῳ,"|Lemma="Ἄρχιππος"|Lang="G"|StrongNumber="G07510"|Morph="N,,,,,DMS,"|Case="Dative"|Gender="Masculine"|Number="Singular"|English="to Archippus"
570010020071|τῷ|570010020081|det|Cat="det"|Id="56"|morphId="570010020071"|Unicode="τῷ"|Lemma="ὁ"|Lang="G"|StrongNumber="G35880"|Morph="EA,,,,DMS,"|Type="Article"|Case="Dative"|Gender="Masculine"|Number="Singular"|English="the"
570010020081|συνστρατιώτῃ|570010020061|np|Cat="noun"|Id="59"|morphId="570010020081"|Unicode="συνστρατιώτῃ"|Lemma="συνστρατιώτης"|Lang="G"|StrongNumber="G49610"|Morph="N,,,,,DMS,"|Case="Dative"|Gender="Masculine"|Number="Singular"|English="fellow soldier"
570010020091|ἡμῶν,|570010020081|np|Cat="pron"|Id="61"|morphId="570010020091"|Unicode="ἡμῶν,"|Lemma="ἐγώ"|Lang="G"|StrongNumber="G14730"|Morph="RP,,,1G,P,"|Type="Personal"|Person="First"|Case="Genitive"|Number="Plural"|English="of us"
570010020101|καὶ|570010010091|conj|Cat="conj"|Id="62"|morphId="570010020101"|Unicode="καὶ"|Lemma="καί"|Lang="G"|StrongNumber="G25320"|Morph="CC,,,,,,,,"|Type="Coordinating"|English="and"
570010020111|τῇ|570010020151|det|Cat="det"|Id="64"|morphId="570010020111"|Unicode="τῇ"|Lemma="ὁ"|Lang="G"|StrongNumber="G35880"|Morph="EA,,,,DFS,"|Type="Article"|Case="Dative"|Gender="Feminine"|Number="Singular"|English="the"
570010020121|κατ’|570010020131|prep|Cat="prep"|Id="67"|morphId="570010020121"|Unicode="κατ’"|Lemma="κατά"|Lang="G"|StrongNumber="G25960"|Morph="P,,,,,A,,,"|Case="Accusative"|English="in"
570010020131|οἶκόν|570010020151|pp|Cat="noun"|Id="70"|morphId="570010020131"|Unicode="οἶκόν"|Lemma="οἶκος"|Lang="G"|StrongNumber="G36240"|Morph="N,,,,,AMS,"|Case="Accusative"|Gender="Masculine"|Number="Singular"|English="house"
570010020141|σου|570010020131|np|Cat="pron"|Id="72"|morphId="570010020141"|Unicode="σου"|Lemma="σύ"|Lang="G"|StrongNumber="G47710"|Morph="RP,,,2G,S,"|Type="Personal"|Person="Second"|Case="Genitive"|Number="Singular"|English="of you"
570010020151|ἐκκλησίᾳ:|570010010091|np|Cat="noun"|Id="74"|morphId="570010020151"|Unicode="ἐκκλησίᾳ:"|Lemma="ἐκκλησία"|Lang="G"|StrongNumber="G15770"|Morph="N,,,,,DFS,"|Case="Dative"|Gender="Feminine"|Number="Singular"|English="to ~ church"
570010030021|ὑμῖν|570010030011|IO|Cat="pron"|Id="78"|morphId="570010030021"|Unicode="ὑμῖν"|Lemma="σύ"|Lang="G"|StrongNumber="G47710"|Morph="RP,,,2D,P,"|Type="Personal"|Person="Second"|Case="Dative"|Number="Plural"|English="to you"
570010030011|χάρις|570010010011|CL|Cat="noun"|Id="82"|morphId="570010030011"|Unicode="χάρις"|Lemma="χάρις"|Lang="G"|StrongNumber="G54850"|Morph="N,,,,,NFS,"|Case="Nominative"|Gender="Feminine"|Number="Singular"|English="grace"
570010030031|καὶ|570010030011|conj|Cat="conj"|Id="83"|morphId="570010030031"|Unicode="καὶ"|Lemma="καί"|Lang="G"|StrongNumber="G25320"|Morph="CC,,,,,,,,"|Type="Coordinating"|English="and"
570010030041|εἰρήνη,|570010030011|np|Cat="noun"|Id="85"|morphId="570010030041"|Unicode="εἰρήνη,"|Lemma="εἰρήνη"|Lang="G"|StrongNumber="G15150"|Morph="N,,,,,NFS,"|Case="Nominative"|Gender="Feminine"|Number="Singular"|English="peace"
570010030051|ἀπὸ|570010030061|prep|Cat="prep"|Id="88"|morphId="570010030051"|Unicode="ἀπὸ"|Lemma="ἀπό"|Lang="G"|StrongNumber="G05750"|Morph="P,,,,,G,,,"|Case="Genitive"|English="from"
570010030061|Θεοῦ|570010030011|ADV|Cat="noun"|Id="92"|morphId="570010030061"|Unicode="Θεοῦ"|Lemma="θεός"|Lang="G"|StrongNumber="G23160"|Morph="N,,,,,GMS,"|Case="Genitive"|Gender="Masculine"|Number="Singular"|English="God"
570010030071|Πατρὸς|570010030061|np|Cat="noun"|Id="95"|morphId="570010030071"|Unicode="Πατρὸς"|Lemma="πατήρ"|Lang="G"|StrongNumber="G39620"|Morph="N,,,,,GMS,"|Case="Genitive"|Gender="Masculine"|Number="Singular"|English="father"
570010030081|ἡμῶν|570010030071|np|Cat="pron"|Id="97"|morphId="570010030081"|Unicode="ἡμῶν"|Lemma="ἐγώ"|Lang="G"|StrongNumber="G14730"|Morph="RP,,,1G,P,"|Type="Personal"|Person="First"|Case="Genitive"|Number="Plural"|English="of us"
570010030091|καὶ|570010030061|conj|Cat="conj"|Id="98"|morphId="570010030091"|Unicode="καὶ"|Lemma="καί"|Lang="G"|StrongNumber="G25320"|Morph="CC,,,,,,,,"|Type="Coordinating"|English="and"
570010030101|Κυρίου|570010030061|np|Cat="noun"|Id="102"|morphId="570010030101"|Unicode="Κυρίου"|Lemma="κύριος"|Lang="G"|StrongNumber="G29620"|Morph="N,,,,,GMS,"|Case="Genitive"|Gender="Masculine"|Number="Singular"|English="Lord"
570010030111|ἡμῶν|570010030101|np|Cat="pron"|Id="104"|morphId="570010030111"|Unicode="ἡμῶν"|Lemma="ἐγώ"|Lang="G"|StrongNumber="G14730"|Morph="RP,,,1G,P,"|Type="Personal"|Person="First"|Case="Genitive"|Number="Plural"|English="of us"
570010030121|Ἰησοῦ|570010030101|np|Cat="noun"|Id="107"|morphId="570010030121"|Unicode="Ἰησοῦ"|Lemma="Ἰησοῦς"|Lang="G"|StrongNumber="G24240"|Morph="N,,,,,GMS,"|Case="Genitive"|Gender="Masculine"|Number="Singular"|English="Jesus"
570010030131|Χριστοῦ.|570010030121|np|Cat="noun"|Id="109"|morphId="570010030131"|Unicode="Χριστοῦ."|Lemma="χριστός"|Lang="G"|StrongNumber="G55470"|Morph="N,,,,,GMS,"|Case="Genitive"|Gender="Masculine"|Number="Singular"|English="Christ"
570010040011|εὐχαριστῶ|None|CL|Cat="verb"|Id="6"|morphId="570010040011"|Unicode="εὐχαριστῶ"|Lemma="εὐχαριστέω"|Lang="G"|StrongNumber="G21680"|Morph="V,IPA1,,S,"|Mood="Indicative"|Tense="Present"|Voice="Active"|Person="First"|Number="Singular"|English="I thank"
570010040021|τῷ|570010040031|det|Cat="det"|Id="9"|morphId="570010040021"|Unicode="τῷ"|Lemma="ὁ"|Lang="G"|StrongNumber="G35880"|Morph="EA,,,,DMS,"|Type="Article"|Case="Dative"|Gender="Masculine"|Number="Singular"|English="to the"
570010040031|Θεῷ|570010040011|O|Cat="noun"|Id="12"|morphId="570010040031"|Unicode="Θεῷ"|Lemma="θεός"|Lang="G"|StrongNumber="G23160"|Morph="N,,,,,DMS,"|Case="Dative"|Gender="Masculine"|Number="Singular"|English="God"
570010040041|μου|570010040031|np|Cat="pron"|Id="14"|morphId="570010040041"|Unicode="μου"|Lemma="ἐγώ"|Lang="G"|StrongNumber="G14730"|Morph="RP,,,1G,S,"|Type="Personal"|Person="First"|Case="Genitive"|Number="Singular"|English="of me"
570010040051|πάντοτε,|570010040011|ADV|Cat="adv"|Id="17"|morphId="570010040051"|Unicode="πάντοτε,"|Lemma="πάντοτε"|Lang="G"|StrongNumber="G38420"|Morph="D,,,,,,,,,"|English="always"
570010040061|μνείαν|570010040081|O|Cat="noun"|Id="23"|morphId="570010040061"|Unicode="μνείαν"|Lemma="μνεία"|Lang="G"|StrongNumber="G34170"|Morph="N,,,,,AFS,"|Case="Accusative"|Gender="Feminine"|Number="Singular"|English="mention"
570010040071|σου|570010040061|np|Cat="pron"|Id="25"|morphId="570010040071"|Unicode="σου"|Lemma="σύ"|Lang="G"|StrongNumber="G47710"|Morph="RP,,,2G,S,"|Type="Personal"|Person="Second"|Case="Genitive"|Number="Singular"|English="of you"
570010040081|ποιούμενος|570010040011|ADV|Cat="verb"|Id="28"|morphId="570010040081"|Unicode="ποιούμενος"|Lemma="ποιέω"|Lang="G"|StrongNumber="G41600"|Morph="V,PPM,NMS,"|Mood="Participle"|Tense="Present"|Voice="Middle"|Case="Nominative"|Gender="Masculine"|Number="Singular"|English="making"
570010040091|ἐπὶ|570010040111|prep|Cat="prep"|Id="31"|morphId="570010040091"|Unicode="ἐπὶ"|Lemma="ἐπί"|Lang="G"|StrongNumber="G19090"|Morph="P,,,,,G,,,"|Case="Genitive"|English="in"
570010040101|τῶν|570010040111|det|Cat="det"|Id="33"|morphId="570010040101"|Unicode="τῶν"|Lemma="ὁ"|Lang="G"|StrongNumber="G35880"|Morph="EA,,,,GFP,"|Type="Article"|Case="Genitive"|Gender="Feminine"|Number="Plural"|English="the"
570010040111|προσευχῶν|570010040081|ADV|Cat="noun"|Id="36"|morphId="570010040111"|Unicode="προσευχῶν"|Lemma="προσευχή"|Lang="G"|StrongNumber="G43350"|Morph="N,,,,,GFP,"|Case="Genitive"|Gender="Feminine"|Number="Plural"|English="prayers"
570010040121|μου,|570010040111|np|Cat="pron"|Id="38"|morphId="570010040121"|Unicode="μου,"|Lemma="ἐγώ"|Lang="G"|StrongNumber="G14730"|Morph="RP,,,1G,S,"|Type="Personal"|Person="First"|Case="Genitive"|Number="Singular"|English="of me"
570010050011|ἀκούων|570010040011|ADV|Cat="verb"|Id="43"|morphId="570010050011"|Unicode="ἀκούων"|Lemma="ἀκούω"|Lang="G"|StrongNumber="G01910"|Morph="V,PPA,NMS,"|Mood="Participle"|Tense="Present"|Voice="Active"|Case="Nominative"|Gender="Masculine"|Number="Singular"|English="because ~ hear"
570010050021|σου|570010050041|np|Cat="pron"|Id="48"|morphId="570010050021"|Unicode="σου"|Lemma="σύ"|Lang="G"|StrongNumber="G47710"|Morph="RP,,,2G,S,"|Type="Personal"|Person="Second"|Case="Genitive"|Number="Singular"|English="of you"
570010050031|τὴν|570010050041|det|Cat="det"|Id="51"|morphId="570010050031"|Unicode="τὴν"|Lemma="ὁ"|Lang="G"|StrongNumber="G35880"|Morph="EA,,,,AFS,"|Type="Article"|Case="Accusative"|Gender="Feminine"|Number="Singular"|English="the"
570010050041|ἀγάπην|570010050011|O|Cat="noun"|Id="53"|morphId="570010050041"|Unicode="ἀγάπην"|Lemma="ἀγάπη"|Lang="G"|StrongNumber="G00260"|Morph="N,,,,,AFS,"|Case="Accusative"|Gender="Feminine"|Number="Singular"|English="love"
570010050051|καὶ|570010050041|conj|Cat="conj"|Id="54"|morphId="570010050051"|Unicode="καὶ"|Lemma="καί"|Lang="G"|StrongNumber="G25320"|Morph="CC,,,,,,,,"|Type="Coordinating"|English="and"
570010050061|τὴν|570010050071|det|Cat="det"|Id="56"|morphId="570010050061"|Unicode="τὴν"|Lemma="ὁ"|Lang="G"|StrongNumber="G35880"|Morph="EA,,,,AFS,"|Type="Article"|Case="Accusative"|Gender="Feminine"|Number="Singular"|English="the"
570010050071|πίστιν,|570010050041|np|Cat="noun"|Id="58"|morphId="570010050071"|Unicode="πίστιν,"|Lemma="πίστις"|Lang="G"|StrongNumber="G41020"|Morph="N,,,,,AFS,"|Case="Accusative"|Gender="Feminine"|Number="Singular"|English="faith"
570010050081|ἣν|570010050091|O|Cat="pron"|Id="62"|morphId="570010050081"|Unicode="ἣν"|Lemma="ὅς"|Lang="G"|StrongNumber="G37390"|Morph="RD,,,,AFS,"|Type="Demonstrative"|Case="Accusative"|Gender="Feminine"|Number="Singular"|English="which"
570010050091|ἔχεις|570010050041|CL|Cat="verb"|Id="65"|morphId="570010050091"|Unicode="ἔχεις"|Lemma="ἔχω"|Lang="G"|StrongNumber="G21920"|Morph="V,IPA2,,S,"|Mood="Indicative"|Tense="Present"|Voice="Active"|Person="Second"|Number="Singular"|English="you have"
570010050101|πρὸς|570010050121|prep|Cat="prep"|Id="69"|morphId="570010050101"|Unicode="πρὸς"|Lemma="πρός"|Lang="G"|StrongNumber="G43140"|Morph="P,,,,,A,,,"|Case="Accusative"|English="toward"
570010050111|τὸν|570010050121|det|Cat="det"|Id="72"|morphId="570010050111"|Unicode="τὸν"|Lemma="ὁ"|Lang="G"|StrongNumber="G35880"|Morph="EA,,,,AMS,"|Type="Article"|Case="Accusative"|Gender="Masculine"|Number="Singular"|English="the"
570010050121|Κύριον|570010050091|ADV|Cat="noun"|Id="74"|morphId="570010050121"|Unicode="Κύριον"|Lemma="κύριος"|Lang="G"|StrongNumber="G29620"|Morph="N,,,,,AMS,"|Case="Accusative"|Gender="Masculine"|Number="Singular"|English="Lord"
570010050131|Ἰησοῦν,|570010050121|np|Cat="noun"|Id="76"|morphId="570010050131"|Unicode="Ἰησοῦν,"|Lemma="Ἰησοῦς"|Lang="G"|StrongNumber="G24240"|Morph="N,,,,,AMS,"|Case="Accusative"|Gender="Masculine"|Number="Singular"|English="Jesus"
570010050141|καὶ|570010050121|conj|Cat="conj"|Id="77"|morphId="570010050141"|Unicode="καὶ"|Lemma="καί"|Lang="G"|StrongNumber="G25320"|Morph="CC,,,,,,,,"|Type="Coordinating"|English="and"
570010050151|εἰς|570010050181|prep|Cat="prep"|Id="79"|morphId="570010050151"|Unicode="εἰς"|Lemma="εἰς"|Lang="G"|StrongNumber="G15190"|Morph="P,,,,,A,,,"|Case="Accusative"|English="for"
570010050161|πάντας|570010050181|adjp|Cat="det"|Id="83"|morphId="570010050161"|Unicode="πάντας"|Lemma="πᾶς"|Lang="G"|StrongNumber="G39560"|Morph="EQ,,,,AMP,"|Type="Quantifier"|Case="Accusative"|Gender="Masculine"|Number="Plural"|English="all"
570010050171|τοὺς|570010050181|det|Cat="det"|Id="85"|morphId="570010050171"|Unicode="τοὺς"|Lemma="ὁ"|Lang="G"|StrongNumber="G35880"|Morph="EA,,,,AMP,"|Type="Article"|Case="Accusative"|Gender="Masculine"|Number="Plural"|English="the"
570010050181|ἁγίους,|570010050121|pp|Cat="noun"|Id="87"|morphId="570010050181"|Unicode="ἁγίους,"|Lemma="ἅγιος"|Lang="G"|StrongNumber="G00400"|Morph="NS,,,,AMP,"|Type="Substantive_Adj"|Case="Accusative"|Gender="Masculine"|Number="Plural"|English="saints"
570010060011|ὅπως|570010060071|conj|Cat="conj"|Id="89"|morphId="570010060011"|Unicode="ὅπως"|Lemma="ὅπως"|Lang="G"|StrongNumber="G37040"|Morph="CS,,,,,,,,"|Type="Subordinating"|English="that"
570010060021|ἡ|570010060031|det|Cat="det"|Id="93"|morphId="570010060021"|Unicode="ἡ"|Lemma="ὁ"|Lang="G"|StrongNumber="G35880"|Morph="EA,,,,NFS,"|Type="Article"|Case="Nominative"|Gender="Feminine"|Number="Singular"|English="the"
570010060031|κοινωνία|570010060071|S|Cat="noun"|Id="96"|morphId="570010060031"|Unicode="κοινωνία"|Lemma="κοινωνία"|Lang="G"|StrongNumber="G28420"|Morph="N,,,,,NFS,"|Case="Nominative"|Gender="Feminine"|Number="Singular"|English="sharing"
570010060041|τῆς|570010060051|det|Cat="det"|Id="98"|morphId="570010060041"|Unicode="τῆς"|Lemma="ὁ"|Lang="G"|StrongNumber="G35880"|Morph="EA,,,,GFS,"|Type="Article"|Case="Genitive"|Gender="Feminine"|Number="Singular"|English="the"
570010060051|πίστεώς|570010060031|np|Cat="noun"|Id="101"|morphId="570010060051"|Unicode="πίστεώς"|Lemma="πίστις"|Lang="G"|StrongNumber="G41020"|Morph="N,,,,,GFS,"|Case="Genitive"|Gender="Feminine"|Number="Singular"|English="of ~ faith"
570010060061|σου,|570010060051|np|Cat="pron"|Id="103"|morphId="570010060061"|Unicode="σου,"|Lemma="σύ"|Lang="G"|StrongNumber="G47710"|Morph="RP,,,2G,S,"|Type="Personal"|Person="Second"|Case="Genitive"|Number="Singular"|English="of you"
570010060071|ἐνεργὴς|570010040011|CL|Cat="noun"|Id="106"|morphId="570010060071"|Unicode="ἐνεργὴς"|Lemma="ἐνεργής"|Lang="G"|StrongNumber="G17560"|Morph="NP,,,,NFS,"|Type="Predicate_Adj"|Case="Nominative"|Gender="Feminine"|Number="Singular"|English="effective"
570010060081|γένηται|570010060071|VC|Cat="verb"|Id="109"|morphId="570010060081"|Unicode="γένηται"|Lemma="γίνομαι"|Lang="G"|StrongNumber="G10960"|Morph="V,SAM3,,S,"|Mood="Subjunctive"|Tense="Aorist"|Voice="Middle"|Person="Third"|Number="Singular"|English="may become"
570010060091|ἐν|570010060101|prep|Cat="prep"|Id="112"|morphId="570010060091"|Unicode="ἐν"|Lemma="ἐν"|Lang="G"|StrongNumber="G17220"|Morph="P,,,,,D,,,"|Case="Dative"|English="through"
570010060101|ἐπιγνώσει|570010060071|ADV|Cat="noun"|Id="115"|morphId="570010060101"|Unicode="ἐπιγνώσει"|Lemma="ἐπίγνωσις"|Lang="G"|StrongNumber="G19220"|Morph="N,,,,,DFS,"|Case="Dative"|Gender="Feminine"|Number="Singular"|English="knowledge"
570010060111|παντὸς|570010060121|adjp|Cat="det"|Id="119"|morphId="570010060111"|Unicode="παντὸς"|Lemma="πᾶς"|Lang="G"|StrongNumber="G39560"|Morph="EQ,,,,GNS,"|Type="Quantifier"|Case="Genitive"|Gender="Neuter"|Number="Singular"|English="every"
570010060121|ἀγαθοῦ|570010060101|np|Cat="noun"|Id="122"|morphId="570010060121"|Unicode="ἀγαθοῦ"|Lemma="ἀγαθός"|Lang="G"|StrongNumber="G00180"|Morph="NS,,,,GNS,"|Type="Substantive_Adj"|Case="Genitive"|Gender="Neuter"|Number="Singular"|English="of ~ good thing"
570010060131|τοῦ|570010060121|np|Cat="pron"|Id="125"|morphId="570010060131"|Unicode="τοῦ"|Lemma="ὁ"|Lang="G"|StrongNumber="G35880"|Morph="RD,,,,GNS,"|Type="Demonstrative"|Case="Genitive"|Gender="Neuter"|Number="Singular"|English="that"
570010060141|ἐν|570010060151|prep|Cat="prep"|Id="128"|morphId="570010060141"|Unicode="ἐν"|Lemma="ἐν"|Lang="G"|StrongNumber="G17220"|Morph="P,,,,,D,,,"|Case="Dative"|English="in"
570010060151|ἡμῖν|570010060131|pp|Cat="pron"|Id="130"|morphId="570010060151"|Unicode="ἡμῖν"|Lemma="ἐγώ"|Lang="G"|StrongNumber="G14730"|Morph="RP,,,1D,P,"|Type="Personal"|Person="First"|Case="Dative"|Number="Plural"|English="us"
570010060161|εἰς|570010060171|prep|Cat="prep"|Id="132"|morphId="570010060161"|Unicode="εἰς"|Lemma="εἰς"|Lang="G"|StrongNumber="G15190"|Morph="P,,,,,A,,,"|Case="Accusative"|English="for"
570010060171|Χριστόν.|570010060151|pp|Cat="noun"|Id="134"|morphId="570010060171"|Unicode="Χριστόν."|Lemma="χριστός"|Lang="G"|StrongNumber="G55470"|Morph="N,,,,,AMS,"|Case="Accusative"|Gender="Masculine"|Number="Singular"|English="Christ"
570010070021|γὰρ|570010070041|conj|Cat="conj"|Id="3"|morphId="570010070021"|Unicode="γὰρ"|Lemma="γάρ"|Lang="G"|StrongNumber="G10630"|Morph="CC,,,,,,,,"|Type="Coordinating"|English="for"
570010070011|χαρὰν|570010070041|O|Cat="noun"|Id="11"|morphId="570010070011"|Unicode="χαρὰν"|Lemma="χαρά"|Lang="G"|StrongNumber="G54790"|Morph="N,,,,,AFS,"|Case="Accusative"|Gender="Feminine"|Number="Singular"|English="joy"
570010070031|πολλὴν|570010070011|adjp|Cat="det"|Id="14"|morphId="570010070031"|Unicode="πολλὴν"|Lemma="πολλός"|Lang="G"|StrongNumber="G41830"|Morph="EQ,,,,AFS,"|Type="Quantifier"|Case="Accusative"|Gender="Feminine"|Number="Singular"|English="great"
570010070051|καὶ|570010070011|conj|Cat="conj"|Id="15"|morphId="570010070051"|Unicode="καὶ"|Lemma="καί"|Lang="G"|StrongNumber="G25320"|Morph="CC,,,,,,,,"|Type="Coordinating"|English="and"
570010070061|παράκλησιν,|570010070011|np|Cat="noun"|Id="17"|morphId="570010070061"|Unicode="παράκλησιν,"|Lemma="παράκλησις"|Lang="G"|StrongNumber="G38740"|Morph="N,,,,,AFS,"|Case="Accusative"|Gender="Feminine"|Number="Singular"|English="encouragement"
570010070041|ἔσχον|None|CL|Cat="verb"|Id="20"|morphId="570010070041"|Unicode="ἔσχον"|Lemma="ἔχω"|Lang="G"|StrongNumber="G21920"|Morph="V,IAA1,,S,"|Mood="Indicative"|Tense="Aorist"|Voice="Active"|Person="First"|Number="Singular"|English="I have"
570010070071|ἐπὶ|570010070091|prep|Cat="prep"|Id="23"|morphId="570010070071"|Unicode="ἐπὶ"|Lemma="ἐπί"|Lang="G"|StrongNumber="G19090"|Morph="P,,,,,D,,,"|Case="Dative"|English="from"
570010070081|τῇ|570010070091|det|Cat="det"|Id="25"|morphId="570010070081"|Unicode="τῇ"|Lemma="ὁ"|Lang="G"|StrongNumber="G35880"|Morph="EA,,,,DFS,"|Type="Article"|Case="Dative"|Gender="Feminine"|Number="Singular"|English="the"
570010070091|ἀγάπῃ|570010070041|ADV|Cat="noun"|Id="28"|morphId="570010070091"|Unicode="ἀγάπῃ"|Lemma="ἀγάπη"|Lang="G"|StrongNumber="G00260"|Morph="N,,,,,DFS,"|Case="Dative"|Gender="Feminine"|Number="Singular"|English="love"
570010070101|σου,|570010070091|np|Cat="pron"|Id="30"|morphId="570010070101"|Unicode="σου,"|Lemma="σύ"|Lang="G"|StrongNumber="G47710"|Morph="RP,,,2G,S,"|Type="Personal"|Person="Second"|Case="Genitive"|Number="Singular"|English="of you"
570010070111|ὅτι|570010070161|conj|Cat="conj"|Id="32"|morphId="570010070111"|Unicode="ὅτι"|Lemma="ὅτι"|Lang="G"|StrongNumber="G37540"|Morph="CS,,,,,,,,"|Type="Subordinating"|English="because"
570010070121|τὰ|570010070131|det|Cat="det"|Id="36"|morphId="570010070121"|Unicode="τὰ"|Lemma="ὁ"|Lang="G"|StrongNumber="G35880"|Morph="EA,,,,NNP,"|Type="Article"|Case="Nominative"|Gender="Neuter"|Number="Plural"|English="the"
570010070131|σπλάγχνα|570010070161|S|Cat="noun"|Id="39"|morphId="570010070131"|Unicode="σπλάγχνα"|Lemma="σπλάγχνον"|Lang="G"|StrongNumber="G46980"|Morph="N,,,,,NNP,"|Case="Nominative"|Gender="Neuter"|Number="Plural"|English="hearts"
570010070141|τῶν|570010070151|det|Cat="det"|Id="41"|morphId="570010070141"|Unicode="τῶν"|Lemma="ὁ"|Lang="G"|StrongNumber="G35880"|Morph="EA,,,,GMP,"|Type="Article"|Case="Genitive"|Gender="Masculine"|Number="Plural"|English="the"
570010070151|ἁγίων|570010070131|np|Cat="noun"|Id="43"|morphId="570010070151"|Unicode="ἁγίων"|Lemma="ἅγιος"|Lang="G"|StrongNumber="G00400"|Morph="NS,,,,GMP,"|Type="Substantive_Adj"|Case="Genitive"|Gender="Masculine"|Number="Plural"|English="of ~ saints"
570010070161|ἀναπέπαυται|570010070041|CL|Cat="verb"|Id="46"|morphId="570010070161"|Unicode="ἀναπέπαυται"|Lemma="ἀναπαύω"|Lang="G"|StrongNumber="G03730"|Morph="V,IEP3,,S,"|Mood="Indicative"|Tense="Perfect"|Voice="Passive"|Person="Third"|Number="Singular"|English="have been refreshed"
570010070171|διὰ|570010070181|prep|Cat="prep"|Id="49"|morphId="570010070171"|Unicode="διὰ"|Lemma="διά"|Lang="G"|StrongNumber="G12230"|Morph="P,,,,,G,,,"|Case="Genitive"|English="through"
570010070181|σοῦ,|570010070161|ADV|Cat="pron"|Id="51"|morphId="570010070181"|Unicode="σοῦ,"|Lemma="σύ"|Lang="G"|StrongNumber="G47710"|Morph="RP,,,2G,S,"|Type="Personal"|Person="Second"|Case="Genitive"|Number="Singular"|English="you"
570010070191|ἀδελφέ.|570010070041|CL|Cat="noun"|Id="54"|morphId="570010070191"|Unicode="ἀδελφέ."|Lemma="ἀδελφός"|Lang="G"|StrongNumber="G00800"|Morph="N,,,,,VMS,"|Case="Vocative"|Gender="Masculine"|Number="Singular"|English="brother"
570010080011|διό,|570010090051|conj|Cat="conj"|Id="4"|morphId="570010080011"|Unicode="διό,"|Lemma="διό"|Lang="G"|StrongNumber="G13520"|Morph="CC,,,,,,,,"|Type="Coordinating"|English="therefore"
570010080021|πολλὴν|570010080051|np|Cat="pron"|Id="11"|morphId="570010080021"|Unicode="πολλὴν"|Lemma="πολλός"|Lang="G"|StrongNumber="G41830"|Morph="RI,,,,AFS,"|Type="Indefinite"|Case="Accusative"|Gender="Feminine"|Number="Singular"|English="enough"
570010080031|ἐν|570010080041|prep|Cat="prep"|Id="14"|morphId="570010080031"|Unicode="ἐν"|Lemma="ἐν"|Lang="G"|StrongNumber="G17220"|Morph="P,,,,,D,,,"|Case="Dative"|English="in"
570010080041|Χριστῷ|570010080051|pp|Cat="noun"|Id="16"|morphId="570010080041"|Unicode="Χριστῷ"|Lemma="χριστός"|Lang="G"|StrongNumber="G55470"|Morph="N,,,,,DMS,"|Case="Dative"|Gender="Masculine"|Number="Singular"|English="Christ"
570010080051|παρρησίαν|570010080061|O|Cat="noun"|Id="18"|morphId="570010080051"|Unicode="παρρησίαν"|Lemma="παρρησία"|Lang="G"|StrongNumber="G39540"|Morph="N,,,,,AFS,"|Case="Accusative"|Gender="Feminine"|Number="Singular"|English="bold"
570010080061|ἔχων,|570010090051|ADV|Cat="verb"|Id="21"|morphId="570010080061"|Unicode="ἔχων,"|Lemma="ἔχω"|Lang="G"|StrongNumber="G21920"|Morph="V,PPA,NMS,"|Mood="Participle"|Tense="Present"|Voice="Active"|Case="Nominative"|Gender="Masculine"|Number="Singular"|English="though ~ am"
570010080071|ἐπιτάσσειν|570010080061|ADV|Cat="verb"|Id="26"|morphId="570010080071"|Unicode="ἐπιτάσσειν"|Lemma="ἐπιτάσσω"|Lang="G"|StrongNumber="G20040"|Morph="V,NPA,,,,,"|Mood="Infinitive"|Tense="Present"|Voice="Active"|English="to command"
570010080081|σοι|570010080071|IO|Cat="pron"|Id="29"|morphId="570010080081"|Unicode="σοι"|Lemma="σύ"|Lang="G"|StrongNumber="G47710"|Morph="RP,,,2D,S,"|Type="Personal"|Person="Second"|Case="Dative"|Number="Singular"|English="you"
570010080091|τὸ|570010080101|det|Cat="pron"|Id="33"|morphId="570010080091"|Unicode="τὸ"|Lemma="ὁ"|Lang="G"|StrongNumber="G35880"|Morph="RR,,,,ANS,"|Type="Relative"|Case="Accusative"|Gender="Neuter"|Number="Singular"|English="what"
570010080101|ἀνῆκον,|570010080071|O|Cat="verb"|Id="37"|morphId="570010080101"|Unicode="ἀνῆκον,"|Lemma="ἀνήκω"|Lang="G"|StrongNumber="G04330"|Morph="V,PPA,ANS,"|Mood="Participle"|Tense="Present"|Voice="Active"|Case="Accusative"|Gender="Neuter"|Number="Singular"|English="do ~ duty"
570010090011|διὰ|570010090031|prep|Cat="prep"|Id="40"|morphId="570010090011"|Unicode="διὰ"|Lemma="διά"|Lang="G"|StrongNumber="G12230"|Morph="P,,,,,A,,,"|Case="Accusative"|English="for ~ sake"
570010090021|τὴν|570010090031|det|Cat="det"|Id="42"|morphId="570010090021"|Unicode="τὴν"|Lemma="ὁ"|Lang="G"|StrongNumber="G35880"|Morph="EA,,,,AFS,"|Type="Article"|Case="Accusative"|Gender="Feminine"|Number="Singular"|English="theour"
570010090031|ἀγάπην|570010090051|ADV|Cat="noun"|Id="44"|morphId="570010090031"|Unicode="ἀγάπην"|Lemma="ἀγάπη"|Lang="G"|StrongNumber="G00260"|Morph="N,,,,,AFS,"|Case="Accusative"|Gender="Feminine"|Number="Singular"|English="love"
570010090041|μᾶλλον|570010090051|ADV|Cat="adv"|Id="47"|morphId="570010090041"|Unicode="μᾶλλον"|Lemma="μᾶλλον"|Lang="G"|StrongNumber="G31230"|Morph="D,,,,,,,,,"|English="rather"
570010090051|παρακαλῶ|None|CL|Cat="verb"|Id="50"|morphId="570010090051"|Unicode="παρακαλῶ"|Lemma="παρακαλέω"|Lang="G"|StrongNumber="G38700"|Morph="V,IPA1,,S,"|Mood="Indicative"|Tense="Present"|Voice="Active"|Person="First"|Number="Singular"|English="I ~ appeal"
570010090061|τοιοῦτος|570010090051|ADV|Cat="pron"|Id="56"|morphId="570010090061"|Unicode="τοιοῦτος"|Lemma="τοιοῦτος"|Lang="G"|StrongNumber="G51080"|Morph="RD,,,,NMS,"|Type="Demonstrative"|Case="Nominative"|Gender="Masculine"|Number="Singular"|English="such a one"
570010090071|ὢν,|570010090061|VC|Cat="verb"|Id="59"|morphId="570010090071"|Unicode="ὢν,"|Lemma="εἰμί"|Lang="G"|StrongNumber="G15100"|Morph="V,PPA,NMS,"|Mood="Participle"|Tense="Present"|Voice="Active"|Case="Nominative"|Gender="Masculine"|Number="Singular"|English="do"
570010090081|ὡς|570010090091|prep|Cat="conj"|Id="63"|morphId="570010090081"|Unicode="ὡς"|Lemma="ὡς"|Lang="G"|StrongNumber="G56130"|Morph="CS,,,,,,,,"|Type="Subordinating"|English="as"
570010090091|(Παῦλος|570010090061|ADV|Cat="noun"|Id="66"|morphId="570010090091"|Unicode="(Παῦλος"|Lemma="Παῦλος"|Lang="G"|StrongNumber="G39720"|Morph="N,,,,,NMS,"|Case="Nominative"|Gender="Masculine"|Number="Singular"|English="Paul"
570010090101|πρεσβύτης|570010090091|np|Cat="noun"|Id="68"|morphId="570010090101"|Unicode="πρεσβύτης"|Lemma="πρεσβύτης"|Lang="G"|StrongNumber="G42460"|Morph="N,,,,,NMS,"|Case="Nominative"|Gender="Masculine"|Number="Singular"|English="an old man"
570010090121|δὲ|570010090061|conj|Cat="conj"|Id="69"|morphId="570010090121"|Unicode="δὲ"|Lemma="δέ"|Lang="G"|StrongNumber="G11610"|Morph="CC,,,,,,,,"|Type="Coordinating"|English="and"
570010090111|νυνὶ|570010090141|ADV|Cat="adv"|Id="73"|morphId="570010090111"|Unicode="νυνὶ"|Lemma="νυνί"|Lang="G"|StrongNumber="G35680"|Morph="D,,,,,,,,,"|English="now"
570010090131|καὶ|570010090141|advp|Cat="adv"|Id="77"|morphId="570010090131"|Unicode="καὶ"|Lemma="καί"|Lang="G"|StrongNumber="G25320"|Morph="D,,,,,,,,,"|English="also"
570010090141|δέσμιος|570010090061|CL|Cat="noun"|Id="80"|morphId="570010090141"|Unicode="δέσμιος"|Lemma="δέσμιος"|Lang="G"|StrongNumber="G11980"|Morph="N,,,,,NMS,"|Case="Nominative"|Gender="Masculine"|Number="Singular"|English="a prisoner"
570010090151|Χριστοῦ|570010090141|np|Cat="noun"|Id="83"|morphId="570010090151"|Unicode="Χριστοῦ"|Lemma="χριστός"|Lang="G"|StrongNumber="G55470"|Morph="N,,,,,GMS,"|Case="Genitive"|Gender="Masculine"|Number="Singular"|English="of Christ"
570010090161|Ἰησοῦ),|570010090151|np|Cat="noun"|Id="85"|morphId="570010090161"|Unicode="Ἰησοῦ),"|Lemma="Ἰησοῦς"|Lang="G"|StrongNumber="G24240"|Morph="N,,,,,GMS,"|Case="Genitive"|Gender="Masculine"|Number="Singular"|English="Jesus"
570010100011|παρακαλῶ|570010090051|CL|Cat="verb"|Id="89"|morphId="570010100011"|Unicode="παρακαλῶ"|Lemma="παρακαλέω"|Lang="G"|StrongNumber="G38700"|Morph="V,IPA1,,S,"|Mood="Indicative"|Tense="Present"|Voice="Active"|Person="First"|Number="Singular"|English="I appeal to"
570010100021|σε|570010100011|O|Cat="pron"|Id="92"|morphId="570010100021"|Unicode="σε"|Lemma="σύ"|Lang="G"|StrongNumber="G47710"|Morph="RP,,,2A,S,"|Type="Personal"|Person="Second"|Case="Accusative"|Number="Singular"|English="you"
570010100031|περὶ|570010100061|prep|Cat="prep"|Id="95"|morphId="570010100031"|Unicode="περὶ"|Lemma="περί"|Lang="G"|StrongNumber="G40120"|Morph="P,,,,,G,,,"|Case="Genitive"|English="for"
570010100041|τοῦ|570010100061|det|Cat="det"|Id="98"|morphId="570010100041"|Unicode="τοῦ"|Lemma="ὁ"|Lang="G"|StrongNumber="G35880"|Morph="EA,,,,GNS,"|Type="Article"|Case="Genitive"|Gender="Neuter"|Number="Singular"|English="the"
570010100051|ἐμοῦ|570010100061|np|Cat="pron"|Id="101"|morphId="570010100051"|Unicode="ἐμοῦ"|Lemma="ἐμός"|Lang="G"|StrongNumber="G16990"|Morph="RP,,,1GMS,"|Type="Personal"|Person="First"|Case="Genitive"|Gender="Masculine"|Number="Singular"|English="my"
570010100061|τέκνου,|570010100011|ADV|Cat="noun"|Id="103"|morphId="570010100061"|Unicode="τέκνου,"|Lemma="τέκνον"|Lang="G"|StrongNumber="G50430"|Morph="N,,,,,GNS,"|Case="Genitive"|Gender="Neuter"|Number="Singular"|English="child"
570010100081|ἐγέννησα|570010100061|CL|Cat="verb"|Id="107"|morphId="570010100081"|Unicode="ἐγέννησα"|Lemma="γεννάω"|Lang="G"|StrongNumber="G10800"|Morph="V,IAA1,,S,"|Mood="Indicative"|Tense="Aorist"|Voice="Active"|Person="First"|Number="Singular"|English="I have begotten"
570010100091|ἐν|570010100111|prep|Cat="prep"|Id="110"|morphId="570010100091"|Unicode="ἐν"|Lemma="ἐν"|Lang="G"|StrongNumber="G17220"|Morph="P,,,,,D,,,"|Case="Dative"|English="in"
570010100101|τοῖς|570010100111|det|Cat="det"|Id="112"|morphId="570010100101"|Unicode="τοῖς"|Lemma="ὁ"|Lang="G"|StrongNumber="G35880"|Morph="EP,,,,DMP,"|Type="Possessive"|Case="Dative"|Gender="Masculine"|Number="Plural"|English="themy"
570010100111|δεσμοῖς,|570010100081|ADV|Cat="noun"|Id="114"|morphId="570010100111"|Unicode="δεσμοῖς,"|Lemma="δεσμός"|Lang="G"|StrongNumber="G11990"|Morph="N,,,,,DMP,"|Case="Dative"|Gender="Masculine"|Number="Plural"|English="imprisonment"
570010100071|ὃν|570010100121|pron|Cat="pron"|Id="117"|morphId="570010100071"|Unicode="ὃν"|Lemma="ὅς"|Lang="G"|StrongNumber="G37390"|Morph="RR,,,,AMS,"|Type="Relative"|Case="Accusative"|Gender="Masculine"|Number="Singular"|English="whom"
570010100121|Ὀνήσιμον;|570010100081|O|Cat="noun"|Id="122"|morphId="570010100121"|Unicode="Ὀνήσιμον;"|Lemma="Ὀνήσιμος"|Lang="G"|StrongNumber="G36820"|Morph="N,,,,,AMS,"|Case="Accusative"|Gender="Masculine"|Number="Singular"|English="Onesimus"
570010110011|τόν|570010110041|det|Cat="pron"|Id="125"|morphId="570010110011"|Unicode="τόν"|Lemma="ὁ"|Lang="G"|StrongNumber="G35880"|Morph="RD,,,,AMS,"|Type="Demonstrative"|Case="Accusative"|Gender="Masculine"|Number="Singular"|English="he"
570010110021|ποτέ|570010110041|advp|Cat="adv"|Id="129"|morphId="570010110021"|Unicode="ποτέ"|Lemma="ποτέ"|Lang="G"|StrongNumber="G42180"|Morph="D,,,,,,,,,"|English="formerly"
570010110031|σοι|570010110041|np|Cat="pron"|Id="132"|morphId="570010110031"|Unicode="σοι"|Lemma="σύ"|Lang="G"|StrongNumber="G47710"|Morph="RP,,,2D,S,"|Type="Personal"|Person="Second"|Case="Dative"|Number="Singular"|English="to you"
570010110041|ἄχρηστον,|570010100121|np|Cat="noun"|Id="135"|morphId="570010110041"|Unicode="ἄχρηστον,"|Lemma="ἄχρηστος"|Lang="G"|StrongNumber="G08900"|Morph="NS,,,,AMS,"|Type="Substantive_Adj"|Case="Accusative"|Gender="Masculine"|Number="Singular"|English="useless"
570010110061|δὲ|570010110041|conj|Cat="conj"|Id="136"|morphId="570010110061"|Unicode="δὲ"|Lemma="δέ"|Lang="G"|StrongNumber="G11610"|Morph="CC,,,,,,,,"|Type="Coordinating"|English="but"
570010110051|νυνὶ|570010110111|advp|Cat="adv"|Id="139"|morphId="570010110051"|Unicode="νυνὶ"|Lemma="νυνί"|Lang="G"|StrongNumber="G35680"|Morph="D,,,,,,,,,"|English="now"
570010110071|καὶ|570010110081|conj|Cat="adv"|Id="143"|morphId="570010110071"|Unicode="καὶ"|Lemma="καί"|Lang="G"|StrongNumber="G25320"|Morph="DO,,,,,,,,"|Type="Correlative"|English="both"
570010110081|σοὶ|570010110111|np|Cat="pron"|Id="145"|morphId="570010110081"|Unicode="σοὶ"|Lemma="σύ"|Lang="G"|StrongNumber="G47710"|Morph="RP,,,2D,S,"|Type="Personal"|Person="Second"|Case="Dative"|Number="Singular"|English="to you"
570010110091|καὶ|570010110081|conj|Cat="conj"|Id="146"|morphId="570010110091"|Unicode="καὶ"|Lemma="καί"|Lang="G"|StrongNumber="G25320"|Morph="CO,,,,,,,,"|Type="Correlative"|English="and"
570010110101|ἐμοὶ|570010110081|np|Cat="pron"|Id="148"|morphId="570010110101"|Unicode="ἐμοὶ"|Lemma="ἐγώ"|Lang="G"|StrongNumber="G14730"|Morph="RP,,,1D,S,"|Type="Personal"|Person="First"|Case="Dative"|Number="Singular"|English="to me"
570010110111|εὔχρηστον;|570010110041|adjp|Cat="noun"|Id="151"|morphId="570010110111"|Unicode="εὔχρηστον;"|Lemma="εὔχρηστος"|Lang="G"|StrongNumber="G21730"|Morph="NS,,,,AMS,"|Type="Substantive_Adj"|Case="Accusative"|Gender="Masculine"|Number="Singular"|English="useful"
570010120021|ἀνέπεμψά|570010100121|CL|Cat="verb"|Id="155"|morphId="570010120021"|Unicode="ἀνέπεμψά"|Lemma="ἀναπέμπω"|Lang="G"|StrongNumber="G03750"|Morph="V,IAA1,,S,"|Mood="Indicative"|Tense="Aorist"|Voice="Active"|Person="First"|Number="Singular"|English="I am sending ~ back"
570010120031|σοι|570010120021|IO|Cat="pron"|Id="158"|morphId="570010120031"|Unicode="σοι"|Lemma="σύ"|Lang="G"|StrongNumber="G47710"|Morph="RP,,,2D,S,"|Type="Personal"|Person="Second"|Case="Dative"|Number="Singular"|English="to you"
570010120011|ὃν|570010120041|pron|Cat="pron"|Id="161"|morphId="570010120011"|Unicode="ὃν"|Lemma="ὅς"|Lang="G"|StrongNumber="G37390"|Morph="RR,,,,AMS,"|Type="Relative"|Case="Accusative"|Gender="Masculine"|Number="Singular"|English="whom"
570010120041|αὐτόν,|570010120021|O|Cat="pron"|Id="164"|morphId="570010120041"|Unicode="αὐτόν,"|Lemma="αὐτός"|Lang="G"|StrongNumber="G08460"|Morph="RP,,,3AMS,"|Type="Personal"|Person="Third"|Case="Accusative"|Gender="Masculine"|Number="Singular"|English="him"
570010120051|τοῦτ’|570010120091|S|Cat="pron"|Id="168"|morphId="570010120051"|Unicode="τοῦτ’"|Lemma="οὗτος"|Lang="G"|StrongNumber="G37780"|Morph="RD,,,,NNS,"|Type="Demonstrative"|Case="Nominative"|Gender="Neuter"|Number="Singular"|English="this that"
570010120061|ἔστιν|570010120091|VC|Cat="verb"|Id="171"|morphId="570010120061"|Unicode="ἔστιν"|Lemma="εἰμί"|Lang="G"|StrongNumber="G15100"|Morph="V,IPA3,,S,"|Mood="Indicative"|Tense="Present"|Voice="Active"|Person="Third"|Number="Singular"|English="is"
570010120071|τὰ|570010120091|det|Cat="det"|Id="174"|morphId="570010120071"|Unicode="τὰ"|Lemma="ὁ"|Lang="G"|StrongNumber="G35880"|Morph="EA,,,,NNP,"|Type="Article"|Case="Nominative"|Gender="Neuter"|Number="Plural"|English="the"
570010120081|ἐμὰ|570010120091|adjp|Cat="det"|Id="178"|morphId="570010120081"|Unicode="ἐμὰ"|Lemma="ἐμός"|Lang="G"|StrongNumber="G16990"|Morph="EP,,,1NNP,"|Type="Possessive"|Person="First"|Case="Nominative"|Gender="Neuter"|Number="Plural"|English="my"
570010120091|σπλάγχνα;|570010120041|CL|Cat="noun"|Id="180"|morphId="570010120091"|Unicode="σπλάγχνα;"|Lemma="σπλάγχνον"|Lang="G"|StrongNumber="G46980"|Morph="N,,,,,NNP,"|Case="Nominative"|Gender="Neuter"|Number="Plural"|English="heart"
570010130021|ἐγὼ|570010130031|S|Cat="pron"|Id="185"|morphId="570010130021"|Unicode="ἐγὼ"|Lemma="ἐγώ"|Lang="G"|StrongNumber="G14730"|Morph="RP,,,1N,S,"|Type="Personal"|Person="First"|Case="Nominative"|Number="Singular"|English="I"
570010130031|ἐβουλόμην|570010100121|CL|Cat="verb"|Id="188"|morphId="570010130031"|Unicode="ἐβουλόμην"|Lemma="βούλομαι"|Lang="G"|StrongNumber="G10140"|Morph="V,IIM1,,S,"|Mood="Indicative"|Tense="Imperfect"|Voice="Middle"|Person="First"|Number="Singular"|English="wanted"
570010130011|ὃν|570010130061|O|Cat="pron"|Id="193"|morphId="570010130011"|Unicode="ὃν"|Lemma="ὅς"|Lang="G"|StrongNumber="G37390"|Morph="RR,,,,AMS,"|Type="Relative"|Case="Accusative"|Gender="Masculine"|Number="Singular"|English="whom"
570010130041|πρὸς|570010130051|prep|Cat="prep"|Id="196"|morphId="570010130041"|Unicode="πρὸς"|Lemma="πρός"|Lang="G"|StrongNumber="G43140"|Morph="P,,,,,A,,,"|Case="Accusative"|English="with"
570010130051|ἐμαυτὸν|570010130061|ADV|Cat="pron"|Id="198"|morphId="570010130051"|Unicode="ἐμαυτὸν"|Lemma="ἐμαυτοῦ"|Lang="G"|StrongNumber="G16830"|Morph="RE,,,1AMS,"|Type="Reflexive"|Person="First"|Case="Accusative"|Gender="Masculine"|Number="Singular"|English="myself"
570010130061|κατέχειν,|570010130031|O|Cat="verb"|Id="201"|morphId="570010130061"|Unicode="κατέχειν,"|Lemma="κατέχω"|Lang="G"|StrongNumber="G27220"|Morph="V,NPA,,,,,"|Mood="Infinitive"|Tense="Present"|Voice="Active"|English="to keep"
570010130071|ἵνα|570010130111|conj|Cat="conj"|Id="203"|morphId="570010130071"|Unicode="ἵνα"|Lemma="ἵνα"|Lang="G"|StrongNumber="G24430"|Morph="CS,,,,,,,,"|Type="Subordinating"|English="so that"
570010130081|ὑπὲρ|570010130091|prep|Cat="prep"|Id="207"|morphId="570010130081"|Unicode="ὑπὲρ"|Lemma="ὑπέρ"|Lang="G"|StrongNumber="G52280"|Morph="P,,,,,G,,,"|Case="Genitive"|English="on ~ behalf"
570010130091|σοῦ|570010130111|ADV|Cat="pron"|Id="209"|morphId="570010130091"|Unicode="σοῦ"|Lemma="σύ"|Lang="G"|StrongNumber="G47710"|Morph="RP,,,2G,S,"|Type="Personal"|Person="Second"|Case="Genitive"|Number="Singular"|English="you"
570010130101|μοι|570010130111|O|Cat="pron"|Id="212"|morphId="570010130101"|Unicode="μοι"|Lemma="ἐγώ"|Lang="G"|StrongNumber="G14730"|Morph="RP,,,1D,S,"|Type="Personal"|Person="First"|Case="Dative"|Number="Singular"|English="me"
570010130111|διακονῇ|570010130031|CL|Cat="verb"|Id="215"|morphId="570010130111"|Unicode="διακονῇ"|Lemma="διακονέω"|Lang="G"|StrongNumber="G12470"|Morph="V,SPA3,,S,"|Mood="Subjunctive"|Tense="Present"|Voice="Active"|Person="Third"|Number="Singular"|English="he might serve"
570010130121|ἐν|570010130141|prep|Cat="prep"|Id="218"|morphId="570010130121"|Unicode="ἐν"|Lemma="ἐν"|Lang="G"|StrongNumber="G17220"|Morph="P,,,,,D,,,"|Case="Dative"|English="in"
570010130131|τοῖς|570010130141|det|Cat="det"|Id="220"|morphId="570010130131"|Unicode="τοῖς"|Lemma="ὁ"|Lang="G"|StrongNumber="G35880"|Morph="EA,,,,DMP,"|Type="Article"|Case="Dative"|Gender="Masculine"|Number="Plural"|English="the"
570010130141|δεσμοῖς|570010130111|ADV|Cat="noun"|Id="223"|morphId="570010130141"|Unicode="δεσμοῖς"|Lemma="δεσμός"|Lang="G"|StrongNumber="G11990"|Morph="N,,,,,DMP,"|Case="Dative"|Gender="Masculine"|Number="Plural"|English="imprisonment"
570010130151|τοῦ|570010130161|det|Cat="det"|Id="225"|morphId="570010130151"|Unicode="τοῦ"|Lemma="ὁ"|Lang="G"|StrongNumber="G35880"|Morph="EA,,,,GNS,"|Type="Article"|Case="Genitive"|Gender="Neuter"|Number="Singular"|English="the"
570010130161|εὐαγγελίου;|570010130141|np|Cat="noun"|Id="227"|morphId="570010130161"|Unicode="εὐαγγελίου;"|Lemma="εὐαγγέλιον"|Lang="G"|StrongNumber="G20980"|Morph="N,,,,,GNS,"|Case="Genitive"|Gender="Neuter"|Number="Singular"|English="for ~ gospel"
570010140021|δὲ|570010140071|conj|Cat="conj"|Id="229"|morphId="570010140021"|Unicode="δὲ"|Lemma="δέ"|Lang="G"|StrongNumber="G11610"|Morph="CC,,,,,,,,"|Type="Coordinating"|English="but"
570010140011|χωρὶς|570010140051|prep|Cat="prep"|Id="234"|morphId="570010140011"|Unicode="χωρὶς"|Lemma="χωρίς"|Lang="G"|StrongNumber="G55650"|Morph="PI,,,,G,,,"|Type="Improper"|Case="Genitive"|English="without"
570010140031|τῆς|570010140051|det|Cat="det"|Id="236"|morphId="570010140031"|Unicode="τῆς"|Lemma="ὁ"|Lang="G"|StrongNumber="G35880"|Morph="EA,,,,GFS,"|Type="Article"|Case="Genitive"|Gender="Feminine"|Number="Singular"|English="the"
570010140041|σῆς|570010140051|adjp|Cat="det"|Id="240"|morphId="570010140041"|Unicode="σῆς"|Lemma="σός"|Lang="G"|StrongNumber="G46740"|Morph="EP,,,2GFS,"|Type="Possessive"|Person="Second"|Case="Genitive"|Gender="Feminine"|Number="Singular"|English="your"
570010140051|γνώμης,|570010140071|ADV|Cat="noun"|Id="242"|morphId="570010140051"|Unicode="γνώμης,"|Lemma="γνώμη"|Lang="G"|StrongNumber="G11060"|Morph="N,,,,,GFS,"|Case="Genitive"|Gender="Feminine"|Number="Singular"|English="consent"
570010140061|οὐδὲν|570010140081|O|Cat="pron"|Id="247"|morphId="570010140061"|Unicode="οὐδὲν"|Lemma="οὐδείς"|Lang="G"|StrongNumber="G37620"|Morph="RI,,,,ANS,"|Type="Indefinite"|Case="Accusative"|Gender="Neuter"|Number="Singular"|English="nothing"
570010140081|ποιῆσαι,|570010140071|O|Cat="verb"|Id="250"|morphId="570010140081"|Unicode="ποιῆσαι,"|Lemma="ποιέω"|Lang="G"|StrongNumber="G41600"|Morph="V,NAA,,,,,"|Mood="Infinitive"|Tense="Aorist"|Voice="Active"|English="to do"
570010140071|ἠθέλησα|570010090051|CL|Cat="verb"|Id="253"|morphId="570010140071"|Unicode="ἠθέλησα"|Lemma="θέλω"|Lang="G"|StrongNumber="G23090"|Morph="V,IAA1,,S,"|Mood="Indicative"|Tense="Aorist"|Voice="Active"|Person="First"|Number="Singular"|English="I wanted"
570010140091|ἵνα|570010140201|conj|Cat="conj"|Id="255"|morphId="570010140091"|Unicode="ἵνα"|Lemma="ἵνα"|Lang="G"|StrongNumber="G24430"|Morph="CS,,,,,,,,"|Type="Subordinating"|English="in order that"
570010140101|μὴ|570010140201|advp|Cat="adv"|Id="258"|morphId="570010140101"|Unicode="μὴ"|Lemma="μή"|Lang="G"|StrongNumber="G33610"|Morph="DO,,,,,,,,"|Type="Correlative"|English="not"
570010140111|ὡς|570010140131|advp|Cat="conj"|Id="264"|morphId="570010140111"|Unicode="ὡς"|Lemma="ὡς"|Lang="G"|StrongNumber="G56130"|Morph="CS,,,,,,,,"|Type="Subordinating"|English="as"
570010140121|κατὰ|570010140131|prep|Cat="prep"|Id="266"|morphId="570010140121"|Unicode="κατὰ"|Lemma="κατά"|Lang="G"|StrongNumber="G25960"|Morph="P,,,,,A,,,"|Case="Accusative"|English="by"
570010140131|ἀνάγκην|570010140201|CL|Cat="noun"|Id="268"|morphId="570010140131"|Unicode="ἀνάγκην"|Lemma="ἀνάγκη"|Lang="G"|StrongNumber="G03180"|Morph="N,,,,,AFS,"|Case="Accusative"|Gender="Feminine"|Number="Singular"|English="compulsion"
570010140141|τὸ|570010140151|det|Cat="det"|Id="271"|morphId="570010140141"|Unicode="τὸ"|Lemma="ὁ"|Lang="G"|StrongNumber="G35880"|Morph="EA,,,,NNS,"|Type="Article"|Case="Nominative"|Gender="Neuter"|Number="Singular"|English="the"
570010140151|ἀγαθόν|570010140131|S|Cat="noun"|Id="274"|morphId="570010140151"|Unicode="ἀγαθόν"|Lemma="ἀγαθός"|Lang="G"|StrongNumber="G00180"|Morph="NS,,,,NNS,"|Type="Substantive_Adj"|Case="Nominative"|Gender="Neuter"|Number="Singular"|English="good deed"
570010140161|σου|570010140151|np|Cat="pron"|Id="276"|morphId="570010140161"|Unicode="σου"|Lemma="σύ"|Lang="G"|StrongNumber="G47710"|Morph="RP,,,2G,S,"|Type="Personal"|Person="Second"|Case="Genitive"|Number="Singular"|English="of you"
570010140171|ᾖ,|570010140131|VC|Cat="verb"|Id="279"|morphId="570010140171"|Unicode="ᾖ,"|Lemma="εἰμί"|Lang="G"|StrongNumber="G15100"|Morph="V,SPA3,,S,"|Mood="Subjunctive"|Tense="Present"|Voice="Active"|Person="Third"|Number="Singular"|English="might ~ be"
570010140181|ἀλλὰ|570010140201|conj|Cat="conj"|Id="280"|morphId="570010140181"|Unicode="ἀλλὰ"|Lemma="ἀλλά"|Lang="G"|StrongNumber="G02350"|Morph="CO,,,,,,,,"|Type="Correlative"|English="but"
570010140191|κατὰ|570010140201|prep|Cat="prep"|Id="284"|morphId="570010140191"|Unicode="κατὰ"|Lemma="κατά"|Lang="G"|StrongNumber="G25960"|Morph="P,,,,,A,,,"|Case="Accusative"|English="of"
570010140201|ἑκούσιον.|570010140071|CL|Cat="noun"|Id="286"|morphId="570010140201"|Unicode="ἑκούσιον."|Lemma="ἑκούσιος"|Lang="G"|StrongNumber="G15950"|Morph="NS,,,,ANS,"|Type="Substantive_Adj"|Case="Accusative"|Gender="Neuter"|Number="Singular"|English="free will"
570010150021|γὰρ|570010150051|conj|Cat="conj"|Id="3"|morphId="570010150021"|Unicode="γὰρ"|Lemma="γάρ"|Lang="G"|StrongNumber="G10630"|Morph="CC,,,,,,,,"|Type="Coordinating"|English="for"
570010150011|τάχα|570010150051|ADV|Cat="adv"|Id="8"|morphId="570010150011"|Unicode="τάχα"|Lemma="τάχα"|Lang="G"|StrongNumber="G50290"|Morph="D,,,,,,,,,"|English="perhaps"
570010150031|διὰ|570010150041|prep|Cat="prep"|Id="11"|morphId="570010150031"|Unicode="διὰ"|Lemma="διά"|Lang="G"|StrongNumber="G12230"|Morph="P,,,,,A,,,"|Case="Accusative"|English="because of"
570010150041|τοῦτο,|570010150051|ADV|Cat="pron"|Id="13"|morphId="570010150041"|Unicode="τοῦτο,"|Lemma="οὗτος"|Lang="G"|StrongNumber="G37780"|Morph="RD,,,,ANS,"|Type="Demonstrative"|Case="Accusative"|Gender="Neuter"|Number="Singular"|English="this"
570010150051|ἐχωρίσθη|None|CL|Cat="verb"|Id="16"|morphId="570010150051"|Unicode="ἐχωρίσθη"|Lemma="χωρίζω"|Lang="G"|StrongNumber="G55630"|Morph="V,IAP3,,S,"|Mood="Indicative"|Tense="Aorist"|Voice="Passive"|Person="Third"|Number="Singular"|English="he was separated"
570010150061|πρὸς|570010150071|prep|Cat="prep"|Id="19"|morphId="570010150061"|Unicode="πρὸς"|Lemma="πρός"|Lang="G"|StrongNumber="G43140"|Morph="P,,,,,A,,,"|Case="Accusative"|English="for"
570010150071|ὥραν,|570010150051|ADV|Cat="noun"|Id="21"|morphId="570010150071"|Unicode="ὥραν,"|Lemma="ὥρα"|Lang="G"|StrongNumber="G56100"|Morph="N,,,,,AFS,"|Case="Accusative"|Gender="Feminine"|Number="Singular"|English="a while"
570010150081|ἵνα|570010150111|conj|Cat="conj"|Id="23"|morphId="570010150081"|Unicode="ἵνα"|Lemma="ἵνα"|Lang="G"|StrongNumber="G24430"|Morph="CS,,,,,,,,"|Type="Subordinating"|English="that"
570010150091|αἰώνιον|570010150111|ADV|Cat="noun"|Id="28"|morphId="570010150091"|Unicode="αἰώνιον"|Lemma="αἰώνιος"|Lang="G"|StrongNumber="G01660"|Morph="NS,,,,AMS,"|Type="Substantive_Adj"|Case="Accusative"|Gender="Masculine"|Number="Singular"|English="forever"
570010150101|αὐτὸν|570010150111|O|Cat="pron"|Id="31"|morphId="570010150101"|Unicode="αὐτὸν"|Lemma="αὐτός"|Lang="G"|StrongNumber="G08460"|Morph="RP,,,3AMS,"|Type="Personal"|Person="Third"|Case="Accusative"|Gender="Masculine"|Number="Singular"|English="him"
570010150111|ἀπέχῃς,|570010150051|CL|Cat="verb"|Id="34"|morphId="570010150111"|Unicode="ἀπέχῃς,"|Lemma="ἀπέχω"|Lang="G"|StrongNumber="G05680"|Morph="V,SAA2,,S,"|Mood="Subjunctive"|Tense="Aorist"|Voice="Active"|Person="Second"|Number="Singular"|English="you might have ~ back"
570010160011|οὐκέτι|570010160061|advp|Cat="adv"|Id="38"|morphId="570010160011"|Unicode="οὐκέτι"|Lemma="οὐκέτι"|Lang="G"|StrongNumber="G37650"|Morph="D,,,,,,,,,"|English="no longer"
570010160021|ὡς|570010160031|prep|Cat="conj"|Id="41"|morphId="570010160021"|Unicode="ὡς"|Lemma="ὡς"|Lang="G"|StrongNumber="G56130"|Morph="CS,,,,,,,,"|Type="Subordinating"|English="as"
570010160031|δοῦλον,|570010160061|pp|Cat="noun"|Id="43"|morphId="570010160031"|Unicode="δοῦλον,"|Lemma="δοῦλος"|Lang="G"|StrongNumber="G14010"|Morph="N,,,,,AMS,"|Case="Accusative"|Gender="Masculine"|Number="Singular"|English="a slave"
570010160041|ἀλλὰ|570010160061|conj|Cat="conj"|Id="44"|morphId="570010160041"|Unicode="ἀλλὰ"|Lemma="ἀλλά"|Lang="G"|StrongNumber="G02350"|Morph="CC,,,,,,,,"|Type="Coordinating"|English="but"
570010160051|ὑπὲρ|570010160061|prep|Cat="prep"|Id="46"|morphId="570010160051"|Unicode="ὑπὲρ"|Lemma="ὑπέρ"|Lang="G"|StrongNumber="G52280"|Morph="P,,,,,A,,,"|Case="Accusative"|English="more than"
570010160061|δοῦλον,|570010150111|ADV|Cat="noun"|Id="48"|morphId="570010160061"|Unicode="δοῦλον,"|Lemma="δοῦλος"|Lang="G"|StrongNumber="G14010"|Morph="N,,,,,AMS,"|Case="Accusative"|Gender="Masculine"|Number="Singular"|English="a slave"
570010160071|ἀδελφὸν|570010150111|O2|Cat="noun"|Id="52"|morphId="570010160071"|Unicode="ἀδελφὸν"|Lemma="ἀδελφός"|Lang="G"|StrongNumber="G00800"|Morph="N,,,,,AMS,"|Case="Accusative"|Gender="Masculine"|Number="Singular"|English="a ~ brother"
570010160081|ἀγαπητόν,|570010160071|adjp|Cat="adj"|Id="54"|morphId="570010160081"|Unicode="ἀγαπητόν,"|Lemma="ἀγαπητός"|Lang="G"|StrongNumber="G00270"|Morph="AA,,,,AMS,"|Type="Ascriptive"|Case="Accusative"|Gender="Masculine"|Number="Singular"|English="beloved"
570010160091|μάλιστα|570010160101|ADV|Cat="adv"|Id="59"|morphId="570010160091"|Unicode="μάλιστα"|Lemma="μάλιστα"|Lang="G"|StrongNumber="G31220"|Morph="D,,,,,,,,S"|English="especially"
570010160101|ἐμοί|570010150111|CL|Cat="pron"|Id="62"|morphId="570010160101"|Unicode="ἐμοί"|Lemma="ἐγώ"|Lang="G"|StrongNumber="G14730"|Morph="RP,,,1D,S,"|Type="Personal"|Person="First"|Case="Dative"|Number="Singular"|English="to me"
570010160121|δὲ|570010160101|conj|Cat="conj"|Id="63"|morphId="570010160121"|Unicode="δὲ"|Lemma="δέ"|Lang="G"|StrongNumber="G11610"|Morph="CC,,,,,,,,"|Type="Coordinating"|English="but"
570010160111|πόσῳ|570010160131|advp|Cat="pron"|Id="69"|morphId="570010160111"|Unicode="πόσῳ"|Lemma="πόσος"|Lang="G"|StrongNumber="G42140"|Morph="RT,,,,DNS,"|Type="Interrogative"|Case="Dative"|Gender="Neuter"|Number="Singular"|English="how much"
570010160131|μᾶλλον|570010160141|ADV|Cat="adv"|Id="71"|morphId="570010160131"|Unicode="μᾶλλον"|Lemma="μᾶλλον"|Lang="G"|StrongNumber="G31230"|Morph="D,,,,,,,,,"|English="more"
570010160141|σοὶ,|570010160101|CL|Cat="pron"|Id="74"|morphId="570010160141"|Unicode="σοὶ,"|Lemma="σύ"|Lang="G"|StrongNumber="G47710"|Morph="RP,,,2D,S,"|Type="Personal"|Person="Second"|Case="Dative"|Number="Singular"|English="to you"
570010160151|καὶ|570010160171|conj|Cat="adv"|Id="78"|morphId="570010160151"|Unicode="καὶ"|Lemma="καί"|Lang="G"|StrongNumber="G25320"|Morph="DO,,,,,,,,"|Type="Correlative"|English="both"
570010160161|ἐν|570010160171|prep|Cat="prep"|Id="80"|morphId="570010160161"|Unicode="ἐν"|Lemma="ἐν"|Lang="G"|StrongNumber="G17220"|Morph="P,,,,,D,,,"|Case="Dative"|English="in"
570010160171|σαρκὶ|570010160141|ADV|Cat="noun"|Id="82"|morphId="570010160171"|Unicode="σαρκὶ"|Lemma="σάρξ"|Lang="G"|StrongNumber="G45610"|Morph="N,,,,,DFS,"|Case="Dative"|Gender="Feminine"|Number="Singular"|English="flesh"
570010160181|καὶ|570010160171|conj|Cat="conj"|Id="83"|morphId="570010160181"|Unicode="καὶ"|Lemma="καί"|Lang="G"|StrongNumber="G25320"|Morph="CO,,,,,,,,"|Type="Correlative"|English="and"
570010160191|ἐν|570010160201|prep|Cat="prep"|Id="85"|morphId="570010160191"|Unicode="ἐν"|Lemma="ἐν"|Lang="G"|StrongNumber="G17220"|Morph="P,,,,,D,,,"|Case="Dative"|English="in"
570010160201|Κυρίῳ.|570010160171|pp|Cat="noun"|Id="87"|morphId="570010160201"|Unicode="Κυρίῳ."|Lemma="κύριος"|Lang="G"|StrongNumber="G29620"|Morph="N,,,,,DMS,"|Case="Dative"|Gender="Masculine"|Number="Singular"|English="Lord"
570010170021|οὖν|570010170061|conj|Cat="conj"|Id="3"|morphId="570010170021"|Unicode="οὖν"|Lemma="οὖν"|Lang="G"|StrongNumber="G37670"|Morph="CC,,,,,,,,"|Type="Coordinating"|English="so"
570010170011|εἰ|570010170041|conj|Cat="conj"|Id="6"|morphId="570010170011"|Unicode="εἰ"|Lemma="εἰ"|Lang="G"|StrongNumber="G14870"|Morph="CS,,,,,,,,"|Type="Subordinating"|English="if"
570010170031|με|570010170041|O|Cat="pron"|Id="10"|morphId="570010170031"|Unicode="με"|Lemma="ἐγώ"|Lang="G"|StrongNumber="G14730"|Morph="RP,,,1A,S,"|Type="Personal"|Person="First"|Case="Accusative"|Number="Singular"|English="me"
570010170041|ἔχεις|570010170061|CL|Cat="verb"|Id="13"|morphId="570010170041"|Unicode="ἔχεις"|Lemma="ἔχω"|Lang="G"|StrongNumber="G21920"|Morph="V,IPA2,,S,"|Mood="Indicative"|Tense="Present"|Voice="Active"|Person="Second"|Number="Singular"|English="you consider"
570010170051|κοινωνόν,|570010170041|O2|Cat="noun"|Id="16"|morphId="570010170051"|Unicode="κοινωνόν,"|Lemma="κοινωνός"|Lang="G"|StrongNumber="G28440"|Morph="N,,,,,AMS,"|Case="Accusative"|Gender="Masculine"|Number="Singular"|English="a partner"
570010170061|προσλαβοῦ|None|CL|Cat="verb"|Id="21"|morphId="570010170061"|Unicode="προσλαβοῦ"|Lemma="προσλαμβάνω"|Lang="G"|StrongNumber="G43550"|Morph="V,MAM2,,S,"|Mood="Imperative"|Tense="Aorist"|Voice="Middle"|Person="Second"|Number="Singular"|English="welcome"
570010170071|αὐτὸν|570010170061|O|Cat="pron"|Id="24"|morphId="570010170071"|Unicode="αὐτὸν"|Lemma="αὐτός"|Lang="G"|StrongNumber="G08460"|Morph="RP,,,3AMS,"|Type="Personal"|Person="Third"|Case="Accusative"|Gender="Masculine"|Number="Singular"|English="him"
570010170081|ὡς|570010170091|conj|Cat="conj"|Id="26"|morphId="570010170081"|Unicode="ὡς"|Lemma="ὡς"|Lang="G"|StrongNumber="G56130"|Morph="CS,,,,,,,,"|Type="Subordinating"|English="as"
570010170091|ἐμέ.|570010170061|CL|Cat="pron"|Id="30"|morphId="570010170091"|Unicode="ἐμέ."|Lemma="ἐγώ"|Lang="G"|StrongNumber="G14730"|Morph="RP,,,1A,S,"|Type="Personal"|Person="First"|Case="Accusative"|Number="Singular"|English="me"
570010180021|δέ|570010180101|conj|Cat="conj"|Id="3"|morphId="570010180021"|Unicode="δέ"|Lemma="δέ"|Lang="G"|StrongNumber="G11610"|Morph="CC,,,,,,,,"|Type="Coordinating"|English="but"
570010180011|εἰ|570010180041|conj|Cat="conj"|Id="6"|morphId="570010180011"|Unicode="εἰ"|Lemma="εἰ"|Lang="G"|StrongNumber="G14870"|Morph="CS,,,,,,,,"|Type="Subordinating"|English="if"
570010180031|τι|570010180041|ADV|Cat="pron"|Id="11"|morphId="570010180031"|Unicode="τι"|Lemma="τις"|Lang="G"|StrongNumber="G51000"|Morph="RI,,,,ANS,"|Type="Indefinite"|Case="Accusative"|Gender="Neuter"|Number="Singular"|English="in anything"
570010180051|σε|570010180041|O|Cat="pron"|Id="14"|morphId="570010180051"|Unicode="σε"|Lemma="σύ"|Lang="G"|StrongNumber="G47710"|Morph="RP,,,2A,S,"|Type="Personal"|Person="Second"|Case="Accusative"|Number="Singular"|English="you"
570010180041|ἠδίκησέν|570010180101|CL|Cat="verb"|Id="17"|morphId="570010180041"|Unicode="ἠδίκησέν"|Lemma="ἀδικέω"|Lang="G"|StrongNumber="G00910"|Morph="V,IAA3,,S,"|Mood="Indicative"|Tense="Aorist"|Voice="Active"|Person="Third"|Number="Singular"|English="he has wronged"
570010180061|ἢ|570010180041|conj|Cat="conj"|Id="18"|morphId="570010180061"|Unicode="ἢ"|Lemma="ἤ"|Lang="G"|StrongNumber="G22280"|Morph="CC,,,,,,,,"|Type="Coordinating"|English="or"
570010180071|ὀφείλει,|570010180041|CL|Cat="verb"|Id="22"|morphId="570010180071"|Unicode="ὀφείλει,"|Lemma="ὀφείλω"|Lang="G"|StrongNumber="G37840"|Morph="V,IPA3,,S,"|Mood="Indicative"|Tense="Present"|Voice="Active"|Person="Third"|Number="Singular"|English="owes"
570010180081|τοῦτο|570010180101|O|Cat="pron"|Id="26"|morphId="570010180081"|Unicode="τοῦτο"|Lemma="οὗτος"|Lang="G"|StrongNumber="G37780"|Morph="RD,,,,ANS,"|Type="Demonstrative"|Case="Accusative"|Gender="Neuter"|Number="Singular"|English="this"
570010180091|ἐμοὶ|570010180101|IO|Cat="pron"|Id="29"|morphId="570010180091"|Unicode="ἐμοὶ"|Lemma="ἐγώ"|Lang="G"|StrongNumber="G14730"|Morph="RP,,,1D,S,"|Type="Personal"|Person="First"|Case="Dative"|Number="Singular"|English="my"
570010180101|ἐλλόγα.|None|CL|Cat="verb"|Id="32"|morphId="570010180101"|Unicode="ἐλλόγα."|Lemma="ἐλλογάω"|Lang="G"|StrongNumber="G16770"|Morph="V,MPA2,,S,"|Mood="Imperative"|Tense="Present"|Voice="Active"|Person="Second"|Number="Singular"|English="charge ~ to ~ account"
570010190011|ἐγὼ|570010190031|S|Cat="pron"|Id="7"|morphId="570010190011"|Unicode="ἐγὼ"|Lemma="ἐγώ"|Lang="G"|StrongNumber="G14730"|Morph="RP,,,1N,S,"|Type="Personal"|Person="First"|Case="Nominative"|Number="Singular"|English="I"
570010190021|Παῦλος|570010190011|np|Cat="noun"|Id="9"|morphId="570010190021"|Unicode="Παῦλος"|Lemma="Παῦλος"|Lang="G"|StrongNumber="G39720"|Morph="N,,,,,NMS,"|Case="Nominative"|Gender="Masculine"|Number="Singular"|English="Paul"
570010190031|ἔγραψα|None|CL|Cat="verb"|Id="12"|morphId="570010190031"|Unicode="ἔγραψα"|Lemma="γράφω"|Lang="G"|StrongNumber="G11250"|Morph="V,IAA1,,S,"|Mood="Indicative"|Tense="Aorist"|Voice="Active"|Person="First"|Number="Singular"|English="am writing"
570010190041|τῇ|570010190061|det|Cat="det"|Id="15"|morphId="570010190041"|Unicode="τῇ"|Lemma="ὁ"|Lang="G"|StrongNumber="G35880"|Morph="EA,,,,DFS,"|Type="Article"|Case="Dative"|Gender="Feminine"|Number="Singular"|English="this"
570010190051|ἐμῇ|570010190061|adjp|Cat="det"|Id="19"|morphId="570010190051"|Unicode="ἐμῇ"|Lemma="ἐμός"|Lang="G"|StrongNumber="G16990"|Morph="EP,,,1DFS,"|Type="Possessive"|Person="First"|Case="Dative"|Gender="Feminine"|Number="Singular"|English="my own"
570010190061|χειρί,|570010190031|ADV|Cat="noun"|Id="21"|morphId="570010190061"|Unicode="χειρί,"|Lemma="χείρ"|Lang="G"|StrongNumber="G54950"|Morph="N,,,,,DFS,"|Case="Dative"|Gender="Feminine"|Number="Singular"|English="with ~ hand"
570010190071|ἐγὼ|570010190081|S|Cat="pron"|Id="26"|morphId="570010190071"|Unicode="ἐγὼ"|Lemma="ἐγώ"|Lang="G"|StrongNumber="G14730"|Morph="RP,,,1N,S,"|Type="Personal"|Person="First"|Case="Nominative"|Number="Singular"|English="I"
570010190081|ἀποτίσω;|570010190031|CL|Cat="verb"|Id="29"|morphId="570010190081"|Unicode="ἀποτίσω;"|Lemma="ἀποτίνω"|Lang="G"|StrongNumber="G06610"|Morph="V,IFA1,,S,"|Mood="Indicative"|Tense="Future"|Voice="Active"|Person="First"|Number="Singular"|English="will repay"
570010190091|ἵνα|570010190111|conj|Cat="conj"|Id="31"|morphId="570010190091"|Unicode="ἵνα"|Lemma="ἵνα"|Lang="G"|StrongNumber="G24430"|Morph="CS,,,,,,,,"|Type="Subordinating"|English="to"
570010190101|μὴ|570010190111|ADV|Cat="adv"|Id="36"|morphId="570010190101"|Unicode="μὴ"|Lemma="μή"|Lang="G"|StrongNumber="G33610"|Morph="D,,,,,,,,,"|English="not"
570010190111|λέγω|570010190081|CL|Cat="verb"|Id="39"|morphId="570010190111"|Unicode="λέγω"|Lemma="λέγω"|Lang="G"|StrongNumber="G30040"|Morph="V,SPA1,,S,"|Mood="Subjunctive"|Tense="Present"|Voice="Active"|Person="First"|Number="Singular"|English="mention"
570010190121|σοι,|570010190111|IO|Cat="pron"|Id="42"|morphId="570010190121"|Unicode="σοι,"|Lemma="σύ"|Lang="G"|StrongNumber="G47710"|Morph="RP,,,2D,S,"|Type="Personal"|Person="Second"|Case="Dative"|Number="Singular"|English="to you"
570010190131|ὅτι|570010190171|conj|Cat="conj"|Id="44"|morphId="570010190131"|Unicode="ὅτι"|Lemma="ὅτι"|Lang="G"|StrongNumber="G37540"|Morph="CS,,,,,,,,"|Type="Subordinating"|English="that"
570010190141|καὶ|570010190151|advp|Cat="adv"|Id="49"|morphId="570010190141"|Unicode="καὶ"|Lemma="καί"|Lang="G"|StrongNumber="G25320"|Morph="D,,,,,,,,,"|English="even"
570010190151|σεαυτόν|570010190171|O|Cat="pron"|Id="51"|morphId="570010190151"|Unicode="σεαυτόν"|Lemma="σεαυτοῦ"|Lang="G"|StrongNumber="G45720"|Morph="RE,,,2AMS,"|Type="Reflexive"|Person="Second"|Case="Accusative"|Gender="Masculine"|Number="Singular"|English="yourself"
570010190161|μοι|570010190171|IO|Cat="pron"|Id="54"|morphId="570010190161"|Unicode="μοι"|Lemma="ἐγώ"|Lang="G"|StrongNumber="G14730"|Morph="RP,,,1D,S,"|Type="Personal"|Person="First"|Case="Dative"|Number="Singular"|English="to me"
570010190171|προσοφείλεις.|570010190111|CL|Cat="verb"|Id="57"|morphId="570010190171"|Unicode="προσοφείλεις."|Lemma="προσοφείλω"|Lang="G"|StrongNumber="G43590"|Morph="V,IPA2,,S,"|Mood="Indicative"|Tense="Present"|Voice="Active"|Person="Second"|Number="Singular"|English="you owe"
570010200011|ναί,|570010200051|CL|Cat="intj"|Id="5"|morphId="570010200011"|Unicode="ναί,"|Lemma="ναί"|Lang="G"|StrongNumber="G34830"|Morph="IR,,,,,,,,"|Type="Response"|English="yes"
570010200021|ἀδελφέ,|570010200051|CL|Cat="noun"|Id="9"|morphId="570010200021"|Unicode="ἀδελφέ,"|Lemma="ἀδελφός"|Lang="G"|StrongNumber="G00800"|Morph="N,,,,,VMS,"|Case="Vocative"|Gender="Masculine"|Number="Singular"|English="brother"
570010200031|ἐγώ|570010200051|S|Cat="pron"|Id="13"|morphId="570010200031"|Unicode="ἐγώ"|Lemma="ἐγώ"|Lang="G"|StrongNumber="G14730"|Morph="RP,,,1N,S,"|Type="Personal"|Person="First"|Case="Nominative"|Number="Singular"|English="I"
570010200041|σου|570010200051|ADV|Cat="pron"|Id="16"|morphId="570010200041"|Unicode="σου"|Lemma="σύ"|Lang="G"|StrongNumber="G47710"|Morph="RP,,,2G,S,"|Type="Personal"|Person="Second"|Case="Genitive"|Number="Singular"|English="of from you"
570010200051|ὀναίμην|None|CL|Cat="verb"|Id="19"|morphId="570010200051"|Unicode="ὀναίμην"|Lemma="ὀνίνημι"|Lang="G"|StrongNumber="G36850"|Morph="V,OAM1,,S,"|Mood="Optative"|Tense="Aorist"|Voice="Middle"|Person="First"|Number="Singular"|English="let ~ benefit"
570010200061|ἐν|570010200071|prep|Cat="prep"|Id="22"|morphId="570010200061"|Unicode="ἐν"|Lemma="ἐν"|Lang="G"|StrongNumber="G17220"|Morph="P,,,,,D,,,"|Case="Dative"|English="in"
570010200071|Κυρίῳ;|570010200051|ADV|Cat="noun"|Id="24"|morphId="570010200071"|Unicode="Κυρίῳ;"|Lemma="κύριος"|Lang="G"|StrongNumber="G29620"|Morph="N,,,,,DMS,"|Case="Dative"|Gender="Masculine"|Number="Singular"|English="Lord"
570010200081|ἀνάπαυσόν|570010200051|CL|Cat="verb"|Id="28"|morphId="570010200081"|Unicode="ἀνάπαυσόν"|Lemma="ἀναπαύω"|Lang="G"|StrongNumber="G03730"|Morph="V,MAA2,,S,"|Mood="Imperative"|Tense="Aorist"|Voice="Active"|Person="Second"|Number="Singular"|English="refresh"
570010200091|μου|570010200111|np|Cat="pron"|Id="32"|morphId="570010200091"|Unicode="μου"|Lemma="ἐγώ"|Lang="G"|StrongNumber="G14730"|Morph="RP,,,1G,S,"|Type="Personal"|Person="First"|Case="Genitive"|Number="Singular"|English="of me"
570010200101|τὰ|570010200111|det|Cat="det"|Id="34"|morphId="570010200101"|Unicode="τὰ"|Lemma="ὁ"|Lang="G"|StrongNumber="G35880"|Morph="EA,,,,ANP,"|Type="Article"|Case="Accusative"|Gender="Neuter"|Number="Plural"|English="the"
570010200111|σπλάγχνα|570010200081|O|Cat="noun"|Id="36"|morphId="570010200111"|Unicode="σπλάγχνα"|Lemma="σπλάγχνον"|Lang="G"|StrongNumber="G46980"|Morph="N,,,,,ANP,"|Case="Accusative"|Gender="Neuter"|Number="Plural"|English="heart"
570010200121|ἐν|570010200131|prep|Cat="prep"|Id="39"|morphId="570010200121"|Unicode="ἐν"|Lemma="ἐν"|Lang="G"|StrongNumber="G17220"|Morph="P,,,,,D,,,"|Case="Dative"|English="in"
570010200131|Χριστῷ.|570010200081|ADV|Cat="noun"|Id="41"|morphId="570010200131"|Unicode="Χριστῷ."|Lemma="χριστός"|Lang="G"|StrongNumber="G55470"|Morph="N,,,,,DMS,"|Case="Dative"|Gender="Masculine"|Number="Singular"|English="Christ"
570010210011|πεποιθὼς|570010210051|ADV|Cat="verb"|Id="7"|morphId="570010210011"|Unicode="πεποιθὼς"|Lemma="πείθω"|Lang="G"|StrongNumber="G39820"|Morph="V,PEA,NMS,"|Mood="Participle"|Tense="Perfect"|Voice="Active"|Case="Nominative"|Gender="Masculine"|Number="Singular"|English="confident"
570010210021|τῇ|570010210031|det|Cat="det"|Id="10"|morphId="570010210021"|Unicode="τῇ"|Lemma="ὁ"|Lang="G"|StrongNumber="G35880"|Morph="EA,,,,DFS,"|Type="Article"|Case="Dative"|Gender="Feminine"|Number="Singular"|English="in"
570010210031|ὑπακοῇ|570010210011|ADV|Cat="noun"|Id="13"|morphId="570010210031"|Unicode="ὑπακοῇ"|Lemma="ὑπακοή"|Lang="G"|StrongNumber="G52180"|Morph="N,,,,,DFS,"|Case="Dative"|Gender="Feminine"|Number="Singular"|English="of ~ obedience"
570010210041|σου,|570010210031|np|Cat="pron"|Id="15"|morphId="570010210041"|Unicode="σου,"|Lemma="σύ"|Lang="G"|StrongNumber="G47710"|Morph="RP,,,2G,S,"|Type="Personal"|Person="Second"|Case="Genitive"|Number="Singular"|English="of you"
570010210051|ἔγραψά|None|CL|Cat="verb"|Id="18"|morphId="570010210051"|Unicode="ἔγραψά"|Lemma="γράφω"|Lang="G"|StrongNumber="G11250"|Morph="V,IAA1,,S,"|Mood="Indicative"|Tense="Aorist"|Voice="Active"|Person="First"|Number="Singular"|English="I write"
570010210061|σοι,|570010210051|IO|Cat="pron"|Id="21"|morphId="570010210061"|Unicode="σοι,"|Lemma="σύ"|Lang="G"|StrongNumber="G47710"|Morph="RP,,,2D,S,"|Type="Personal"|Person="Second"|Case="Dative"|Number="Singular"|English="to you"
570010210071|εἰδὼς|570010210051|ADV|Cat="verb"|Id="27"|morphId="570010210071"|Unicode="εἰδὼς"|Lemma="εἴδω"|Lang="G"|StrongNumber="G14920"|Morph="V,PEA,NMS,"|Mood="Participle"|Tense="Perfect"|Voice="Active"|Case="Nominative"|Gender="Masculine"|Number="Singular"|English="knowing"
570010210081|ὅτι|570010210131|conj|Cat="conj"|Id="29"|morphId="570010210081"|Unicode="ὅτι"|Lemma="ὅτι"|Lang="G"|StrongNumber="G37540"|Morph="CS,,,,,,,,"|Type="Subordinating"|English="that"
570010210091|καὶ|570010210121|advp|Cat="adv"|Id="34"|morphId="570010210091"|Unicode="καὶ"|Lemma="καί"|Lang="G"|StrongNumber="G25320"|Morph="D,,,,,,,,,"|English="even"
570010210101|ὑπὲρ|570010210121|prep|Cat="prep"|Id="36"|morphId="570010210101"|Unicode="ὑπὲρ"|Lemma="ὑπέρ"|Lang="G"|StrongNumber="G52280"|Morph="P,,,,,A,,,"|Case="Accusative"|English="more than"
570010210111|ἃ|570010210121|O|Cat="pron"|Id="41"|morphId="570010210111"|Unicode="ἃ"|Lemma="ὅς"|Lang="G"|StrongNumber="G37390"|Morph="RR,,,,ANP,"|Type="Relative"|Case="Accusative"|Gender="Neuter"|Number="Plural"|English="what"
570010210121|λέγω,|570010210131|ADV|Cat="verb"|Id="44"|morphId="570010210121"|Unicode="λέγω,"|Lemma="λέγω"|Lang="G"|StrongNumber="G30040"|Morph="V,IPA1,,S,"|Mood="Indicative"|Tense="Present"|Voice="Active"|Person="First"|Number="Singular"|English="I say"
570010210131|ποιήσεις.|570010210071|CL|Cat="verb"|Id="47"|morphId="570010210131"|Unicode="ποιήσεις."|Lemma="ποιέω"|Lang="G"|StrongNumber="G41600"|Morph="V,IFA2,,S,"|Mood="Indicative"|Tense="Future"|Voice="Active"|Person="Second"|Number="Singular"|English="you will do"
570010220021|δὲ|570010220041|conj|Cat="conj"|Id="3"|morphId="570010220021"|Unicode="δὲ"|Lemma="δέ"|Lang="G"|StrongNumber="G11610"|Morph="CC,,,,,,,,"|Type="Coordinating"|English="but"
570010220011|ἅμα|570010220041|ADV|Cat="adv"|Id="9"|morphId="570010220011"|Unicode="ἅμα"|Lemma="ἅμα"|Lang="G"|StrongNumber="G02600"|Morph="D,,,,,,,,,"|English="at the same time"
570010220031|καὶ|570010220011|advp|Cat="adv"|Id="11"|morphId="570010220031"|Unicode="καὶ"|Lemma="καί"|Lang="G"|StrongNumber="G25320"|Morph="D,,,,,,,,,"|English="also"
570010220041|ἑτοίμαζέ|None|CL|Cat="verb"|Id="14"|morphId="570010220041"|Unicode="ἑτοίμαζέ"|Lemma="ἑτοιμάζω"|Lang="G"|StrongNumber="G20900"|Morph="V,MPA2,,S,"|Mood="Imperative"|Tense="Present"|Voice="Active"|Person="Second"|Number="Singular"|English="prepare"
570010220051|μοι|570010220041|IO|Cat="pron"|Id="17"|morphId="570010220051"|Unicode="μοι"|Lemma="ἐγώ"|Lang="G"|StrongNumber="G14730"|Morph="RP,,,1D,S,"|Type="Personal"|Person="First"|Case="Dative"|Number="Singular"|English="for me"
570010220061|ξενίαν;|570010220041|O|Cat="noun"|Id="20"|morphId="570010220061"|Unicode="ξενίαν;"|Lemma="ξενία"|Lang="G"|StrongNumber="G35780"|Morph="N,,,,,AFS,"|Case="Accusative"|Gender="Feminine"|Number="Singular"|English="a guest room"
570010220081|γὰρ|570010220071|conj|Cat="conj"|Id="22"|morphId="570010220081"|Unicode="γὰρ"|Lemma="γάρ"|Lang="G"|StrongNumber="G10630"|Morph="CC,,,,,,,,"|Type="Coordinating"|English="for"
570010220071|ἐλπίζω|570010220041|CL|Cat="verb"|Id="27"|morphId="570010220071"|Unicode="ἐλπίζω"|Lemma="ἐλπίζω"|Lang="G"|StrongNumber="G16790"|Morph="V,IPA1,,S,"|Mood="Indicative"|Tense="Present"|Voice="Active"|Person="First"|Number="Singular"|English="I hope"
570010220091|ὅτι|570010220141|conj|Cat="conj"|Id="29"|morphId="570010220091"|Unicode="ὅτι"|Lemma="ὅτι"|Lang="G"|StrongNumber="G37540"|Morph="CS,,,,,,,,"|Type="Subordinating"|English="that"
570010220101|διὰ|570010220121|prep|Cat="prep"|Id="33"|morphId="570010220101"|Unicode="διὰ"|Lemma="διά"|Lang="G"|StrongNumber="G12230"|Morph="P,,,,,G,,,"|Case="Genitive"|English="through"
570010220111|τῶν|570010220121|det|Cat="det"|Id="35"|morphId="570010220111"|Unicode="τῶν"|Lemma="ὁ"|Lang="G"|StrongNumber="G35880"|Morph="EA,,,,GFP,"|Type="Article"|Case="Genitive"|Gender="Feminine"|Number="Plural"|English="the"
570010220121|προσευχῶν|570010220141|ADV|Cat="noun"|Id="38"|morphId="570010220121"|Unicode="προσευχῶν"|Lemma="προσευχή"|Lang="G"|StrongNumber="G43350"|Morph="N,,,,,GFP,"|Case="Genitive"|Gender="Feminine"|Number="Plural"|English="prayers"
570010220131|ὑμῶν,|570010220121|np|Cat="pron"|Id="40"|morphId="570010220131"|Unicode="ὑμῶν,"|Lemma="σύ"|Lang="G"|StrongNumber="G47710"|Morph="RP,,,2G,P,"|Type="Personal"|Person="Second"|Case="Genitive"|Number="Plural"|English="of you"
570010220141|χαρισθήσομαι|570010220071|CL|Cat="verb"|Id="43"|morphId="570010220141"|Unicode="χαρισθήσομαι"|Lemma="χαρίζομαι"|Lang="G"|StrongNumber="G54830"|Morph="V,IFP1,,S,"|Mood="Indicative"|Tense="Future"|Voice="Passive"|Person="First"|Number="Singular"|English="I will be restored"
570010220151|ὑμῖν.|570010220141|IO|Cat="pron"|Id="46"|morphId="570010220151"|Unicode="ὑμῖν."|Lemma="σύ"|Lang="G"|StrongNumber="G47710"|Morph="RP,,,2D,P,"|Type="Personal"|Person="Second"|Case="Dative"|Number="Plural"|English="to you"
570010230011|ἀσπάζεταί|None|CL|Cat="verb"|Id="5"|morphId="570010230011"|Unicode="ἀσπάζεταί"|Lemma="ἀσπάζομαι"|Lang="G"|StrongNumber="G07820"|Morph="V,IPM3,,S,"|Mood="Indicative"|Tense="Present"|Voice="Middle"|Person="Third"|Number="Singular"|English="greets"
570010230021|σε|570010230011|O|Cat="pron"|Id="8"|morphId="570010230021"|Unicode="σε"|Lemma="σύ"|Lang="G"|StrongNumber="G47710"|Morph="RP,,,2A,S,"|Type="Personal"|Person="Second"|Case="Accusative"|Number="Singular"|English="you"
570010230031|Ἐπαφρᾶς,|570010230011|S|Cat="noun"|Id="13"|morphId="570010230031"|Unicode="Ἐπαφρᾶς,"|Lemma="Ἐπαφρᾶς"|Lang="G"|StrongNumber="G18890"|Morph="N,,,,,NMS,"|Case="Nominative"|Gender="Masculine"|Number="Singular"|English="Epaphras"
570010230041|ὁ|570010230051|det|Cat="det"|Id="15"|morphId="570010230041"|Unicode="ὁ"|Lemma="ὁ"|Lang="G"|StrongNumber="G35880"|Morph="EA,,,,NMS,"|Type="Article"|Case="Nominative"|Gender="Masculine"|Number="Singular"|English="the"
570010230051|συναιχμάλωτός|570010230031|np|Cat="noun"|Id="19"|morphId="570010230051"|Unicode="συναιχμάλωτός"|Lemma="συναιχμάλωτος"|Lang="G"|StrongNumber="G48690"|Morph="N,,,,,NMS,"|Case="Nominative"|Gender="Masculine"|Number="Singular"|English="fellow prisoner"
570010230061|μου|570010230051|np|Cat="pron"|Id="21"|morphId="570010230061"|Unicode="μου"|Lemma="ἐγώ"|Lang="G"|StrongNumber="G14730"|Morph="RP,,,1G,S,"|Type="Personal"|Person="First"|Case="Genitive"|Number="Singular"|English="of me"
570010230071|ἐν|570010230081|prep|Cat="prep"|Id="23"|morphId="570010230071"|Unicode="ἐν"|Lemma="ἐν"|Lang="G"|StrongNumber="G17220"|Morph="P,,,,,D,,,"|Case="Dative"|English="in"
570010230081|Χριστῷ|570010230051|pp|Cat="noun"|Id="26"|morphId="570010230081"|Unicode="Χριστῷ"|Lemma="χριστός"|Lang="G"|StrongNumber="G55470"|Morph="N,,,,,DMS,"|Case="Dative"|Gender="Masculine"|Number="Singular"|English="Christ"
570010230091|Ἰησοῦ,|570010230081|np|Cat="noun"|Id="28"|morphId="570010230091"|Unicode="Ἰησοῦ,"|Lemma="Ἰησοῦς"|Lang="G"|StrongNumber="G24240"|Morph="N,,,,,DMS,"|Case="Dative"|Gender="Masculine"|Number="Singular"|English="Jesus"
570010240011|Μᾶρκος,|570010230031|np|Cat="noun"|Id="32"|morphId="570010240011"|Unicode="Μᾶρκος,"|Lemma="Μᾶρκος"|Lang="G"|StrongNumber="G31380"|Morph="N,,,,,NMS,"|Case="Nominative"|Gender="Masculine"|Number="Singular"|English="Mark"
570010240021|Ἀρίσταρχος,|570010240011|np|Cat="noun"|Id="34"|morphId="570010240021"|Unicode="Ἀρίσταρχος,"|Lemma="Ἀρίσταρχος"|Lang="G"|StrongNumber="G07080"|Morph="N,,,,,NMS,"|Case="Nominative"|Gender="Masculine"|Number="Singular"|English="Aristarchus"
570010240031|Δημᾶς,|570010240011|np|Cat="noun"|Id="36"|morphId="570010240031"|Unicode="Δημᾶς,"|Lemma="Δημᾶς"|Lang="G"|StrongNumber="G12140"|Morph="N,,,,,NMS,"|Case="Nominative"|Gender="Masculine"|Number="Singular"|English="Demas"
570010240041|Λουκᾶς,|570010240011|np|Cat="noun"|Id="38"|morphId="570010240041"|Unicode="Λουκᾶς,"|Lemma="Λουκᾶς"|Lang="G"|StrongNumber="G30650"|Morph="N,,,,,NMS,"|Case="Nominative"|Gender="Masculine"|Number="Singular"|English="Luke"
570010240051|οἱ|570010240061|det|Cat="det"|Id="40"|morphId="570010240051"|Unicode="οἱ"|Lemma="ὁ"|Lang="G"|StrongNumber="G35880"|Morph="EA,,,,NMP,"|Type="Article"|Case="Nominative"|Gender="Masculine"|Number="Plural"|English="the"
570010240061|συνεργοί|570010240011|np|Cat="noun"|Id="43"|morphId="570010240061"|Unicode="συνεργοί"|Lemma="συνεργός"|Lang="G"|StrongNumber="G49040"|Morph="NS,,,,NMP,"|Type="Substantive_Adj"|Case="Nominative"|Gender="Masculine"|Number="Plural"|English="fellow workers"
570010240071|μου.|570010240061|np|Cat="pron"|Id="45"|morphId="570010240071"|Unicode="μου."|Lemma="ἐγώ"|Lang="G"|StrongNumber="G14730"|Morph="RP,,,1G,S,"|Type="Personal"|Person="First"|Case="Genitive"|Number="Singular"|English="of me"
570010250011|ἡ|570010250021|det|Cat="det"|Id="5"|morphId="570010250011"|Unicode="ἡ"|Lemma="ὁ"|Lang="G"|StrongNumber="G35880"|Morph="EA,,,,NFS,"|Type="Article"|Case="Nominative"|Gender="Feminine"|Number="Singular"|English="the"
570010250021|χάρις|570010250101|S|Cat="noun"|Id="8"|morphId="570010250021"|Unicode="χάρις"|Lemma="χάρις"|Lang="G"|StrongNumber="G54850"|Morph="N,,,,,NFS,"|Case="Nominative"|Gender="Feminine"|Number="Singular"|English="grace"
570010250031|τοῦ|570010250041|det|Cat="det"|Id="11"|morphId="570010250031"|Unicode="τοῦ"|Lemma="ὁ"|Lang="G"|StrongNumber="G35880"|Morph="EA,,,,GMS,"|Type="Article"|Case="Genitive"|Gender="Masculine"|Number="Singular"|English="the"
570010250041|Κυρίου|570010250021|np|Cat="noun"|Id="14"|morphId="570010250041"|Unicode="Κυρίου"|Lemma="κύριος"|Lang="G"|StrongNumber="G29620"|Morph="N,,,,,GMS,"|Case="Genitive"|Gender="Masculine"|Number="Singular"|English="of ~ Lord"
570010250051|ἡμῶν,|570010250041|np|Cat="pron"|Id="16"|morphId="570010250051"|Unicode="ἡμῶν,"|Lang="G"|StrongNumber="G14730"|Morph="RP,,,1G,P,"|Type="Personal"|Person="First"|Case="Genitive"|Number="Plural"|English="of us"
570010250061|Ἰησοῦ|570010250041|np|Cat="noun"|Id="19"|morphId="570010250061"|Unicode="Ἰησοῦ"|Lemma="Ἰησοῦς"|Lang="G"|StrongNumber="G24240"|Morph="N,,,,,GMS,"|Case="Genitive"|Gender="Masculine"|Number="Singular"|English="Jesus"
570010250071|Χριστοῦ,|570010250061|np|Cat="noun"|Id="21"|morphId="570010250071"|Unicode="Χριστοῦ,"|Lemma="χριστός"|Lang="G"|StrongNumber="G55470"|Morph="N,,,,,GMS,"|Case="Genitive"|Gender="Masculine"|Number="Singular"|English="Christ"
570010250081|μετὰ|570010250101|prep|Cat="prep"|Id="24"|morphId="570010250081"|Unicode="μετὰ"|Lemma="μετά"|Lang="G"|StrongNumber="G33260"|Morph="P,,,,,G,,,"|Case="Genitive"|English="with"
570010250091|τοῦ|570010250101|det|Cat="det"|Id="26"|morphId="570010250091"|Unicode="τοῦ"|Lemma="ὁ"|Lang="G"|StrongNumber="G35880"|Morph="EA,,,,GNS,"|Type="Article"|Case="Genitive"|Gender="Neuter"|Number="Singular"|English="the"
570010250101|πνεύματος|None|CL|Cat="noun"|Id="29"|morphId="570010250101"|Unicode="πνεύματος"|Lemma="πνεῦμα"|Lang="G"|StrongNumber="G41510"|Morph="N,,,,,GNS,"|Case="Genitive"|Gender="Neuter"|Number="Singular"|English="spirit"
570010250111|ὑμῶν.|570010250101|np|Cat="pron"|Id="31"|morphId="570010250111"|Unicode="ὑμῶν."|Lemma="σύ"|Lang="G"|StrongNumber="G47710"|Morph="RP,,,2G,P,"|Type="Personal"|Person="Second"|Case="Genitive"|Number="Plural"|English="of you"
570010250121|ἀμήν!|None|CL|Cat="intj"|Id="3"|morphId="570010250121"|Unicode="ἀμήν!"|Lemma="ἀμήν"|Lang="G"|StrongNumber="G02810"|Morph="IE,,,,,,,,"|Type="Exclamation"|English="Amen!"
